--
-- PostgreSQL database dump
--

\restrict UK3XZF1JJbs4n0fp7wxGoblyzfc7vjz9ArE0nFV5Xp0OGu2uGcylDdXToMpjyEP

-- Dumped from database version 18.3 (Ubuntu 18.3-1.pgdg24.04+1)
-- Dumped by pg_dump version 18.3 (Ubuntu 18.3-1.pgdg24.04+1)

SET statement_timeout = 0;
SET lock_timeout = 0;
SET idle_in_transaction_session_timeout = 0;
SET transaction_timeout = 0;
SET client_encoding = 'UTF8';
SET standard_conforming_strings = on;
SELECT pg_catalog.set_config('search_path', '', false);
SET check_function_bodies = false;
SET xmloption = content;
SET client_min_messages = warning;
SET row_security = off;

--
-- Name: public; Type: SCHEMA; Schema: -; Owner: afmuser
--

-- *not* creating schema, since initdb creates it


ALTER SCHEMA public OWNER TO afmuser;

--
-- Name: SCHEMA public; Type: COMMENT; Schema: -; Owner: afmuser
--

COMMENT ON SCHEMA public IS '';


--
-- Name: postgis; Type: EXTENSION; Schema: -; Owner: -
--

CREATE EXTENSION IF NOT EXISTS postgis WITH SCHEMA public;


--
-- Name: EXTENSION postgis; Type: COMMENT; Schema: -; Owner: 
--

COMMENT ON EXTENSION postgis IS 'PostGIS geometry and geography spatial types and functions';


--
-- Name: _locales; Type: TYPE; Schema: public; Owner: afmuser
--

CREATE TYPE public._locales AS ENUM (
    'en',
    'es',
    'pt'
);


ALTER TYPE public._locales OWNER TO afmuser;

--
-- Name: enum__products_v_blocks_content_columns_link_appearance; Type: TYPE; Schema: public; Owner: afmuser
--

CREATE TYPE public.enum__products_v_blocks_content_columns_link_appearance AS ENUM (
    'default',
    'outline'
);


ALTER TYPE public.enum__products_v_blocks_content_columns_link_appearance OWNER TO afmuser;

--
-- Name: enum__products_v_blocks_content_columns_link_type; Type: TYPE; Schema: public; Owner: afmuser
--

CREATE TYPE public.enum__products_v_blocks_content_columns_link_type AS ENUM (
    'reference',
    'custom'
);


ALTER TYPE public.enum__products_v_blocks_content_columns_link_type OWNER TO afmuser;

--
-- Name: enum__products_v_blocks_content_columns_size; Type: TYPE; Schema: public; Owner: afmuser
--

CREATE TYPE public.enum__products_v_blocks_content_columns_size AS ENUM (
    'oneThird',
    'half',
    'twoThirds',
    'full'
);


ALTER TYPE public.enum__products_v_blocks_content_columns_size OWNER TO afmuser;

--
-- Name: enum__products_v_blocks_cta_links_link_appearance; Type: TYPE; Schema: public; Owner: afmuser
--

CREATE TYPE public.enum__products_v_blocks_cta_links_link_appearance AS ENUM (
    'default',
    'outline'
);


ALTER TYPE public.enum__products_v_blocks_cta_links_link_appearance OWNER TO afmuser;

--
-- Name: enum__products_v_blocks_cta_links_link_type; Type: TYPE; Schema: public; Owner: afmuser
--

CREATE TYPE public.enum__products_v_blocks_cta_links_link_type AS ENUM (
    'reference',
    'custom'
);


ALTER TYPE public.enum__products_v_blocks_cta_links_link_type OWNER TO afmuser;

--
-- Name: enum__products_v_published_locale; Type: TYPE; Schema: public; Owner: afmuser
--

CREATE TYPE public.enum__products_v_published_locale AS ENUM (
    'en',
    'es',
    'pt'
);


ALTER TYPE public.enum__products_v_published_locale OWNER TO afmuser;

--
-- Name: enum__products_v_version_status; Type: TYPE; Schema: public; Owner: afmuser
--

CREATE TYPE public.enum__products_v_version_status AS ENUM (
    'draft',
    'published'
);


ALTER TYPE public.enum__products_v_version_status OWNER TO afmuser;

--
-- Name: enum__variants_v_published_locale; Type: TYPE; Schema: public; Owner: afmuser
--

CREATE TYPE public.enum__variants_v_published_locale AS ENUM (
    'en',
    'es',
    'pt'
);


ALTER TYPE public.enum__variants_v_published_locale OWNER TO afmuser;

--
-- Name: enum__variants_v_version_status; Type: TYPE; Schema: public; Owner: afmuser
--

CREATE TYPE public.enum__variants_v_version_status AS ENUM (
    'draft',
    'published'
);


ALTER TYPE public.enum__variants_v_version_status OWNER TO afmuser;

--
-- Name: enum_addresses_country; Type: TYPE; Schema: public; Owner: afmuser
--

CREATE TYPE public.enum_addresses_country AS ENUM (
    'US',
    'GB',
    'CA',
    'AU',
    'AT',
    'BE',
    'BR',
    'BG',
    'CY',
    'CZ',
    'DK',
    'EE',
    'FI',
    'FR',
    'DE',
    'GR',
    'HK',
    'HU',
    'IN',
    'IE',
    'IT',
    'JP',
    'LV',
    'LT',
    'LU',
    'MY',
    'MT',
    'MX',
    'NL',
    'NZ',
    'NO',
    'PL',
    'PT',
    'RO',
    'SG',
    'SK',
    'SI',
    'ES',
    'SE',
    'CH'
);


ALTER TYPE public.enum_addresses_country OWNER TO afmuser;

--
-- Name: enum_announcements_items_audience; Type: TYPE; Schema: public; Owner: afmuser
--

CREATE TYPE public.enum_announcements_items_audience AS ENUM (
    'everyone',
    'authenticated',
    'guest'
);


ALTER TYPE public.enum_announcements_items_audience OWNER TO afmuser;

--
-- Name: enum_announcements_items_type; Type: TYPE; Schema: public; Owner: afmuser
--

CREATE TYPE public.enum_announcements_items_type AS ENUM (
    'info',
    'warning',
    'urgent',
    'celebration'
);


ALTER TYPE public.enum_announcements_items_type OWNER TO afmuser;

--
-- Name: enum_cars_details_status; Type: TYPE; Schema: public; Owner: afmuser
--

CREATE TYPE public.enum_cars_details_status AS ENUM (
    'Active',
    'Retired',
    'Development',
    'Museum',
    'Prototype',
    'Concept'
);


ALTER TYPE public.enum_cars_details_status OWNER TO afmuser;

--
-- Name: enum_cars_details_technical_categories; Type: TYPE; Schema: public; Owner: afmuser
--

CREATE TYPE public.enum_cars_details_technical_categories AS ENUM (
    'Power Unit / Engine',
    'Chassis & Aerodynamics',
    'Drivetrain & Transmission',
    'Suspension & Steering',
    'Electronic Systems / ECU',
    'Tires & Wheels',
    'Safety Equipment',
    'Fuel & Lubricants'
);


ALTER TYPE public.enum_cars_details_technical_categories OWNER TO afmuser;

--
-- Name: enum_carts_currency; Type: TYPE; Schema: public; Owner: afmuser
--

CREATE TYPE public.enum_carts_currency AS ENUM (
    'USD'
);


ALTER TYPE public.enum_carts_currency OWNER TO afmuser;

--
-- Name: enum_celebrations_details_exclusivity; Type: TYPE; Schema: public; Owner: afmuser
--

CREATE TYPE public.enum_celebrations_details_exclusivity AS ENUM (
    'public',
    'private'
);


ALTER TYPE public.enum_celebrations_details_exclusivity OWNER TO afmuser;

--
-- Name: enum_championships_details_standings_scope; Type: TYPE; Schema: public; Owner: afmuser
--

CREATE TYPE public.enum_championships_details_standings_scope AS ENUM (
    'season_only',
    'rolling',
    'cumulative'
);


ALTER TYPE public.enum_championships_details_standings_scope OWNER TO afmuser;

--
-- Name: enum_circuits_details_direction; Type: TYPE; Schema: public; Owner: afmuser
--

CREATE TYPE public.enum_circuits_details_direction AS ENUM (
    'clockwise',
    'anticlockwise'
);


ALTER TYPE public.enum_circuits_details_direction OWNER TO afmuser;

--
-- Name: enum_circuits_details_fia_grade; Type: TYPE; Schema: public; Owner: afmuser
--

CREATE TYPE public.enum_circuits_details_fia_grade AS ENUM (
    '1',
    '1T',
    '2',
    '3',
    '4'
);


ALTER TYPE public.enum_circuits_details_fia_grade OWNER TO afmuser;

--
-- Name: enum_circuits_details_type; Type: TYPE; Schema: public; Owner: afmuser
--

CREATE TYPE public.enum_circuits_details_type AS ENUM (
    'permanent',
    'street',
    'temporary',
    'roval',
    'mixed'
);


ALTER TYPE public.enum_circuits_details_type OWNER TO afmuser;

--
-- Name: enum_drivers_basics_gender; Type: TYPE; Schema: public; Owner: afmuser
--

CREATE TYPE public.enum_drivers_basics_gender AS ENUM (
    'Male',
    'Female',
    'NonBinary',
    'Undisclosed'
);


ALTER TYPE public.enum_drivers_basics_gender OWNER TO afmuser;

--
-- Name: enum_drivers_details_socials_list_platform; Type: TYPE; Schema: public; Owner: afmuser
--

CREATE TYPE public.enum_drivers_details_socials_list_platform AS ENUM (
    'Twitter',
    'Instagram',
    'Threads',
    'Facebook',
    'LinkedIn',
    'TikTok',
    'YouTube',
    'Twitch',
    'Discord',
    'Reddit',
    'Telegram',
    'WhatsApp'
);


ALTER TYPE public.enum_drivers_details_socials_list_platform OWNER TO afmuser;

--
-- Name: enum_entries_details_status; Type: TYPE; Schema: public; Owner: afmuser
--

CREATE TYPE public.enum_entries_details_status AS ENUM (
    'Entered',
    'Confirmed',
    'Withdrawn',
    'Disqualified',
    'DidNotStart',
    'DidNotFinish',
    'Classified',
    'NotClassified',
    'Provisional',
    'Excluded'
);


ALTER TYPE public.enum_entries_details_status OWNER TO afmuser;

--
-- Name: enum_events_details_access; Type: TYPE; Schema: public; Owner: afmuser
--

CREATE TYPE public.enum_events_details_access AS ENUM (
    'Public',
    'Private',
    'InviteOnly',
    'MemberOnly',
    'VIP'
);


ALTER TYPE public.enum_events_details_access OWNER TO afmuser;

--
-- Name: enum_events_details_status; Type: TYPE; Schema: public; Owner: afmuser
--

CREATE TYPE public.enum_events_details_status AS ENUM (
    'Scheduled',
    'Confirmed',
    'Completed',
    'Cancelled',
    'Postponed',
    'Abandoned'
);


ALTER TYPE public.enum_events_details_status OWNER TO afmuser;

--
-- Name: enum_footer_columns_links_link_type; Type: TYPE; Schema: public; Owner: afmuser
--

CREATE TYPE public.enum_footer_columns_links_link_type AS ENUM (
    'reference',
    'custom'
);


ALTER TYPE public.enum_footer_columns_links_link_type OWNER TO afmuser;

--
-- Name: enum_footer_cta_link_type; Type: TYPE; Schema: public; Owner: afmuser
--

CREATE TYPE public.enum_footer_cta_link_type AS ENUM (
    'reference',
    'custom'
);


ALTER TYPE public.enum_footer_cta_link_type OWNER TO afmuser;

--
-- Name: enum_footer_legal_link_type; Type: TYPE; Schema: public; Owner: afmuser
--

CREATE TYPE public.enum_footer_legal_link_type AS ENUM (
    'reference',
    'custom'
);


ALTER TYPE public.enum_footer_legal_link_type OWNER TO afmuser;

--
-- Name: enum_forms_confirmation_type; Type: TYPE; Schema: public; Owner: afmuser
--

CREATE TYPE public.enum_forms_confirmation_type AS ENUM (
    'message',
    'redirect'
);


ALTER TYPE public.enum_forms_confirmation_type OWNER TO afmuser;

--
-- Name: enum_garages_details_accessibility; Type: TYPE; Schema: public; Owner: afmuser
--

CREATE TYPE public.enum_garages_details_accessibility AS ENUM (
    'Restricted',
    'TeamOnly',
    'Paddock',
    'Public'
);


ALTER TYPE public.enum_garages_details_accessibility OWNER TO afmuser;

--
-- Name: enum_garages_details_type; Type: TYPE; Schema: public; Owner: afmuser
--

CREATE TYPE public.enum_garages_details_type AS ENUM (
    'Permanent',
    'Temporary',
    'Mobile',
    'Popup',
    'Shared'
);


ALTER TYPE public.enum_garages_details_type OWNER TO afmuser;

--
-- Name: enum_header_cta_link_type; Type: TYPE; Schema: public; Owner: afmuser
--

CREATE TYPE public.enum_header_cta_link_type AS ENUM (
    'reference',
    'custom'
);


ALTER TYPE public.enum_header_cta_link_type OWNER TO afmuser;

--
-- Name: enum_helmets_details_branding; Type: TYPE; Schema: public; Owner: afmuser
--

CREATE TYPE public.enum_helmets_details_branding AS ENUM (
    'Minimal',
    'Prominent',
    'Full',
    'Heritage'
);


ALTER TYPE public.enum_helmets_details_branding OWNER TO afmuser;

--
-- Name: enum_helmets_details_material; Type: TYPE; Schema: public; Owner: afmuser
--

CREATE TYPE public.enum_helmets_details_material AS ENUM (
    'Matte',
    'Glossy',
    'Textured',
    'Coated'
);


ALTER TYPE public.enum_helmets_details_material OWNER TO afmuser;

--
-- Name: enum_helmets_details_style; Type: TYPE; Schema: public; Owner: afmuser
--

CREATE TYPE public.enum_helmets_details_style AS ENUM (
    'Classic',
    'Modern',
    'Futuristic',
    'Retro'
);


ALTER TYPE public.enum_helmets_details_style OWNER TO afmuser;

--
-- Name: enum_helmets_details_usage; Type: TYPE; Schema: public; Owner: afmuser
--

CREATE TYPE public.enum_helmets_details_usage AS ENUM (
    'Track',
    'Street',
    'Show',
    'Performance'
);


ALTER TYPE public.enum_helmets_details_usage OWNER TO afmuser;

--
-- Name: enum_hospitalities_details_access; Type: TYPE; Schema: public; Owner: afmuser
--

CREATE TYPE public.enum_hospitalities_details_access AS ENUM (
    'public',
    'members_only',
    'partners_only',
    'invite_only',
    'drivers_and_family'
);


ALTER TYPE public.enum_hospitalities_details_access OWNER TO afmuser;

--
-- Name: enum_hospitalities_details_status; Type: TYPE; Schema: public; Owner: afmuser
--

CREATE TYPE public.enum_hospitalities_details_status AS ENUM (
    'available',
    'sold_out',
    'cancelled',
    'private_only',
    'coming_soon'
);


ALTER TYPE public.enum_hospitalities_details_status OWNER TO afmuser;

--
-- Name: enum_hospitalities_details_type; Type: TYPE; Schema: public; Owner: afmuser
--

CREATE TYPE public.enum_hospitalities_details_type AS ENUM (
    'paddock_club',
    'vip_suite',
    'garage_tour',
    'driver_meet_greet',
    'track_walk',
    'champagne_celebration',
    'private_dining',
    'general_admission_vip'
);


ALTER TYPE public.enum_hospitalities_details_type OWNER TO afmuser;

--
-- Name: enum_individuals_basics_gender; Type: TYPE; Schema: public; Owner: afmuser
--

CREATE TYPE public.enum_individuals_basics_gender AS ENUM (
    'Male',
    'Female',
    'NonBinary',
    'Undisclosed'
);


ALTER TYPE public.enum_individuals_basics_gender OWNER TO afmuser;

--
-- Name: enum_individuals_basics_type; Type: TYPE; Schema: public; Owner: afmuser
--

CREATE TYPE public.enum_individuals_basics_type AS ENUM (
    'mentor',
    'trainee',
    'intern',
    'advisor',
    'consultant',
    'guest'
);


ALTER TYPE public.enum_individuals_basics_type OWNER TO afmuser;

--
-- Name: enum_initiatives_details_expectations_list_type; Type: TYPE; Schema: public; Owner: afmuser
--

CREATE TYPE public.enum_initiatives_details_expectations_list_type AS ENUM (
    'primary',
    'secondary',
    'optional'
);


ALTER TYPE public.enum_initiatives_details_expectations_list_type OWNER TO afmuser;

--
-- Name: enum_interviews_details_access; Type: TYPE; Schema: public; Owner: afmuser
--

CREATE TYPE public.enum_interviews_details_access AS ENUM (
    'public',
    'exclusive',
    'team_only',
    'media_only'
);


ALTER TYPE public.enum_interviews_details_access OWNER TO afmuser;

--
-- Name: enum_interviews_details_format; Type: TYPE; Schema: public; Owner: afmuser
--

CREATE TYPE public.enum_interviews_details_format AS ENUM (
    'one_on_one',
    'panel',
    'press_conference',
    'remote',
    'pit_lane',
    'podium'
);


ALTER TYPE public.enum_interviews_details_format OWNER TO afmuser;

--
-- Name: enum_interviews_details_status; Type: TYPE; Schema: public; Owner: afmuser
--

CREATE TYPE public.enum_interviews_details_status AS ENUM (
    'draft',
    'scheduled',
    'recorded',
    'published',
    'archived'
);


ALTER TYPE public.enum_interviews_details_status OWNER TO afmuser;

--
-- Name: enum_leaders_basics_gender; Type: TYPE; Schema: public; Owner: afmuser
--

CREATE TYPE public.enum_leaders_basics_gender AS ENUM (
    'Male',
    'Female',
    'NonBinary',
    'Undisclosed'
);


ALTER TYPE public.enum_leaders_basics_gender OWNER TO afmuser;

--
-- Name: enum_leaders_details_socials_list_platform; Type: TYPE; Schema: public; Owner: afmuser
--

CREATE TYPE public.enum_leaders_details_socials_list_platform AS ENUM (
    'Twitter',
    'Instagram',
    'Threads',
    'Facebook',
    'LinkedIn',
    'TikTok',
    'YouTube',
    'Twitch',
    'Discord',
    'Reddit',
    'Telegram',
    'WhatsApp'
);


ALTER TYPE public.enum_leaders_details_socials_list_platform OWNER TO afmuser;

--
-- Name: enum_meetups_details_access; Type: TYPE; Schema: public; Owner: afmuser
--

CREATE TYPE public.enum_meetups_details_access AS ENUM (
    'public',
    'invite_only',
    'private',
    'exclusive'
);


ALTER TYPE public.enum_meetups_details_access OWNER TO afmuser;

--
-- Name: enum_meetups_details_format; Type: TYPE; Schema: public; Owner: afmuser
--

CREATE TYPE public.enum_meetups_details_format AS ENUM (
    'in_person',
    'virtual',
    'hybrid'
);


ALTER TYPE public.enum_meetups_details_format OWNER TO afmuser;

--
-- Name: enum_members_basics_gender; Type: TYPE; Schema: public; Owner: afmuser
--

CREATE TYPE public.enum_members_basics_gender AS ENUM (
    'Male',
    'Female',
    'NonBinary',
    'Undisclosed'
);


ALTER TYPE public.enum_members_basics_gender OWNER TO afmuser;

--
-- Name: enum_onboardings_details_format; Type: TYPE; Schema: public; Owner: afmuser
--

CREATE TYPE public.enum_onboardings_details_format AS ENUM (
    'in_person',
    'virtual',
    'hybrid',
    'self_paced'
);


ALTER TYPE public.enum_onboardings_details_format OWNER TO afmuser;

--
-- Name: enum_onboardings_details_status; Type: TYPE; Schema: public; Owner: afmuser
--

CREATE TYPE public.enum_onboardings_details_status AS ENUM (
    'draft',
    'active',
    'completed',
    'archived'
);


ALTER TYPE public.enum_onboardings_details_status OWNER TO afmuser;

--
-- Name: enum_onboardings_details_type; Type: TYPE; Schema: public; Owner: afmuser
--

CREATE TYPE public.enum_onboardings_details_type AS ENUM (
    'driver',
    'member',
    'leader',
    'partner',
    'volunteer'
);


ALTER TYPE public.enum_onboardings_details_type OWNER TO afmuser;

--
-- Name: enum_orders_currency; Type: TYPE; Schema: public; Owner: afmuser
--

CREATE TYPE public.enum_orders_currency AS ENUM (
    'USD'
);


ALTER TYPE public.enum_orders_currency OWNER TO afmuser;

--
-- Name: enum_orders_status; Type: TYPE; Schema: public; Owner: afmuser
--

CREATE TYPE public.enum_orders_status AS ENUM (
    'processing',
    'completed',
    'cancelled',
    'refunded'
);


ALTER TYPE public.enum_orders_status OWNER TO afmuser;

--
-- Name: enum_organizations_basics_industry; Type: TYPE; Schema: public; Owner: afmuser
--

CREATE TYPE public.enum_organizations_basics_industry AS ENUM (
    'Aerospace',
    'Agriculture',
    'AI & Machine Learning',
    'Apparel & Fashion',
    'Automotive',
    'Banking & Finance',
    'Betting & Gambling',
    'Blockchain & Crypto',
    'Chemicals',
    'Cloud Computing',
    'Construction',
    'Consulting',
    'Cybersecurity',
    'Data Analytics',
    'E-commerce',
    'Education',
    'Electronics',
    'Energy & Utilities',
    'Engineering',
    'Entertainment',
    'Environmental Services',
    'Esports & Gaming',
    'Event Management',
    'Fitness & Wellness',
    'Food & Beverage',
    'Government',
    'Healthcare',
    'Hospitality',
    'Human Resources',
    'Insurance',
    'Legal Services',
    'Logistics & Supply Chain',
    'Lubricants',
    'Luxury Goods',
    'Manufacturing',
    'Marketing & Advertising',
    'Materials Science',
    'Media & Broadcasting',
    'Mining',
    'Non-Profit',
    'Oil & Gas',
    'Pharmaceuticals',
    'Printing & Publishing',
    'Property',
    'Public Sector',
    'Railway',
    'Real Estate',
    'Retail',
    'Security',
    'Shipping',
    'Sports',
    'Telecommunications',
    'Textiles',
    'Tourism',
    'Transportation',
    'Utilities'
);


ALTER TYPE public.enum_organizations_basics_industry OWNER TO afmuser;

--
-- Name: enum_organizations_basics_type; Type: TYPE; Schema: public; Owner: afmuser
--

CREATE TYPE public.enum_organizations_basics_type AS ENUM (
    'Sponsors',
    'Investors',
    'Partners',
    'Supporters',
    'Promoters',
    'Organizers',
    'Media',
    'Government',
    'NGO',
    'Developers',
    'Distributors',
    'Retailers',
    'Manufacturers',
    'Suppliers',
    'Providers',
    'Recipients',
    'Others'
);


ALTER TYPE public.enum_organizations_basics_type OWNER TO afmuser;

--
-- Name: enum_organizations_details_impact; Type: TYPE; Schema: public; Owner: afmuser
--

CREATE TYPE public.enum_organizations_details_impact AS ENUM (
    'Low',
    'Medium',
    'Deep',
    'Heavy',
    'Profound',
    'Rare',
    'Catastrophic',
    'Moderate',
    'Minor',
    'Negligible',
    'Major',
    'Severe',
    'Permanent',
    'Temporary'
);


ALTER TYPE public.enum_organizations_details_impact OWNER TO afmuser;

--
-- Name: enum_organizations_details_prestige; Type: TYPE; Schema: public; Owner: afmuser
--

CREATE TYPE public.enum_organizations_details_prestige AS ENUM (
    'Unknown',
    'Emerging',
    'Established',
    'Prestigious',
    'Iconic'
);


ALTER TYPE public.enum_organizations_details_prestige OWNER TO afmuser;

--
-- Name: enum_organizations_details_socials_list_platform; Type: TYPE; Schema: public; Owner: afmuser
--

CREATE TYPE public.enum_organizations_details_socials_list_platform AS ENUM (
    'Twitter',
    'Instagram',
    'Facebook',
    'LinkedIn',
    'TikTok',
    'YouTube',
    'Twitch',
    'Discord',
    'Telegram',
    'WhatsApp'
);


ALTER TYPE public.enum_organizations_details_socials_list_platform OWNER TO afmuser;

--
-- Name: enum_plans_details_currency; Type: TYPE; Schema: public; Owner: afmuser
--

CREATE TYPE public.enum_plans_details_currency AS ENUM (
    'USD',
    'EUR',
    'GBP',
    'INR'
);


ALTER TYPE public.enum_plans_details_currency OWNER TO afmuser;

--
-- Name: enum_plans_details_priority; Type: TYPE; Schema: public; Owner: afmuser
--

CREATE TYPE public.enum_plans_details_priority AS ENUM (
    'low',
    'medium',
    'high',
    'critical'
);


ALTER TYPE public.enum_plans_details_priority OWNER TO afmuser;

--
-- Name: enum_plans_details_scope; Type: TYPE; Schema: public; Owner: afmuser
--

CREATE TYPE public.enum_plans_details_scope AS ENUM (
    'personal',
    'team',
    'departmental',
    'organizational',
    'championship'
);


ALTER TYPE public.enum_plans_details_scope OWNER TO afmuser;

--
-- Name: enum_plans_details_status; Type: TYPE; Schema: public; Owner: afmuser
--

CREATE TYPE public.enum_plans_details_status AS ENUM (
    'draft',
    'approved',
    'in_progress',
    'completed',
    'on_hold',
    'cancelled'
);


ALTER TYPE public.enum_plans_details_status OWNER TO afmuser;

--
-- Name: enum_plans_traits_risks_list_impact; Type: TYPE; Schema: public; Owner: afmuser
--

CREATE TYPE public.enum_plans_traits_risks_list_impact AS ENUM (
    'low',
    'medium',
    'high',
    'critical'
);


ALTER TYPE public.enum_plans_traits_risks_list_impact OWNER TO afmuser;

--
-- Name: enum_plans_traits_risks_list_likelihood; Type: TYPE; Schema: public; Owner: afmuser
--

CREATE TYPE public.enum_plans_traits_risks_list_likelihood AS ENUM (
    'low',
    'medium',
    'high'
);


ALTER TYPE public.enum_plans_traits_risks_list_likelihood OWNER TO afmuser;

--
-- Name: enum_points_details_scale; Type: TYPE; Schema: public; Owner: afmuser
--

CREATE TYPE public.enum_points_details_scale AS ENUM (
    'standard',
    'inverse',
    'logarithmic',
    'multiplier',
    'fixed'
);


ALTER TYPE public.enum_points_details_scale OWNER TO afmuser;

--
-- Name: enum_products_blocks_content_columns_link_appearance; Type: TYPE; Schema: public; Owner: afmuser
--

CREATE TYPE public.enum_products_blocks_content_columns_link_appearance AS ENUM (
    'default',
    'outline'
);


ALTER TYPE public.enum_products_blocks_content_columns_link_appearance OWNER TO afmuser;

--
-- Name: enum_products_blocks_content_columns_link_type; Type: TYPE; Schema: public; Owner: afmuser
--

CREATE TYPE public.enum_products_blocks_content_columns_link_type AS ENUM (
    'reference',
    'custom'
);


ALTER TYPE public.enum_products_blocks_content_columns_link_type OWNER TO afmuser;

--
-- Name: enum_products_blocks_content_columns_size; Type: TYPE; Schema: public; Owner: afmuser
--

CREATE TYPE public.enum_products_blocks_content_columns_size AS ENUM (
    'oneThird',
    'half',
    'twoThirds',
    'full'
);


ALTER TYPE public.enum_products_blocks_content_columns_size OWNER TO afmuser;

--
-- Name: enum_products_blocks_cta_links_link_appearance; Type: TYPE; Schema: public; Owner: afmuser
--

CREATE TYPE public.enum_products_blocks_cta_links_link_appearance AS ENUM (
    'default',
    'outline'
);


ALTER TYPE public.enum_products_blocks_cta_links_link_appearance OWNER TO afmuser;

--
-- Name: enum_products_blocks_cta_links_link_type; Type: TYPE; Schema: public; Owner: afmuser
--

CREATE TYPE public.enum_products_blocks_cta_links_link_type AS ENUM (
    'reference',
    'custom'
);


ALTER TYPE public.enum_products_blocks_cta_links_link_type OWNER TO afmuser;

--
-- Name: enum_products_status; Type: TYPE; Schema: public; Owner: afmuser
--

CREATE TYPE public.enum_products_status AS ENUM (
    'draft',
    'published'
);


ALTER TYPE public.enum_products_status OWNER TO afmuser;

--
-- Name: enum_programs_details_duration; Type: TYPE; Schema: public; Owner: afmuser
--

CREATE TYPE public.enum_programs_details_duration AS ENUM (
    'days',
    'weeks',
    'months',
    'years',
    'ongoing'
);


ALTER TYPE public.enum_programs_details_duration OWNER TO afmuser;

--
-- Name: enum_programs_details_status; Type: TYPE; Schema: public; Owner: afmuser
--

CREATE TYPE public.enum_programs_details_status AS ENUM (
    'proposed',
    'approved',
    'active',
    'suspended',
    'completed',
    'cancelled'
);


ALTER TYPE public.enum_programs_details_status OWNER TO afmuser;

--
-- Name: enum_programs_details_type; Type: TYPE; Schema: public; Owner: afmuser
--

CREATE TYPE public.enum_programs_details_type AS ENUM (
    'development',
    'training',
    'outreach',
    'competitive',
    'grassroots',
    'elite',
    'academy'
);


ALTER TYPE public.enum_programs_details_type OWNER TO afmuser;

--
-- Name: enum_races_details_status; Type: TYPE; Schema: public; Owner: afmuser
--

CREATE TYPE public.enum_races_details_status AS ENUM (
    'scheduled',
    'ongoing',
    'completed',
    'cancelled',
    'postponed'
);


ALTER TYPE public.enum_races_details_status OWNER TO afmuser;

--
-- Name: enum_races_details_type; Type: TYPE; Schema: public; Owner: afmuser
--

CREATE TYPE public.enum_races_details_type AS ENUM (
    'sprint',
    'feature',
    'qualifying_race',
    'heat',
    'final',
    'knockout'
);


ALTER TYPE public.enum_races_details_type OWNER TO afmuser;

--
-- Name: enum_regulations_basics_enforcement; Type: TYPE; Schema: public; Owner: afmuser
--

CREATE TYPE public.enum_regulations_basics_enforcement AS ENUM (
    'Live Scrutineering',
    'Post-Event Inspection',
    'Telemetry Monitoring',
    'Self-Declaration',
    'Financial Audit'
);


ALTER TYPE public.enum_regulations_basics_enforcement OWNER TO afmuser;

--
-- Name: enum_regulations_basics_status; Type: TYPE; Schema: public; Owner: afmuser
--

CREATE TYPE public.enum_regulations_basics_status AS ENUM (
    'Published',
    'Draft',
    'Archived'
);


ALTER TYPE public.enum_regulations_basics_status OWNER TO afmuser;

--
-- Name: enum_regulations_basics_type; Type: TYPE; Schema: public; Owner: afmuser
--

CREATE TYPE public.enum_regulations_basics_type AS ENUM (
    'Sporting & Competition',
    'Technical & Engineering',
    'Financial & Budgetary',
    'Safety & Medical',
    'Judicial & Disciplinary',
    'Commercial & Media'
);


ALTER TYPE public.enum_regulations_basics_type OWNER TO afmuser;

--
-- Name: enum_results_details_status; Type: TYPE; Schema: public; Owner: afmuser
--

CREATE TYPE public.enum_results_details_status AS ENUM (
    'Official',
    'Provisional',
    'Corrected',
    'Historic',
    'Estimated',
    'Certified',
    'Void'
);


ALTER TYPE public.enum_results_details_status OWNER TO afmuser;

--
-- Name: enum_series_details_access; Type: TYPE; Schema: public; Owner: afmuser
--

CREATE TYPE public.enum_series_details_access AS ENUM (
    'Public',
    'Private',
    'InviteOnly',
    'MemberOnly',
    'VIP'
);


ALTER TYPE public.enum_series_details_access OWNER TO afmuser;

--
-- Name: enum_series_details_status; Type: TYPE; Schema: public; Owner: afmuser
--

CREATE TYPE public.enum_series_details_status AS ENUM (
    'Active',
    'Inactive',
    'Defunct',
    'Upcoming',
    'Rebranded',
    'Merged',
    'Sanctioned'
);


ALTER TYPE public.enum_series_details_status OWNER TO afmuser;

--
-- Name: enum_sessions_details_access; Type: TYPE; Schema: public; Owner: afmuser
--

CREATE TYPE public.enum_sessions_details_access AS ENUM (
    'public',
    'private',
    'exclusive'
);


ALTER TYPE public.enum_sessions_details_access OWNER TO afmuser;

--
-- Name: enum_skills_details_complexity; Type: TYPE; Schema: public; Owner: afmuser
--

CREATE TYPE public.enum_skills_details_complexity AS ENUM (
    'Low',
    'Medium',
    'High',
    'Extreme'
);


ALTER TYPE public.enum_skills_details_complexity OWNER TO afmuser;

--
-- Name: enum_skills_details_depth; Type: TYPE; Schema: public; Owner: afmuser
--

CREATE TYPE public.enum_skills_details_depth AS ENUM (
    'Basic',
    'Intermediate',
    'Advanced',
    'Expert'
);


ALTER TYPE public.enum_skills_details_depth OWNER TO afmuser;

--
-- Name: enum_skills_details_rarity; Type: TYPE; Schema: public; Owner: afmuser
--

CREATE TYPE public.enum_skills_details_rarity AS ENUM (
    'Common',
    'Uncommon',
    'Rare',
    'Unique'
);


ALTER TYPE public.enum_skills_details_rarity OWNER TO afmuser;

--
-- Name: enum_skills_details_scale; Type: TYPE; Schema: public; Owner: afmuser
--

CREATE TYPE public.enum_skills_details_scale AS ENUM (
    'Narrow',
    'Moderate',
    'Broad',
    'Comprehensive'
);


ALTER TYPE public.enum_skills_details_scale OWNER TO afmuser;

--
-- Name: enum_slides_details_orientation; Type: TYPE; Schema: public; Owner: afmuser
--

CREATE TYPE public.enum_slides_details_orientation AS ENUM (
    'landscape',
    'portrait',
    'square'
);


ALTER TYPE public.enum_slides_details_orientation OWNER TO afmuser;

--
-- Name: enum_slides_details_template; Type: TYPE; Schema: public; Owner: afmuser
--

CREATE TYPE public.enum_slides_details_template AS ENUM (
    'minimal',
    'corporate',
    'sporty',
    'bold',
    'data_driven'
);


ALTER TYPE public.enum_slides_details_template OWNER TO afmuser;

--
-- Name: enum_slides_details_transition; Type: TYPE; Schema: public; Owner: afmuser
--

CREATE TYPE public.enum_slides_details_transition AS ENUM (
    'fade',
    'slide',
    'zoom',
    'none'
);


ALTER TYPE public.enum_slides_details_transition OWNER TO afmuser;

--
-- Name: enum_slides_details_type; Type: TYPE; Schema: public; Owner: afmuser
--

CREATE TYPE public.enum_slides_details_type AS ENUM (
    'intro',
    'overview',
    'highlight',
    'summary',
    'statistical',
    'congratulatory'
);


ALTER TYPE public.enum_slides_details_type OWNER TO afmuser;

--
-- Name: enum_socials_accounts_platform; Type: TYPE; Schema: public; Owner: afmuser
--

CREATE TYPE public.enum_socials_accounts_platform AS ENUM (
    'instagram',
    'x',
    'facebook',
    'youtube',
    'linkedin',
    'tiktok',
    'threads',
    'snapchat',
    'pinterest',
    'discord',
    'twitch',
    'whatsapp',
    'telegram',
    'github',
    'spotify',
    'other'
);


ALTER TYPE public.enum_socials_accounts_platform OWNER TO afmuser;

--
-- Name: enum_statements_basics_status; Type: TYPE; Schema: public; Owner: afmuser
--

CREATE TYPE public.enum_statements_basics_status AS ENUM (
    'Published',
    'Draft',
    'Archived'
);


ALTER TYPE public.enum_statements_basics_status OWNER TO afmuser;

--
-- Name: enum_suits_details_appearance; Type: TYPE; Schema: public; Owner: afmuser
--

CREATE TYPE public.enum_suits_details_appearance AS ENUM (
    'Classic',
    'Modern',
    'Futuristic',
    'Retro'
);


ALTER TYPE public.enum_suits_details_appearance OWNER TO afmuser;

--
-- Name: enum_suits_details_durability; Type: TYPE; Schema: public; Owner: afmuser
--

CREATE TYPE public.enum_suits_details_durability AS ENUM (
    'Low',
    'Medium',
    'High',
    'Extreme'
);


ALTER TYPE public.enum_suits_details_durability OWNER TO afmuser;

--
-- Name: enum_suits_details_material; Type: TYPE; Schema: public; Owner: afmuser
--

CREATE TYPE public.enum_suits_details_material AS ENUM (
    'Cotton',
    'Polyester',
    'Nomex',
    'Carbon',
    'Leather',
    'Synthetic'
);


ALTER TYPE public.enum_suits_details_material OWNER TO afmuser;

--
-- Name: enum_suits_details_usage; Type: TYPE; Schema: public; Owner: afmuser
--

CREATE TYPE public.enum_suits_details_usage AS ENUM (
    'Track',
    'Street',
    'Show',
    'Performance'
);


ALTER TYPE public.enum_suits_details_usage OWNER TO afmuser;

--
-- Name: enum_timelines_details_color_scheme; Type: TYPE; Schema: public; Owner: afmuser
--

CREATE TYPE public.enum_timelines_details_color_scheme AS ENUM (
    'light',
    'dark',
    'vibrant',
    'monochrome'
);


ALTER TYPE public.enum_timelines_details_color_scheme OWNER TO afmuser;

--
-- Name: enum_timelines_details_orientation; Type: TYPE; Schema: public; Owner: afmuser
--

CREATE TYPE public.enum_timelines_details_orientation AS ENUM (
    'horizontal',
    'vertical',
    'zigzag'
);


ALTER TYPE public.enum_timelines_details_orientation OWNER TO afmuser;

--
-- Name: enum_timelines_details_scope; Type: TYPE; Schema: public; Owner: afmuser
--

CREATE TYPE public.enum_timelines_details_scope AS ENUM (
    'personal',
    'team',
    'project',
    'championship',
    'organizational'
);


ALTER TYPE public.enum_timelines_details_scope OWNER TO afmuser;

--
-- Name: enum_timelines_details_status; Type: TYPE; Schema: public; Owner: afmuser
--

CREATE TYPE public.enum_timelines_details_status AS ENUM (
    'draft',
    'active',
    'archived'
);


ALTER TYPE public.enum_timelines_details_status OWNER TO afmuser;

--
-- Name: enum_trainings_basics_format; Type: TYPE; Schema: public; Owner: afmuser
--

CREATE TYPE public.enum_trainings_basics_format AS ENUM (
    'individual',
    'group',
    'lecture',
    'hands_on',
    'simulated',
    'remote',
    'classroom'
);


ALTER TYPE public.enum_trainings_basics_format OWNER TO afmuser;

--
-- Name: enum_trainings_basics_intensity; Type: TYPE; Schema: public; Owner: afmuser
--

CREATE TYPE public.enum_trainings_basics_intensity AS ENUM (
    'low',
    'medium',
    'high',
    'extreme'
);


ALTER TYPE public.enum_trainings_basics_intensity OWNER TO afmuser;

--
-- Name: enum_trainings_details_expectations_list_type; Type: TYPE; Schema: public; Owner: afmuser
--

CREATE TYPE public.enum_trainings_details_expectations_list_type AS ENUM (
);


ALTER TYPE public.enum_trainings_details_expectations_list_type OWNER TO afmuser;

--
-- Name: enum_transactions_currency; Type: TYPE; Schema: public; Owner: afmuser
--

CREATE TYPE public.enum_transactions_currency AS ENUM (
    'USD'
);


ALTER TYPE public.enum_transactions_currency OWNER TO afmuser;

--
-- Name: enum_transactions_payment_method; Type: TYPE; Schema: public; Owner: afmuser
--

CREATE TYPE public.enum_transactions_payment_method AS ENUM (
    'stripe'
);


ALTER TYPE public.enum_transactions_payment_method OWNER TO afmuser;

--
-- Name: enum_transactions_status; Type: TYPE; Schema: public; Owner: afmuser
--

CREATE TYPE public.enum_transactions_status AS ENUM (
    'pending',
    'succeeded',
    'failed',
    'cancelled',
    'expired',
    'refunded'
);


ALTER TYPE public.enum_transactions_status OWNER TO afmuser;

--
-- Name: enum_users_roles; Type: TYPE; Schema: public; Owner: afmuser
--

CREATE TYPE public.enum_users_roles AS ENUM (
    'admin',
    'race_admin',
    'commercial',
    'content',
    'technical',
    'hr',
    'archive',
    'customer'
);


ALTER TYPE public.enum_users_roles OWNER TO afmuser;

--
-- Name: enum_vacancies_details_contract; Type: TYPE; Schema: public; Owner: afmuser
--

CREATE TYPE public.enum_vacancies_details_contract AS ENUM (
    'full_time',
    'part_time',
    'reserve',
    'test'
);


ALTER TYPE public.enum_vacancies_details_contract OWNER TO afmuser;

--
-- Name: enum_vacancies_details_expectations_list_type; Type: TYPE; Schema: public; Owner: afmuser
--

CREATE TYPE public.enum_vacancies_details_expectations_list_type AS ENUM (
);


ALTER TYPE public.enum_vacancies_details_expectations_list_type OWNER TO afmuser;

--
-- Name: enum_variants_status; Type: TYPE; Schema: public; Owner: afmuser
--

CREATE TYPE public.enum_variants_status AS ENUM (
    'draft',
    'published'
);


ALTER TYPE public.enum_variants_status OWNER TO afmuser;

SET default_tablespace = '';

SET default_table_access_method = heap;

--
-- Name: _products_v; Type: TABLE; Schema: public; Owner: afmuser
--

CREATE TABLE public._products_v (
    id integer NOT NULL,
    parent_id integer,
    version_title character varying,
    version_description jsonb,
    version_inventory numeric DEFAULT 0,
    version_enable_variants boolean,
    version_price_in_u_s_d_enabled boolean,
    version_price_in_u_s_d numeric,
    version_generate_slug boolean DEFAULT true,
    version_slug character varying,
    version_updated_at timestamp(3) with time zone,
    version_created_at timestamp(3) with time zone,
    version_deleted_at timestamp(3) with time zone,
    version__status public.enum__products_v_version_status DEFAULT 'draft'::public.enum__products_v_version_status,
    created_at timestamp(3) with time zone DEFAULT now() NOT NULL,
    updated_at timestamp(3) with time zone DEFAULT now() NOT NULL,
    snapshot boolean,
    published_locale public.enum__products_v_published_locale,
    latest boolean,
    autosave boolean
);


ALTER TABLE public._products_v OWNER TO afmuser;

--
-- Name: _products_v_blocks_content; Type: TABLE; Schema: public; Owner: afmuser
--

CREATE TABLE public._products_v_blocks_content (
    _order integer NOT NULL,
    _parent_id integer NOT NULL,
    _path text NOT NULL,
    id integer NOT NULL,
    _uuid character varying,
    block_name character varying
);


ALTER TABLE public._products_v_blocks_content OWNER TO afmuser;

--
-- Name: _products_v_blocks_content_columns; Type: TABLE; Schema: public; Owner: afmuser
--

CREATE TABLE public._products_v_blocks_content_columns (
    _order integer NOT NULL,
    _parent_id integer NOT NULL,
    id integer NOT NULL,
    size public.enum__products_v_blocks_content_columns_size DEFAULT 'oneThird'::public.enum__products_v_blocks_content_columns_size,
    rich_text jsonb,
    enable_link boolean,
    link_type public.enum__products_v_blocks_content_columns_link_type DEFAULT 'reference'::public.enum__products_v_blocks_content_columns_link_type,
    link_new_tab boolean,
    link_url character varying,
    link_label character varying,
    link_appearance public.enum__products_v_blocks_content_columns_link_appearance DEFAULT 'default'::public.enum__products_v_blocks_content_columns_link_appearance,
    _uuid character varying
);


ALTER TABLE public._products_v_blocks_content_columns OWNER TO afmuser;

--
-- Name: _products_v_blocks_content_columns_id_seq; Type: SEQUENCE; Schema: public; Owner: afmuser
--

CREATE SEQUENCE public._products_v_blocks_content_columns_id_seq
    AS integer
    START WITH 1
    INCREMENT BY 1
    NO MINVALUE
    NO MAXVALUE
    CACHE 1;


ALTER SEQUENCE public._products_v_blocks_content_columns_id_seq OWNER TO afmuser;

--
-- Name: _products_v_blocks_content_columns_id_seq; Type: SEQUENCE OWNED BY; Schema: public; Owner: afmuser
--

ALTER SEQUENCE public._products_v_blocks_content_columns_id_seq OWNED BY public._products_v_blocks_content_columns.id;


--
-- Name: _products_v_blocks_content_id_seq; Type: SEQUENCE; Schema: public; Owner: afmuser
--

CREATE SEQUENCE public._products_v_blocks_content_id_seq
    AS integer
    START WITH 1
    INCREMENT BY 1
    NO MINVALUE
    NO MAXVALUE
    CACHE 1;


ALTER SEQUENCE public._products_v_blocks_content_id_seq OWNER TO afmuser;

--
-- Name: _products_v_blocks_content_id_seq; Type: SEQUENCE OWNED BY; Schema: public; Owner: afmuser
--

ALTER SEQUENCE public._products_v_blocks_content_id_seq OWNED BY public._products_v_blocks_content.id;


--
-- Name: _products_v_blocks_cta; Type: TABLE; Schema: public; Owner: afmuser
--

CREATE TABLE public._products_v_blocks_cta (
    _order integer NOT NULL,
    _parent_id integer NOT NULL,
    _path text NOT NULL,
    id integer NOT NULL,
    rich_text jsonb,
    _uuid character varying,
    block_name character varying
);


ALTER TABLE public._products_v_blocks_cta OWNER TO afmuser;

--
-- Name: _products_v_blocks_cta_id_seq; Type: SEQUENCE; Schema: public; Owner: afmuser
--

CREATE SEQUENCE public._products_v_blocks_cta_id_seq
    AS integer
    START WITH 1
    INCREMENT BY 1
    NO MINVALUE
    NO MAXVALUE
    CACHE 1;


ALTER SEQUENCE public._products_v_blocks_cta_id_seq OWNER TO afmuser;

--
-- Name: _products_v_blocks_cta_id_seq; Type: SEQUENCE OWNED BY; Schema: public; Owner: afmuser
--

ALTER SEQUENCE public._products_v_blocks_cta_id_seq OWNED BY public._products_v_blocks_cta.id;


--
-- Name: _products_v_blocks_cta_links; Type: TABLE; Schema: public; Owner: afmuser
--

CREATE TABLE public._products_v_blocks_cta_links (
    _order integer NOT NULL,
    _parent_id integer NOT NULL,
    id integer NOT NULL,
    link_type public.enum__products_v_blocks_cta_links_link_type DEFAULT 'reference'::public.enum__products_v_blocks_cta_links_link_type,
    link_new_tab boolean,
    link_url character varying,
    link_label character varying,
    link_appearance public.enum__products_v_blocks_cta_links_link_appearance DEFAULT 'default'::public.enum__products_v_blocks_cta_links_link_appearance,
    _uuid character varying
);


ALTER TABLE public._products_v_blocks_cta_links OWNER TO afmuser;

--
-- Name: _products_v_blocks_cta_links_id_seq; Type: SEQUENCE; Schema: public; Owner: afmuser
--

CREATE SEQUENCE public._products_v_blocks_cta_links_id_seq
    AS integer
    START WITH 1
    INCREMENT BY 1
    NO MINVALUE
    NO MAXVALUE
    CACHE 1;


ALTER SEQUENCE public._products_v_blocks_cta_links_id_seq OWNER TO afmuser;

--
-- Name: _products_v_blocks_cta_links_id_seq; Type: SEQUENCE OWNED BY; Schema: public; Owner: afmuser
--

ALTER SEQUENCE public._products_v_blocks_cta_links_id_seq OWNED BY public._products_v_blocks_cta_links.id;


--
-- Name: _products_v_blocks_media_block; Type: TABLE; Schema: public; Owner: afmuser
--

CREATE TABLE public._products_v_blocks_media_block (
    _order integer NOT NULL,
    _parent_id integer NOT NULL,
    _path text NOT NULL,
    id integer NOT NULL,
    media_id integer,
    _uuid character varying,
    block_name character varying
);


ALTER TABLE public._products_v_blocks_media_block OWNER TO afmuser;

--
-- Name: _products_v_blocks_media_block_id_seq; Type: SEQUENCE; Schema: public; Owner: afmuser
--

CREATE SEQUENCE public._products_v_blocks_media_block_id_seq
    AS integer
    START WITH 1
    INCREMENT BY 1
    NO MINVALUE
    NO MAXVALUE
    CACHE 1;


ALTER SEQUENCE public._products_v_blocks_media_block_id_seq OWNER TO afmuser;

--
-- Name: _products_v_blocks_media_block_id_seq; Type: SEQUENCE OWNED BY; Schema: public; Owner: afmuser
--

ALTER SEQUENCE public._products_v_blocks_media_block_id_seq OWNED BY public._products_v_blocks_media_block.id;


--
-- Name: _products_v_id_seq; Type: SEQUENCE; Schema: public; Owner: afmuser
--

CREATE SEQUENCE public._products_v_id_seq
    AS integer
    START WITH 1
    INCREMENT BY 1
    NO MINVALUE
    NO MAXVALUE
    CACHE 1;


ALTER SEQUENCE public._products_v_id_seq OWNER TO afmuser;

--
-- Name: _products_v_id_seq; Type: SEQUENCE OWNED BY; Schema: public; Owner: afmuser
--

ALTER SEQUENCE public._products_v_id_seq OWNED BY public._products_v.id;


--
-- Name: _products_v_locales; Type: TABLE; Schema: public; Owner: afmuser
--

CREATE TABLE public._products_v_locales (
    version_meta_title character varying,
    version_meta_image_id integer,
    version_meta_description character varying,
    id integer NOT NULL,
    _locale public._locales NOT NULL,
    _parent_id integer NOT NULL
);


ALTER TABLE public._products_v_locales OWNER TO afmuser;

--
-- Name: _products_v_locales_id_seq; Type: SEQUENCE; Schema: public; Owner: afmuser
--

CREATE SEQUENCE public._products_v_locales_id_seq
    AS integer
    START WITH 1
    INCREMENT BY 1
    NO MINVALUE
    NO MAXVALUE
    CACHE 1;


ALTER SEQUENCE public._products_v_locales_id_seq OWNER TO afmuser;

--
-- Name: _products_v_locales_id_seq; Type: SEQUENCE OWNED BY; Schema: public; Owner: afmuser
--

ALTER SEQUENCE public._products_v_locales_id_seq OWNED BY public._products_v_locales.id;


--
-- Name: _products_v_rels; Type: TABLE; Schema: public; Owner: afmuser
--

CREATE TABLE public._products_v_rels (
    id integer NOT NULL,
    "order" integer,
    parent_id integer NOT NULL,
    path character varying NOT NULL,
    pages_id integer,
    variant_types_id integer,
    products_id integer,
    categories_id integer
);


ALTER TABLE public._products_v_rels OWNER TO afmuser;

--
-- Name: _products_v_rels_id_seq; Type: SEQUENCE; Schema: public; Owner: afmuser
--

CREATE SEQUENCE public._products_v_rels_id_seq
    AS integer
    START WITH 1
    INCREMENT BY 1
    NO MINVALUE
    NO MAXVALUE
    CACHE 1;


ALTER SEQUENCE public._products_v_rels_id_seq OWNER TO afmuser;

--
-- Name: _products_v_rels_id_seq; Type: SEQUENCE OWNED BY; Schema: public; Owner: afmuser
--

ALTER SEQUENCE public._products_v_rels_id_seq OWNED BY public._products_v_rels.id;


--
-- Name: _products_v_version_gallery; Type: TABLE; Schema: public; Owner: afmuser
--

CREATE TABLE public._products_v_version_gallery (
    _order integer NOT NULL,
    _parent_id integer NOT NULL,
    id integer NOT NULL,
    image_id integer,
    variant_option_id integer,
    _uuid character varying
);


ALTER TABLE public._products_v_version_gallery OWNER TO afmuser;

--
-- Name: _products_v_version_gallery_id_seq; Type: SEQUENCE; Schema: public; Owner: afmuser
--

CREATE SEQUENCE public._products_v_version_gallery_id_seq
    AS integer
    START WITH 1
    INCREMENT BY 1
    NO MINVALUE
    NO MAXVALUE
    CACHE 1;


ALTER SEQUENCE public._products_v_version_gallery_id_seq OWNER TO afmuser;

--
-- Name: _products_v_version_gallery_id_seq; Type: SEQUENCE OWNED BY; Schema: public; Owner: afmuser
--

ALTER SEQUENCE public._products_v_version_gallery_id_seq OWNED BY public._products_v_version_gallery.id;


--
-- Name: _variants_v; Type: TABLE; Schema: public; Owner: afmuser
--

CREATE TABLE public._variants_v (
    id integer NOT NULL,
    parent_id integer,
    version_title character varying,
    version_product_id integer,
    version_inventory numeric DEFAULT 0,
    version_price_in_u_s_d_enabled boolean,
    version_price_in_u_s_d numeric,
    version_updated_at timestamp(3) with time zone,
    version_created_at timestamp(3) with time zone,
    version_deleted_at timestamp(3) with time zone,
    version__status public.enum__variants_v_version_status DEFAULT 'draft'::public.enum__variants_v_version_status,
    created_at timestamp(3) with time zone DEFAULT now() NOT NULL,
    updated_at timestamp(3) with time zone DEFAULT now() NOT NULL,
    snapshot boolean,
    published_locale public.enum__variants_v_published_locale,
    latest boolean,
    autosave boolean
);


ALTER TABLE public._variants_v OWNER TO afmuser;

--
-- Name: _variants_v_id_seq; Type: SEQUENCE; Schema: public; Owner: afmuser
--

CREATE SEQUENCE public._variants_v_id_seq
    AS integer
    START WITH 1
    INCREMENT BY 1
    NO MINVALUE
    NO MAXVALUE
    CACHE 1;


ALTER SEQUENCE public._variants_v_id_seq OWNER TO afmuser;

--
-- Name: _variants_v_id_seq; Type: SEQUENCE OWNED BY; Schema: public; Owner: afmuser
--

ALTER SEQUENCE public._variants_v_id_seq OWNED BY public._variants_v.id;


--
-- Name: _variants_v_rels; Type: TABLE; Schema: public; Owner: afmuser
--

CREATE TABLE public._variants_v_rels (
    id integer NOT NULL,
    "order" integer,
    parent_id integer NOT NULL,
    path character varying NOT NULL,
    variant_options_id integer
);


ALTER TABLE public._variants_v_rels OWNER TO afmuser;

--
-- Name: _variants_v_rels_id_seq; Type: SEQUENCE; Schema: public; Owner: afmuser
--

CREATE SEQUENCE public._variants_v_rels_id_seq
    AS integer
    START WITH 1
    INCREMENT BY 1
    NO MINVALUE
    NO MAXVALUE
    CACHE 1;


ALTER SEQUENCE public._variants_v_rels_id_seq OWNER TO afmuser;

--
-- Name: _variants_v_rels_id_seq; Type: SEQUENCE OWNED BY; Schema: public; Owner: afmuser
--

ALTER SEQUENCE public._variants_v_rels_id_seq OWNED BY public._variants_v_rels.id;


--
-- Name: addresses; Type: TABLE; Schema: public; Owner: afmuser
--

CREATE TABLE public.addresses (
    id integer NOT NULL,
    customer_id integer,
    title character varying,
    first_name character varying,
    last_name character varying,
    company character varying,
    address_line1 character varying,
    address_line2 character varying,
    city character varying,
    state character varying,
    postal_code character varying,
    country public.enum_addresses_country NOT NULL,
    phone character varying,
    updated_at timestamp(3) with time zone DEFAULT now() NOT NULL,
    created_at timestamp(3) with time zone DEFAULT now() NOT NULL
);


ALTER TABLE public.addresses OWNER TO afmuser;

--
-- Name: addresses_id_seq; Type: SEQUENCE; Schema: public; Owner: afmuser
--

CREATE SEQUENCE public.addresses_id_seq
    AS integer
    START WITH 1
    INCREMENT BY 1
    NO MINVALUE
    NO MAXVALUE
    CACHE 1;


ALTER SEQUENCE public.addresses_id_seq OWNER TO afmuser;

--
-- Name: addresses_id_seq; Type: SEQUENCE OWNED BY; Schema: public; Owner: afmuser
--

ALTER SEQUENCE public.addresses_id_seq OWNED BY public.addresses.id;


--
-- Name: announcements; Type: TABLE; Schema: public; Owner: afmuser
--

CREATE TABLE public.announcements (
    id integer NOT NULL,
    updated_at timestamp(3) with time zone,
    created_at timestamp(3) with time zone
);


ALTER TABLE public.announcements OWNER TO afmuser;

--
-- Name: announcements_id_seq; Type: SEQUENCE; Schema: public; Owner: afmuser
--

CREATE SEQUENCE public.announcements_id_seq
    AS integer
    START WITH 1
    INCREMENT BY 1
    NO MINVALUE
    NO MAXVALUE
    CACHE 1;


ALTER SEQUENCE public.announcements_id_seq OWNER TO afmuser;

--
-- Name: announcements_id_seq; Type: SEQUENCE OWNED BY; Schema: public; Owner: afmuser
--

ALTER SEQUENCE public.announcements_id_seq OWNED BY public.announcements.id;


--
-- Name: announcements_items; Type: TABLE; Schema: public; Owner: afmuser
--

CREATE TABLE public.announcements_items (
    _order integer NOT NULL,
    _parent_id integer NOT NULL,
    id character varying NOT NULL,
    type public.enum_announcements_items_type DEFAULT 'info'::public.enum_announcements_items_type NOT NULL,
    link_enable boolean DEFAULT false,
    link_label character varying,
    link_url character varying,
    "from" timestamp(3) with time zone,
    until timestamp(3) with time zone,
    audience public.enum_announcements_items_audience DEFAULT 'everyone'::public.enum_announcements_items_audience,
    dismissible boolean DEFAULT true,
    active boolean DEFAULT true
);


ALTER TABLE public.announcements_items OWNER TO afmuser;

--
-- Name: announcements_items_locales; Type: TABLE; Schema: public; Owner: afmuser
--

CREATE TABLE public.announcements_items_locales (
    title character varying NOT NULL,
    message character varying NOT NULL,
    id integer NOT NULL,
    _locale public._locales NOT NULL,
    _parent_id character varying NOT NULL
);


ALTER TABLE public.announcements_items_locales OWNER TO afmuser;

--
-- Name: announcements_items_locales_id_seq; Type: SEQUENCE; Schema: public; Owner: afmuser
--

CREATE SEQUENCE public.announcements_items_locales_id_seq
    AS integer
    START WITH 1
    INCREMENT BY 1
    NO MINVALUE
    NO MAXVALUE
    CACHE 1;


ALTER SEQUENCE public.announcements_items_locales_id_seq OWNER TO afmuser;

--
-- Name: announcements_items_locales_id_seq; Type: SEQUENCE OWNED BY; Schema: public; Owner: afmuser
--

ALTER SEQUENCE public.announcements_items_locales_id_seq OWNED BY public.announcements_items_locales.id;


--
-- Name: awards; Type: TABLE; Schema: public; Owner: afmuser
--

CREATE TABLE public.awards (
    id integer NOT NULL,
    name character varying DEFAULT ''::character varying NOT NULL,
    alias character varying DEFAULT ''::character varying,
    basics_description character varying DEFAULT ''::character varying,
    details_story jsonb,
    details_awarded_date timestamp(3) with time zone,
    details_awarded_location public.geometry(Point) DEFAULT '0101000020E610000000000000000000000000000000000000'::public.geometry,
    assets_thumbnail_id integer,
    assets_candid_id integer,
    assets_video_id integer,
    generate_slug boolean DEFAULT true,
    slug character varying,
    updated_at timestamp(3) with time zone DEFAULT now() NOT NULL,
    created_at timestamp(3) with time zone DEFAULT now() NOT NULL
);


ALTER TABLE public.awards OWNER TO afmuser;

--
-- Name: awards_id_seq; Type: SEQUENCE; Schema: public; Owner: afmuser
--

CREATE SEQUENCE public.awards_id_seq
    AS integer
    START WITH 1
    INCREMENT BY 1
    NO MINVALUE
    NO MAXVALUE
    CACHE 1;


ALTER SEQUENCE public.awards_id_seq OWNER TO afmuser;

--
-- Name: awards_id_seq; Type: SEQUENCE OWNED BY; Schema: public; Owner: afmuser
--

ALTER SEQUENCE public.awards_id_seq OWNED BY public.awards.id;


--
-- Name: awards_locales; Type: TABLE; Schema: public; Owner: afmuser
--

CREATE TABLE public.awards_locales (
    seo_title character varying,
    seo_image_id integer,
    seo_description character varying,
    id integer NOT NULL,
    _locale public._locales NOT NULL,
    _parent_id integer NOT NULL
);


ALTER TABLE public.awards_locales OWNER TO afmuser;

--
-- Name: awards_locales_id_seq; Type: SEQUENCE; Schema: public; Owner: afmuser
--

CREATE SEQUENCE public.awards_locales_id_seq
    AS integer
    START WITH 1
    INCREMENT BY 1
    NO MINVALUE
    NO MAXVALUE
    CACHE 1;


ALTER SEQUENCE public.awards_locales_id_seq OWNER TO afmuser;

--
-- Name: awards_locales_id_seq; Type: SEQUENCE OWNED BY; Schema: public; Owner: afmuser
--

ALTER SEQUENCE public.awards_locales_id_seq OWNED BY public.awards_locales.id;


--
-- Name: awards_rels; Type: TABLE; Schema: public; Owner: afmuser
--

CREATE TABLE public.awards_rels (
    id integer NOT NULL,
    "order" integer,
    parent_id integer NOT NULL,
    path character varying NOT NULL,
    categories_id integer,
    tags_id integer
);


ALTER TABLE public.awards_rels OWNER TO afmuser;

--
-- Name: awards_rels_id_seq; Type: SEQUENCE; Schema: public; Owner: afmuser
--

CREATE SEQUENCE public.awards_rels_id_seq
    AS integer
    START WITH 1
    INCREMENT BY 1
    NO MINVALUE
    NO MAXVALUE
    CACHE 1;


ALTER SEQUENCE public.awards_rels_id_seq OWNER TO afmuser;

--
-- Name: awards_rels_id_seq; Type: SEQUENCE OWNED BY; Schema: public; Owner: afmuser
--

ALTER SEQUENCE public.awards_rels_id_seq OWNED BY public.awards_rels.id;


--
-- Name: cars; Type: TABLE; Schema: public; Owner: afmuser
--

CREATE TABLE public.cars (
    id integer NOT NULL,
    name character varying DEFAULT ''::character varying NOT NULL,
    alias character varying DEFAULT ''::character varying,
    basics_identifiers_chassis character varying DEFAULT ''::character varying,
    basics_identifiers_model character varying DEFAULT ''::character varying,
    basics_identifiers_version character varying DEFAULT ''::character varying,
    basics_tagline character varying DEFAULT ''::character varying,
    basics_description character varying DEFAULT ''::character varying,
    details_status public.enum_cars_details_status,
    details_history jsonb,
    details_technical_categories public.enum_cars_details_technical_categories,
    assets_avatar_id integer,
    assets_thumbnail_id integer,
    assets_cover_id integer,
    assets_video_id integer,
    generate_slug boolean DEFAULT true,
    slug character varying,
    updated_at timestamp(3) with time zone DEFAULT now() NOT NULL,
    created_at timestamp(3) with time zone DEFAULT now() NOT NULL
);


ALTER TABLE public.cars OWNER TO afmuser;

--
-- Name: cars_details_classifications_list; Type: TABLE; Schema: public; Owner: afmuser
--

CREATE TABLE public.cars_details_classifications_list (
    _order integer NOT NULL,
    _parent_id integer NOT NULL,
    id character varying NOT NULL,
    name character varying DEFAULT ''::character varying,
    criteria character varying DEFAULT ''::character varying,
    definition character varying DEFAULT ''::character varying,
    description character varying DEFAULT ''::character varying
);


ALTER TABLE public.cars_details_classifications_list OWNER TO afmuser;

--
-- Name: cars_details_specifications_list; Type: TABLE; Schema: public; Owner: afmuser
--

CREATE TABLE public.cars_details_specifications_list (
    _order integer NOT NULL,
    _parent_id integer NOT NULL,
    id character varying NOT NULL,
    parameter character varying DEFAULT ''::character varying,
    value character varying DEFAULT ''::character varying,
    description character varying DEFAULT ''::character varying
);


ALTER TABLE public.cars_details_specifications_list OWNER TO afmuser;

--
-- Name: cars_id_seq; Type: SEQUENCE; Schema: public; Owner: afmuser
--

CREATE SEQUENCE public.cars_id_seq
    AS integer
    START WITH 1
    INCREMENT BY 1
    NO MINVALUE
    NO MAXVALUE
    CACHE 1;


ALTER SEQUENCE public.cars_id_seq OWNER TO afmuser;

--
-- Name: cars_id_seq; Type: SEQUENCE OWNED BY; Schema: public; Owner: afmuser
--

ALTER SEQUENCE public.cars_id_seq OWNED BY public.cars.id;


--
-- Name: cars_locales; Type: TABLE; Schema: public; Owner: afmuser
--

CREATE TABLE public.cars_locales (
    seo_title character varying,
    seo_image_id integer,
    seo_description character varying,
    id integer NOT NULL,
    _locale public._locales NOT NULL,
    _parent_id integer NOT NULL
);


ALTER TABLE public.cars_locales OWNER TO afmuser;

--
-- Name: cars_locales_id_seq; Type: SEQUENCE; Schema: public; Owner: afmuser
--

CREATE SEQUENCE public.cars_locales_id_seq
    AS integer
    START WITH 1
    INCREMENT BY 1
    NO MINVALUE
    NO MAXVALUE
    CACHE 1;


ALTER SEQUENCE public.cars_locales_id_seq OWNER TO afmuser;

--
-- Name: cars_locales_id_seq; Type: SEQUENCE OWNED BY; Schema: public; Owner: afmuser
--

ALTER SEQUENCE public.cars_locales_id_seq OWNED BY public.cars_locales.id;


--
-- Name: cars_rels; Type: TABLE; Schema: public; Owner: afmuser
--

CREATE TABLE public.cars_rels (
    id integer NOT NULL,
    "order" integer,
    parent_id integer NOT NULL,
    path character varying NOT NULL,
    organizations_id integer,
    members_id integer,
    media_id integer,
    categories_id integer,
    tags_id integer
);


ALTER TABLE public.cars_rels OWNER TO afmuser;

--
-- Name: cars_rels_id_seq; Type: SEQUENCE; Schema: public; Owner: afmuser
--

CREATE SEQUENCE public.cars_rels_id_seq
    AS integer
    START WITH 1
    INCREMENT BY 1
    NO MINVALUE
    NO MAXVALUE
    CACHE 1;


ALTER SEQUENCE public.cars_rels_id_seq OWNER TO afmuser;

--
-- Name: cars_rels_id_seq; Type: SEQUENCE OWNED BY; Schema: public; Owner: afmuser
--

ALTER SEQUENCE public.cars_rels_id_seq OWNED BY public.cars_rels.id;


--
-- Name: carts; Type: TABLE; Schema: public; Owner: afmuser
--

CREATE TABLE public.carts (
    id integer NOT NULL,
    secret character varying,
    customer_id integer,
    purchased_at timestamp(3) with time zone,
    subtotal numeric,
    currency public.enum_carts_currency DEFAULT 'USD'::public.enum_carts_currency,
    updated_at timestamp(3) with time zone DEFAULT now() NOT NULL,
    created_at timestamp(3) with time zone DEFAULT now() NOT NULL
);


ALTER TABLE public.carts OWNER TO afmuser;

--
-- Name: carts_id_seq; Type: SEQUENCE; Schema: public; Owner: afmuser
--

CREATE SEQUENCE public.carts_id_seq
    AS integer
    START WITH 1
    INCREMENT BY 1
    NO MINVALUE
    NO MAXVALUE
    CACHE 1;


ALTER SEQUENCE public.carts_id_seq OWNER TO afmuser;

--
-- Name: carts_id_seq; Type: SEQUENCE OWNED BY; Schema: public; Owner: afmuser
--

ALTER SEQUENCE public.carts_id_seq OWNED BY public.carts.id;


--
-- Name: carts_items; Type: TABLE; Schema: public; Owner: afmuser
--

CREATE TABLE public.carts_items (
    _order integer NOT NULL,
    _parent_id integer NOT NULL,
    id character varying NOT NULL,
    product_id integer,
    variant_id integer,
    quantity numeric DEFAULT 1 NOT NULL
);


ALTER TABLE public.carts_items OWNER TO afmuser;

--
-- Name: categories; Type: TABLE; Schema: public; Owner: afmuser
--

CREATE TABLE public.categories (
    id integer NOT NULL,
    generate_slug boolean DEFAULT true,
    slug character varying,
    updated_at timestamp(3) with time zone DEFAULT now() NOT NULL,
    created_at timestamp(3) with time zone DEFAULT now() NOT NULL
);


ALTER TABLE public.categories OWNER TO afmuser;

--
-- Name: categories_details_type; Type: TABLE; Schema: public; Owner: afmuser
--

CREATE TABLE public.categories_details_type (
    _order integer NOT NULL,
    _parent_id integer NOT NULL,
    id character varying NOT NULL,
    value character varying DEFAULT ''::character varying
);


ALTER TABLE public.categories_details_type OWNER TO afmuser;

--
-- Name: categories_details_type_locales; Type: TABLE; Schema: public; Owner: afmuser
--

CREATE TABLE public.categories_details_type_locales (
    label character varying DEFAULT ''::character varying,
    id integer NOT NULL,
    _locale public._locales NOT NULL,
    _parent_id character varying NOT NULL
);


ALTER TABLE public.categories_details_type_locales OWNER TO afmuser;

--
-- Name: categories_details_type_locales_id_seq; Type: SEQUENCE; Schema: public; Owner: afmuser
--

CREATE SEQUENCE public.categories_details_type_locales_id_seq
    AS integer
    START WITH 1
    INCREMENT BY 1
    NO MINVALUE
    NO MAXVALUE
    CACHE 1;


ALTER SEQUENCE public.categories_details_type_locales_id_seq OWNER TO afmuser;

--
-- Name: categories_details_type_locales_id_seq; Type: SEQUENCE OWNED BY; Schema: public; Owner: afmuser
--

ALTER SEQUENCE public.categories_details_type_locales_id_seq OWNED BY public.categories_details_type_locales.id;


--
-- Name: categories_id_seq; Type: SEQUENCE; Schema: public; Owner: afmuser
--

CREATE SEQUENCE public.categories_id_seq
    AS integer
    START WITH 1
    INCREMENT BY 1
    NO MINVALUE
    NO MAXVALUE
    CACHE 1;


ALTER SEQUENCE public.categories_id_seq OWNER TO afmuser;

--
-- Name: categories_id_seq; Type: SEQUENCE OWNED BY; Schema: public; Owner: afmuser
--

ALTER SEQUENCE public.categories_id_seq OWNED BY public.categories.id;


--
-- Name: categories_locales; Type: TABLE; Schema: public; Owner: afmuser
--

CREATE TABLE public.categories_locales (
    name character varying DEFAULT ''::character varying NOT NULL,
    basics_description character varying DEFAULT ''::character varying,
    seo_title character varying,
    seo_image_id integer,
    seo_description character varying,
    id integer NOT NULL,
    _locale public._locales NOT NULL,
    _parent_id integer NOT NULL
);


ALTER TABLE public.categories_locales OWNER TO afmuser;

--
-- Name: categories_locales_id_seq; Type: SEQUENCE; Schema: public; Owner: afmuser
--

CREATE SEQUENCE public.categories_locales_id_seq
    AS integer
    START WITH 1
    INCREMENT BY 1
    NO MINVALUE
    NO MAXVALUE
    CACHE 1;


ALTER SEQUENCE public.categories_locales_id_seq OWNER TO afmuser;

--
-- Name: categories_locales_id_seq; Type: SEQUENCE OWNED BY; Schema: public; Owner: afmuser
--

ALTER SEQUENCE public.categories_locales_id_seq OWNED BY public.categories_locales.id;


--
-- Name: categories_rels; Type: TABLE; Schema: public; Owner: afmuser
--

CREATE TABLE public.categories_rels (
    id integer NOT NULL,
    "order" integer,
    parent_id integer NOT NULL,
    path character varying NOT NULL,
    categories_id integer,
    tags_id integer
);


ALTER TABLE public.categories_rels OWNER TO afmuser;

--
-- Name: categories_rels_id_seq; Type: SEQUENCE; Schema: public; Owner: afmuser
--

CREATE SEQUENCE public.categories_rels_id_seq
    AS integer
    START WITH 1
    INCREMENT BY 1
    NO MINVALUE
    NO MAXVALUE
    CACHE 1;


ALTER SEQUENCE public.categories_rels_id_seq OWNER TO afmuser;

--
-- Name: categories_rels_id_seq; Type: SEQUENCE OWNED BY; Schema: public; Owner: afmuser
--

ALTER SEQUENCE public.categories_rels_id_seq OWNED BY public.categories_rels.id;


--
-- Name: celebrations; Type: TABLE; Schema: public; Owner: afmuser
--

CREATE TABLE public.celebrations (
    id integer NOT NULL,
    name character varying DEFAULT ''::character varying NOT NULL,
    alias character varying DEFAULT ''::character varying,
    basics_description character varying DEFAULT ''::character varying,
    details_exclusivity public.enum_celebrations_details_exclusivity,
    details_date_time timestamp(3) with time zone,
    details_location public.geometry(Point) DEFAULT '0101000020E610000000000000000000000000000000000000'::public.geometry,
    details_story jsonb,
    assets_thumbnail_id integer,
    assets_video_id integer,
    generate_slug boolean DEFAULT true,
    slug character varying,
    updated_at timestamp(3) with time zone DEFAULT now() NOT NULL,
    created_at timestamp(3) with time zone DEFAULT now() NOT NULL
);


ALTER TABLE public.celebrations OWNER TO afmuser;

--
-- Name: celebrations_id_seq; Type: SEQUENCE; Schema: public; Owner: afmuser
--

CREATE SEQUENCE public.celebrations_id_seq
    AS integer
    START WITH 1
    INCREMENT BY 1
    NO MINVALUE
    NO MAXVALUE
    CACHE 1;


ALTER SEQUENCE public.celebrations_id_seq OWNER TO afmuser;

--
-- Name: celebrations_id_seq; Type: SEQUENCE OWNED BY; Schema: public; Owner: afmuser
--

ALTER SEQUENCE public.celebrations_id_seq OWNED BY public.celebrations.id;


--
-- Name: celebrations_locales; Type: TABLE; Schema: public; Owner: afmuser
--

CREATE TABLE public.celebrations_locales (
    seo_title character varying,
    seo_image_id integer,
    seo_description character varying,
    id integer NOT NULL,
    _locale public._locales NOT NULL,
    _parent_id integer NOT NULL
);


ALTER TABLE public.celebrations_locales OWNER TO afmuser;

--
-- Name: celebrations_locales_id_seq; Type: SEQUENCE; Schema: public; Owner: afmuser
--

CREATE SEQUENCE public.celebrations_locales_id_seq
    AS integer
    START WITH 1
    INCREMENT BY 1
    NO MINVALUE
    NO MAXVALUE
    CACHE 1;


ALTER SEQUENCE public.celebrations_locales_id_seq OWNER TO afmuser;

--
-- Name: celebrations_locales_id_seq; Type: SEQUENCE OWNED BY; Schema: public; Owner: afmuser
--

ALTER SEQUENCE public.celebrations_locales_id_seq OWNED BY public.celebrations_locales.id;


--
-- Name: celebrations_rels; Type: TABLE; Schema: public; Owner: afmuser
--

CREATE TABLE public.celebrations_rels (
    id integer NOT NULL,
    "order" integer,
    parent_id integer NOT NULL,
    path character varying NOT NULL,
    leaders_id integer,
    drivers_id integer,
    media_id integer,
    categories_id integer,
    tags_id integer
);


ALTER TABLE public.celebrations_rels OWNER TO afmuser;

--
-- Name: celebrations_rels_id_seq; Type: SEQUENCE; Schema: public; Owner: afmuser
--

CREATE SEQUENCE public.celebrations_rels_id_seq
    AS integer
    START WITH 1
    INCREMENT BY 1
    NO MINVALUE
    NO MAXVALUE
    CACHE 1;


ALTER SEQUENCE public.celebrations_rels_id_seq OWNER TO afmuser;

--
-- Name: celebrations_rels_id_seq; Type: SEQUENCE OWNED BY; Schema: public; Owner: afmuser
--

ALTER SEQUENCE public.celebrations_rels_id_seq OWNED BY public.celebrations_rels.id;


--
-- Name: championships; Type: TABLE; Schema: public; Owner: afmuser
--

CREATE TABLE public.championships (
    id integer NOT NULL,
    name character varying DEFAULT ''::character varying NOT NULL,
    alias character varying DEFAULT ''::character varying,
    basics_identifiers_code character varying DEFAULT ''::character varying,
    basics_identifiers_abbreviation character varying DEFAULT ''::character varying,
    basics_tagline character varying DEFAULT ''::character varying,
    basics_description character varying DEFAULT ''::character varying,
    details_history jsonb,
    details_regulations_id integer,
    details_format character varying DEFAULT ''::character varying,
    details_points_system_id integer,
    details_standings_scope public.enum_championships_details_standings_scope,
    details_start_date timestamp(3) with time zone,
    details_end_date timestamp(3) with time zone,
    details_season_id integer,
    details_series_id integer,
    details_winner_id integer,
    details_runner_up_id integer,
    details_third_place_id integer,
    details_notes character varying DEFAULT ''::character varying,
    assets_trophy_id integer,
    assets_thumbnail_id integer,
    assets_cover_id integer,
    assets_video_id integer,
    generate_slug boolean DEFAULT true,
    slug character varying,
    updated_at timestamp(3) with time zone DEFAULT now() NOT NULL,
    created_at timestamp(3) with time zone DEFAULT now() NOT NULL
);


ALTER TABLE public.championships OWNER TO afmuser;

--
-- Name: championships_id_seq; Type: SEQUENCE; Schema: public; Owner: afmuser
--

CREATE SEQUENCE public.championships_id_seq
    AS integer
    START WITH 1
    INCREMENT BY 1
    NO MINVALUE
    NO MAXVALUE
    CACHE 1;


ALTER SEQUENCE public.championships_id_seq OWNER TO afmuser;

--
-- Name: championships_id_seq; Type: SEQUENCE OWNED BY; Schema: public; Owner: afmuser
--

ALTER SEQUENCE public.championships_id_seq OWNED BY public.championships.id;


--
-- Name: championships_locales; Type: TABLE; Schema: public; Owner: afmuser
--

CREATE TABLE public.championships_locales (
    seo_title character varying,
    seo_image_id integer,
    seo_description character varying,
    id integer NOT NULL,
    _locale public._locales NOT NULL,
    _parent_id integer NOT NULL
);


ALTER TABLE public.championships_locales OWNER TO afmuser;

--
-- Name: championships_locales_id_seq; Type: SEQUENCE; Schema: public; Owner: afmuser
--

CREATE SEQUENCE public.championships_locales_id_seq
    AS integer
    START WITH 1
    INCREMENT BY 1
    NO MINVALUE
    NO MAXVALUE
    CACHE 1;


ALTER SEQUENCE public.championships_locales_id_seq OWNER TO afmuser;

--
-- Name: championships_locales_id_seq; Type: SEQUENCE OWNED BY; Schema: public; Owner: afmuser
--

ALTER SEQUENCE public.championships_locales_id_seq OWNED BY public.championships_locales.id;


--
-- Name: championships_rels; Type: TABLE; Schema: public; Owner: afmuser
--

CREATE TABLE public.championships_rels (
    id integer NOT NULL,
    "order" integer,
    parent_id integer NOT NULL,
    path character varying NOT NULL,
    media_id integer,
    categories_id integer,
    tags_id integer
);


ALTER TABLE public.championships_rels OWNER TO afmuser;

--
-- Name: championships_rels_id_seq; Type: SEQUENCE; Schema: public; Owner: afmuser
--

CREATE SEQUENCE public.championships_rels_id_seq
    AS integer
    START WITH 1
    INCREMENT BY 1
    NO MINVALUE
    NO MAXVALUE
    CACHE 1;


ALTER SEQUENCE public.championships_rels_id_seq OWNER TO afmuser;

--
-- Name: championships_rels_id_seq; Type: SEQUENCE OWNED BY; Schema: public; Owner: afmuser
--

ALTER SEQUENCE public.championships_rels_id_seq OWNED BY public.championships_rels.id;


--
-- Name: circuits; Type: TABLE; Schema: public; Owner: afmuser
--

CREATE TABLE public.circuits (
    id integer NOT NULL,
    name character varying DEFAULT ''::character varying NOT NULL,
    alias character varying DEFAULT ''::character varying,
    basics_identifiers_code character varying DEFAULT ''::character varying,
    basics_identifiers_abbreviation character varying DEFAULT ''::character varying,
    basics_tagline character varying DEFAULT ''::character varying,
    basics_description character varying DEFAULT ''::character varying,
    details_type public.enum_circuits_details_type,
    details_length_km numeric DEFAULT 0,
    details_length_miles numeric DEFAULT 0,
    details_turns numeric DEFAULT 0,
    details_drs_zones numeric DEFAULT 0,
    details_direction public.enum_circuits_details_direction,
    details_fia_grade public.enum_circuits_details_fia_grade,
    details_elevation_change numeric DEFAULT 0,
    details_capacity numeric DEFAULT 0,
    details_location public.geometry(Point) DEFAULT '0101000020E610000000000000000000000000000000000000'::public.geometry,
    details_address character varying DEFAULT ''::character varying,
    details_country_id integer,
    details_opened timestamp(3) with time zone,
    details_closed timestamp(3) with time zone,
    details_owner_id integer,
    details_operator_id integer,
    details_website character varying DEFAULT ''::character varying,
    details_history jsonb,
    details_notes character varying DEFAULT ''::character varying,
    metrics_record_lap_time character varying,
    metrics_record_lap_driver_id integer,
    metrics_record_lap_year timestamp(3) with time zone,
    assets_thumbnail_id integer,
    assets_cover_id integer,
    assets_circuit_map_id integer,
    assets_video_id integer,
    generate_slug boolean DEFAULT true,
    slug character varying,
    updated_at timestamp(3) with time zone DEFAULT now() NOT NULL,
    created_at timestamp(3) with time zone DEFAULT now() NOT NULL
);


ALTER TABLE public.circuits OWNER TO afmuser;

--
-- Name: circuits_details_renovated_list; Type: TABLE; Schema: public; Owner: afmuser
--

CREATE TABLE public.circuits_details_renovated_list (
    _order integer NOT NULL,
    _parent_id integer NOT NULL,
    id character varying NOT NULL,
    year timestamp(3) with time zone,
    description character varying DEFAULT ''::character varying
);


ALTER TABLE public.circuits_details_renovated_list OWNER TO afmuser;

--
-- Name: circuits_id_seq; Type: SEQUENCE; Schema: public; Owner: afmuser
--

CREATE SEQUENCE public.circuits_id_seq
    AS integer
    START WITH 1
    INCREMENT BY 1
    NO MINVALUE
    NO MAXVALUE
    CACHE 1;


ALTER SEQUENCE public.circuits_id_seq OWNER TO afmuser;

--
-- Name: circuits_id_seq; Type: SEQUENCE OWNED BY; Schema: public; Owner: afmuser
--

ALTER SEQUENCE public.circuits_id_seq OWNED BY public.circuits.id;


--
-- Name: circuits_locales; Type: TABLE; Schema: public; Owner: afmuser
--

CREATE TABLE public.circuits_locales (
    seo_title character varying,
    seo_image_id integer,
    seo_description character varying,
    id integer NOT NULL,
    _locale public._locales NOT NULL,
    _parent_id integer NOT NULL
);


ALTER TABLE public.circuits_locales OWNER TO afmuser;

--
-- Name: circuits_locales_id_seq; Type: SEQUENCE; Schema: public; Owner: afmuser
--

CREATE SEQUENCE public.circuits_locales_id_seq
    AS integer
    START WITH 1
    INCREMENT BY 1
    NO MINVALUE
    NO MAXVALUE
    CACHE 1;


ALTER SEQUENCE public.circuits_locales_id_seq OWNER TO afmuser;

--
-- Name: circuits_locales_id_seq; Type: SEQUENCE OWNED BY; Schema: public; Owner: afmuser
--

ALTER SEQUENCE public.circuits_locales_id_seq OWNED BY public.circuits_locales.id;


--
-- Name: circuits_rels; Type: TABLE; Schema: public; Owner: afmuser
--

CREATE TABLE public.circuits_rels (
    id integer NOT NULL,
    "order" integer,
    parent_id integer NOT NULL,
    path character varying NOT NULL,
    media_id integer,
    categories_id integer,
    tags_id integer
);


ALTER TABLE public.circuits_rels OWNER TO afmuser;

--
-- Name: circuits_rels_id_seq; Type: SEQUENCE; Schema: public; Owner: afmuser
--

CREATE SEQUENCE public.circuits_rels_id_seq
    AS integer
    START WITH 1
    INCREMENT BY 1
    NO MINVALUE
    NO MAXVALUE
    CACHE 1;


ALTER SEQUENCE public.circuits_rels_id_seq OWNER TO afmuser;

--
-- Name: circuits_rels_id_seq; Type: SEQUENCE OWNED BY; Schema: public; Owner: afmuser
--

ALTER SEQUENCE public.circuits_rels_id_seq OWNED BY public.circuits_rels.id;


--
-- Name: countries; Type: TABLE; Schema: public; Owner: afmuser
--

CREATE TABLE public.countries (
    id integer NOT NULL,
    name character varying DEFAULT ''::character varying NOT NULL,
    code character varying DEFAULT ''::character varying NOT NULL,
    basics_flag_id integer,
    basics_description character varying DEFAULT ''::character varying,
    generate_slug boolean DEFAULT true,
    slug character varying,
    updated_at timestamp(3) with time zone DEFAULT now() NOT NULL,
    created_at timestamp(3) with time zone DEFAULT now() NOT NULL
);


ALTER TABLE public.countries OWNER TO afmuser;

--
-- Name: countries_id_seq; Type: SEQUENCE; Schema: public; Owner: afmuser
--

CREATE SEQUENCE public.countries_id_seq
    AS integer
    START WITH 1
    INCREMENT BY 1
    NO MINVALUE
    NO MAXVALUE
    CACHE 1;


ALTER SEQUENCE public.countries_id_seq OWNER TO afmuser;

--
-- Name: countries_id_seq; Type: SEQUENCE OWNED BY; Schema: public; Owner: afmuser
--

ALTER SEQUENCE public.countries_id_seq OWNED BY public.countries.id;


--
-- Name: countries_locales; Type: TABLE; Schema: public; Owner: afmuser
--

CREATE TABLE public.countries_locales (
    seo_title character varying,
    seo_image_id integer,
    seo_description character varying,
    id integer NOT NULL,
    _locale public._locales NOT NULL,
    _parent_id integer NOT NULL
);


ALTER TABLE public.countries_locales OWNER TO afmuser;

--
-- Name: countries_locales_id_seq; Type: SEQUENCE; Schema: public; Owner: afmuser
--

CREATE SEQUENCE public.countries_locales_id_seq
    AS integer
    START WITH 1
    INCREMENT BY 1
    NO MINVALUE
    NO MAXVALUE
    CACHE 1;


ALTER SEQUENCE public.countries_locales_id_seq OWNER TO afmuser;

--
-- Name: countries_locales_id_seq; Type: SEQUENCE OWNED BY; Schema: public; Owner: afmuser
--

ALTER SEQUENCE public.countries_locales_id_seq OWNED BY public.countries_locales.id;


--
-- Name: countries_rels; Type: TABLE; Schema: public; Owner: afmuser
--

CREATE TABLE public.countries_rels (
    id integer NOT NULL,
    "order" integer,
    parent_id integer NOT NULL,
    path character varying NOT NULL,
    categories_id integer,
    tags_id integer
);


ALTER TABLE public.countries_rels OWNER TO afmuser;

--
-- Name: countries_rels_id_seq; Type: SEQUENCE; Schema: public; Owner: afmuser
--

CREATE SEQUENCE public.countries_rels_id_seq
    AS integer
    START WITH 1
    INCREMENT BY 1
    NO MINVALUE
    NO MAXVALUE
    CACHE 1;


ALTER SEQUENCE public.countries_rels_id_seq OWNER TO afmuser;

--
-- Name: countries_rels_id_seq; Type: SEQUENCE OWNED BY; Schema: public; Owner: afmuser
--

ALTER SEQUENCE public.countries_rels_id_seq OWNED BY public.countries_rels.id;


--
-- Name: designations; Type: TABLE; Schema: public; Owner: afmuser
--

CREATE TABLE public.designations (
    id integer NOT NULL,
    name character varying DEFAULT ''::character varying NOT NULL,
    alias character varying DEFAULT ''::character varying,
    basics_description character varying DEFAULT ''::character varying,
    generate_slug boolean DEFAULT true,
    slug character varying,
    updated_at timestamp(3) with time zone DEFAULT now() NOT NULL,
    created_at timestamp(3) with time zone DEFAULT now() NOT NULL
);


ALTER TABLE public.designations OWNER TO afmuser;

--
-- Name: designations_id_seq; Type: SEQUENCE; Schema: public; Owner: afmuser
--

CREATE SEQUENCE public.designations_id_seq
    AS integer
    START WITH 1
    INCREMENT BY 1
    NO MINVALUE
    NO MAXVALUE
    CACHE 1;


ALTER SEQUENCE public.designations_id_seq OWNER TO afmuser;

--
-- Name: designations_id_seq; Type: SEQUENCE OWNED BY; Schema: public; Owner: afmuser
--

ALTER SEQUENCE public.designations_id_seq OWNED BY public.designations.id;


--
-- Name: designations_locales; Type: TABLE; Schema: public; Owner: afmuser
--

CREATE TABLE public.designations_locales (
    seo_title character varying,
    seo_image_id integer,
    seo_description character varying,
    id integer NOT NULL,
    _locale public._locales NOT NULL,
    _parent_id integer NOT NULL
);


ALTER TABLE public.designations_locales OWNER TO afmuser;

--
-- Name: designations_locales_id_seq; Type: SEQUENCE; Schema: public; Owner: afmuser
--

CREATE SEQUENCE public.designations_locales_id_seq
    AS integer
    START WITH 1
    INCREMENT BY 1
    NO MINVALUE
    NO MAXVALUE
    CACHE 1;


ALTER SEQUENCE public.designations_locales_id_seq OWNER TO afmuser;

--
-- Name: designations_locales_id_seq; Type: SEQUENCE OWNED BY; Schema: public; Owner: afmuser
--

ALTER SEQUENCE public.designations_locales_id_seq OWNED BY public.designations_locales.id;


--
-- Name: designations_rels; Type: TABLE; Schema: public; Owner: afmuser
--

CREATE TABLE public.designations_rels (
    id integer NOT NULL,
    "order" integer,
    parent_id integer NOT NULL,
    path character varying NOT NULL,
    categories_id integer,
    tags_id integer
);


ALTER TABLE public.designations_rels OWNER TO afmuser;

--
-- Name: designations_rels_id_seq; Type: SEQUENCE; Schema: public; Owner: afmuser
--

CREATE SEQUENCE public.designations_rels_id_seq
    AS integer
    START WITH 1
    INCREMENT BY 1
    NO MINVALUE
    NO MAXVALUE
    CACHE 1;


ALTER SEQUENCE public.designations_rels_id_seq OWNER TO afmuser;

--
-- Name: designations_rels_id_seq; Type: SEQUENCE OWNED BY; Schema: public; Owner: afmuser
--

ALTER SEQUENCE public.designations_rels_id_seq OWNED BY public.designations_rels.id;


--
-- Name: drivers; Type: TABLE; Schema: public; Owner: afmuser
--

CREATE TABLE public.drivers (
    id integer NOT NULL,
    first_name character varying DEFAULT ''::character varying NOT NULL,
    middle_name character varying DEFAULT ''::character varying,
    last_name character varying DEFAULT ''::character varying NOT NULL,
    alias character varying DEFAULT ''::character varying,
    basics_racing_number numeric DEFAULT 0,
    basics_nickname character varying DEFAULT ''::character varying,
    basics_competition_name character varying DEFAULT ''::character varying,
    basics_callsign character varying DEFAULT ''::character varying,
    basics_catchphrase character varying DEFAULT ''::character varying,
    basics_birth_date timestamp(3) with time zone,
    basics_debut_date timestamp(3) with time zone,
    basics_retirement_date timestamp(3) with time zone,
    basics_nationality_id integer,
    basics_gender public.enum_drivers_basics_gender,
    basics_pronouns character varying DEFAULT ''::character varying,
    details_story jsonb,
    details_biography jsonb,
    assets_avatar_id integer,
    assets_autograph_id integer,
    assets_cover_id integer,
    generate_slug boolean DEFAULT true,
    slug character varying,
    updated_at timestamp(3) with time zone DEFAULT now() NOT NULL,
    created_at timestamp(3) with time zone DEFAULT now() NOT NULL
);


ALTER TABLE public.drivers OWNER TO afmuser;

--
-- Name: drivers_assets_gallery_list; Type: TABLE; Schema: public; Owner: afmuser
--

CREATE TABLE public.drivers_assets_gallery_list (
    _order integer NOT NULL,
    _parent_id integer NOT NULL,
    id character varying NOT NULL,
    image_id integer NOT NULL,
    caption character varying DEFAULT ''::character varying
);


ALTER TABLE public.drivers_assets_gallery_list OWNER TO afmuser;

--
-- Name: drivers_details_addresses_list; Type: TABLE; Schema: public; Owner: afmuser
--

CREATE TABLE public.drivers_details_addresses_list (
    _order integer NOT NULL,
    _parent_id integer NOT NULL,
    id character varying NOT NULL,
    name character varying DEFAULT ''::character varying,
    label character varying DEFAULT ''::character varying,
    description character varying DEFAULT ''::character varying,
    location public.geometry(Point) DEFAULT '0101000020E610000000000000000000000000000000000000'::public.geometry
);


ALTER TABLE public.drivers_details_addresses_list OWNER TO afmuser;

--
-- Name: drivers_details_socials_list; Type: TABLE; Schema: public; Owner: afmuser
--

CREATE TABLE public.drivers_details_socials_list (
    _order integer NOT NULL,
    _parent_id integer NOT NULL,
    id character varying NOT NULL,
    platform public.enum_drivers_details_socials_list_platform,
    username character varying DEFAULT ''::character varying,
    description character varying DEFAULT ''::character varying
);


ALTER TABLE public.drivers_details_socials_list OWNER TO afmuser;

--
-- Name: drivers_details_websites_list; Type: TABLE; Schema: public; Owner: afmuser
--

CREATE TABLE public.drivers_details_websites_list (
    _order integer NOT NULL,
    _parent_id integer NOT NULL,
    id character varying NOT NULL,
    name character varying DEFAULT ''::character varying,
    path character varying DEFAULT ''::character varying,
    description character varying DEFAULT ''::character varying
);


ALTER TABLE public.drivers_details_websites_list OWNER TO afmuser;

--
-- Name: drivers_id_seq; Type: SEQUENCE; Schema: public; Owner: afmuser
--

CREATE SEQUENCE public.drivers_id_seq
    AS integer
    START WITH 1
    INCREMENT BY 1
    NO MINVALUE
    NO MAXVALUE
    CACHE 1;


ALTER SEQUENCE public.drivers_id_seq OWNER TO afmuser;

--
-- Name: drivers_id_seq; Type: SEQUENCE OWNED BY; Schema: public; Owner: afmuser
--

ALTER SEQUENCE public.drivers_id_seq OWNED BY public.drivers.id;


--
-- Name: drivers_locales; Type: TABLE; Schema: public; Owner: afmuser
--

CREATE TABLE public.drivers_locales (
    seo_title character varying,
    seo_image_id integer,
    seo_description character varying,
    id integer NOT NULL,
    _locale public._locales NOT NULL,
    _parent_id integer NOT NULL
);


ALTER TABLE public.drivers_locales OWNER TO afmuser;

--
-- Name: drivers_locales_id_seq; Type: SEQUENCE; Schema: public; Owner: afmuser
--

CREATE SEQUENCE public.drivers_locales_id_seq
    AS integer
    START WITH 1
    INCREMENT BY 1
    NO MINVALUE
    NO MAXVALUE
    CACHE 1;


ALTER SEQUENCE public.drivers_locales_id_seq OWNER TO afmuser;

--
-- Name: drivers_locales_id_seq; Type: SEQUENCE OWNED BY; Schema: public; Owner: afmuser
--

ALTER SEQUENCE public.drivers_locales_id_seq OWNED BY public.drivers_locales.id;


--
-- Name: drivers_rels; Type: TABLE; Schema: public; Owner: afmuser
--

CREATE TABLE public.drivers_rels (
    id integer NOT NULL,
    "order" integer,
    parent_id integer NOT NULL,
    path character varying NOT NULL,
    skills_id integer,
    points_id integer,
    results_id integer,
    awards_id integer,
    cars_id integer,
    categories_id integer,
    tags_id integer
);


ALTER TABLE public.drivers_rels OWNER TO afmuser;

--
-- Name: drivers_rels_id_seq; Type: SEQUENCE; Schema: public; Owner: afmuser
--

CREATE SEQUENCE public.drivers_rels_id_seq
    AS integer
    START WITH 1
    INCREMENT BY 1
    NO MINVALUE
    NO MAXVALUE
    CACHE 1;


ALTER SEQUENCE public.drivers_rels_id_seq OWNER TO afmuser;

--
-- Name: drivers_rels_id_seq; Type: SEQUENCE OWNED BY; Schema: public; Owner: afmuser
--

ALTER SEQUENCE public.drivers_rels_id_seq OWNED BY public.drivers_rels.id;


--
-- Name: entries; Type: TABLE; Schema: public; Owner: afmuser
--

CREATE TABLE public.entries (
    id integer NOT NULL,
    name character varying DEFAULT ''::character varying NOT NULL,
    alias character varying DEFAULT ''::character varying,
    basics_identifiers_number character varying DEFAULT ''::character varying,
    basics_identifiers_plate character varying DEFAULT ''::character varying,
    basics_description character varying DEFAULT ''::character varying,
    details_session_id integer NOT NULL,
    details_status public.enum_entries_details_status,
    details_grid_position numeric DEFAULT 0,
    details_start_position numeric DEFAULT 0,
    details_finish_position numeric DEFAULT 0,
    details_laps_position numeric DEFAULT 0,
    assets_thumbnail_id integer,
    generate_slug boolean DEFAULT true,
    slug character varying,
    updated_at timestamp(3) with time zone DEFAULT now() NOT NULL,
    created_at timestamp(3) with time zone DEFAULT now() NOT NULL
);


ALTER TABLE public.entries OWNER TO afmuser;

--
-- Name: entries_id_seq; Type: SEQUENCE; Schema: public; Owner: afmuser
--

CREATE SEQUENCE public.entries_id_seq
    AS integer
    START WITH 1
    INCREMENT BY 1
    NO MINVALUE
    NO MAXVALUE
    CACHE 1;


ALTER SEQUENCE public.entries_id_seq OWNER TO afmuser;

--
-- Name: entries_id_seq; Type: SEQUENCE OWNED BY; Schema: public; Owner: afmuser
--

ALTER SEQUENCE public.entries_id_seq OWNED BY public.entries.id;


--
-- Name: entries_locales; Type: TABLE; Schema: public; Owner: afmuser
--

CREATE TABLE public.entries_locales (
    seo_title character varying,
    seo_image_id integer,
    seo_description character varying,
    id integer NOT NULL,
    _locale public._locales NOT NULL,
    _parent_id integer NOT NULL
);


ALTER TABLE public.entries_locales OWNER TO afmuser;

--
-- Name: entries_locales_id_seq; Type: SEQUENCE; Schema: public; Owner: afmuser
--

CREATE SEQUENCE public.entries_locales_id_seq
    AS integer
    START WITH 1
    INCREMENT BY 1
    NO MINVALUE
    NO MAXVALUE
    CACHE 1;


ALTER SEQUENCE public.entries_locales_id_seq OWNER TO afmuser;

--
-- Name: entries_locales_id_seq; Type: SEQUENCE OWNED BY; Schema: public; Owner: afmuser
--

ALTER SEQUENCE public.entries_locales_id_seq OWNED BY public.entries_locales.id;


--
-- Name: entries_rels; Type: TABLE; Schema: public; Owner: afmuser
--

CREATE TABLE public.entries_rels (
    id integer NOT NULL,
    "order" integer,
    parent_id integer NOT NULL,
    path character varying NOT NULL,
    media_id integer,
    categories_id integer,
    tags_id integer
);


ALTER TABLE public.entries_rels OWNER TO afmuser;

--
-- Name: entries_rels_id_seq; Type: SEQUENCE; Schema: public; Owner: afmuser
--

CREATE SEQUENCE public.entries_rels_id_seq
    AS integer
    START WITH 1
    INCREMENT BY 1
    NO MINVALUE
    NO MAXVALUE
    CACHE 1;


ALTER SEQUENCE public.entries_rels_id_seq OWNER TO afmuser;

--
-- Name: entries_rels_id_seq; Type: SEQUENCE OWNED BY; Schema: public; Owner: afmuser
--

ALTER SEQUENCE public.entries_rels_id_seq OWNED BY public.entries_rels.id;


--
-- Name: events; Type: TABLE; Schema: public; Owner: afmuser
--

CREATE TABLE public.events (
    id integer NOT NULL,
    name character varying DEFAULT ''::character varying NOT NULL,
    alias character varying DEFAULT ''::character varying,
    basics_identifiers_code character varying DEFAULT ''::character varying,
    basics_tagline character varying DEFAULT ''::character varying,
    basics_description character varying DEFAULT ''::character varying,
    details_status public.enum_events_details_status,
    details_access public.enum_events_details_access,
    details_season_id integer NOT NULL,
    details_location public.geometry(Point) DEFAULT '0101000020E610000000000000000000000000000000000000'::public.geometry,
    details_history jsonb,
    details_start_date timestamp(3) with time zone,
    details_end_date timestamp(3) with time zone,
    details_notes character varying DEFAULT ''::character varying,
    assets_thumbnail_id integer,
    assets_poster_id integer,
    assets_cover_id integer,
    generate_slug boolean DEFAULT true,
    slug character varying,
    updated_at timestamp(3) with time zone DEFAULT now() NOT NULL,
    created_at timestamp(3) with time zone DEFAULT now() NOT NULL
);


ALTER TABLE public.events OWNER TO afmuser;

--
-- Name: events_id_seq; Type: SEQUENCE; Schema: public; Owner: afmuser
--

CREATE SEQUENCE public.events_id_seq
    AS integer
    START WITH 1
    INCREMENT BY 1
    NO MINVALUE
    NO MAXVALUE
    CACHE 1;


ALTER SEQUENCE public.events_id_seq OWNER TO afmuser;

--
-- Name: events_id_seq; Type: SEQUENCE OWNED BY; Schema: public; Owner: afmuser
--

ALTER SEQUENCE public.events_id_seq OWNED BY public.events.id;


--
-- Name: events_locales; Type: TABLE; Schema: public; Owner: afmuser
--

CREATE TABLE public.events_locales (
    seo_title character varying,
    seo_image_id integer,
    seo_description character varying,
    id integer NOT NULL,
    _locale public._locales NOT NULL,
    _parent_id integer NOT NULL
);


ALTER TABLE public.events_locales OWNER TO afmuser;

--
-- Name: events_locales_id_seq; Type: SEQUENCE; Schema: public; Owner: afmuser
--

CREATE SEQUENCE public.events_locales_id_seq
    AS integer
    START WITH 1
    INCREMENT BY 1
    NO MINVALUE
    NO MAXVALUE
    CACHE 1;


ALTER SEQUENCE public.events_locales_id_seq OWNER TO afmuser;

--
-- Name: events_locales_id_seq; Type: SEQUENCE OWNED BY; Schema: public; Owner: afmuser
--

ALTER SEQUENCE public.events_locales_id_seq OWNED BY public.events_locales.id;


--
-- Name: events_rels; Type: TABLE; Schema: public; Owner: afmuser
--

CREATE TABLE public.events_rels (
    id integer NOT NULL,
    "order" integer,
    parent_id integer NOT NULL,
    path character varying NOT NULL,
    media_id integer,
    categories_id integer,
    tags_id integer
);


ALTER TABLE public.events_rels OWNER TO afmuser;

--
-- Name: events_rels_id_seq; Type: SEQUENCE; Schema: public; Owner: afmuser
--

CREATE SEQUENCE public.events_rels_id_seq
    AS integer
    START WITH 1
    INCREMENT BY 1
    NO MINVALUE
    NO MAXVALUE
    CACHE 1;


ALTER SEQUENCE public.events_rels_id_seq OWNER TO afmuser;

--
-- Name: events_rels_id_seq; Type: SEQUENCE OWNED BY; Schema: public; Owner: afmuser
--

ALTER SEQUENCE public.events_rels_id_seq OWNED BY public.events_rels.id;


--
-- Name: footer; Type: TABLE; Schema: public; Owner: afmuser
--

CREATE TABLE public.footer (
    id integer NOT NULL,
    brand_enable boolean DEFAULT true,
    brand_logo_id integer,
    brand_tagline character varying,
    brand_description character varying,
    cta_enable boolean DEFAULT true,
    cta_headline character varying,
    cta_subtext character varying,
    cta_button_label character varying,
    cta_link_type public.enum_footer_cta_link_type DEFAULT 'reference'::public.enum_footer_cta_link_type,
    cta_link_new_tab boolean,
    cta_link_url character varying,
    cta_link_label character varying NOT NULL,
    copyright character varying,
    updated_at timestamp(3) with time zone,
    created_at timestamp(3) with time zone
);


ALTER TABLE public.footer OWNER TO afmuser;

--
-- Name: footer_columns; Type: TABLE; Schema: public; Owner: afmuser
--

CREATE TABLE public.footer_columns (
    _order integer NOT NULL,
    _parent_id integer NOT NULL,
    id character varying NOT NULL,
    label character varying NOT NULL,
    visible boolean DEFAULT true
);


ALTER TABLE public.footer_columns OWNER TO afmuser;

--
-- Name: footer_columns_links; Type: TABLE; Schema: public; Owner: afmuser
--

CREATE TABLE public.footer_columns_links (
    _order integer NOT NULL,
    _parent_id character varying NOT NULL,
    id character varying NOT NULL,
    label character varying NOT NULL,
    link_type public.enum_footer_columns_links_link_type DEFAULT 'reference'::public.enum_footer_columns_links_link_type,
    link_new_tab boolean,
    link_url character varying,
    link_label character varying NOT NULL,
    visible boolean DEFAULT true
);


ALTER TABLE public.footer_columns_links OWNER TO afmuser;

--
-- Name: footer_id_seq; Type: SEQUENCE; Schema: public; Owner: afmuser
--

CREATE SEQUENCE public.footer_id_seq
    AS integer
    START WITH 1
    INCREMENT BY 1
    NO MINVALUE
    NO MAXVALUE
    CACHE 1;


ALTER SEQUENCE public.footer_id_seq OWNER TO afmuser;

--
-- Name: footer_id_seq; Type: SEQUENCE OWNED BY; Schema: public; Owner: afmuser
--

ALTER SEQUENCE public.footer_id_seq OWNED BY public.footer.id;


--
-- Name: footer_legal; Type: TABLE; Schema: public; Owner: afmuser
--

CREATE TABLE public.footer_legal (
    _order integer NOT NULL,
    _parent_id integer NOT NULL,
    id character varying NOT NULL,
    label character varying NOT NULL,
    link_type public.enum_footer_legal_link_type DEFAULT 'reference'::public.enum_footer_legal_link_type,
    link_new_tab boolean,
    link_url character varying,
    link_label character varying NOT NULL,
    visible boolean DEFAULT true
);


ALTER TABLE public.footer_legal OWNER TO afmuser;

--
-- Name: footer_rels; Type: TABLE; Schema: public; Owner: afmuser
--

CREATE TABLE public.footer_rels (
    id integer NOT NULL,
    "order" integer,
    parent_id integer NOT NULL,
    path character varying NOT NULL,
    pages_id integer
);


ALTER TABLE public.footer_rels OWNER TO afmuser;

--
-- Name: footer_rels_id_seq; Type: SEQUENCE; Schema: public; Owner: afmuser
--

CREATE SEQUENCE public.footer_rels_id_seq
    AS integer
    START WITH 1
    INCREMENT BY 1
    NO MINVALUE
    NO MAXVALUE
    CACHE 1;


ALTER SEQUENCE public.footer_rels_id_seq OWNER TO afmuser;

--
-- Name: footer_rels_id_seq; Type: SEQUENCE OWNED BY; Schema: public; Owner: afmuser
--

ALTER SEQUENCE public.footer_rels_id_seq OWNED BY public.footer_rels.id;


--
-- Name: form_submissions; Type: TABLE; Schema: public; Owner: afmuser
--

CREATE TABLE public.form_submissions (
    id integer NOT NULL,
    form_id integer NOT NULL,
    updated_at timestamp(3) with time zone DEFAULT now() NOT NULL,
    created_at timestamp(3) with time zone DEFAULT now() NOT NULL
);


ALTER TABLE public.form_submissions OWNER TO afmuser;

--
-- Name: form_submissions_id_seq; Type: SEQUENCE; Schema: public; Owner: afmuser
--

CREATE SEQUENCE public.form_submissions_id_seq
    AS integer
    START WITH 1
    INCREMENT BY 1
    NO MINVALUE
    NO MAXVALUE
    CACHE 1;


ALTER SEQUENCE public.form_submissions_id_seq OWNER TO afmuser;

--
-- Name: form_submissions_id_seq; Type: SEQUENCE OWNED BY; Schema: public; Owner: afmuser
--

ALTER SEQUENCE public.form_submissions_id_seq OWNED BY public.form_submissions.id;


--
-- Name: form_submissions_submission_data; Type: TABLE; Schema: public; Owner: afmuser
--

CREATE TABLE public.form_submissions_submission_data (
    _order integer NOT NULL,
    _parent_id integer NOT NULL,
    id character varying NOT NULL,
    field character varying NOT NULL,
    value character varying NOT NULL
);


ALTER TABLE public.form_submissions_submission_data OWNER TO afmuser;

--
-- Name: forms; Type: TABLE; Schema: public; Owner: afmuser
--

CREATE TABLE public.forms (
    id integer NOT NULL,
    title character varying NOT NULL,
    confirmation_type public.enum_forms_confirmation_type DEFAULT 'message'::public.enum_forms_confirmation_type,
    redirect_url character varying,
    updated_at timestamp(3) with time zone DEFAULT now() NOT NULL,
    created_at timestamp(3) with time zone DEFAULT now() NOT NULL
);


ALTER TABLE public.forms OWNER TO afmuser;

--
-- Name: forms_blocks_checkbox; Type: TABLE; Schema: public; Owner: afmuser
--

CREATE TABLE public.forms_blocks_checkbox (
    _order integer NOT NULL,
    _parent_id integer NOT NULL,
    _path text NOT NULL,
    id character varying NOT NULL,
    name character varying NOT NULL,
    width numeric,
    required boolean,
    default_value boolean,
    block_name character varying
);


ALTER TABLE public.forms_blocks_checkbox OWNER TO afmuser;

--
-- Name: forms_blocks_checkbox_locales; Type: TABLE; Schema: public; Owner: afmuser
--

CREATE TABLE public.forms_blocks_checkbox_locales (
    label character varying,
    id integer NOT NULL,
    _locale public._locales NOT NULL,
    _parent_id character varying NOT NULL
);


ALTER TABLE public.forms_blocks_checkbox_locales OWNER TO afmuser;

--
-- Name: forms_blocks_checkbox_locales_id_seq; Type: SEQUENCE; Schema: public; Owner: afmuser
--

CREATE SEQUENCE public.forms_blocks_checkbox_locales_id_seq
    AS integer
    START WITH 1
    INCREMENT BY 1
    NO MINVALUE
    NO MAXVALUE
    CACHE 1;


ALTER SEQUENCE public.forms_blocks_checkbox_locales_id_seq OWNER TO afmuser;

--
-- Name: forms_blocks_checkbox_locales_id_seq; Type: SEQUENCE OWNED BY; Schema: public; Owner: afmuser
--

ALTER SEQUENCE public.forms_blocks_checkbox_locales_id_seq OWNED BY public.forms_blocks_checkbox_locales.id;


--
-- Name: forms_blocks_country; Type: TABLE; Schema: public; Owner: afmuser
--

CREATE TABLE public.forms_blocks_country (
    _order integer NOT NULL,
    _parent_id integer NOT NULL,
    _path text NOT NULL,
    id character varying NOT NULL,
    name character varying NOT NULL,
    width numeric,
    required boolean,
    block_name character varying
);


ALTER TABLE public.forms_blocks_country OWNER TO afmuser;

--
-- Name: forms_blocks_country_locales; Type: TABLE; Schema: public; Owner: afmuser
--

CREATE TABLE public.forms_blocks_country_locales (
    label character varying,
    id integer NOT NULL,
    _locale public._locales NOT NULL,
    _parent_id character varying NOT NULL
);


ALTER TABLE public.forms_blocks_country_locales OWNER TO afmuser;

--
-- Name: forms_blocks_country_locales_id_seq; Type: SEQUENCE; Schema: public; Owner: afmuser
--

CREATE SEQUENCE public.forms_blocks_country_locales_id_seq
    AS integer
    START WITH 1
    INCREMENT BY 1
    NO MINVALUE
    NO MAXVALUE
    CACHE 1;


ALTER SEQUENCE public.forms_blocks_country_locales_id_seq OWNER TO afmuser;

--
-- Name: forms_blocks_country_locales_id_seq; Type: SEQUENCE OWNED BY; Schema: public; Owner: afmuser
--

ALTER SEQUENCE public.forms_blocks_country_locales_id_seq OWNED BY public.forms_blocks_country_locales.id;


--
-- Name: forms_blocks_email; Type: TABLE; Schema: public; Owner: afmuser
--

CREATE TABLE public.forms_blocks_email (
    _order integer NOT NULL,
    _parent_id integer NOT NULL,
    _path text NOT NULL,
    id character varying NOT NULL,
    name character varying NOT NULL,
    width numeric,
    required boolean,
    block_name character varying
);


ALTER TABLE public.forms_blocks_email OWNER TO afmuser;

--
-- Name: forms_blocks_email_locales; Type: TABLE; Schema: public; Owner: afmuser
--

CREATE TABLE public.forms_blocks_email_locales (
    label character varying,
    id integer NOT NULL,
    _locale public._locales NOT NULL,
    _parent_id character varying NOT NULL
);


ALTER TABLE public.forms_blocks_email_locales OWNER TO afmuser;

--
-- Name: forms_blocks_email_locales_id_seq; Type: SEQUENCE; Schema: public; Owner: afmuser
--

CREATE SEQUENCE public.forms_blocks_email_locales_id_seq
    AS integer
    START WITH 1
    INCREMENT BY 1
    NO MINVALUE
    NO MAXVALUE
    CACHE 1;


ALTER SEQUENCE public.forms_blocks_email_locales_id_seq OWNER TO afmuser;

--
-- Name: forms_blocks_email_locales_id_seq; Type: SEQUENCE OWNED BY; Schema: public; Owner: afmuser
--

ALTER SEQUENCE public.forms_blocks_email_locales_id_seq OWNED BY public.forms_blocks_email_locales.id;


--
-- Name: forms_blocks_message; Type: TABLE; Schema: public; Owner: afmuser
--

CREATE TABLE public.forms_blocks_message (
    _order integer NOT NULL,
    _parent_id integer NOT NULL,
    _path text NOT NULL,
    id character varying NOT NULL,
    block_name character varying
);


ALTER TABLE public.forms_blocks_message OWNER TO afmuser;

--
-- Name: forms_blocks_message_locales; Type: TABLE; Schema: public; Owner: afmuser
--

CREATE TABLE public.forms_blocks_message_locales (
    message jsonb,
    id integer NOT NULL,
    _locale public._locales NOT NULL,
    _parent_id character varying NOT NULL
);


ALTER TABLE public.forms_blocks_message_locales OWNER TO afmuser;

--
-- Name: forms_blocks_message_locales_id_seq; Type: SEQUENCE; Schema: public; Owner: afmuser
--

CREATE SEQUENCE public.forms_blocks_message_locales_id_seq
    AS integer
    START WITH 1
    INCREMENT BY 1
    NO MINVALUE
    NO MAXVALUE
    CACHE 1;


ALTER SEQUENCE public.forms_blocks_message_locales_id_seq OWNER TO afmuser;

--
-- Name: forms_blocks_message_locales_id_seq; Type: SEQUENCE OWNED BY; Schema: public; Owner: afmuser
--

ALTER SEQUENCE public.forms_blocks_message_locales_id_seq OWNED BY public.forms_blocks_message_locales.id;


--
-- Name: forms_blocks_number; Type: TABLE; Schema: public; Owner: afmuser
--

CREATE TABLE public.forms_blocks_number (
    _order integer NOT NULL,
    _parent_id integer NOT NULL,
    _path text NOT NULL,
    id character varying NOT NULL,
    name character varying NOT NULL,
    width numeric,
    default_value numeric,
    required boolean,
    block_name character varying
);


ALTER TABLE public.forms_blocks_number OWNER TO afmuser;

--
-- Name: forms_blocks_number_locales; Type: TABLE; Schema: public; Owner: afmuser
--

CREATE TABLE public.forms_blocks_number_locales (
    label character varying,
    id integer NOT NULL,
    _locale public._locales NOT NULL,
    _parent_id character varying NOT NULL
);


ALTER TABLE public.forms_blocks_number_locales OWNER TO afmuser;

--
-- Name: forms_blocks_number_locales_id_seq; Type: SEQUENCE; Schema: public; Owner: afmuser
--

CREATE SEQUENCE public.forms_blocks_number_locales_id_seq
    AS integer
    START WITH 1
    INCREMENT BY 1
    NO MINVALUE
    NO MAXVALUE
    CACHE 1;


ALTER SEQUENCE public.forms_blocks_number_locales_id_seq OWNER TO afmuser;

--
-- Name: forms_blocks_number_locales_id_seq; Type: SEQUENCE OWNED BY; Schema: public; Owner: afmuser
--

ALTER SEQUENCE public.forms_blocks_number_locales_id_seq OWNED BY public.forms_blocks_number_locales.id;


--
-- Name: forms_blocks_select; Type: TABLE; Schema: public; Owner: afmuser
--

CREATE TABLE public.forms_blocks_select (
    _order integer NOT NULL,
    _parent_id integer NOT NULL,
    _path text NOT NULL,
    id character varying NOT NULL,
    name character varying NOT NULL,
    width numeric,
    placeholder character varying,
    required boolean,
    block_name character varying
);


ALTER TABLE public.forms_blocks_select OWNER TO afmuser;

--
-- Name: forms_blocks_select_locales; Type: TABLE; Schema: public; Owner: afmuser
--

CREATE TABLE public.forms_blocks_select_locales (
    label character varying,
    default_value character varying,
    id integer NOT NULL,
    _locale public._locales NOT NULL,
    _parent_id character varying NOT NULL
);


ALTER TABLE public.forms_blocks_select_locales OWNER TO afmuser;

--
-- Name: forms_blocks_select_locales_id_seq; Type: SEQUENCE; Schema: public; Owner: afmuser
--

CREATE SEQUENCE public.forms_blocks_select_locales_id_seq
    AS integer
    START WITH 1
    INCREMENT BY 1
    NO MINVALUE
    NO MAXVALUE
    CACHE 1;


ALTER SEQUENCE public.forms_blocks_select_locales_id_seq OWNER TO afmuser;

--
-- Name: forms_blocks_select_locales_id_seq; Type: SEQUENCE OWNED BY; Schema: public; Owner: afmuser
--

ALTER SEQUENCE public.forms_blocks_select_locales_id_seq OWNED BY public.forms_blocks_select_locales.id;


--
-- Name: forms_blocks_select_options; Type: TABLE; Schema: public; Owner: afmuser
--

CREATE TABLE public.forms_blocks_select_options (
    _order integer NOT NULL,
    _parent_id character varying NOT NULL,
    id character varying NOT NULL,
    value character varying NOT NULL
);


ALTER TABLE public.forms_blocks_select_options OWNER TO afmuser;

--
-- Name: forms_blocks_select_options_locales; Type: TABLE; Schema: public; Owner: afmuser
--

CREATE TABLE public.forms_blocks_select_options_locales (
    label character varying NOT NULL,
    id integer NOT NULL,
    _locale public._locales NOT NULL,
    _parent_id character varying NOT NULL
);


ALTER TABLE public.forms_blocks_select_options_locales OWNER TO afmuser;

--
-- Name: forms_blocks_select_options_locales_id_seq; Type: SEQUENCE; Schema: public; Owner: afmuser
--

CREATE SEQUENCE public.forms_blocks_select_options_locales_id_seq
    AS integer
    START WITH 1
    INCREMENT BY 1
    NO MINVALUE
    NO MAXVALUE
    CACHE 1;


ALTER SEQUENCE public.forms_blocks_select_options_locales_id_seq OWNER TO afmuser;

--
-- Name: forms_blocks_select_options_locales_id_seq; Type: SEQUENCE OWNED BY; Schema: public; Owner: afmuser
--

ALTER SEQUENCE public.forms_blocks_select_options_locales_id_seq OWNED BY public.forms_blocks_select_options_locales.id;


--
-- Name: forms_blocks_state; Type: TABLE; Schema: public; Owner: afmuser
--

CREATE TABLE public.forms_blocks_state (
    _order integer NOT NULL,
    _parent_id integer NOT NULL,
    _path text NOT NULL,
    id character varying NOT NULL,
    name character varying NOT NULL,
    width numeric,
    required boolean,
    block_name character varying
);


ALTER TABLE public.forms_blocks_state OWNER TO afmuser;

--
-- Name: forms_blocks_state_locales; Type: TABLE; Schema: public; Owner: afmuser
--

CREATE TABLE public.forms_blocks_state_locales (
    label character varying,
    id integer NOT NULL,
    _locale public._locales NOT NULL,
    _parent_id character varying NOT NULL
);


ALTER TABLE public.forms_blocks_state_locales OWNER TO afmuser;

--
-- Name: forms_blocks_state_locales_id_seq; Type: SEQUENCE; Schema: public; Owner: afmuser
--

CREATE SEQUENCE public.forms_blocks_state_locales_id_seq
    AS integer
    START WITH 1
    INCREMENT BY 1
    NO MINVALUE
    NO MAXVALUE
    CACHE 1;


ALTER SEQUENCE public.forms_blocks_state_locales_id_seq OWNER TO afmuser;

--
-- Name: forms_blocks_state_locales_id_seq; Type: SEQUENCE OWNED BY; Schema: public; Owner: afmuser
--

ALTER SEQUENCE public.forms_blocks_state_locales_id_seq OWNED BY public.forms_blocks_state_locales.id;


--
-- Name: forms_blocks_text; Type: TABLE; Schema: public; Owner: afmuser
--

CREATE TABLE public.forms_blocks_text (
    _order integer NOT NULL,
    _parent_id integer NOT NULL,
    _path text NOT NULL,
    id character varying NOT NULL,
    name character varying NOT NULL,
    width numeric,
    required boolean,
    block_name character varying
);


ALTER TABLE public.forms_blocks_text OWNER TO afmuser;

--
-- Name: forms_blocks_text_locales; Type: TABLE; Schema: public; Owner: afmuser
--

CREATE TABLE public.forms_blocks_text_locales (
    label character varying,
    default_value character varying,
    id integer NOT NULL,
    _locale public._locales NOT NULL,
    _parent_id character varying NOT NULL
);


ALTER TABLE public.forms_blocks_text_locales OWNER TO afmuser;

--
-- Name: forms_blocks_text_locales_id_seq; Type: SEQUENCE; Schema: public; Owner: afmuser
--

CREATE SEQUENCE public.forms_blocks_text_locales_id_seq
    AS integer
    START WITH 1
    INCREMENT BY 1
    NO MINVALUE
    NO MAXVALUE
    CACHE 1;


ALTER SEQUENCE public.forms_blocks_text_locales_id_seq OWNER TO afmuser;

--
-- Name: forms_blocks_text_locales_id_seq; Type: SEQUENCE OWNED BY; Schema: public; Owner: afmuser
--

ALTER SEQUENCE public.forms_blocks_text_locales_id_seq OWNED BY public.forms_blocks_text_locales.id;


--
-- Name: forms_blocks_textarea; Type: TABLE; Schema: public; Owner: afmuser
--

CREATE TABLE public.forms_blocks_textarea (
    _order integer NOT NULL,
    _parent_id integer NOT NULL,
    _path text NOT NULL,
    id character varying NOT NULL,
    name character varying NOT NULL,
    width numeric,
    required boolean,
    block_name character varying
);


ALTER TABLE public.forms_blocks_textarea OWNER TO afmuser;

--
-- Name: forms_blocks_textarea_locales; Type: TABLE; Schema: public; Owner: afmuser
--

CREATE TABLE public.forms_blocks_textarea_locales (
    label character varying,
    default_value character varying,
    id integer NOT NULL,
    _locale public._locales NOT NULL,
    _parent_id character varying NOT NULL
);


ALTER TABLE public.forms_blocks_textarea_locales OWNER TO afmuser;

--
-- Name: forms_blocks_textarea_locales_id_seq; Type: SEQUENCE; Schema: public; Owner: afmuser
--

CREATE SEQUENCE public.forms_blocks_textarea_locales_id_seq
    AS integer
    START WITH 1
    INCREMENT BY 1
    NO MINVALUE
    NO MAXVALUE
    CACHE 1;


ALTER SEQUENCE public.forms_blocks_textarea_locales_id_seq OWNER TO afmuser;

--
-- Name: forms_blocks_textarea_locales_id_seq; Type: SEQUENCE OWNED BY; Schema: public; Owner: afmuser
--

ALTER SEQUENCE public.forms_blocks_textarea_locales_id_seq OWNED BY public.forms_blocks_textarea_locales.id;


--
-- Name: forms_emails; Type: TABLE; Schema: public; Owner: afmuser
--

CREATE TABLE public.forms_emails (
    _order integer NOT NULL,
    _parent_id integer NOT NULL,
    id character varying NOT NULL,
    email_to character varying,
    cc character varying,
    bcc character varying,
    reply_to character varying,
    email_from character varying
);


ALTER TABLE public.forms_emails OWNER TO afmuser;

--
-- Name: forms_emails_locales; Type: TABLE; Schema: public; Owner: afmuser
--

CREATE TABLE public.forms_emails_locales (
    subject character varying DEFAULT 'You''ve received a new message.'::character varying NOT NULL,
    message jsonb,
    id integer NOT NULL,
    _locale public._locales NOT NULL,
    _parent_id character varying NOT NULL
);


ALTER TABLE public.forms_emails_locales OWNER TO afmuser;

--
-- Name: forms_emails_locales_id_seq; Type: SEQUENCE; Schema: public; Owner: afmuser
--

CREATE SEQUENCE public.forms_emails_locales_id_seq
    AS integer
    START WITH 1
    INCREMENT BY 1
    NO MINVALUE
    NO MAXVALUE
    CACHE 1;


ALTER SEQUENCE public.forms_emails_locales_id_seq OWNER TO afmuser;

--
-- Name: forms_emails_locales_id_seq; Type: SEQUENCE OWNED BY; Schema: public; Owner: afmuser
--

ALTER SEQUENCE public.forms_emails_locales_id_seq OWNED BY public.forms_emails_locales.id;


--
-- Name: forms_id_seq; Type: SEQUENCE; Schema: public; Owner: afmuser
--

CREATE SEQUENCE public.forms_id_seq
    AS integer
    START WITH 1
    INCREMENT BY 1
    NO MINVALUE
    NO MAXVALUE
    CACHE 1;


ALTER SEQUENCE public.forms_id_seq OWNER TO afmuser;

--
-- Name: forms_id_seq; Type: SEQUENCE OWNED BY; Schema: public; Owner: afmuser
--

ALTER SEQUENCE public.forms_id_seq OWNED BY public.forms.id;


--
-- Name: forms_locales; Type: TABLE; Schema: public; Owner: afmuser
--

CREATE TABLE public.forms_locales (
    submit_button_label character varying,
    confirmation_message jsonb,
    id integer NOT NULL,
    _locale public._locales NOT NULL,
    _parent_id integer NOT NULL
);


ALTER TABLE public.forms_locales OWNER TO afmuser;

--
-- Name: forms_locales_id_seq; Type: SEQUENCE; Schema: public; Owner: afmuser
--

CREATE SEQUENCE public.forms_locales_id_seq
    AS integer
    START WITH 1
    INCREMENT BY 1
    NO MINVALUE
    NO MAXVALUE
    CACHE 1;


ALTER SEQUENCE public.forms_locales_id_seq OWNER TO afmuser;

--
-- Name: forms_locales_id_seq; Type: SEQUENCE OWNED BY; Schema: public; Owner: afmuser
--

ALTER SEQUENCE public.forms_locales_id_seq OWNED BY public.forms_locales.id;


--
-- Name: garages; Type: TABLE; Schema: public; Owner: afmuser
--

CREATE TABLE public.garages (
    id integer NOT NULL,
    name character varying DEFAULT ''::character varying NOT NULL,
    alias character varying DEFAULT ''::character varying,
    basics_identifiers_code character varying DEFAULT ''::character varying,
    basics_tagline character varying DEFAULT ''::character varying,
    basics_description character varying DEFAULT ''::character varying,
    details_type public.enum_garages_details_type,
    details_capacity numeric DEFAULT 0,
    details_size_sq_m numeric DEFAULT 0,
    details_accessibility public.enum_garages_details_accessibility,
    details_start_date timestamp(3) with time zone,
    details_end_date timestamp(3) with time zone,
    details_location public.geometry(Point) DEFAULT '0101000020E610000000000000000000000000000000000000'::public.geometry,
    details_ownership_id integer,
    details_history jsonb,
    details_notes character varying DEFAULT ''::character varying,
    assets_thumbnail_id integer,
    assets_cover_id integer,
    generate_slug boolean DEFAULT true,
    slug character varying,
    updated_at timestamp(3) with time zone DEFAULT now() NOT NULL,
    created_at timestamp(3) with time zone DEFAULT now() NOT NULL
);


ALTER TABLE public.garages OWNER TO afmuser;

--
-- Name: garages_details_amenities_list; Type: TABLE; Schema: public; Owner: afmuser
--

CREATE TABLE public.garages_details_amenities_list (
    _order integer NOT NULL,
    _parent_id integer NOT NULL,
    id character varying NOT NULL,
    name character varying DEFAULT ''::character varying,
    description character varying DEFAULT ''::character varying
);


ALTER TABLE public.garages_details_amenities_list OWNER TO afmuser;

--
-- Name: garages_id_seq; Type: SEQUENCE; Schema: public; Owner: afmuser
--

CREATE SEQUENCE public.garages_id_seq
    AS integer
    START WITH 1
    INCREMENT BY 1
    NO MINVALUE
    NO MAXVALUE
    CACHE 1;


ALTER SEQUENCE public.garages_id_seq OWNER TO afmuser;

--
-- Name: garages_id_seq; Type: SEQUENCE OWNED BY; Schema: public; Owner: afmuser
--

ALTER SEQUENCE public.garages_id_seq OWNED BY public.garages.id;


--
-- Name: garages_locales; Type: TABLE; Schema: public; Owner: afmuser
--

CREATE TABLE public.garages_locales (
    seo_title character varying,
    seo_image_id integer,
    seo_description character varying,
    id integer NOT NULL,
    _locale public._locales NOT NULL,
    _parent_id integer NOT NULL
);


ALTER TABLE public.garages_locales OWNER TO afmuser;

--
-- Name: garages_locales_id_seq; Type: SEQUENCE; Schema: public; Owner: afmuser
--

CREATE SEQUENCE public.garages_locales_id_seq
    AS integer
    START WITH 1
    INCREMENT BY 1
    NO MINVALUE
    NO MAXVALUE
    CACHE 1;


ALTER SEQUENCE public.garages_locales_id_seq OWNER TO afmuser;

--
-- Name: garages_locales_id_seq; Type: SEQUENCE OWNED BY; Schema: public; Owner: afmuser
--

ALTER SEQUENCE public.garages_locales_id_seq OWNED BY public.garages_locales.id;


--
-- Name: garages_rels; Type: TABLE; Schema: public; Owner: afmuser
--

CREATE TABLE public.garages_rels (
    id integer NOT NULL,
    "order" integer,
    parent_id integer NOT NULL,
    path character varying NOT NULL,
    organizations_id integer,
    media_id integer,
    categories_id integer,
    tags_id integer
);


ALTER TABLE public.garages_rels OWNER TO afmuser;

--
-- Name: garages_rels_id_seq; Type: SEQUENCE; Schema: public; Owner: afmuser
--

CREATE SEQUENCE public.garages_rels_id_seq
    AS integer
    START WITH 1
    INCREMENT BY 1
    NO MINVALUE
    NO MAXVALUE
    CACHE 1;


ALTER SEQUENCE public.garages_rels_id_seq OWNER TO afmuser;

--
-- Name: garages_rels_id_seq; Type: SEQUENCE OWNED BY; Schema: public; Owner: afmuser
--

ALTER SEQUENCE public.garages_rels_id_seq OWNED BY public.garages_rels.id;


--
-- Name: header; Type: TABLE; Schema: public; Owner: afmuser
--

CREATE TABLE public.header (
    id integer NOT NULL,
    cta_enable boolean DEFAULT true,
    cta_label character varying,
    cta_link_type public.enum_header_cta_link_type DEFAULT 'reference'::public.enum_header_cta_link_type,
    cta_link_new_tab boolean,
    cta_link_url character varying,
    cta_link_label character varying NOT NULL,
    updated_at timestamp(3) with time zone,
    created_at timestamp(3) with time zone
);


ALTER TABLE public.header OWNER TO afmuser;

--
-- Name: header_id_seq; Type: SEQUENCE; Schema: public; Owner: afmuser
--

CREATE SEQUENCE public.header_id_seq
    AS integer
    START WITH 1
    INCREMENT BY 1
    NO MINVALUE
    NO MAXVALUE
    CACHE 1;


ALTER SEQUENCE public.header_id_seq OWNER TO afmuser;

--
-- Name: header_id_seq; Type: SEQUENCE OWNED BY; Schema: public; Owner: afmuser
--

ALTER SEQUENCE public.header_id_seq OWNED BY public.header.id;


--
-- Name: header_nav_items; Type: TABLE; Schema: public; Owner: afmuser
--

CREATE TABLE public.header_nav_items (
    _order integer NOT NULL,
    _parent_id integer NOT NULL,
    id character varying NOT NULL,
    label character varying NOT NULL,
    link character varying NOT NULL,
    visible boolean DEFAULT true
);


ALTER TABLE public.header_nav_items OWNER TO afmuser;

--
-- Name: header_rels; Type: TABLE; Schema: public; Owner: afmuser
--

CREATE TABLE public.header_rels (
    id integer NOT NULL,
    "order" integer,
    parent_id integer NOT NULL,
    path character varying NOT NULL,
    pages_id integer
);


ALTER TABLE public.header_rels OWNER TO afmuser;

--
-- Name: header_rels_id_seq; Type: SEQUENCE; Schema: public; Owner: afmuser
--

CREATE SEQUENCE public.header_rels_id_seq
    AS integer
    START WITH 1
    INCREMENT BY 1
    NO MINVALUE
    NO MAXVALUE
    CACHE 1;


ALTER SEQUENCE public.header_rels_id_seq OWNER TO afmuser;

--
-- Name: header_rels_id_seq; Type: SEQUENCE OWNED BY; Schema: public; Owner: afmuser
--

ALTER SEQUENCE public.header_rels_id_seq OWNED BY public.header_rels.id;


--
-- Name: header_utility_nav; Type: TABLE; Schema: public; Owner: afmuser
--

CREATE TABLE public.header_utility_nav (
    _order integer NOT NULL,
    _parent_id integer NOT NULL,
    id character varying NOT NULL,
    label character varying NOT NULL,
    link character varying NOT NULL,
    visible boolean DEFAULT true
);


ALTER TABLE public.header_utility_nav OWNER TO afmuser;

--
-- Name: helmets; Type: TABLE; Schema: public; Owner: afmuser
--

CREATE TABLE public.helmets (
    id integer NOT NULL,
    name character varying DEFAULT ''::character varying NOT NULL,
    alias character varying DEFAULT ''::character varying,
    basics_tagline character varying DEFAULT ''::character varying,
    basics_description character varying DEFAULT ''::character varying,
    details_usage public.enum_helmets_details_usage,
    details_concept character varying DEFAULT ''::character varying,
    details_designer character varying DEFAULT ''::character varying,
    details_inspiration character varying DEFAULT ''::character varying,
    details_color character varying DEFAULT ''::character varying,
    details_branding public.enum_helmets_details_branding,
    details_style public.enum_helmets_details_style,
    details_material public.enum_helmets_details_material,
    details_year timestamp(3) with time zone,
    assets_avatar_id integer,
    assets_thumbnail_id integer,
    assets_video_id integer,
    generate_slug boolean DEFAULT true,
    slug character varying,
    updated_at timestamp(3) with time zone DEFAULT now() NOT NULL,
    created_at timestamp(3) with time zone DEFAULT now() NOT NULL
);


ALTER TABLE public.helmets OWNER TO afmuser;

--
-- Name: helmets_details_classifications_list; Type: TABLE; Schema: public; Owner: afmuser
--

CREATE TABLE public.helmets_details_classifications_list (
    _order integer NOT NULL,
    _parent_id integer NOT NULL,
    id character varying NOT NULL,
    name character varying DEFAULT ''::character varying,
    criteria character varying DEFAULT ''::character varying,
    definition character varying DEFAULT ''::character varying,
    description character varying DEFAULT ''::character varying
);


ALTER TABLE public.helmets_details_classifications_list OWNER TO afmuser;

--
-- Name: helmets_details_manufacturers_list; Type: TABLE; Schema: public; Owner: afmuser
--

CREATE TABLE public.helmets_details_manufacturers_list (
    _order integer NOT NULL,
    _parent_id integer NOT NULL,
    id character varying NOT NULL,
    name character varying DEFAULT ''::character varying,
    description character varying DEFAULT ''::character varying
);


ALTER TABLE public.helmets_details_manufacturers_list OWNER TO afmuser;

--
-- Name: helmets_id_seq; Type: SEQUENCE; Schema: public; Owner: afmuser
--

CREATE SEQUENCE public.helmets_id_seq
    AS integer
    START WITH 1
    INCREMENT BY 1
    NO MINVALUE
    NO MAXVALUE
    CACHE 1;


ALTER SEQUENCE public.helmets_id_seq OWNER TO afmuser;

--
-- Name: helmets_id_seq; Type: SEQUENCE OWNED BY; Schema: public; Owner: afmuser
--

ALTER SEQUENCE public.helmets_id_seq OWNED BY public.helmets.id;


--
-- Name: helmets_locales; Type: TABLE; Schema: public; Owner: afmuser
--

CREATE TABLE public.helmets_locales (
    seo_title character varying,
    seo_image_id integer,
    seo_description character varying,
    id integer NOT NULL,
    _locale public._locales NOT NULL,
    _parent_id integer NOT NULL
);


ALTER TABLE public.helmets_locales OWNER TO afmuser;

--
-- Name: helmets_locales_id_seq; Type: SEQUENCE; Schema: public; Owner: afmuser
--

CREATE SEQUENCE public.helmets_locales_id_seq
    AS integer
    START WITH 1
    INCREMENT BY 1
    NO MINVALUE
    NO MAXVALUE
    CACHE 1;


ALTER SEQUENCE public.helmets_locales_id_seq OWNER TO afmuser;

--
-- Name: helmets_locales_id_seq; Type: SEQUENCE OWNED BY; Schema: public; Owner: afmuser
--

ALTER SEQUENCE public.helmets_locales_id_seq OWNED BY public.helmets_locales.id;


--
-- Name: helmets_rels; Type: TABLE; Schema: public; Owner: afmuser
--

CREATE TABLE public.helmets_rels (
    id integer NOT NULL,
    "order" integer,
    parent_id integer NOT NULL,
    path character varying NOT NULL,
    media_id integer,
    categories_id integer,
    tags_id integer
);


ALTER TABLE public.helmets_rels OWNER TO afmuser;

--
-- Name: helmets_rels_id_seq; Type: SEQUENCE; Schema: public; Owner: afmuser
--

CREATE SEQUENCE public.helmets_rels_id_seq
    AS integer
    START WITH 1
    INCREMENT BY 1
    NO MINVALUE
    NO MAXVALUE
    CACHE 1;


ALTER SEQUENCE public.helmets_rels_id_seq OWNER TO afmuser;

--
-- Name: helmets_rels_id_seq; Type: SEQUENCE OWNED BY; Schema: public; Owner: afmuser
--

ALTER SEQUENCE public.helmets_rels_id_seq OWNED BY public.helmets_rels.id;


--
-- Name: hospitalities; Type: TABLE; Schema: public; Owner: afmuser
--

CREATE TABLE public.hospitalities (
    id integer NOT NULL,
    name character varying DEFAULT ''::character varying NOT NULL,
    alias character varying DEFAULT ''::character varying,
    basics_identifiers_code character varying DEFAULT ''::character varying,
    basics_tagline character varying DEFAULT ''::character varying,
    basics_description character varying DEFAULT ''::character varying,
    details_type public.enum_hospitalities_details_type,
    details_status public.enum_hospitalities_details_status,
    details_access public.enum_hospitalities_details_access,
    details_capacity numeric DEFAULT 0,
    details_price_per_guest numeric DEFAULT 0,
    details_location public.geometry(Point) DEFAULT '0101000020E610000000000000000000000000000000000000'::public.geometry,
    details_start_date timestamp(3) with time zone,
    details_end_date timestamp(3) with time zone,
    details_event_id integer,
    details_history jsonb,
    details_notes character varying DEFAULT ''::character varying,
    assets_thumbnail_id integer,
    assets_cover_id integer,
    generate_slug boolean DEFAULT true,
    slug character varying,
    updated_at timestamp(3) with time zone DEFAULT now() NOT NULL,
    created_at timestamp(3) with time zone DEFAULT now() NOT NULL
);


ALTER TABLE public.hospitalities OWNER TO afmuser;

--
-- Name: hospitalities_details_exclusions_list; Type: TABLE; Schema: public; Owner: afmuser
--

CREATE TABLE public.hospitalities_details_exclusions_list (
    _order integer NOT NULL,
    _parent_id integer NOT NULL,
    id character varying NOT NULL,
    name character varying DEFAULT ''::character varying,
    description character varying DEFAULT ''::character varying
);


ALTER TABLE public.hospitalities_details_exclusions_list OWNER TO afmuser;

--
-- Name: hospitalities_details_inclusions_list; Type: TABLE; Schema: public; Owner: afmuser
--

CREATE TABLE public.hospitalities_details_inclusions_list (
    _order integer NOT NULL,
    _parent_id integer NOT NULL,
    id character varying NOT NULL,
    name character varying DEFAULT ''::character varying,
    description character varying DEFAULT ''::character varying
);


ALTER TABLE public.hospitalities_details_inclusions_list OWNER TO afmuser;

--
-- Name: hospitalities_details_requirements_list; Type: TABLE; Schema: public; Owner: afmuser
--

CREATE TABLE public.hospitalities_details_requirements_list (
    _order integer NOT NULL,
    _parent_id integer NOT NULL,
    id character varying NOT NULL,
    name character varying DEFAULT ''::character varying,
    description character varying DEFAULT ''::character varying
);


ALTER TABLE public.hospitalities_details_requirements_list OWNER TO afmuser;

--
-- Name: hospitalities_id_seq; Type: SEQUENCE; Schema: public; Owner: afmuser
--

CREATE SEQUENCE public.hospitalities_id_seq
    AS integer
    START WITH 1
    INCREMENT BY 1
    NO MINVALUE
    NO MAXVALUE
    CACHE 1;


ALTER SEQUENCE public.hospitalities_id_seq OWNER TO afmuser;

--
-- Name: hospitalities_id_seq; Type: SEQUENCE OWNED BY; Schema: public; Owner: afmuser
--

ALTER SEQUENCE public.hospitalities_id_seq OWNED BY public.hospitalities.id;


--
-- Name: hospitalities_locales; Type: TABLE; Schema: public; Owner: afmuser
--

CREATE TABLE public.hospitalities_locales (
    seo_title character varying,
    seo_image_id integer,
    seo_description character varying,
    id integer NOT NULL,
    _locale public._locales NOT NULL,
    _parent_id integer NOT NULL
);


ALTER TABLE public.hospitalities_locales OWNER TO afmuser;

--
-- Name: hospitalities_locales_id_seq; Type: SEQUENCE; Schema: public; Owner: afmuser
--

CREATE SEQUENCE public.hospitalities_locales_id_seq
    AS integer
    START WITH 1
    INCREMENT BY 1
    NO MINVALUE
    NO MAXVALUE
    CACHE 1;


ALTER SEQUENCE public.hospitalities_locales_id_seq OWNER TO afmuser;

--
-- Name: hospitalities_locales_id_seq; Type: SEQUENCE OWNED BY; Schema: public; Owner: afmuser
--

ALTER SEQUENCE public.hospitalities_locales_id_seq OWNED BY public.hospitalities_locales.id;


--
-- Name: hospitalities_rels; Type: TABLE; Schema: public; Owner: afmuser
--

CREATE TABLE public.hospitalities_rels (
    id integer NOT NULL,
    "order" integer,
    parent_id integer NOT NULL,
    path character varying NOT NULL,
    media_id integer,
    categories_id integer,
    tags_id integer
);


ALTER TABLE public.hospitalities_rels OWNER TO afmuser;

--
-- Name: hospitalities_rels_id_seq; Type: SEQUENCE; Schema: public; Owner: afmuser
--

CREATE SEQUENCE public.hospitalities_rels_id_seq
    AS integer
    START WITH 1
    INCREMENT BY 1
    NO MINVALUE
    NO MAXVALUE
    CACHE 1;


ALTER SEQUENCE public.hospitalities_rels_id_seq OWNER TO afmuser;

--
-- Name: hospitalities_rels_id_seq; Type: SEQUENCE OWNED BY; Schema: public; Owner: afmuser
--

ALTER SEQUENCE public.hospitalities_rels_id_seq OWNED BY public.hospitalities_rels.id;


--
-- Name: identity; Type: TABLE; Schema: public; Owner: afmuser
--

CREATE TABLE public.identity (
    id integer NOT NULL,
    visual_logo_id integer,
    visual_logo_inverted_id integer,
    visual_wordmark_id integer,
    visual_favicon_id integer,
    visual_primary_colour character varying,
    visual_secondary_colour character varying,
    visual_guidelines_id integer,
    updated_at timestamp(3) with time zone,
    created_at timestamp(3) with time zone
);


ALTER TABLE public.identity OWNER TO afmuser;

--
-- Name: identity_id_seq; Type: SEQUENCE; Schema: public; Owner: afmuser
--

CREATE SEQUENCE public.identity_id_seq
    AS integer
    START WITH 1
    INCREMENT BY 1
    NO MINVALUE
    NO MAXVALUE
    CACHE 1;


ALTER SEQUENCE public.identity_id_seq OWNER TO afmuser;

--
-- Name: identity_id_seq; Type: SEQUENCE OWNED BY; Schema: public; Owner: afmuser
--

ALTER SEQUENCE public.identity_id_seq OWNED BY public.identity.id;


--
-- Name: identity_locales; Type: TABLE; Schema: public; Owner: afmuser
--

CREATE TABLE public.identity_locales (
    vision character varying,
    mission character varying,
    story jsonb,
    voice_description character varying,
    sustainability_stance character varying,
    id integer NOT NULL,
    _locale public._locales NOT NULL,
    _parent_id integer NOT NULL
);


ALTER TABLE public.identity_locales OWNER TO afmuser;

--
-- Name: identity_locales_id_seq; Type: SEQUENCE; Schema: public; Owner: afmuser
--

CREATE SEQUENCE public.identity_locales_id_seq
    AS integer
    START WITH 1
    INCREMENT BY 1
    NO MINVALUE
    NO MAXVALUE
    CACHE 1;


ALTER SEQUENCE public.identity_locales_id_seq OWNER TO afmuser;

--
-- Name: identity_locales_id_seq; Type: SEQUENCE OWNED BY; Schema: public; Owner: afmuser
--

ALTER SEQUENCE public.identity_locales_id_seq OWNED BY public.identity_locales.id;


--
-- Name: identity_rels; Type: TABLE; Schema: public; Owner: afmuser
--

CREATE TABLE public.identity_rels (
    id integer NOT NULL,
    "order" integer,
    parent_id integer NOT NULL,
    path character varying NOT NULL,
    leaders_id integer
);


ALTER TABLE public.identity_rels OWNER TO afmuser;

--
-- Name: identity_rels_id_seq; Type: SEQUENCE; Schema: public; Owner: afmuser
--

CREATE SEQUENCE public.identity_rels_id_seq
    AS integer
    START WITH 1
    INCREMENT BY 1
    NO MINVALUE
    NO MAXVALUE
    CACHE 1;


ALTER SEQUENCE public.identity_rels_id_seq OWNER TO afmuser;

--
-- Name: identity_rels_id_seq; Type: SEQUENCE OWNED BY; Schema: public; Owner: afmuser
--

ALTER SEQUENCE public.identity_rels_id_seq OWNED BY public.identity_rels.id;


--
-- Name: identity_sustainability_initiative_names; Type: TABLE; Schema: public; Owner: afmuser
--

CREATE TABLE public.identity_sustainability_initiative_names (
    _order integer NOT NULL,
    _parent_id integer NOT NULL,
    id character varying NOT NULL
);


ALTER TABLE public.identity_sustainability_initiative_names OWNER TO afmuser;

--
-- Name: identity_sustainability_initiative_names_locales; Type: TABLE; Schema: public; Owner: afmuser
--

CREATE TABLE public.identity_sustainability_initiative_names_locales (
    name character varying NOT NULL,
    description character varying,
    id integer NOT NULL,
    _locale public._locales CONSTRAINT identity_sustainability_initiative_names_local__locale_not_null NOT NULL,
    _parent_id character varying CONSTRAINT identity_sustainability_initiative_names_lo__parent_id_not_null NOT NULL
);


ALTER TABLE public.identity_sustainability_initiative_names_locales OWNER TO afmuser;

--
-- Name: identity_sustainability_initiative_names_locales_id_seq; Type: SEQUENCE; Schema: public; Owner: afmuser
--

CREATE SEQUENCE public.identity_sustainability_initiative_names_locales_id_seq
    AS integer
    START WITH 1
    INCREMENT BY 1
    NO MINVALUE
    NO MAXVALUE
    CACHE 1;


ALTER SEQUENCE public.identity_sustainability_initiative_names_locales_id_seq OWNER TO afmuser;

--
-- Name: identity_sustainability_initiative_names_locales_id_seq; Type: SEQUENCE OWNED BY; Schema: public; Owner: afmuser
--

ALTER SEQUENCE public.identity_sustainability_initiative_names_locales_id_seq OWNED BY public.identity_sustainability_initiative_names_locales.id;


--
-- Name: identity_values; Type: TABLE; Schema: public; Owner: afmuser
--

CREATE TABLE public.identity_values (
    _order integer NOT NULL,
    _parent_id integer NOT NULL,
    id character varying NOT NULL
);


ALTER TABLE public.identity_values OWNER TO afmuser;

--
-- Name: identity_values_locales; Type: TABLE; Schema: public; Owner: afmuser
--

CREATE TABLE public.identity_values_locales (
    value character varying NOT NULL,
    description character varying,
    principle_name character varying,
    id integer NOT NULL,
    _locale public._locales NOT NULL,
    _parent_id character varying NOT NULL
);


ALTER TABLE public.identity_values_locales OWNER TO afmuser;

--
-- Name: identity_values_locales_id_seq; Type: SEQUENCE; Schema: public; Owner: afmuser
--

CREATE SEQUENCE public.identity_values_locales_id_seq
    AS integer
    START WITH 1
    INCREMENT BY 1
    NO MINVALUE
    NO MAXVALUE
    CACHE 1;


ALTER SEQUENCE public.identity_values_locales_id_seq OWNER TO afmuser;

--
-- Name: identity_values_locales_id_seq; Type: SEQUENCE OWNED BY; Schema: public; Owner: afmuser
--

ALTER SEQUENCE public.identity_values_locales_id_seq OWNED BY public.identity_values_locales.id;


--
-- Name: identity_voice_tone_keywords; Type: TABLE; Schema: public; Owner: afmuser
--

CREATE TABLE public.identity_voice_tone_keywords (
    _order integer NOT NULL,
    _parent_id integer NOT NULL,
    id character varying NOT NULL
);


ALTER TABLE public.identity_voice_tone_keywords OWNER TO afmuser;

--
-- Name: identity_voice_tone_keywords_locales; Type: TABLE; Schema: public; Owner: afmuser
--

CREATE TABLE public.identity_voice_tone_keywords_locales (
    keyword character varying NOT NULL,
    id integer NOT NULL,
    _locale public._locales NOT NULL,
    _parent_id character varying NOT NULL
);


ALTER TABLE public.identity_voice_tone_keywords_locales OWNER TO afmuser;

--
-- Name: identity_voice_tone_keywords_locales_id_seq; Type: SEQUENCE; Schema: public; Owner: afmuser
--

CREATE SEQUENCE public.identity_voice_tone_keywords_locales_id_seq
    AS integer
    START WITH 1
    INCREMENT BY 1
    NO MINVALUE
    NO MAXVALUE
    CACHE 1;


ALTER SEQUENCE public.identity_voice_tone_keywords_locales_id_seq OWNER TO afmuser;

--
-- Name: identity_voice_tone_keywords_locales_id_seq; Type: SEQUENCE OWNED BY; Schema: public; Owner: afmuser
--

ALTER SEQUENCE public.identity_voice_tone_keywords_locales_id_seq OWNED BY public.identity_voice_tone_keywords_locales.id;


--
-- Name: incidents; Type: TABLE; Schema: public; Owner: afmuser
--

CREATE TABLE public.incidents (
    id integer NOT NULL,
    name character varying DEFAULT ''::character varying NOT NULL,
    alias character varying DEFAULT ''::character varying,
    basics_description character varying DEFAULT ''::character varying,
    details_date_time timestamp(3) with time zone,
    details_story jsonb,
    details_location public.geometry(Point) DEFAULT '0101000020E610000000000000000000000000000000000000'::public.geometry,
    assets_thumbnail_id integer,
    assets_video_id integer,
    generate_slug boolean DEFAULT true,
    slug character varying,
    updated_at timestamp(3) with time zone DEFAULT now() NOT NULL,
    created_at timestamp(3) with time zone DEFAULT now() NOT NULL
);


ALTER TABLE public.incidents OWNER TO afmuser;

--
-- Name: incidents_id_seq; Type: SEQUENCE; Schema: public; Owner: afmuser
--

CREATE SEQUENCE public.incidents_id_seq
    AS integer
    START WITH 1
    INCREMENT BY 1
    NO MINVALUE
    NO MAXVALUE
    CACHE 1;


ALTER SEQUENCE public.incidents_id_seq OWNER TO afmuser;

--
-- Name: incidents_id_seq; Type: SEQUENCE OWNED BY; Schema: public; Owner: afmuser
--

ALTER SEQUENCE public.incidents_id_seq OWNED BY public.incidents.id;


--
-- Name: incidents_locales; Type: TABLE; Schema: public; Owner: afmuser
--

CREATE TABLE public.incidents_locales (
    seo_title character varying,
    seo_image_id integer,
    seo_description character varying,
    id integer NOT NULL,
    _locale public._locales NOT NULL,
    _parent_id integer NOT NULL
);


ALTER TABLE public.incidents_locales OWNER TO afmuser;

--
-- Name: incidents_locales_id_seq; Type: SEQUENCE; Schema: public; Owner: afmuser
--

CREATE SEQUENCE public.incidents_locales_id_seq
    AS integer
    START WITH 1
    INCREMENT BY 1
    NO MINVALUE
    NO MAXVALUE
    CACHE 1;


ALTER SEQUENCE public.incidents_locales_id_seq OWNER TO afmuser;

--
-- Name: incidents_locales_id_seq; Type: SEQUENCE OWNED BY; Schema: public; Owner: afmuser
--

ALTER SEQUENCE public.incidents_locales_id_seq OWNED BY public.incidents_locales.id;


--
-- Name: incidents_rels; Type: TABLE; Schema: public; Owner: afmuser
--

CREATE TABLE public.incidents_rels (
    id integer NOT NULL,
    "order" integer,
    parent_id integer NOT NULL,
    path character varying NOT NULL,
    cars_id integer,
    drivers_id integer,
    media_id integer,
    categories_id integer,
    tags_id integer
);


ALTER TABLE public.incidents_rels OWNER TO afmuser;

--
-- Name: incidents_rels_id_seq; Type: SEQUENCE; Schema: public; Owner: afmuser
--

CREATE SEQUENCE public.incidents_rels_id_seq
    AS integer
    START WITH 1
    INCREMENT BY 1
    NO MINVALUE
    NO MAXVALUE
    CACHE 1;


ALTER SEQUENCE public.incidents_rels_id_seq OWNER TO afmuser;

--
-- Name: incidents_rels_id_seq; Type: SEQUENCE OWNED BY; Schema: public; Owner: afmuser
--

ALTER SEQUENCE public.incidents_rels_id_seq OWNED BY public.incidents_rels.id;


--
-- Name: individuals; Type: TABLE; Schema: public; Owner: afmuser
--

CREATE TABLE public.individuals (
    id integer NOT NULL,
    first_name character varying DEFAULT ''::character varying NOT NULL,
    last_name character varying DEFAULT ''::character varying NOT NULL,
    alias character varying DEFAULT ''::character varying,
    basics_type public.enum_individuals_basics_type,
    basics_description character varying DEFAULT ''::character varying,
    basics_is_contact boolean DEFAULT false,
    basics_gender public.enum_individuals_basics_gender,
    basics_pronouns character varying DEFAULT ''::character varying,
    assets_avatar_id integer,
    assets_thumbnail_id integer,
    generate_slug boolean DEFAULT true,
    slug character varying,
    updated_at timestamp(3) with time zone DEFAULT now() NOT NULL,
    created_at timestamp(3) with time zone DEFAULT now() NOT NULL
);


ALTER TABLE public.individuals OWNER TO afmuser;

--
-- Name: individuals_id_seq; Type: SEQUENCE; Schema: public; Owner: afmuser
--

CREATE SEQUENCE public.individuals_id_seq
    AS integer
    START WITH 1
    INCREMENT BY 1
    NO MINVALUE
    NO MAXVALUE
    CACHE 1;


ALTER SEQUENCE public.individuals_id_seq OWNER TO afmuser;

--
-- Name: individuals_id_seq; Type: SEQUENCE OWNED BY; Schema: public; Owner: afmuser
--

ALTER SEQUENCE public.individuals_id_seq OWNED BY public.individuals.id;


--
-- Name: individuals_locales; Type: TABLE; Schema: public; Owner: afmuser
--

CREATE TABLE public.individuals_locales (
    seo_title character varying,
    seo_image_id integer,
    seo_description character varying,
    id integer NOT NULL,
    _locale public._locales NOT NULL,
    _parent_id integer NOT NULL
);


ALTER TABLE public.individuals_locales OWNER TO afmuser;

--
-- Name: individuals_locales_id_seq; Type: SEQUENCE; Schema: public; Owner: afmuser
--

CREATE SEQUENCE public.individuals_locales_id_seq
    AS integer
    START WITH 1
    INCREMENT BY 1
    NO MINVALUE
    NO MAXVALUE
    CACHE 1;


ALTER SEQUENCE public.individuals_locales_id_seq OWNER TO afmuser;

--
-- Name: individuals_locales_id_seq; Type: SEQUENCE OWNED BY; Schema: public; Owner: afmuser
--

ALTER SEQUENCE public.individuals_locales_id_seq OWNED BY public.individuals_locales.id;


--
-- Name: individuals_rels; Type: TABLE; Schema: public; Owner: afmuser
--

CREATE TABLE public.individuals_rels (
    id integer NOT NULL,
    "order" integer,
    parent_id integer NOT NULL,
    path character varying NOT NULL,
    categories_id integer,
    tags_id integer
);


ALTER TABLE public.individuals_rels OWNER TO afmuser;

--
-- Name: individuals_rels_id_seq; Type: SEQUENCE; Schema: public; Owner: afmuser
--

CREATE SEQUENCE public.individuals_rels_id_seq
    AS integer
    START WITH 1
    INCREMENT BY 1
    NO MINVALUE
    NO MAXVALUE
    CACHE 1;


ALTER SEQUENCE public.individuals_rels_id_seq OWNER TO afmuser;

--
-- Name: individuals_rels_id_seq; Type: SEQUENCE OWNED BY; Schema: public; Owner: afmuser
--

ALTER SEQUENCE public.individuals_rels_id_seq OWNED BY public.individuals_rels.id;


--
-- Name: initiatives; Type: TABLE; Schema: public; Owner: afmuser
--

CREATE TABLE public.initiatives (
    id integer NOT NULL,
    name character varying DEFAULT ''::character varying NOT NULL,
    alias character varying DEFAULT ''::character varying,
    basics_tagline character varying DEFAULT ''::character varying,
    basics_mission character varying DEFAULT ''::character varying,
    basics_description character varying DEFAULT ''::character varying,
    details_start_date timestamp(3) with time zone,
    details_end_date timestamp(3) with time zone,
    details_locations public.geometry(Point) DEFAULT '0101000020E610000000000000000000000000000000000000'::public.geometry,
    assets_thumbnail_id integer,
    assets_candid_id integer,
    assets_cover_id integer,
    generate_slug boolean DEFAULT true,
    slug character varying,
    updated_at timestamp(3) with time zone DEFAULT now() NOT NULL,
    created_at timestamp(3) with time zone DEFAULT now() NOT NULL
);


ALTER TABLE public.initiatives OWNER TO afmuser;

--
-- Name: initiatives_details_expectations_list; Type: TABLE; Schema: public; Owner: afmuser
--

CREATE TABLE public.initiatives_details_expectations_list (
    _order integer NOT NULL,
    _parent_id integer NOT NULL,
    id character varying NOT NULL,
    name character varying DEFAULT ''::character varying,
    criteria character varying DEFAULT ''::character varying,
    statement character varying DEFAULT ''::character varying,
    type public.enum_initiatives_details_expectations_list_type
);


ALTER TABLE public.initiatives_details_expectations_list OWNER TO afmuser;

--
-- Name: initiatives_id_seq; Type: SEQUENCE; Schema: public; Owner: afmuser
--

CREATE SEQUENCE public.initiatives_id_seq
    AS integer
    START WITH 1
    INCREMENT BY 1
    NO MINVALUE
    NO MAXVALUE
    CACHE 1;


ALTER SEQUENCE public.initiatives_id_seq OWNER TO afmuser;

--
-- Name: initiatives_id_seq; Type: SEQUENCE OWNED BY; Schema: public; Owner: afmuser
--

ALTER SEQUENCE public.initiatives_id_seq OWNED BY public.initiatives.id;


--
-- Name: initiatives_locales; Type: TABLE; Schema: public; Owner: afmuser
--

CREATE TABLE public.initiatives_locales (
    seo_title character varying,
    seo_image_id integer,
    seo_description character varying,
    id integer NOT NULL,
    _locale public._locales NOT NULL,
    _parent_id integer NOT NULL
);


ALTER TABLE public.initiatives_locales OWNER TO afmuser;

--
-- Name: initiatives_locales_id_seq; Type: SEQUENCE; Schema: public; Owner: afmuser
--

CREATE SEQUENCE public.initiatives_locales_id_seq
    AS integer
    START WITH 1
    INCREMENT BY 1
    NO MINVALUE
    NO MAXVALUE
    CACHE 1;


ALTER SEQUENCE public.initiatives_locales_id_seq OWNER TO afmuser;

--
-- Name: initiatives_locales_id_seq; Type: SEQUENCE OWNED BY; Schema: public; Owner: afmuser
--

ALTER SEQUENCE public.initiatives_locales_id_seq OWNED BY public.initiatives_locales.id;


--
-- Name: initiatives_rels; Type: TABLE; Schema: public; Owner: afmuser
--

CREATE TABLE public.initiatives_rels (
    id integer NOT NULL,
    "order" integer,
    parent_id integer NOT NULL,
    path character varying NOT NULL,
    media_id integer,
    categories_id integer,
    tags_id integer
);


ALTER TABLE public.initiatives_rels OWNER TO afmuser;

--
-- Name: initiatives_rels_id_seq; Type: SEQUENCE; Schema: public; Owner: afmuser
--

CREATE SEQUENCE public.initiatives_rels_id_seq
    AS integer
    START WITH 1
    INCREMENT BY 1
    NO MINVALUE
    NO MAXVALUE
    CACHE 1;


ALTER SEQUENCE public.initiatives_rels_id_seq OWNER TO afmuser;

--
-- Name: initiatives_rels_id_seq; Type: SEQUENCE OWNED BY; Schema: public; Owner: afmuser
--

ALTER SEQUENCE public.initiatives_rels_id_seq OWNED BY public.initiatives_rels.id;


--
-- Name: interviews; Type: TABLE; Schema: public; Owner: afmuser
--

CREATE TABLE public.interviews (
    id integer NOT NULL,
    name character varying DEFAULT ''::character varying NOT NULL,
    alias character varying DEFAULT ''::character varying,
    basics_identifiers_code character varying DEFAULT ''::character varying,
    basics_tagline character varying DEFAULT ''::character varying,
    basics_description character varying DEFAULT ''::character varying,
    basics_summary character varying DEFAULT ''::character varying,
    details_format public.enum_interviews_details_format,
    details_language character varying DEFAULT ''::character varying,
    details_duration numeric DEFAULT 0,
    details_recorded_date timestamp(3) with time zone,
    details_published_date timestamp(3) with time zone,
    details_status public.enum_interviews_details_status,
    details_access public.enum_interviews_details_access,
    details_interviewer_id integer,
    details_interviewee_id integer NOT NULL,
    details_session_id integer,
    details_location public.geometry(Point) DEFAULT '0101000020E610000000000000000000000000000000000000'::public.geometry,
    details_notes character varying DEFAULT ''::character varying,
    assets_thumbnail_id integer,
    assets_cover_id integer,
    assets_video_id integer,
    assets_audio_id integer,
    generate_slug boolean DEFAULT true,
    slug character varying,
    updated_at timestamp(3) with time zone DEFAULT now() NOT NULL,
    created_at timestamp(3) with time zone DEFAULT now() NOT NULL
);


ALTER TABLE public.interviews OWNER TO afmuser;

--
-- Name: interviews_details_tags_list; Type: TABLE; Schema: public; Owner: afmuser
--

CREATE TABLE public.interviews_details_tags_list (
    _order integer NOT NULL,
    _parent_id integer NOT NULL,
    id character varying NOT NULL,
    name character varying DEFAULT ''::character varying
);


ALTER TABLE public.interviews_details_tags_list OWNER TO afmuser;

--
-- Name: interviews_id_seq; Type: SEQUENCE; Schema: public; Owner: afmuser
--

CREATE SEQUENCE public.interviews_id_seq
    AS integer
    START WITH 1
    INCREMENT BY 1
    NO MINVALUE
    NO MAXVALUE
    CACHE 1;


ALTER SEQUENCE public.interviews_id_seq OWNER TO afmuser;

--
-- Name: interviews_id_seq; Type: SEQUENCE OWNED BY; Schema: public; Owner: afmuser
--

ALTER SEQUENCE public.interviews_id_seq OWNED BY public.interviews.id;


--
-- Name: interviews_locales; Type: TABLE; Schema: public; Owner: afmuser
--

CREATE TABLE public.interviews_locales (
    seo_title character varying,
    seo_image_id integer,
    seo_description character varying,
    id integer NOT NULL,
    _locale public._locales NOT NULL,
    _parent_id integer NOT NULL
);


ALTER TABLE public.interviews_locales OWNER TO afmuser;

--
-- Name: interviews_locales_id_seq; Type: SEQUENCE; Schema: public; Owner: afmuser
--

CREATE SEQUENCE public.interviews_locales_id_seq
    AS integer
    START WITH 1
    INCREMENT BY 1
    NO MINVALUE
    NO MAXVALUE
    CACHE 1;


ALTER SEQUENCE public.interviews_locales_id_seq OWNER TO afmuser;

--
-- Name: interviews_locales_id_seq; Type: SEQUENCE OWNED BY; Schema: public; Owner: afmuser
--

ALTER SEQUENCE public.interviews_locales_id_seq OWNED BY public.interviews_locales.id;


--
-- Name: interviews_rels; Type: TABLE; Schema: public; Owner: afmuser
--

CREATE TABLE public.interviews_rels (
    id integer NOT NULL,
    "order" integer,
    parent_id integer NOT NULL,
    path character varying NOT NULL,
    media_id integer,
    categories_id integer,
    tags_id integer
);


ALTER TABLE public.interviews_rels OWNER TO afmuser;

--
-- Name: interviews_rels_id_seq; Type: SEQUENCE; Schema: public; Owner: afmuser
--

CREATE SEQUENCE public.interviews_rels_id_seq
    AS integer
    START WITH 1
    INCREMENT BY 1
    NO MINVALUE
    NO MAXVALUE
    CACHE 1;


ALTER SEQUENCE public.interviews_rels_id_seq OWNER TO afmuser;

--
-- Name: interviews_rels_id_seq; Type: SEQUENCE OWNED BY; Schema: public; Owner: afmuser
--

ALTER SEQUENCE public.interviews_rels_id_seq OWNED BY public.interviews_rels.id;


--
-- Name: leaders; Type: TABLE; Schema: public; Owner: afmuser
--

CREATE TABLE public.leaders (
    id integer NOT NULL,
    first_name character varying DEFAULT ''::character varying NOT NULL,
    middle_name character varying DEFAULT ''::character varying,
    last_name character varying DEFAULT ''::character varying NOT NULL,
    alias character varying DEFAULT ''::character varying,
    basics_nickname character varying DEFAULT ''::character varying,
    basics_title character varying DEFAULT ''::character varying,
    basics_gender public.enum_leaders_basics_gender,
    basics_nationality_id integer,
    basics_birth_date timestamp(3) with time zone,
    basics_debut_date timestamp(3) with time zone,
    basics_retirement_date timestamp(3) with time zone,
    details_vision character varying DEFAULT ''::character varying,
    details_mission character varying DEFAULT ''::character varying,
    details_quote character varying DEFAULT ''::character varying,
    details_biography jsonb,
    details_history character varying DEFAULT ''::character varying,
    assets_avatar_id integer,
    assets_cover_id integer,
    generate_slug boolean DEFAULT true,
    slug character varying,
    updated_at timestamp(3) with time zone DEFAULT now() NOT NULL,
    created_at timestamp(3) with time zone DEFAULT now() NOT NULL
);


ALTER TABLE public.leaders OWNER TO afmuser;

--
-- Name: leaders_details_principles_list; Type: TABLE; Schema: public; Owner: afmuser
--

CREATE TABLE public.leaders_details_principles_list (
    _order integer NOT NULL,
    _parent_id integer NOT NULL,
    id character varying NOT NULL,
    name character varying DEFAULT ''::character varying,
    description character varying DEFAULT ''::character varying,
    statement character varying DEFAULT ''::character varying,
    application character varying DEFAULT ''::character varying,
    rationale character varying DEFAULT ''::character varying
);


ALTER TABLE public.leaders_details_principles_list OWNER TO afmuser;

--
-- Name: leaders_details_socials_list; Type: TABLE; Schema: public; Owner: afmuser
--

CREATE TABLE public.leaders_details_socials_list (
    _order integer NOT NULL,
    _parent_id integer NOT NULL,
    id character varying NOT NULL,
    platform public.enum_leaders_details_socials_list_platform,
    username character varying DEFAULT ''::character varying,
    description character varying DEFAULT ''::character varying
);


ALTER TABLE public.leaders_details_socials_list OWNER TO afmuser;

--
-- Name: leaders_details_websites_list; Type: TABLE; Schema: public; Owner: afmuser
--

CREATE TABLE public.leaders_details_websites_list (
    _order integer NOT NULL,
    _parent_id integer NOT NULL,
    id character varying NOT NULL,
    name character varying DEFAULT ''::character varying,
    path character varying DEFAULT ''::character varying,
    description character varying DEFAULT ''::character varying
);


ALTER TABLE public.leaders_details_websites_list OWNER TO afmuser;

--
-- Name: leaders_id_seq; Type: SEQUENCE; Schema: public; Owner: afmuser
--

CREATE SEQUENCE public.leaders_id_seq
    AS integer
    START WITH 1
    INCREMENT BY 1
    NO MINVALUE
    NO MAXVALUE
    CACHE 1;


ALTER SEQUENCE public.leaders_id_seq OWNER TO afmuser;

--
-- Name: leaders_id_seq; Type: SEQUENCE OWNED BY; Schema: public; Owner: afmuser
--

ALTER SEQUENCE public.leaders_id_seq OWNED BY public.leaders.id;


--
-- Name: leaders_locales; Type: TABLE; Schema: public; Owner: afmuser
--

CREATE TABLE public.leaders_locales (
    seo_title character varying,
    seo_image_id integer,
    seo_description character varying,
    id integer NOT NULL,
    _locale public._locales NOT NULL,
    _parent_id integer NOT NULL
);


ALTER TABLE public.leaders_locales OWNER TO afmuser;

--
-- Name: leaders_locales_id_seq; Type: SEQUENCE; Schema: public; Owner: afmuser
--

CREATE SEQUENCE public.leaders_locales_id_seq
    AS integer
    START WITH 1
    INCREMENT BY 1
    NO MINVALUE
    NO MAXVALUE
    CACHE 1;


ALTER SEQUENCE public.leaders_locales_id_seq OWNER TO afmuser;

--
-- Name: leaders_locales_id_seq; Type: SEQUENCE OWNED BY; Schema: public; Owner: afmuser
--

ALTER SEQUENCE public.leaders_locales_id_seq OWNED BY public.leaders_locales.id;


--
-- Name: leaders_rels; Type: TABLE; Schema: public; Owner: afmuser
--

CREATE TABLE public.leaders_rels (
    id integer NOT NULL,
    "order" integer,
    parent_id integer NOT NULL,
    path character varying NOT NULL,
    designations_id integer,
    awards_id integer,
    media_id integer,
    categories_id integer,
    tags_id integer
);


ALTER TABLE public.leaders_rels OWNER TO afmuser;

--
-- Name: leaders_rels_id_seq; Type: SEQUENCE; Schema: public; Owner: afmuser
--

CREATE SEQUENCE public.leaders_rels_id_seq
    AS integer
    START WITH 1
    INCREMENT BY 1
    NO MINVALUE
    NO MAXVALUE
    CACHE 1;


ALTER SEQUENCE public.leaders_rels_id_seq OWNER TO afmuser;

--
-- Name: leaders_rels_id_seq; Type: SEQUENCE OWNED BY; Schema: public; Owner: afmuser
--

ALTER SEQUENCE public.leaders_rels_id_seq OWNED BY public.leaders_rels.id;


--
-- Name: media; Type: TABLE; Schema: public; Owner: afmuser
--

CREATE TABLE public.media (
    id integer NOT NULL,
    alt character varying,
    caption jsonb,
    updated_at timestamp(3) with time zone DEFAULT now() NOT NULL,
    created_at timestamp(3) with time zone DEFAULT now() NOT NULL,
    url character varying,
    thumbnail_u_r_l character varying,
    filename character varying,
    mime_type character varying,
    filesize numeric,
    width numeric,
    height numeric,
    focal_x numeric,
    focal_y numeric
);


ALTER TABLE public.media OWNER TO afmuser;

--
-- Name: media_id_seq; Type: SEQUENCE; Schema: public; Owner: afmuser
--

CREATE SEQUENCE public.media_id_seq
    AS integer
    START WITH 1
    INCREMENT BY 1
    NO MINVALUE
    NO MAXVALUE
    CACHE 1;


ALTER SEQUENCE public.media_id_seq OWNER TO afmuser;

--
-- Name: media_id_seq; Type: SEQUENCE OWNED BY; Schema: public; Owner: afmuser
--

ALTER SEQUENCE public.media_id_seq OWNED BY public.media.id;


--
-- Name: meetups; Type: TABLE; Schema: public; Owner: afmuser
--

CREATE TABLE public.meetups (
    id integer NOT NULL,
    name character varying DEFAULT ''::character varying NOT NULL,
    alias character varying DEFAULT ''::character varying,
    basics_description character varying DEFAULT ''::character varying,
    details_format public.enum_meetups_details_format,
    details_access public.enum_meetups_details_access,
    details_start_date timestamp(3) with time zone NOT NULL,
    details_end_date timestamp(3) with time zone,
    details_locations public.geometry(Point) DEFAULT '0101000020E610000000000000000000000000000000000000'::public.geometry,
    details_notes character varying DEFAULT ''::character varying,
    assets_thumbnail_id integer,
    assets_cover_id integer,
    assets_video_id integer,
    generate_slug boolean DEFAULT true,
    slug character varying,
    updated_at timestamp(3) with time zone DEFAULT now() NOT NULL,
    created_at timestamp(3) with time zone DEFAULT now() NOT NULL
);


ALTER TABLE public.meetups OWNER TO afmuser;

--
-- Name: meetups_id_seq; Type: SEQUENCE; Schema: public; Owner: afmuser
--

CREATE SEQUENCE public.meetups_id_seq
    AS integer
    START WITH 1
    INCREMENT BY 1
    NO MINVALUE
    NO MAXVALUE
    CACHE 1;


ALTER SEQUENCE public.meetups_id_seq OWNER TO afmuser;

--
-- Name: meetups_id_seq; Type: SEQUENCE OWNED BY; Schema: public; Owner: afmuser
--

ALTER SEQUENCE public.meetups_id_seq OWNED BY public.meetups.id;


--
-- Name: meetups_locales; Type: TABLE; Schema: public; Owner: afmuser
--

CREATE TABLE public.meetups_locales (
    seo_title character varying,
    seo_image_id integer,
    seo_description character varying,
    id integer NOT NULL,
    _locale public._locales NOT NULL,
    _parent_id integer NOT NULL
);


ALTER TABLE public.meetups_locales OWNER TO afmuser;

--
-- Name: meetups_locales_id_seq; Type: SEQUENCE; Schema: public; Owner: afmuser
--

CREATE SEQUENCE public.meetups_locales_id_seq
    AS integer
    START WITH 1
    INCREMENT BY 1
    NO MINVALUE
    NO MAXVALUE
    CACHE 1;


ALTER SEQUENCE public.meetups_locales_id_seq OWNER TO afmuser;

--
-- Name: meetups_locales_id_seq; Type: SEQUENCE OWNED BY; Schema: public; Owner: afmuser
--

ALTER SEQUENCE public.meetups_locales_id_seq OWNED BY public.meetups_locales.id;


--
-- Name: meetups_rels; Type: TABLE; Schema: public; Owner: afmuser
--

CREATE TABLE public.meetups_rels (
    id integer NOT NULL,
    "order" integer,
    parent_id integer NOT NULL,
    path character varying NOT NULL,
    organizations_id integer,
    leaders_id integer,
    individuals_id integer,
    drivers_id integer,
    members_id integer,
    media_id integer,
    categories_id integer,
    tags_id integer
);


ALTER TABLE public.meetups_rels OWNER TO afmuser;

--
-- Name: meetups_rels_id_seq; Type: SEQUENCE; Schema: public; Owner: afmuser
--

CREATE SEQUENCE public.meetups_rels_id_seq
    AS integer
    START WITH 1
    INCREMENT BY 1
    NO MINVALUE
    NO MAXVALUE
    CACHE 1;


ALTER SEQUENCE public.meetups_rels_id_seq OWNER TO afmuser;

--
-- Name: meetups_rels_id_seq; Type: SEQUENCE OWNED BY; Schema: public; Owner: afmuser
--

ALTER SEQUENCE public.meetups_rels_id_seq OWNED BY public.meetups_rels.id;


--
-- Name: members; Type: TABLE; Schema: public; Owner: afmuser
--

CREATE TABLE public.members (
    id integer NOT NULL,
    first_name character varying DEFAULT ''::character varying NOT NULL,
    middle_name character varying DEFAULT ''::character varying,
    last_name character varying DEFAULT ''::character varying NOT NULL,
    alias character varying DEFAULT ''::character varying,
    basics_nickname character varying DEFAULT ''::character varying,
    basics_description character varying DEFAULT ''::character varying,
    basics_gender public.enum_members_basics_gender,
    basics_pronouns character varying DEFAULT ''::character varying,
    basics_nationality_id integer,
    basics_birth_date timestamp(3) with time zone,
    basics_joining_date timestamp(3) with time zone,
    basics_retirement_date timestamp(3) with time zone,
    details_duties character varying DEFAULT ''::character varying,
    assets_avatar_id integer,
    assets_cover_id integer,
    generate_slug boolean DEFAULT true,
    slug character varying,
    updated_at timestamp(3) with time zone DEFAULT now() NOT NULL,
    created_at timestamp(3) with time zone DEFAULT now() NOT NULL
);


ALTER TABLE public.members OWNER TO afmuser;

--
-- Name: members_details_addresses_list; Type: TABLE; Schema: public; Owner: afmuser
--

CREATE TABLE public.members_details_addresses_list (
    _order integer NOT NULL,
    _parent_id integer NOT NULL,
    id character varying NOT NULL,
    name character varying DEFAULT ''::character varying,
    label character varying DEFAULT ''::character varying,
    description character varying DEFAULT ''::character varying,
    location public.geometry(Point) DEFAULT '0101000020E610000000000000000000000000000000000000'::public.geometry
);


ALTER TABLE public.members_details_addresses_list OWNER TO afmuser;

--
-- Name: members_id_seq; Type: SEQUENCE; Schema: public; Owner: afmuser
--

CREATE SEQUENCE public.members_id_seq
    AS integer
    START WITH 1
    INCREMENT BY 1
    NO MINVALUE
    NO MAXVALUE
    CACHE 1;


ALTER SEQUENCE public.members_id_seq OWNER TO afmuser;

--
-- Name: members_id_seq; Type: SEQUENCE OWNED BY; Schema: public; Owner: afmuser
--

ALTER SEQUENCE public.members_id_seq OWNED BY public.members.id;


--
-- Name: members_locales; Type: TABLE; Schema: public; Owner: afmuser
--

CREATE TABLE public.members_locales (
    seo_title character varying,
    seo_image_id integer,
    seo_description character varying,
    id integer NOT NULL,
    _locale public._locales NOT NULL,
    _parent_id integer NOT NULL
);


ALTER TABLE public.members_locales OWNER TO afmuser;

--
-- Name: members_locales_id_seq; Type: SEQUENCE; Schema: public; Owner: afmuser
--

CREATE SEQUENCE public.members_locales_id_seq
    AS integer
    START WITH 1
    INCREMENT BY 1
    NO MINVALUE
    NO MAXVALUE
    CACHE 1;


ALTER SEQUENCE public.members_locales_id_seq OWNER TO afmuser;

--
-- Name: members_locales_id_seq; Type: SEQUENCE OWNED BY; Schema: public; Owner: afmuser
--

ALTER SEQUENCE public.members_locales_id_seq OWNED BY public.members_locales.id;


--
-- Name: members_rels; Type: TABLE; Schema: public; Owner: afmuser
--

CREATE TABLE public.members_rels (
    id integer NOT NULL,
    "order" integer,
    parent_id integer NOT NULL,
    path character varying NOT NULL,
    skills_id integer,
    trainings_id integer,
    categories_id integer,
    tags_id integer
);


ALTER TABLE public.members_rels OWNER TO afmuser;

--
-- Name: members_rels_id_seq; Type: SEQUENCE; Schema: public; Owner: afmuser
--

CREATE SEQUENCE public.members_rels_id_seq
    AS integer
    START WITH 1
    INCREMENT BY 1
    NO MINVALUE
    NO MAXVALUE
    CACHE 1;


ALTER SEQUENCE public.members_rels_id_seq OWNER TO afmuser;

--
-- Name: members_rels_id_seq; Type: SEQUENCE OWNED BY; Schema: public; Owner: afmuser
--

ALTER SEQUENCE public.members_rels_id_seq OWNED BY public.members_rels.id;


--
-- Name: onboardings; Type: TABLE; Schema: public; Owner: afmuser
--

CREATE TABLE public.onboardings (
    id integer NOT NULL,
    name character varying DEFAULT ''::character varying NOT NULL,
    alias character varying DEFAULT ''::character varying,
    basics_identifiers_code character varying DEFAULT ''::character varying,
    basics_description character varying DEFAULT ''::character varying,
    details_type public.enum_onboardings_details_type,
    details_format public.enum_onboardings_details_format,
    details_status public.enum_onboardings_details_status,
    details_start_date timestamp(3) with time zone,
    details_end_date timestamp(3) with time zone,
    details_assigned_to_id integer NOT NULL,
    details_assigned_by_id integer,
    details_feedback character varying DEFAULT ''::character varying,
    details_notes character varying DEFAULT ''::character varying,
    assets_completion_certificate_id integer,
    assets_thumbnail_id integer,
    assets_cover_id integer,
    generate_slug boolean DEFAULT true,
    slug character varying,
    updated_at timestamp(3) with time zone DEFAULT now() NOT NULL,
    created_at timestamp(3) with time zone DEFAULT now() NOT NULL
);


ALTER TABLE public.onboardings OWNER TO afmuser;

--
-- Name: onboardings_id_seq; Type: SEQUENCE; Schema: public; Owner: afmuser
--

CREATE SEQUENCE public.onboardings_id_seq
    AS integer
    START WITH 1
    INCREMENT BY 1
    NO MINVALUE
    NO MAXVALUE
    CACHE 1;


ALTER SEQUENCE public.onboardings_id_seq OWNER TO afmuser;

--
-- Name: onboardings_id_seq; Type: SEQUENCE OWNED BY; Schema: public; Owner: afmuser
--

ALTER SEQUENCE public.onboardings_id_seq OWNED BY public.onboardings.id;


--
-- Name: onboardings_locales; Type: TABLE; Schema: public; Owner: afmuser
--

CREATE TABLE public.onboardings_locales (
    seo_title character varying,
    seo_image_id integer,
    seo_description character varying,
    id integer NOT NULL,
    _locale public._locales NOT NULL,
    _parent_id integer NOT NULL
);


ALTER TABLE public.onboardings_locales OWNER TO afmuser;

--
-- Name: onboardings_locales_id_seq; Type: SEQUENCE; Schema: public; Owner: afmuser
--

CREATE SEQUENCE public.onboardings_locales_id_seq
    AS integer
    START WITH 1
    INCREMENT BY 1
    NO MINVALUE
    NO MAXVALUE
    CACHE 1;


ALTER SEQUENCE public.onboardings_locales_id_seq OWNER TO afmuser;

--
-- Name: onboardings_locales_id_seq; Type: SEQUENCE OWNED BY; Schema: public; Owner: afmuser
--

ALTER SEQUENCE public.onboardings_locales_id_seq OWNED BY public.onboardings_locales.id;


--
-- Name: onboardings_rels; Type: TABLE; Schema: public; Owner: afmuser
--

CREATE TABLE public.onboardings_rels (
    id integer NOT NULL,
    "order" integer,
    parent_id integer NOT NULL,
    path character varying NOT NULL,
    media_id integer,
    categories_id integer,
    tags_id integer
);


ALTER TABLE public.onboardings_rels OWNER TO afmuser;

--
-- Name: onboardings_rels_id_seq; Type: SEQUENCE; Schema: public; Owner: afmuser
--

CREATE SEQUENCE public.onboardings_rels_id_seq
    AS integer
    START WITH 1
    INCREMENT BY 1
    NO MINVALUE
    NO MAXVALUE
    CACHE 1;


ALTER SEQUENCE public.onboardings_rels_id_seq OWNER TO afmuser;

--
-- Name: onboardings_rels_id_seq; Type: SEQUENCE OWNED BY; Schema: public; Owner: afmuser
--

ALTER SEQUENCE public.onboardings_rels_id_seq OWNED BY public.onboardings_rels.id;


--
-- Name: onboardings_traits_checklist_list; Type: TABLE; Schema: public; Owner: afmuser
--

CREATE TABLE public.onboardings_traits_checklist_list (
    _order integer NOT NULL,
    _parent_id integer NOT NULL,
    id character varying NOT NULL,
    task character varying DEFAULT ''::character varying,
    required boolean DEFAULT false,
    completed boolean DEFAULT false,
    due_date timestamp(3) with time zone
);


ALTER TABLE public.onboardings_traits_checklist_list OWNER TO afmuser;

--
-- Name: onboardings_traits_modules_list; Type: TABLE; Schema: public; Owner: afmuser
--

CREATE TABLE public.onboardings_traits_modules_list (
    _order integer NOT NULL,
    _parent_id integer NOT NULL,
    id character varying NOT NULL,
    name character varying DEFAULT ''::character varying,
    duration character varying DEFAULT ''::character varying,
    type character varying DEFAULT ''::character varying,
    content character varying DEFAULT ''::character varying
);


ALTER TABLE public.onboardings_traits_modules_list OWNER TO afmuser;

--
-- Name: onboardings_traits_quizzes_list; Type: TABLE; Schema: public; Owner: afmuser
--

CREATE TABLE public.onboardings_traits_quizzes_list (
    _order integer NOT NULL,
    _parent_id integer NOT NULL,
    id character varying NOT NULL,
    question character varying DEFAULT ''::character varying,
    answer character varying DEFAULT ''::character varying,
    explanation character varying DEFAULT ''::character varying
);


ALTER TABLE public.onboardings_traits_quizzes_list OWNER TO afmuser;

--
-- Name: orders; Type: TABLE; Schema: public; Owner: afmuser
--

CREATE TABLE public.orders (
    id integer NOT NULL,
    shipping_address_title character varying,
    shipping_address_first_name character varying,
    shipping_address_last_name character varying,
    shipping_address_company character varying,
    shipping_address_address_line1 character varying,
    shipping_address_address_line2 character varying,
    shipping_address_city character varying,
    shipping_address_state character varying,
    shipping_address_postal_code character varying,
    shipping_address_country character varying,
    shipping_address_phone character varying,
    customer_id integer,
    customer_email character varying,
    status public.enum_orders_status DEFAULT 'processing'::public.enum_orders_status,
    amount numeric,
    currency public.enum_orders_currency DEFAULT 'USD'::public.enum_orders_currency,
    updated_at timestamp(3) with time zone DEFAULT now() NOT NULL,
    created_at timestamp(3) with time zone DEFAULT now() NOT NULL
);


ALTER TABLE public.orders OWNER TO afmuser;

--
-- Name: orders_id_seq; Type: SEQUENCE; Schema: public; Owner: afmuser
--

CREATE SEQUENCE public.orders_id_seq
    AS integer
    START WITH 1
    INCREMENT BY 1
    NO MINVALUE
    NO MAXVALUE
    CACHE 1;


ALTER SEQUENCE public.orders_id_seq OWNER TO afmuser;

--
-- Name: orders_id_seq; Type: SEQUENCE OWNED BY; Schema: public; Owner: afmuser
--

ALTER SEQUENCE public.orders_id_seq OWNED BY public.orders.id;


--
-- Name: orders_items; Type: TABLE; Schema: public; Owner: afmuser
--

CREATE TABLE public.orders_items (
    _order integer NOT NULL,
    _parent_id integer NOT NULL,
    id character varying NOT NULL,
    product_id integer,
    variant_id integer,
    quantity numeric DEFAULT 1 NOT NULL
);


ALTER TABLE public.orders_items OWNER TO afmuser;

--
-- Name: orders_rels; Type: TABLE; Schema: public; Owner: afmuser
--

CREATE TABLE public.orders_rels (
    id integer NOT NULL,
    "order" integer,
    parent_id integer NOT NULL,
    path character varying NOT NULL,
    transactions_id integer
);


ALTER TABLE public.orders_rels OWNER TO afmuser;

--
-- Name: orders_rels_id_seq; Type: SEQUENCE; Schema: public; Owner: afmuser
--

CREATE SEQUENCE public.orders_rels_id_seq
    AS integer
    START WITH 1
    INCREMENT BY 1
    NO MINVALUE
    NO MAXVALUE
    CACHE 1;


ALTER SEQUENCE public.orders_rels_id_seq OWNER TO afmuser;

--
-- Name: orders_rels_id_seq; Type: SEQUENCE OWNED BY; Schema: public; Owner: afmuser
--

ALTER SEQUENCE public.orders_rels_id_seq OWNED BY public.orders_rels.id;


--
-- Name: organizations; Type: TABLE; Schema: public; Owner: afmuser
--

CREATE TABLE public.organizations (
    id integer NOT NULL,
    name character varying DEFAULT ''::character varying NOT NULL,
    alias character varying DEFAULT ''::character varying,
    basics_identifiers_code character varying DEFAULT ''::character varying,
    basics_tagline character varying DEFAULT ''::character varying,
    basics_description character varying DEFAULT ''::character varying,
    basics_type public.enum_organizations_basics_type,
    basics_industry public.enum_organizations_basics_industry,
    details_history jsonb,
    details_founded timestamp(3) with time zone,
    details_merged timestamp(3) with time zone,
    details_rebranded timestamp(3) with time zone,
    details_defunct timestamp(3) with time zone,
    details_prestige public.enum_organizations_details_prestige,
    details_impact public.enum_organizations_details_impact,
    assets_logo_id integer,
    assets_alt_logo_id integer,
    generate_slug boolean DEFAULT true,
    slug character varying,
    updated_at timestamp(3) with time zone DEFAULT now() NOT NULL,
    created_at timestamp(3) with time zone DEFAULT now() NOT NULL
);


ALTER TABLE public.organizations OWNER TO afmuser;

--
-- Name: organizations_details_benefits_list; Type: TABLE; Schema: public; Owner: afmuser
--

CREATE TABLE public.organizations_details_benefits_list (
    _order integer NOT NULL,
    _parent_id integer NOT NULL,
    id character varying NOT NULL,
    name character varying DEFAULT ''::character varying,
    description character varying DEFAULT ''::character varying,
    type character varying DEFAULT ''::character varying
);


ALTER TABLE public.organizations_details_benefits_list OWNER TO afmuser;

--
-- Name: organizations_details_socials_list; Type: TABLE; Schema: public; Owner: afmuser
--

CREATE TABLE public.organizations_details_socials_list (
    _order integer NOT NULL,
    _parent_id integer NOT NULL,
    id character varying NOT NULL,
    platform public.enum_organizations_details_socials_list_platform,
    username character varying DEFAULT ''::character varying,
    description character varying DEFAULT ''::character varying
);


ALTER TABLE public.organizations_details_socials_list OWNER TO afmuser;

--
-- Name: organizations_details_websites_list; Type: TABLE; Schema: public; Owner: afmuser
--

CREATE TABLE public.organizations_details_websites_list (
    _order integer NOT NULL,
    _parent_id integer NOT NULL,
    id character varying NOT NULL,
    name character varying DEFAULT ''::character varying,
    path character varying DEFAULT ''::character varying,
    description character varying DEFAULT ''::character varying
);


ALTER TABLE public.organizations_details_websites_list OWNER TO afmuser;

--
-- Name: organizations_id_seq; Type: SEQUENCE; Schema: public; Owner: afmuser
--

CREATE SEQUENCE public.organizations_id_seq
    AS integer
    START WITH 1
    INCREMENT BY 1
    NO MINVALUE
    NO MAXVALUE
    CACHE 1;


ALTER SEQUENCE public.organizations_id_seq OWNER TO afmuser;

--
-- Name: organizations_id_seq; Type: SEQUENCE OWNED BY; Schema: public; Owner: afmuser
--

ALTER SEQUENCE public.organizations_id_seq OWNED BY public.organizations.id;


--
-- Name: organizations_locales; Type: TABLE; Schema: public; Owner: afmuser
--

CREATE TABLE public.organizations_locales (
    seo_title character varying,
    seo_image_id integer,
    seo_description character varying,
    id integer NOT NULL,
    _locale public._locales NOT NULL,
    _parent_id integer NOT NULL
);


ALTER TABLE public.organizations_locales OWNER TO afmuser;

--
-- Name: organizations_locales_id_seq; Type: SEQUENCE; Schema: public; Owner: afmuser
--

CREATE SEQUENCE public.organizations_locales_id_seq
    AS integer
    START WITH 1
    INCREMENT BY 1
    NO MINVALUE
    NO MAXVALUE
    CACHE 1;


ALTER SEQUENCE public.organizations_locales_id_seq OWNER TO afmuser;

--
-- Name: organizations_locales_id_seq; Type: SEQUENCE OWNED BY; Schema: public; Owner: afmuser
--

ALTER SEQUENCE public.organizations_locales_id_seq OWNED BY public.organizations_locales.id;


--
-- Name: organizations_rels; Type: TABLE; Schema: public; Owner: afmuser
--

CREATE TABLE public.organizations_rels (
    id integer NOT NULL,
    "order" integer,
    parent_id integer NOT NULL,
    path character varying NOT NULL,
    categories_id integer,
    tags_id integer
);


ALTER TABLE public.organizations_rels OWNER TO afmuser;

--
-- Name: organizations_rels_id_seq; Type: SEQUENCE; Schema: public; Owner: afmuser
--

CREATE SEQUENCE public.organizations_rels_id_seq
    AS integer
    START WITH 1
    INCREMENT BY 1
    NO MINVALUE
    NO MAXVALUE
    CACHE 1;


ALTER SEQUENCE public.organizations_rels_id_seq OWNER TO afmuser;

--
-- Name: organizations_rels_id_seq; Type: SEQUENCE OWNED BY; Schema: public; Owner: afmuser
--

ALTER SEQUENCE public.organizations_rels_id_seq OWNED BY public.organizations_rels.id;


--
-- Name: pages; Type: TABLE; Schema: public; Owner: afmuser
--

CREATE TABLE public.pages (
    id integer NOT NULL,
    generate_slug boolean DEFAULT true,
    slug character varying,
    updated_at timestamp(3) with time zone DEFAULT now() NOT NULL,
    created_at timestamp(3) with time zone DEFAULT now() NOT NULL
);


ALTER TABLE public.pages OWNER TO afmuser;

--
-- Name: pages_id_seq; Type: SEQUENCE; Schema: public; Owner: afmuser
--

CREATE SEQUENCE public.pages_id_seq
    AS integer
    START WITH 1
    INCREMENT BY 1
    NO MINVALUE
    NO MAXVALUE
    CACHE 1;


ALTER SEQUENCE public.pages_id_seq OWNER TO afmuser;

--
-- Name: pages_id_seq; Type: SEQUENCE OWNED BY; Schema: public; Owner: afmuser
--

ALTER SEQUENCE public.pages_id_seq OWNED BY public.pages.id;


--
-- Name: pages_locales; Type: TABLE; Schema: public; Owner: afmuser
--

CREATE TABLE public.pages_locales (
    seo_title character varying,
    seo_image_id integer,
    seo_description character varying,
    id integer NOT NULL,
    _locale public._locales NOT NULL,
    _parent_id integer NOT NULL
);


ALTER TABLE public.pages_locales OWNER TO afmuser;

--
-- Name: pages_locales_id_seq; Type: SEQUENCE; Schema: public; Owner: afmuser
--

CREATE SEQUENCE public.pages_locales_id_seq
    AS integer
    START WITH 1
    INCREMENT BY 1
    NO MINVALUE
    NO MAXVALUE
    CACHE 1;


ALTER SEQUENCE public.pages_locales_id_seq OWNER TO afmuser;

--
-- Name: pages_locales_id_seq; Type: SEQUENCE OWNED BY; Schema: public; Owner: afmuser
--

ALTER SEQUENCE public.pages_locales_id_seq OWNED BY public.pages_locales.id;


--
-- Name: pages_rels; Type: TABLE; Schema: public; Owner: afmuser
--

CREATE TABLE public.pages_rels (
    id integer NOT NULL,
    "order" integer,
    parent_id integer NOT NULL,
    path character varying NOT NULL,
    categories_id integer,
    tags_id integer
);


ALTER TABLE public.pages_rels OWNER TO afmuser;

--
-- Name: pages_rels_id_seq; Type: SEQUENCE; Schema: public; Owner: afmuser
--

CREATE SEQUENCE public.pages_rels_id_seq
    AS integer
    START WITH 1
    INCREMENT BY 1
    NO MINVALUE
    NO MAXVALUE
    CACHE 1;


ALTER SEQUENCE public.pages_rels_id_seq OWNER TO afmuser;

--
-- Name: pages_rels_id_seq; Type: SEQUENCE OWNED BY; Schema: public; Owner: afmuser
--

ALTER SEQUENCE public.pages_rels_id_seq OWNED BY public.pages_rels.id;


--
-- Name: payload_kv; Type: TABLE; Schema: public; Owner: afmuser
--

CREATE TABLE public.payload_kv (
    id integer NOT NULL,
    key character varying NOT NULL,
    data jsonb NOT NULL
);


ALTER TABLE public.payload_kv OWNER TO afmuser;

--
-- Name: payload_kv_id_seq; Type: SEQUENCE; Schema: public; Owner: afmuser
--

CREATE SEQUENCE public.payload_kv_id_seq
    AS integer
    START WITH 1
    INCREMENT BY 1
    NO MINVALUE
    NO MAXVALUE
    CACHE 1;


ALTER SEQUENCE public.payload_kv_id_seq OWNER TO afmuser;

--
-- Name: payload_kv_id_seq; Type: SEQUENCE OWNED BY; Schema: public; Owner: afmuser
--

ALTER SEQUENCE public.payload_kv_id_seq OWNED BY public.payload_kv.id;


--
-- Name: payload_locked_documents; Type: TABLE; Schema: public; Owner: afmuser
--

CREATE TABLE public.payload_locked_documents (
    id integer NOT NULL,
    global_slug character varying,
    updated_at timestamp(3) with time zone DEFAULT now() NOT NULL,
    created_at timestamp(3) with time zone DEFAULT now() NOT NULL
);


ALTER TABLE public.payload_locked_documents OWNER TO afmuser;

--
-- Name: payload_locked_documents_id_seq; Type: SEQUENCE; Schema: public; Owner: afmuser
--

CREATE SEQUENCE public.payload_locked_documents_id_seq
    AS integer
    START WITH 1
    INCREMENT BY 1
    NO MINVALUE
    NO MAXVALUE
    CACHE 1;


ALTER SEQUENCE public.payload_locked_documents_id_seq OWNER TO afmuser;

--
-- Name: payload_locked_documents_id_seq; Type: SEQUENCE OWNED BY; Schema: public; Owner: afmuser
--

ALTER SEQUENCE public.payload_locked_documents_id_seq OWNED BY public.payload_locked_documents.id;


--
-- Name: payload_locked_documents_rels; Type: TABLE; Schema: public; Owner: afmuser
--

CREATE TABLE public.payload_locked_documents_rels (
    id integer NOT NULL,
    "order" integer,
    parent_id integer NOT NULL,
    path character varying NOT NULL,
    series_id integer,
    seasons_id integer,
    events_id integer,
    sessions_id integer,
    entries_id integer,
    results_id integer,
    points_id integer,
    circuits_id integer,
    championships_id integer,
    races_id integer,
    teams_id integer,
    drivers_id integer,
    leaders_id integer,
    members_id integer,
    individuals_id integer,
    organizations_id integer,
    users_id integer,
    meetups_id integer,
    initiatives_id integer,
    trainings_id integer,
    vacancies_id integer,
    onboardings_id integer,
    hospitalities_id integer,
    awards_id integer,
    celebrations_id integer,
    interviews_id integer,
    incidents_id integer,
    cars_id integer,
    helmets_id integer,
    suits_id integer,
    garages_id integer,
    media_id integer,
    designations_id integer,
    skills_id integer,
    statuses_id integer,
    regulations_id integer,
    policies_id integer,
    statements_id integer,
    slides_id integer,
    pages_id integer,
    categories_id integer,
    tags_id integer,
    countries_id integer,
    plans_id integer,
    timelines_id integer,
    programs_id integer,
    forms_id integer,
    form_submissions_id integer,
    addresses_id integer,
    variants_id integer,
    variant_types_id integer,
    variant_options_id integer,
    products_id integer,
    carts_id integer,
    orders_id integer,
    transactions_id integer,
    search_id integer,
    payload_mcp_api_keys_id integer
);


ALTER TABLE public.payload_locked_documents_rels OWNER TO afmuser;

--
-- Name: payload_locked_documents_rels_id_seq; Type: SEQUENCE; Schema: public; Owner: afmuser
--

CREATE SEQUENCE public.payload_locked_documents_rels_id_seq
    AS integer
    START WITH 1
    INCREMENT BY 1
    NO MINVALUE
    NO MAXVALUE
    CACHE 1;


ALTER SEQUENCE public.payload_locked_documents_rels_id_seq OWNER TO afmuser;

--
-- Name: payload_locked_documents_rels_id_seq; Type: SEQUENCE OWNED BY; Schema: public; Owner: afmuser
--

ALTER SEQUENCE public.payload_locked_documents_rels_id_seq OWNED BY public.payload_locked_documents_rels.id;


--
-- Name: payload_mcp_api_keys; Type: TABLE; Schema: public; Owner: afmuser
--

CREATE TABLE public.payload_mcp_api_keys (
    id integer NOT NULL,
    user_id integer NOT NULL,
    label character varying,
    description character varying,
    series_find boolean DEFAULT false,
    series_create boolean DEFAULT false,
    series_update boolean DEFAULT false,
    series_delete boolean DEFAULT false,
    seasons_find boolean DEFAULT false,
    seasons_create boolean DEFAULT false,
    seasons_update boolean DEFAULT false,
    seasons_delete boolean DEFAULT false,
    events_find boolean DEFAULT false,
    events_create boolean DEFAULT false,
    events_update boolean DEFAULT false,
    events_delete boolean DEFAULT false,
    sessions_find boolean DEFAULT false,
    sessions_create boolean DEFAULT false,
    sessions_update boolean DEFAULT false,
    sessions_delete boolean DEFAULT false,
    entries_find boolean DEFAULT false,
    entries_create boolean DEFAULT false,
    entries_update boolean DEFAULT false,
    entries_delete boolean DEFAULT false,
    results_find boolean DEFAULT false,
    results_create boolean DEFAULT false,
    results_update boolean DEFAULT false,
    results_delete boolean DEFAULT false,
    points_find boolean DEFAULT false,
    points_create boolean DEFAULT false,
    points_update boolean DEFAULT false,
    points_delete boolean DEFAULT false,
    circuits_find boolean DEFAULT false,
    circuits_create boolean DEFAULT false,
    circuits_update boolean DEFAULT false,
    circuits_delete boolean DEFAULT false,
    championships_find boolean DEFAULT false,
    championships_create boolean DEFAULT false,
    championships_update boolean DEFAULT false,
    championships_delete boolean DEFAULT false,
    races_find boolean DEFAULT false,
    races_create boolean DEFAULT false,
    races_update boolean DEFAULT false,
    races_delete boolean DEFAULT false,
    teams_find boolean DEFAULT false,
    teams_create boolean DEFAULT false,
    teams_update boolean DEFAULT false,
    teams_delete boolean DEFAULT false,
    drivers_find boolean DEFAULT false,
    drivers_create boolean DEFAULT false,
    drivers_update boolean DEFAULT false,
    drivers_delete boolean DEFAULT false,
    leaders_find boolean DEFAULT false,
    leaders_create boolean DEFAULT false,
    leaders_update boolean DEFAULT false,
    leaders_delete boolean DEFAULT false,
    members_find boolean DEFAULT false,
    members_create boolean DEFAULT false,
    members_update boolean DEFAULT false,
    members_delete boolean DEFAULT false,
    individuals_find boolean DEFAULT false,
    individuals_create boolean DEFAULT false,
    individuals_update boolean DEFAULT false,
    individuals_delete boolean DEFAULT false,
    organizations_find boolean DEFAULT false,
    organizations_create boolean DEFAULT false,
    organizations_update boolean DEFAULT false,
    organizations_delete boolean DEFAULT false,
    users_find boolean DEFAULT false,
    users_create boolean DEFAULT false,
    users_update boolean DEFAULT false,
    users_delete boolean DEFAULT false,
    meetups_find boolean DEFAULT false,
    meetups_create boolean DEFAULT false,
    meetups_update boolean DEFAULT false,
    meetups_delete boolean DEFAULT false,
    initiatives_find boolean DEFAULT false,
    initiatives_create boolean DEFAULT false,
    initiatives_update boolean DEFAULT false,
    initiatives_delete boolean DEFAULT false,
    trainings_find boolean DEFAULT false,
    trainings_create boolean DEFAULT false,
    trainings_update boolean DEFAULT false,
    trainings_delete boolean DEFAULT false,
    vacancies_find boolean DEFAULT false,
    vacancies_create boolean DEFAULT false,
    vacancies_update boolean DEFAULT false,
    vacancies_delete boolean DEFAULT false,
    onboardings_find boolean DEFAULT false,
    onboardings_create boolean DEFAULT false,
    onboardings_update boolean DEFAULT false,
    onboardings_delete boolean DEFAULT false,
    hospitalities_find boolean DEFAULT false,
    hospitalities_create boolean DEFAULT false,
    hospitalities_update boolean DEFAULT false,
    hospitalities_delete boolean DEFAULT false,
    awards_find boolean DEFAULT false,
    awards_create boolean DEFAULT false,
    awards_update boolean DEFAULT false,
    awards_delete boolean DEFAULT false,
    celebrations_find boolean DEFAULT false,
    celebrations_create boolean DEFAULT false,
    celebrations_update boolean DEFAULT false,
    celebrations_delete boolean DEFAULT false,
    interviews_find boolean DEFAULT false,
    interviews_create boolean DEFAULT false,
    interviews_update boolean DEFAULT false,
    interviews_delete boolean DEFAULT false,
    incidents_find boolean DEFAULT false,
    incidents_create boolean DEFAULT false,
    incidents_update boolean DEFAULT false,
    incidents_delete boolean DEFAULT false,
    cars_find boolean DEFAULT false,
    cars_create boolean DEFAULT false,
    cars_update boolean DEFAULT false,
    cars_delete boolean DEFAULT false,
    helmets_find boolean DEFAULT false,
    helmets_create boolean DEFAULT false,
    helmets_update boolean DEFAULT false,
    helmets_delete boolean DEFAULT false,
    suits_find boolean DEFAULT false,
    suits_create boolean DEFAULT false,
    suits_update boolean DEFAULT false,
    suits_delete boolean DEFAULT false,
    garages_find boolean DEFAULT false,
    garages_create boolean DEFAULT false,
    garages_update boolean DEFAULT false,
    garages_delete boolean DEFAULT false,
    media_find boolean DEFAULT false,
    media_create boolean DEFAULT false,
    media_update boolean DEFAULT false,
    media_delete boolean DEFAULT false,
    designations_find boolean DEFAULT false,
    designations_create boolean DEFAULT false,
    designations_update boolean DEFAULT false,
    designations_delete boolean DEFAULT false,
    skills_find boolean DEFAULT false,
    skills_create boolean DEFAULT false,
    skills_update boolean DEFAULT false,
    skills_delete boolean DEFAULT false,
    statuses_find boolean DEFAULT false,
    statuses_create boolean DEFAULT false,
    statuses_update boolean DEFAULT false,
    statuses_delete boolean DEFAULT false,
    regulations_find boolean DEFAULT false,
    regulations_create boolean DEFAULT false,
    regulations_update boolean DEFAULT false,
    regulations_delete boolean DEFAULT false,
    policies_find boolean DEFAULT false,
    policies_create boolean DEFAULT false,
    policies_update boolean DEFAULT false,
    policies_delete boolean DEFAULT false,
    statements_find boolean DEFAULT false,
    statements_create boolean DEFAULT false,
    statements_update boolean DEFAULT false,
    statements_delete boolean DEFAULT false,
    slides_find boolean DEFAULT false,
    slides_create boolean DEFAULT false,
    slides_update boolean DEFAULT false,
    slides_delete boolean DEFAULT false,
    pages_find boolean DEFAULT false,
    pages_create boolean DEFAULT false,
    pages_update boolean DEFAULT false,
    pages_delete boolean DEFAULT false,
    categories_find boolean DEFAULT false,
    categories_create boolean DEFAULT false,
    categories_update boolean DEFAULT false,
    categories_delete boolean DEFAULT false,
    tags_find boolean DEFAULT false,
    tags_create boolean DEFAULT false,
    tags_update boolean DEFAULT false,
    tags_delete boolean DEFAULT false,
    countries_find boolean DEFAULT false,
    countries_create boolean DEFAULT false,
    countries_update boolean DEFAULT false,
    countries_delete boolean DEFAULT false,
    plans_find boolean DEFAULT false,
    plans_create boolean DEFAULT false,
    plans_update boolean DEFAULT false,
    plans_delete boolean DEFAULT false,
    timelines_find boolean DEFAULT false,
    timelines_create boolean DEFAULT false,
    timelines_update boolean DEFAULT false,
    timelines_delete boolean DEFAULT false,
    programs_find boolean DEFAULT false,
    programs_create boolean DEFAULT false,
    programs_update boolean DEFAULT false,
    programs_delete boolean DEFAULT false,
    header_find boolean DEFAULT false,
    header_update boolean DEFAULT false,
    footer_find boolean DEFAULT false,
    footer_update boolean DEFAULT false,
    identity_find boolean DEFAULT false,
    identity_update boolean DEFAULT false,
    announcements_find boolean DEFAULT false,
    announcements_update boolean DEFAULT false,
    questions_find boolean DEFAULT false,
    questions_update boolean DEFAULT false,
    socials_find boolean DEFAULT false,
    socials_update boolean DEFAULT false,
    updated_at timestamp(3) with time zone DEFAULT now() NOT NULL,
    created_at timestamp(3) with time zone DEFAULT now() NOT NULL,
    enable_a_p_i_key boolean,
    api_key character varying,
    api_key_index character varying
);


ALTER TABLE public.payload_mcp_api_keys OWNER TO afmuser;

--
-- Name: payload_mcp_api_keys_id_seq; Type: SEQUENCE; Schema: public; Owner: afmuser
--

CREATE SEQUENCE public.payload_mcp_api_keys_id_seq
    AS integer
    START WITH 1
    INCREMENT BY 1
    NO MINVALUE
    NO MAXVALUE
    CACHE 1;


ALTER SEQUENCE public.payload_mcp_api_keys_id_seq OWNER TO afmuser;

--
-- Name: payload_mcp_api_keys_id_seq; Type: SEQUENCE OWNED BY; Schema: public; Owner: afmuser
--

ALTER SEQUENCE public.payload_mcp_api_keys_id_seq OWNED BY public.payload_mcp_api_keys.id;


--
-- Name: payload_migrations; Type: TABLE; Schema: public; Owner: afmuser
--

CREATE TABLE public.payload_migrations (
    id integer NOT NULL,
    name character varying,
    batch numeric,
    updated_at timestamp(3) with time zone DEFAULT now() NOT NULL,
    created_at timestamp(3) with time zone DEFAULT now() NOT NULL
);


ALTER TABLE public.payload_migrations OWNER TO afmuser;

--
-- Name: payload_migrations_id_seq; Type: SEQUENCE; Schema: public; Owner: afmuser
--

CREATE SEQUENCE public.payload_migrations_id_seq
    AS integer
    START WITH 1
    INCREMENT BY 1
    NO MINVALUE
    NO MAXVALUE
    CACHE 1;


ALTER SEQUENCE public.payload_migrations_id_seq OWNER TO afmuser;

--
-- Name: payload_migrations_id_seq; Type: SEQUENCE OWNED BY; Schema: public; Owner: afmuser
--

ALTER SEQUENCE public.payload_migrations_id_seq OWNED BY public.payload_migrations.id;


--
-- Name: payload_preferences; Type: TABLE; Schema: public; Owner: afmuser
--

CREATE TABLE public.payload_preferences (
    id integer NOT NULL,
    key character varying,
    value jsonb,
    updated_at timestamp(3) with time zone DEFAULT now() NOT NULL,
    created_at timestamp(3) with time zone DEFAULT now() NOT NULL
);


ALTER TABLE public.payload_preferences OWNER TO afmuser;

--
-- Name: payload_preferences_id_seq; Type: SEQUENCE; Schema: public; Owner: afmuser
--

CREATE SEQUENCE public.payload_preferences_id_seq
    AS integer
    START WITH 1
    INCREMENT BY 1
    NO MINVALUE
    NO MAXVALUE
    CACHE 1;


ALTER SEQUENCE public.payload_preferences_id_seq OWNER TO afmuser;

--
-- Name: payload_preferences_id_seq; Type: SEQUENCE OWNED BY; Schema: public; Owner: afmuser
--

ALTER SEQUENCE public.payload_preferences_id_seq OWNED BY public.payload_preferences.id;


--
-- Name: payload_preferences_rels; Type: TABLE; Schema: public; Owner: afmuser
--

CREATE TABLE public.payload_preferences_rels (
    id integer NOT NULL,
    "order" integer,
    parent_id integer NOT NULL,
    path character varying NOT NULL,
    users_id integer,
    payload_mcp_api_keys_id integer
);


ALTER TABLE public.payload_preferences_rels OWNER TO afmuser;

--
-- Name: payload_preferences_rels_id_seq; Type: SEQUENCE; Schema: public; Owner: afmuser
--

CREATE SEQUENCE public.payload_preferences_rels_id_seq
    AS integer
    START WITH 1
    INCREMENT BY 1
    NO MINVALUE
    NO MAXVALUE
    CACHE 1;


ALTER SEQUENCE public.payload_preferences_rels_id_seq OWNER TO afmuser;

--
-- Name: payload_preferences_rels_id_seq; Type: SEQUENCE OWNED BY; Schema: public; Owner: afmuser
--

ALTER SEQUENCE public.payload_preferences_rels_id_seq OWNED BY public.payload_preferences_rels.id;


--
-- Name: plans; Type: TABLE; Schema: public; Owner: afmuser
--

CREATE TABLE public.plans (
    id integer NOT NULL,
    name character varying DEFAULT ''::character varying NOT NULL,
    alias character varying DEFAULT ''::character varying,
    basics_identifiers_code character varying DEFAULT ''::character varying,
    basics_tagline character varying DEFAULT ''::character varying,
    basics_description character varying DEFAULT ''::character varying,
    details_vision character varying DEFAULT ''::character varying,
    details_mission character varying DEFAULT ''::character varying,
    details_scope public.enum_plans_details_scope,
    details_status public.enum_plans_details_status,
    details_priority public.enum_plans_details_priority,
    details_start_date timestamp(3) with time zone,
    details_end_date timestamp(3) with time zone,
    details_budget numeric DEFAULT 0,
    details_currency public.enum_plans_details_currency,
    details_assigned_to_id integer,
    details_notes character varying DEFAULT ''::character varying,
    assets_thumbnail_id integer,
    assets_cover_id integer,
    generate_slug boolean DEFAULT true,
    slug character varying,
    updated_at timestamp(3) with time zone DEFAULT now() NOT NULL,
    created_at timestamp(3) with time zone DEFAULT now() NOT NULL
);


ALTER TABLE public.plans OWNER TO afmuser;

--
-- Name: plans_id_seq; Type: SEQUENCE; Schema: public; Owner: afmuser
--

CREATE SEQUENCE public.plans_id_seq
    AS integer
    START WITH 1
    INCREMENT BY 1
    NO MINVALUE
    NO MAXVALUE
    CACHE 1;


ALTER SEQUENCE public.plans_id_seq OWNER TO afmuser;

--
-- Name: plans_id_seq; Type: SEQUENCE OWNED BY; Schema: public; Owner: afmuser
--

ALTER SEQUENCE public.plans_id_seq OWNED BY public.plans.id;


--
-- Name: plans_locales; Type: TABLE; Schema: public; Owner: afmuser
--

CREATE TABLE public.plans_locales (
    seo_title character varying,
    seo_image_id integer,
    seo_description character varying,
    id integer NOT NULL,
    _locale public._locales NOT NULL,
    _parent_id integer NOT NULL
);


ALTER TABLE public.plans_locales OWNER TO afmuser;

--
-- Name: plans_locales_id_seq; Type: SEQUENCE; Schema: public; Owner: afmuser
--

CREATE SEQUENCE public.plans_locales_id_seq
    AS integer
    START WITH 1
    INCREMENT BY 1
    NO MINVALUE
    NO MAXVALUE
    CACHE 1;


ALTER SEQUENCE public.plans_locales_id_seq OWNER TO afmuser;

--
-- Name: plans_locales_id_seq; Type: SEQUENCE OWNED BY; Schema: public; Owner: afmuser
--

ALTER SEQUENCE public.plans_locales_id_seq OWNED BY public.plans_locales.id;


--
-- Name: plans_rels; Type: TABLE; Schema: public; Owner: afmuser
--

CREATE TABLE public.plans_rels (
    id integer NOT NULL,
    "order" integer,
    parent_id integer NOT NULL,
    path character varying NOT NULL,
    plans_id integer,
    media_id integer,
    categories_id integer,
    tags_id integer
);


ALTER TABLE public.plans_rels OWNER TO afmuser;

--
-- Name: plans_rels_id_seq; Type: SEQUENCE; Schema: public; Owner: afmuser
--

CREATE SEQUENCE public.plans_rels_id_seq
    AS integer
    START WITH 1
    INCREMENT BY 1
    NO MINVALUE
    NO MAXVALUE
    CACHE 1;


ALTER SEQUENCE public.plans_rels_id_seq OWNER TO afmuser;

--
-- Name: plans_rels_id_seq; Type: SEQUENCE OWNED BY; Schema: public; Owner: afmuser
--

ALTER SEQUENCE public.plans_rels_id_seq OWNED BY public.plans_rels.id;


--
-- Name: plans_traits_deliverables_list; Type: TABLE; Schema: public; Owner: afmuser
--

CREATE TABLE public.plans_traits_deliverables_list (
    _order integer NOT NULL,
    _parent_id integer NOT NULL,
    id character varying NOT NULL,
    name character varying DEFAULT ''::character varying,
    type character varying DEFAULT ''::character varying,
    description character varying DEFAULT ''::character varying
);


ALTER TABLE public.plans_traits_deliverables_list OWNER TO afmuser;

--
-- Name: plans_traits_kpis_list; Type: TABLE; Schema: public; Owner: afmuser
--

CREATE TABLE public.plans_traits_kpis_list (
    _order integer NOT NULL,
    _parent_id integer NOT NULL,
    id character varying NOT NULL,
    name character varying DEFAULT ''::character varying,
    target character varying DEFAULT ''::character varying,
    unit character varying DEFAULT ''::character varying
);


ALTER TABLE public.plans_traits_kpis_list OWNER TO afmuser;

--
-- Name: plans_traits_milestones_list; Type: TABLE; Schema: public; Owner: afmuser
--

CREATE TABLE public.plans_traits_milestones_list (
    _order integer NOT NULL,
    _parent_id integer NOT NULL,
    id character varying NOT NULL,
    name character varying DEFAULT ''::character varying,
    due_date timestamp(3) with time zone,
    description character varying DEFAULT ''::character varying
);


ALTER TABLE public.plans_traits_milestones_list OWNER TO afmuser;

--
-- Name: plans_traits_risks_list; Type: TABLE; Schema: public; Owner: afmuser
--

CREATE TABLE public.plans_traits_risks_list (
    _order integer NOT NULL,
    _parent_id integer NOT NULL,
    id character varying NOT NULL,
    name character varying DEFAULT ''::character varying,
    likelihood public.enum_plans_traits_risks_list_likelihood,
    impact public.enum_plans_traits_risks_list_impact,
    mitigation character varying DEFAULT ''::character varying
);


ALTER TABLE public.plans_traits_risks_list OWNER TO afmuser;

--
-- Name: points; Type: TABLE; Schema: public; Owner: afmuser
--

CREATE TABLE public.points (
    id integer NOT NULL,
    name character varying DEFAULT ''::character varying NOT NULL,
    alias character varying DEFAULT ''::character varying,
    basics_description character varying DEFAULT ''::character varying,
    details_scale public.enum_points_details_scale,
    details_value numeric DEFAULT 0,
    details_before numeric DEFAULT 0,
    details_after numeric DEFAULT 0,
    details_delta numeric DEFAULT 0,
    details_condition numeric DEFAULT 0,
    details_adjustment numeric DEFAULT 0,
    details_impact character varying DEFAULT ''::character varying,
    details_notes character varying DEFAULT ''::character varying,
    generate_slug boolean DEFAULT true,
    slug character varying,
    updated_at timestamp(3) with time zone DEFAULT now() NOT NULL,
    created_at timestamp(3) with time zone DEFAULT now() NOT NULL
);


ALTER TABLE public.points OWNER TO afmuser;

--
-- Name: points_id_seq; Type: SEQUENCE; Schema: public; Owner: afmuser
--

CREATE SEQUENCE public.points_id_seq
    AS integer
    START WITH 1
    INCREMENT BY 1
    NO MINVALUE
    NO MAXVALUE
    CACHE 1;


ALTER SEQUENCE public.points_id_seq OWNER TO afmuser;

--
-- Name: points_id_seq; Type: SEQUENCE OWNED BY; Schema: public; Owner: afmuser
--

ALTER SEQUENCE public.points_id_seq OWNED BY public.points.id;


--
-- Name: points_locales; Type: TABLE; Schema: public; Owner: afmuser
--

CREATE TABLE public.points_locales (
    seo_title character varying,
    seo_image_id integer,
    seo_description character varying,
    id integer NOT NULL,
    _locale public._locales NOT NULL,
    _parent_id integer NOT NULL
);


ALTER TABLE public.points_locales OWNER TO afmuser;

--
-- Name: points_locales_id_seq; Type: SEQUENCE; Schema: public; Owner: afmuser
--

CREATE SEQUENCE public.points_locales_id_seq
    AS integer
    START WITH 1
    INCREMENT BY 1
    NO MINVALUE
    NO MAXVALUE
    CACHE 1;


ALTER SEQUENCE public.points_locales_id_seq OWNER TO afmuser;

--
-- Name: points_locales_id_seq; Type: SEQUENCE OWNED BY; Schema: public; Owner: afmuser
--

ALTER SEQUENCE public.points_locales_id_seq OWNED BY public.points_locales.id;


--
-- Name: points_rels; Type: TABLE; Schema: public; Owner: afmuser
--

CREATE TABLE public.points_rels (
    id integer NOT NULL,
    "order" integer,
    parent_id integer NOT NULL,
    path character varying NOT NULL,
    categories_id integer,
    tags_id integer
);


ALTER TABLE public.points_rels OWNER TO afmuser;

--
-- Name: points_rels_id_seq; Type: SEQUENCE; Schema: public; Owner: afmuser
--

CREATE SEQUENCE public.points_rels_id_seq
    AS integer
    START WITH 1
    INCREMENT BY 1
    NO MINVALUE
    NO MAXVALUE
    CACHE 1;


ALTER SEQUENCE public.points_rels_id_seq OWNER TO afmuser;

--
-- Name: points_rels_id_seq; Type: SEQUENCE OWNED BY; Schema: public; Owner: afmuser
--

ALTER SEQUENCE public.points_rels_id_seq OWNED BY public.points_rels.id;


--
-- Name: policies; Type: TABLE; Schema: public; Owner: afmuser
--

CREATE TABLE public.policies (
    id integer NOT NULL,
    name character varying DEFAULT ''::character varying NOT NULL,
    alias character varying DEFAULT ''::character varying,
    basics_description character varying DEFAULT ''::character varying,
    basics_privacy jsonb,
    basics_cookies jsonb,
    basics_version character varying DEFAULT ''::character varying,
    basics_effective_date timestamp(3) with time zone,
    basics_last_reviewed timestamp(3) with time zone,
    basics_document_id integer,
    generate_slug boolean DEFAULT true,
    slug character varying,
    updated_at timestamp(3) with time zone DEFAULT now() NOT NULL,
    created_at timestamp(3) with time zone DEFAULT now() NOT NULL
);


ALTER TABLE public.policies OWNER TO afmuser;

--
-- Name: policies_id_seq; Type: SEQUENCE; Schema: public; Owner: afmuser
--

CREATE SEQUENCE public.policies_id_seq
    AS integer
    START WITH 1
    INCREMENT BY 1
    NO MINVALUE
    NO MAXVALUE
    CACHE 1;


ALTER SEQUENCE public.policies_id_seq OWNER TO afmuser;

--
-- Name: policies_id_seq; Type: SEQUENCE OWNED BY; Schema: public; Owner: afmuser
--

ALTER SEQUENCE public.policies_id_seq OWNED BY public.policies.id;


--
-- Name: policies_locales; Type: TABLE; Schema: public; Owner: afmuser
--

CREATE TABLE public.policies_locales (
    seo_title character varying,
    seo_image_id integer,
    seo_description character varying,
    id integer NOT NULL,
    _locale public._locales NOT NULL,
    _parent_id integer NOT NULL
);


ALTER TABLE public.policies_locales OWNER TO afmuser;

--
-- Name: policies_locales_id_seq; Type: SEQUENCE; Schema: public; Owner: afmuser
--

CREATE SEQUENCE public.policies_locales_id_seq
    AS integer
    START WITH 1
    INCREMENT BY 1
    NO MINVALUE
    NO MAXVALUE
    CACHE 1;


ALTER SEQUENCE public.policies_locales_id_seq OWNER TO afmuser;

--
-- Name: policies_locales_id_seq; Type: SEQUENCE OWNED BY; Schema: public; Owner: afmuser
--

ALTER SEQUENCE public.policies_locales_id_seq OWNED BY public.policies_locales.id;


--
-- Name: policies_rels; Type: TABLE; Schema: public; Owner: afmuser
--

CREATE TABLE public.policies_rels (
    id integer NOT NULL,
    "order" integer,
    parent_id integer NOT NULL,
    path character varying NOT NULL,
    categories_id integer,
    tags_id integer
);


ALTER TABLE public.policies_rels OWNER TO afmuser;

--
-- Name: policies_rels_id_seq; Type: SEQUENCE; Schema: public; Owner: afmuser
--

CREATE SEQUENCE public.policies_rels_id_seq
    AS integer
    START WITH 1
    INCREMENT BY 1
    NO MINVALUE
    NO MAXVALUE
    CACHE 1;


ALTER SEQUENCE public.policies_rels_id_seq OWNER TO afmuser;

--
-- Name: policies_rels_id_seq; Type: SEQUENCE OWNED BY; Schema: public; Owner: afmuser
--

ALTER SEQUENCE public.policies_rels_id_seq OWNED BY public.policies_rels.id;


--
-- Name: products; Type: TABLE; Schema: public; Owner: afmuser
--

CREATE TABLE public.products (
    id integer NOT NULL,
    title character varying,
    description jsonb,
    inventory numeric DEFAULT 0,
    enable_variants boolean,
    price_in_u_s_d_enabled boolean,
    price_in_u_s_d numeric,
    generate_slug boolean DEFAULT true,
    slug character varying,
    updated_at timestamp(3) with time zone DEFAULT now() NOT NULL,
    created_at timestamp(3) with time zone DEFAULT now() NOT NULL,
    deleted_at timestamp(3) with time zone,
    _status public.enum_products_status DEFAULT 'draft'::public.enum_products_status
);


ALTER TABLE public.products OWNER TO afmuser;

--
-- Name: products_blocks_content; Type: TABLE; Schema: public; Owner: afmuser
--

CREATE TABLE public.products_blocks_content (
    _order integer NOT NULL,
    _parent_id integer NOT NULL,
    _path text NOT NULL,
    id character varying NOT NULL,
    block_name character varying
);


ALTER TABLE public.products_blocks_content OWNER TO afmuser;

--
-- Name: products_blocks_content_columns; Type: TABLE; Schema: public; Owner: afmuser
--

CREATE TABLE public.products_blocks_content_columns (
    _order integer NOT NULL,
    _parent_id character varying NOT NULL,
    id character varying NOT NULL,
    size public.enum_products_blocks_content_columns_size DEFAULT 'oneThird'::public.enum_products_blocks_content_columns_size,
    rich_text jsonb,
    enable_link boolean,
    link_type public.enum_products_blocks_content_columns_link_type DEFAULT 'reference'::public.enum_products_blocks_content_columns_link_type,
    link_new_tab boolean,
    link_url character varying,
    link_label character varying,
    link_appearance public.enum_products_blocks_content_columns_link_appearance DEFAULT 'default'::public.enum_products_blocks_content_columns_link_appearance
);


ALTER TABLE public.products_blocks_content_columns OWNER TO afmuser;

--
-- Name: products_blocks_cta; Type: TABLE; Schema: public; Owner: afmuser
--

CREATE TABLE public.products_blocks_cta (
    _order integer NOT NULL,
    _parent_id integer NOT NULL,
    _path text NOT NULL,
    id character varying NOT NULL,
    rich_text jsonb,
    block_name character varying
);


ALTER TABLE public.products_blocks_cta OWNER TO afmuser;

--
-- Name: products_blocks_cta_links; Type: TABLE; Schema: public; Owner: afmuser
--

CREATE TABLE public.products_blocks_cta_links (
    _order integer NOT NULL,
    _parent_id character varying NOT NULL,
    id character varying NOT NULL,
    link_type public.enum_products_blocks_cta_links_link_type DEFAULT 'reference'::public.enum_products_blocks_cta_links_link_type,
    link_new_tab boolean,
    link_url character varying,
    link_label character varying,
    link_appearance public.enum_products_blocks_cta_links_link_appearance DEFAULT 'default'::public.enum_products_blocks_cta_links_link_appearance
);


ALTER TABLE public.products_blocks_cta_links OWNER TO afmuser;

--
-- Name: products_blocks_media_block; Type: TABLE; Schema: public; Owner: afmuser
--

CREATE TABLE public.products_blocks_media_block (
    _order integer NOT NULL,
    _parent_id integer NOT NULL,
    _path text NOT NULL,
    id character varying NOT NULL,
    media_id integer,
    block_name character varying
);


ALTER TABLE public.products_blocks_media_block OWNER TO afmuser;

--
-- Name: products_gallery; Type: TABLE; Schema: public; Owner: afmuser
--

CREATE TABLE public.products_gallery (
    _order integer NOT NULL,
    _parent_id integer NOT NULL,
    id character varying NOT NULL,
    image_id integer,
    variant_option_id integer
);


ALTER TABLE public.products_gallery OWNER TO afmuser;

--
-- Name: products_id_seq; Type: SEQUENCE; Schema: public; Owner: afmuser
--

CREATE SEQUENCE public.products_id_seq
    AS integer
    START WITH 1
    INCREMENT BY 1
    NO MINVALUE
    NO MAXVALUE
    CACHE 1;


ALTER SEQUENCE public.products_id_seq OWNER TO afmuser;

--
-- Name: products_id_seq; Type: SEQUENCE OWNED BY; Schema: public; Owner: afmuser
--

ALTER SEQUENCE public.products_id_seq OWNED BY public.products.id;


--
-- Name: products_locales; Type: TABLE; Schema: public; Owner: afmuser
--

CREATE TABLE public.products_locales (
    meta_title character varying,
    meta_image_id integer,
    meta_description character varying,
    id integer NOT NULL,
    _locale public._locales NOT NULL,
    _parent_id integer NOT NULL
);


ALTER TABLE public.products_locales OWNER TO afmuser;

--
-- Name: products_locales_id_seq; Type: SEQUENCE; Schema: public; Owner: afmuser
--

CREATE SEQUENCE public.products_locales_id_seq
    AS integer
    START WITH 1
    INCREMENT BY 1
    NO MINVALUE
    NO MAXVALUE
    CACHE 1;


ALTER SEQUENCE public.products_locales_id_seq OWNER TO afmuser;

--
-- Name: products_locales_id_seq; Type: SEQUENCE OWNED BY; Schema: public; Owner: afmuser
--

ALTER SEQUENCE public.products_locales_id_seq OWNED BY public.products_locales.id;


--
-- Name: products_rels; Type: TABLE; Schema: public; Owner: afmuser
--

CREATE TABLE public.products_rels (
    id integer NOT NULL,
    "order" integer,
    parent_id integer NOT NULL,
    path character varying NOT NULL,
    pages_id integer,
    variant_types_id integer,
    products_id integer,
    categories_id integer
);


ALTER TABLE public.products_rels OWNER TO afmuser;

--
-- Name: products_rels_id_seq; Type: SEQUENCE; Schema: public; Owner: afmuser
--

CREATE SEQUENCE public.products_rels_id_seq
    AS integer
    START WITH 1
    INCREMENT BY 1
    NO MINVALUE
    NO MAXVALUE
    CACHE 1;


ALTER SEQUENCE public.products_rels_id_seq OWNER TO afmuser;

--
-- Name: products_rels_id_seq; Type: SEQUENCE OWNED BY; Schema: public; Owner: afmuser
--

ALTER SEQUENCE public.products_rels_id_seq OWNED BY public.products_rels.id;


--
-- Name: programs; Type: TABLE; Schema: public; Owner: afmuser
--

CREATE TABLE public.programs (
    id integer NOT NULL,
    name character varying DEFAULT ''::character varying NOT NULL,
    alias character varying DEFAULT ''::character varying,
    basics_identifiers_code character varying DEFAULT ''::character varying,
    basics_tagline character varying DEFAULT ''::character varying,
    basics_description character varying DEFAULT ''::character varying,
    details_objective character varying DEFAULT ''::character varying,
    details_type public.enum_programs_details_type,
    details_status public.enum_programs_details_status,
    details_duration public.enum_programs_details_duration,
    details_start_date timestamp(3) with time zone,
    details_end_date timestamp(3) with time zone,
    details_budget numeric DEFAULT 0,
    details_outcomes character varying DEFAULT ''::character varying,
    details_notes character varying DEFAULT ''::character varying,
    assets_thumbnail_id integer,
    assets_cover_id integer,
    generate_slug boolean DEFAULT true,
    slug character varying,
    updated_at timestamp(3) with time zone DEFAULT now() NOT NULL,
    created_at timestamp(3) with time zone DEFAULT now() NOT NULL
);


ALTER TABLE public.programs OWNER TO afmuser;

--
-- Name: programs_id_seq; Type: SEQUENCE; Schema: public; Owner: afmuser
--

CREATE SEQUENCE public.programs_id_seq
    AS integer
    START WITH 1
    INCREMENT BY 1
    NO MINVALUE
    NO MAXVALUE
    CACHE 1;


ALTER SEQUENCE public.programs_id_seq OWNER TO afmuser;

--
-- Name: programs_id_seq; Type: SEQUENCE OWNED BY; Schema: public; Owner: afmuser
--

ALTER SEQUENCE public.programs_id_seq OWNED BY public.programs.id;


--
-- Name: programs_locales; Type: TABLE; Schema: public; Owner: afmuser
--

CREATE TABLE public.programs_locales (
    seo_title character varying,
    seo_image_id integer,
    seo_description character varying,
    id integer NOT NULL,
    _locale public._locales NOT NULL,
    _parent_id integer NOT NULL
);


ALTER TABLE public.programs_locales OWNER TO afmuser;

--
-- Name: programs_locales_id_seq; Type: SEQUENCE; Schema: public; Owner: afmuser
--

CREATE SEQUENCE public.programs_locales_id_seq
    AS integer
    START WITH 1
    INCREMENT BY 1
    NO MINVALUE
    NO MAXVALUE
    CACHE 1;


ALTER SEQUENCE public.programs_locales_id_seq OWNER TO afmuser;

--
-- Name: programs_locales_id_seq; Type: SEQUENCE OWNED BY; Schema: public; Owner: afmuser
--

ALTER SEQUENCE public.programs_locales_id_seq OWNED BY public.programs_locales.id;


--
-- Name: programs_rels; Type: TABLE; Schema: public; Owner: afmuser
--

CREATE TABLE public.programs_rels (
    id integer NOT NULL,
    "order" integer,
    parent_id integer NOT NULL,
    path character varying NOT NULL,
    leaders_id integer,
    drivers_id integer,
    organizations_id integer,
    media_id integer,
    categories_id integer,
    tags_id integer
);


ALTER TABLE public.programs_rels OWNER TO afmuser;

--
-- Name: programs_rels_id_seq; Type: SEQUENCE; Schema: public; Owner: afmuser
--

CREATE SEQUENCE public.programs_rels_id_seq
    AS integer
    START WITH 1
    INCREMENT BY 1
    NO MINVALUE
    NO MAXVALUE
    CACHE 1;


ALTER SEQUENCE public.programs_rels_id_seq OWNER TO afmuser;

--
-- Name: programs_rels_id_seq; Type: SEQUENCE OWNED BY; Schema: public; Owner: afmuser
--

ALTER SEQUENCE public.programs_rels_id_seq OWNED BY public.programs_rels.id;


--
-- Name: programs_traits_curriculum_list; Type: TABLE; Schema: public; Owner: afmuser
--

CREATE TABLE public.programs_traits_curriculum_list (
    _order integer NOT NULL,
    _parent_id integer NOT NULL,
    id character varying NOT NULL,
    module_name character varying DEFAULT ''::character varying,
    duration character varying DEFAULT ''::character varying,
    deliverable character varying DEFAULT ''::character varying
);


ALTER TABLE public.programs_traits_curriculum_list OWNER TO afmuser;

--
-- Name: programs_traits_eligibility_list; Type: TABLE; Schema: public; Owner: afmuser
--

CREATE TABLE public.programs_traits_eligibility_list (
    _order integer NOT NULL,
    _parent_id integer NOT NULL,
    id character varying NOT NULL,
    criteria character varying DEFAULT ''::character varying,
    value character varying DEFAULT ''::character varying,
    description character varying DEFAULT ''::character varying
);


ALTER TABLE public.programs_traits_eligibility_list OWNER TO afmuser;

--
-- Name: questions; Type: TABLE; Schema: public; Owner: afmuser
--

CREATE TABLE public.questions (
    id integer NOT NULL,
    updated_at timestamp(3) with time zone,
    created_at timestamp(3) with time zone
);


ALTER TABLE public.questions OWNER TO afmuser;

--
-- Name: questions_categories; Type: TABLE; Schema: public; Owner: afmuser
--

CREATE TABLE public.questions_categories (
    _order integer NOT NULL,
    _parent_id integer NOT NULL,
    id character varying NOT NULL,
    visible boolean DEFAULT true
);


ALTER TABLE public.questions_categories OWNER TO afmuser;

--
-- Name: questions_categories_items; Type: TABLE; Schema: public; Owner: afmuser
--

CREATE TABLE public.questions_categories_items (
    _order integer NOT NULL,
    _parent_id character varying NOT NULL,
    id character varying NOT NULL,
    related_page character varying
);


ALTER TABLE public.questions_categories_items OWNER TO afmuser;

--
-- Name: questions_categories_items_locales; Type: TABLE; Schema: public; Owner: afmuser
--

CREATE TABLE public.questions_categories_items_locales (
    question character varying NOT NULL,
    answer jsonb NOT NULL,
    id integer NOT NULL,
    _locale public._locales NOT NULL,
    _parent_id character varying NOT NULL
);


ALTER TABLE public.questions_categories_items_locales OWNER TO afmuser;

--
-- Name: questions_categories_items_locales_id_seq; Type: SEQUENCE; Schema: public; Owner: afmuser
--

CREATE SEQUENCE public.questions_categories_items_locales_id_seq
    AS integer
    START WITH 1
    INCREMENT BY 1
    NO MINVALUE
    NO MAXVALUE
    CACHE 1;


ALTER SEQUENCE public.questions_categories_items_locales_id_seq OWNER TO afmuser;

--
-- Name: questions_categories_items_locales_id_seq; Type: SEQUENCE OWNED BY; Schema: public; Owner: afmuser
--

ALTER SEQUENCE public.questions_categories_items_locales_id_seq OWNED BY public.questions_categories_items_locales.id;


--
-- Name: questions_categories_locales; Type: TABLE; Schema: public; Owner: afmuser
--

CREATE TABLE public.questions_categories_locales (
    label character varying NOT NULL,
    id integer NOT NULL,
    _locale public._locales NOT NULL,
    _parent_id character varying NOT NULL
);


ALTER TABLE public.questions_categories_locales OWNER TO afmuser;

--
-- Name: questions_categories_locales_id_seq; Type: SEQUENCE; Schema: public; Owner: afmuser
--

CREATE SEQUENCE public.questions_categories_locales_id_seq
    AS integer
    START WITH 1
    INCREMENT BY 1
    NO MINVALUE
    NO MAXVALUE
    CACHE 1;


ALTER SEQUENCE public.questions_categories_locales_id_seq OWNER TO afmuser;

--
-- Name: questions_categories_locales_id_seq; Type: SEQUENCE OWNED BY; Schema: public; Owner: afmuser
--

ALTER SEQUENCE public.questions_categories_locales_id_seq OWNED BY public.questions_categories_locales.id;


--
-- Name: questions_id_seq; Type: SEQUENCE; Schema: public; Owner: afmuser
--

CREATE SEQUENCE public.questions_id_seq
    AS integer
    START WITH 1
    INCREMENT BY 1
    NO MINVALUE
    NO MAXVALUE
    CACHE 1;


ALTER SEQUENCE public.questions_id_seq OWNER TO afmuser;

--
-- Name: questions_id_seq; Type: SEQUENCE OWNED BY; Schema: public; Owner: afmuser
--

ALTER SEQUENCE public.questions_id_seq OWNED BY public.questions.id;


--
-- Name: races; Type: TABLE; Schema: public; Owner: afmuser
--

CREATE TABLE public.races (
    id integer NOT NULL,
    name character varying DEFAULT ''::character varying NOT NULL,
    alias character varying DEFAULT ''::character varying,
    basics_identifiers_code character varying DEFAULT ''::character varying,
    basics_identifiers_abbreviation character varying DEFAULT ''::character varying,
    basics_tagline character varying DEFAULT ''::character varying,
    basics_description character varying DEFAULT ''::character varying,
    details_history jsonb,
    details_type public.enum_races_details_type,
    details_status public.enum_races_details_status,
    details_start_date timestamp(3) with time zone,
    details_end_date timestamp(3) with time zone,
    details_event_id integer NOT NULL,
    details_season_id integer,
    details_series_id integer,
    details_circuit_id integer,
    details_laps numeric DEFAULT 0,
    details_distance_km numeric DEFAULT 0,
    details_winner_id integer,
    details_pole_position_id integer,
    details_fastest_lap_id integer,
    details_fastest_lap_time character varying,
    details_weather character varying DEFAULT ''::character varying,
    details_safety_car_periods numeric DEFAULT 0,
    details_red_flags numeric DEFAULT 0,
    details_notes character varying DEFAULT ''::character varying,
    assets_thumbnail_id integer,
    assets_poster_id integer,
    assets_cover_id integer,
    assets_video_id integer,
    generate_slug boolean DEFAULT true,
    slug character varying,
    updated_at timestamp(3) with time zone DEFAULT now() NOT NULL,
    created_at timestamp(3) with time zone DEFAULT now() NOT NULL
);


ALTER TABLE public.races OWNER TO afmuser;

--
-- Name: races_id_seq; Type: SEQUENCE; Schema: public; Owner: afmuser
--

CREATE SEQUENCE public.races_id_seq
    AS integer
    START WITH 1
    INCREMENT BY 1
    NO MINVALUE
    NO MAXVALUE
    CACHE 1;


ALTER SEQUENCE public.races_id_seq OWNER TO afmuser;

--
-- Name: races_id_seq; Type: SEQUENCE OWNED BY; Schema: public; Owner: afmuser
--

ALTER SEQUENCE public.races_id_seq OWNED BY public.races.id;


--
-- Name: races_locales; Type: TABLE; Schema: public; Owner: afmuser
--

CREATE TABLE public.races_locales (
    seo_title character varying,
    seo_image_id integer,
    seo_description character varying,
    id integer NOT NULL,
    _locale public._locales NOT NULL,
    _parent_id integer NOT NULL
);


ALTER TABLE public.races_locales OWNER TO afmuser;

--
-- Name: races_locales_id_seq; Type: SEQUENCE; Schema: public; Owner: afmuser
--

CREATE SEQUENCE public.races_locales_id_seq
    AS integer
    START WITH 1
    INCREMENT BY 1
    NO MINVALUE
    NO MAXVALUE
    CACHE 1;


ALTER SEQUENCE public.races_locales_id_seq OWNER TO afmuser;

--
-- Name: races_locales_id_seq; Type: SEQUENCE OWNED BY; Schema: public; Owner: afmuser
--

ALTER SEQUENCE public.races_locales_id_seq OWNED BY public.races_locales.id;


--
-- Name: races_rels; Type: TABLE; Schema: public; Owner: afmuser
--

CREATE TABLE public.races_rels (
    id integer NOT NULL,
    "order" integer,
    parent_id integer NOT NULL,
    path character varying NOT NULL,
    media_id integer,
    categories_id integer,
    tags_id integer
);


ALTER TABLE public.races_rels OWNER TO afmuser;

--
-- Name: races_rels_id_seq; Type: SEQUENCE; Schema: public; Owner: afmuser
--

CREATE SEQUENCE public.races_rels_id_seq
    AS integer
    START WITH 1
    INCREMENT BY 1
    NO MINVALUE
    NO MAXVALUE
    CACHE 1;


ALTER SEQUENCE public.races_rels_id_seq OWNER TO afmuser;

--
-- Name: races_rels_id_seq; Type: SEQUENCE OWNED BY; Schema: public; Owner: afmuser
--

ALTER SEQUENCE public.races_rels_id_seq OWNED BY public.races_rels.id;


--
-- Name: regulations; Type: TABLE; Schema: public; Owner: afmuser
--

CREATE TABLE public.regulations (
    id integer NOT NULL,
    name character varying DEFAULT ''::character varying NOT NULL,
    alias character varying DEFAULT ''::character varying,
    basics_description character varying DEFAULT ''::character varying,
    basics_status public.enum_regulations_basics_status,
    basics_type public.enum_regulations_basics_type,
    basics_enforcement public.enum_regulations_basics_enforcement,
    basics_code character varying DEFAULT ''::character varying,
    basics_version character varying DEFAULT ''::character varying,
    basics_effective_date timestamp(3) with time zone,
    basics_document_id integer,
    generate_slug boolean DEFAULT true,
    slug character varying,
    updated_at timestamp(3) with time zone DEFAULT now() NOT NULL,
    created_at timestamp(3) with time zone DEFAULT now() NOT NULL
);


ALTER TABLE public.regulations OWNER TO afmuser;

--
-- Name: regulations_id_seq; Type: SEQUENCE; Schema: public; Owner: afmuser
--

CREATE SEQUENCE public.regulations_id_seq
    AS integer
    START WITH 1
    INCREMENT BY 1
    NO MINVALUE
    NO MAXVALUE
    CACHE 1;


ALTER SEQUENCE public.regulations_id_seq OWNER TO afmuser;

--
-- Name: regulations_id_seq; Type: SEQUENCE OWNED BY; Schema: public; Owner: afmuser
--

ALTER SEQUENCE public.regulations_id_seq OWNED BY public.regulations.id;


--
-- Name: regulations_locales; Type: TABLE; Schema: public; Owner: afmuser
--

CREATE TABLE public.regulations_locales (
    seo_title character varying,
    seo_image_id integer,
    seo_description character varying,
    id integer NOT NULL,
    _locale public._locales NOT NULL,
    _parent_id integer NOT NULL
);


ALTER TABLE public.regulations_locales OWNER TO afmuser;

--
-- Name: regulations_locales_id_seq; Type: SEQUENCE; Schema: public; Owner: afmuser
--

CREATE SEQUENCE public.regulations_locales_id_seq
    AS integer
    START WITH 1
    INCREMENT BY 1
    NO MINVALUE
    NO MAXVALUE
    CACHE 1;


ALTER SEQUENCE public.regulations_locales_id_seq OWNER TO afmuser;

--
-- Name: regulations_locales_id_seq; Type: SEQUENCE OWNED BY; Schema: public; Owner: afmuser
--

ALTER SEQUENCE public.regulations_locales_id_seq OWNED BY public.regulations_locales.id;


--
-- Name: regulations_rels; Type: TABLE; Schema: public; Owner: afmuser
--

CREATE TABLE public.regulations_rels (
    id integer NOT NULL,
    "order" integer,
    parent_id integer NOT NULL,
    path character varying NOT NULL,
    categories_id integer,
    tags_id integer
);


ALTER TABLE public.regulations_rels OWNER TO afmuser;

--
-- Name: regulations_rels_id_seq; Type: SEQUENCE; Schema: public; Owner: afmuser
--

CREATE SEQUENCE public.regulations_rels_id_seq
    AS integer
    START WITH 1
    INCREMENT BY 1
    NO MINVALUE
    NO MAXVALUE
    CACHE 1;


ALTER SEQUENCE public.regulations_rels_id_seq OWNER TO afmuser;

--
-- Name: regulations_rels_id_seq; Type: SEQUENCE OWNED BY; Schema: public; Owner: afmuser
--

ALTER SEQUENCE public.regulations_rels_id_seq OWNED BY public.regulations_rels.id;


--
-- Name: results; Type: TABLE; Schema: public; Owner: afmuser
--

CREATE TABLE public.results (
    id integer NOT NULL,
    name character varying DEFAULT ''::character varying NOT NULL,
    alias character varying DEFAULT ''::character varying,
    basics_description character varying DEFAULT ''::character varying,
    details_status public.enum_results_details_status,
    details_overall numeric DEFAULT 0,
    details_class numeric DEFAULT 0,
    details_order numeric DEFAULT 0,
    details_interval numeric DEFAULT 0,
    details_gap numeric DEFAULT 0,
    details_state numeric DEFAULT 0,
    details_laps numeric DEFAULT 0,
    details_time numeric DEFAULT 0,
    details_speed numeric DEFAULT 0,
    details_distance numeric DEFAULT 0,
    details_notes character varying DEFAULT ''::character varying,
    generate_slug boolean DEFAULT true,
    slug character varying,
    updated_at timestamp(3) with time zone DEFAULT now() NOT NULL,
    created_at timestamp(3) with time zone DEFAULT now() NOT NULL
);


ALTER TABLE public.results OWNER TO afmuser;

--
-- Name: results_id_seq; Type: SEQUENCE; Schema: public; Owner: afmuser
--

CREATE SEQUENCE public.results_id_seq
    AS integer
    START WITH 1
    INCREMENT BY 1
    NO MINVALUE
    NO MAXVALUE
    CACHE 1;


ALTER SEQUENCE public.results_id_seq OWNER TO afmuser;

--
-- Name: results_id_seq; Type: SEQUENCE OWNED BY; Schema: public; Owner: afmuser
--

ALTER SEQUENCE public.results_id_seq OWNED BY public.results.id;


--
-- Name: results_locales; Type: TABLE; Schema: public; Owner: afmuser
--

CREATE TABLE public.results_locales (
    seo_title character varying,
    seo_image_id integer,
    seo_description character varying,
    id integer NOT NULL,
    _locale public._locales NOT NULL,
    _parent_id integer NOT NULL
);


ALTER TABLE public.results_locales OWNER TO afmuser;

--
-- Name: results_locales_id_seq; Type: SEQUENCE; Schema: public; Owner: afmuser
--

CREATE SEQUENCE public.results_locales_id_seq
    AS integer
    START WITH 1
    INCREMENT BY 1
    NO MINVALUE
    NO MAXVALUE
    CACHE 1;


ALTER SEQUENCE public.results_locales_id_seq OWNER TO afmuser;

--
-- Name: results_locales_id_seq; Type: SEQUENCE OWNED BY; Schema: public; Owner: afmuser
--

ALTER SEQUENCE public.results_locales_id_seq OWNED BY public.results_locales.id;


--
-- Name: results_rels; Type: TABLE; Schema: public; Owner: afmuser
--

CREATE TABLE public.results_rels (
    id integer NOT NULL,
    "order" integer,
    parent_id integer NOT NULL,
    path character varying NOT NULL,
    categories_id integer,
    tags_id integer
);


ALTER TABLE public.results_rels OWNER TO afmuser;

--
-- Name: results_rels_id_seq; Type: SEQUENCE; Schema: public; Owner: afmuser
--

CREATE SEQUENCE public.results_rels_id_seq
    AS integer
    START WITH 1
    INCREMENT BY 1
    NO MINVALUE
    NO MAXVALUE
    CACHE 1;


ALTER SEQUENCE public.results_rels_id_seq OWNER TO afmuser;

--
-- Name: results_rels_id_seq; Type: SEQUENCE OWNED BY; Schema: public; Owner: afmuser
--

ALTER SEQUENCE public.results_rels_id_seq OWNED BY public.results_rels.id;


--
-- Name: search; Type: TABLE; Schema: public; Owner: afmuser
--

CREATE TABLE public.search (
    id integer NOT NULL,
    priority numeric,
    updated_at timestamp(3) with time zone DEFAULT now() NOT NULL,
    created_at timestamp(3) with time zone DEFAULT now() NOT NULL
);


ALTER TABLE public.search OWNER TO afmuser;

--
-- Name: search_id_seq; Type: SEQUENCE; Schema: public; Owner: afmuser
--

CREATE SEQUENCE public.search_id_seq
    AS integer
    START WITH 1
    INCREMENT BY 1
    NO MINVALUE
    NO MAXVALUE
    CACHE 1;


ALTER SEQUENCE public.search_id_seq OWNER TO afmuser;

--
-- Name: search_id_seq; Type: SEQUENCE OWNED BY; Schema: public; Owner: afmuser
--

ALTER SEQUENCE public.search_id_seq OWNED BY public.search.id;


--
-- Name: search_locales; Type: TABLE; Schema: public; Owner: afmuser
--

CREATE TABLE public.search_locales (
    title character varying,
    id integer NOT NULL,
    _locale public._locales NOT NULL,
    _parent_id integer NOT NULL
);


ALTER TABLE public.search_locales OWNER TO afmuser;

--
-- Name: search_locales_id_seq; Type: SEQUENCE; Schema: public; Owner: afmuser
--

CREATE SEQUENCE public.search_locales_id_seq
    AS integer
    START WITH 1
    INCREMENT BY 1
    NO MINVALUE
    NO MAXVALUE
    CACHE 1;


ALTER SEQUENCE public.search_locales_id_seq OWNER TO afmuser;

--
-- Name: search_locales_id_seq; Type: SEQUENCE OWNED BY; Schema: public; Owner: afmuser
--

ALTER SEQUENCE public.search_locales_id_seq OWNED BY public.search_locales.id;


--
-- Name: search_rels; Type: TABLE; Schema: public; Owner: afmuser
--

CREATE TABLE public.search_rels (
    id integer NOT NULL,
    "order" integer,
    parent_id integer NOT NULL,
    path character varying NOT NULL,
    series_id integer,
    seasons_id integer,
    events_id integer,
    sessions_id integer,
    entries_id integer,
    results_id integer,
    points_id integer,
    circuits_id integer,
    championships_id integer,
    races_id integer,
    teams_id integer,
    drivers_id integer,
    leaders_id integer,
    members_id integer,
    individuals_id integer,
    organizations_id integer,
    users_id integer,
    meetups_id integer,
    initiatives_id integer,
    trainings_id integer,
    vacancies_id integer,
    onboardings_id integer,
    hospitalities_id integer,
    awards_id integer,
    celebrations_id integer,
    interviews_id integer,
    incidents_id integer,
    cars_id integer,
    helmets_id integer,
    suits_id integer,
    garages_id integer,
    media_id integer,
    designations_id integer,
    skills_id integer,
    statuses_id integer,
    regulations_id integer,
    policies_id integer,
    statements_id integer,
    slides_id integer,
    pages_id integer,
    categories_id integer,
    tags_id integer,
    countries_id integer,
    plans_id integer,
    timelines_id integer,
    programs_id integer
);


ALTER TABLE public.search_rels OWNER TO afmuser;

--
-- Name: search_rels_id_seq; Type: SEQUENCE; Schema: public; Owner: afmuser
--

CREATE SEQUENCE public.search_rels_id_seq
    AS integer
    START WITH 1
    INCREMENT BY 1
    NO MINVALUE
    NO MAXVALUE
    CACHE 1;


ALTER SEQUENCE public.search_rels_id_seq OWNER TO afmuser;

--
-- Name: search_rels_id_seq; Type: SEQUENCE OWNED BY; Schema: public; Owner: afmuser
--

ALTER SEQUENCE public.search_rels_id_seq OWNED BY public.search_rels.id;


--
-- Name: seasons; Type: TABLE; Schema: public; Owner: afmuser
--

CREATE TABLE public.seasons (
    id integer NOT NULL,
    name character varying DEFAULT ''::character varying NOT NULL,
    alias character varying DEFAULT ''::character varying,
    basics_identifiers_code character varying DEFAULT ''::character varying,
    basics_identifiers_abbreviation character varying DEFAULT ''::character varying,
    basics_tagline character varying DEFAULT ''::character varying,
    basics_description character varying DEFAULT ''::character varying,
    details_series_id integer NOT NULL,
    details_history jsonb,
    details_entries numeric DEFAULT 0,
    details_races numeric DEFAULT 0,
    details_notes character varying DEFAULT ''::character varying,
    assets_cover_id integer,
    assets_trailer_id integer,
    generate_slug boolean DEFAULT true,
    slug character varying,
    updated_at timestamp(3) with time zone DEFAULT now() NOT NULL,
    created_at timestamp(3) with time zone DEFAULT now() NOT NULL
);


ALTER TABLE public.seasons OWNER TO afmuser;

--
-- Name: seasons_id_seq; Type: SEQUENCE; Schema: public; Owner: afmuser
--

CREATE SEQUENCE public.seasons_id_seq
    AS integer
    START WITH 1
    INCREMENT BY 1
    NO MINVALUE
    NO MAXVALUE
    CACHE 1;


ALTER SEQUENCE public.seasons_id_seq OWNER TO afmuser;

--
-- Name: seasons_id_seq; Type: SEQUENCE OWNED BY; Schema: public; Owner: afmuser
--

ALTER SEQUENCE public.seasons_id_seq OWNED BY public.seasons.id;


--
-- Name: seasons_locales; Type: TABLE; Schema: public; Owner: afmuser
--

CREATE TABLE public.seasons_locales (
    seo_title character varying,
    seo_image_id integer,
    seo_description character varying,
    id integer NOT NULL,
    _locale public._locales NOT NULL,
    _parent_id integer NOT NULL
);


ALTER TABLE public.seasons_locales OWNER TO afmuser;

--
-- Name: seasons_locales_id_seq; Type: SEQUENCE; Schema: public; Owner: afmuser
--

CREATE SEQUENCE public.seasons_locales_id_seq
    AS integer
    START WITH 1
    INCREMENT BY 1
    NO MINVALUE
    NO MAXVALUE
    CACHE 1;


ALTER SEQUENCE public.seasons_locales_id_seq OWNER TO afmuser;

--
-- Name: seasons_locales_id_seq; Type: SEQUENCE OWNED BY; Schema: public; Owner: afmuser
--

ALTER SEQUENCE public.seasons_locales_id_seq OWNED BY public.seasons_locales.id;


--
-- Name: seasons_rels; Type: TABLE; Schema: public; Owner: afmuser
--

CREATE TABLE public.seasons_rels (
    id integer NOT NULL,
    "order" integer,
    parent_id integer NOT NULL,
    path character varying NOT NULL,
    media_id integer,
    categories_id integer,
    tags_id integer
);


ALTER TABLE public.seasons_rels OWNER TO afmuser;

--
-- Name: seasons_rels_id_seq; Type: SEQUENCE; Schema: public; Owner: afmuser
--

CREATE SEQUENCE public.seasons_rels_id_seq
    AS integer
    START WITH 1
    INCREMENT BY 1
    NO MINVALUE
    NO MAXVALUE
    CACHE 1;


ALTER SEQUENCE public.seasons_rels_id_seq OWNER TO afmuser;

--
-- Name: seasons_rels_id_seq; Type: SEQUENCE OWNED BY; Schema: public; Owner: afmuser
--

ALTER SEQUENCE public.seasons_rels_id_seq OWNED BY public.seasons_rels.id;


--
-- Name: series; Type: TABLE; Schema: public; Owner: afmuser
--

CREATE TABLE public.series (
    id integer NOT NULL,
    name character varying DEFAULT ''::character varying NOT NULL,
    alias character varying DEFAULT ''::character varying,
    basics_identifiers_code character varying DEFAULT ''::character varying,
    basics_identifiers_abbreviation character varying DEFAULT ''::character varying,
    basics_tagline character varying DEFAULT ''::character varying,
    basics_description character varying DEFAULT ''::character varying,
    details_status public.enum_series_details_status,
    details_access public.enum_series_details_access,
    details_agenda character varying DEFAULT ''::character varying,
    details_history jsonb,
    details_predecessor_id integer,
    details_successor_id integer,
    details_start_date timestamp(3) with time zone,
    details_end_date timestamp(3) with time zone,
    details_location public.geometry(Point) DEFAULT '0101000020E610000000000000000000000000000000000000'::public.geometry,
    assets_logo_id integer,
    assets_thumbnail_id integer,
    assets_cover_id integer,
    generate_slug boolean DEFAULT true,
    slug character varying,
    updated_at timestamp(3) with time zone DEFAULT now() NOT NULL,
    created_at timestamp(3) with time zone DEFAULT now() NOT NULL
);


ALTER TABLE public.series OWNER TO afmuser;

--
-- Name: series_id_seq; Type: SEQUENCE; Schema: public; Owner: afmuser
--

CREATE SEQUENCE public.series_id_seq
    AS integer
    START WITH 1
    INCREMENT BY 1
    NO MINVALUE
    NO MAXVALUE
    CACHE 1;


ALTER SEQUENCE public.series_id_seq OWNER TO afmuser;

--
-- Name: series_id_seq; Type: SEQUENCE OWNED BY; Schema: public; Owner: afmuser
--

ALTER SEQUENCE public.series_id_seq OWNED BY public.series.id;


--
-- Name: series_locales; Type: TABLE; Schema: public; Owner: afmuser
--

CREATE TABLE public.series_locales (
    seo_title character varying,
    seo_image_id integer,
    seo_description character varying,
    id integer NOT NULL,
    _locale public._locales NOT NULL,
    _parent_id integer NOT NULL
);


ALTER TABLE public.series_locales OWNER TO afmuser;

--
-- Name: series_locales_id_seq; Type: SEQUENCE; Schema: public; Owner: afmuser
--

CREATE SEQUENCE public.series_locales_id_seq
    AS integer
    START WITH 1
    INCREMENT BY 1
    NO MINVALUE
    NO MAXVALUE
    CACHE 1;


ALTER SEQUENCE public.series_locales_id_seq OWNER TO afmuser;

--
-- Name: series_locales_id_seq; Type: SEQUENCE OWNED BY; Schema: public; Owner: afmuser
--

ALTER SEQUENCE public.series_locales_id_seq OWNED BY public.series_locales.id;


--
-- Name: series_rels; Type: TABLE; Schema: public; Owner: afmuser
--

CREATE TABLE public.series_rels (
    id integer NOT NULL,
    "order" integer,
    parent_id integer NOT NULL,
    path character varying NOT NULL,
    media_id integer,
    categories_id integer,
    tags_id integer
);


ALTER TABLE public.series_rels OWNER TO afmuser;

--
-- Name: series_rels_id_seq; Type: SEQUENCE; Schema: public; Owner: afmuser
--

CREATE SEQUENCE public.series_rels_id_seq
    AS integer
    START WITH 1
    INCREMENT BY 1
    NO MINVALUE
    NO MAXVALUE
    CACHE 1;


ALTER SEQUENCE public.series_rels_id_seq OWNER TO afmuser;

--
-- Name: series_rels_id_seq; Type: SEQUENCE OWNED BY; Schema: public; Owner: afmuser
--

ALTER SEQUENCE public.series_rels_id_seq OWNED BY public.series_rels.id;


--
-- Name: sessions; Type: TABLE; Schema: public; Owner: afmuser
--

CREATE TABLE public.sessions (
    id integer NOT NULL,
    name character varying DEFAULT ''::character varying NOT NULL,
    alias character varying DEFAULT ''::character varying,
    basics_identifiers_code character varying DEFAULT ''::character varying,
    basics_segment character varying DEFAULT ''::character varying,
    basics_description character varying DEFAULT ''::character varying,
    details_access public.enum_sessions_details_access,
    details_specification character varying DEFAULT ''::character varying,
    details_history jsonb,
    details_notes character varying DEFAULT ''::character varying,
    metrics_quantifiers_laps numeric DEFAULT 0,
    metrics_quantifiers_distance numeric DEFAULT 0,
    metrics_quantifiers_duration numeric DEFAULT 0,
    metrics_quantifiers_interval numeric DEFAULT 0,
    metrics_quantifiers_specification character varying DEFAULT ''::character varying,
    assets_thumbnail_id integer,
    generate_slug boolean DEFAULT true,
    slug character varying,
    updated_at timestamp(3) with time zone DEFAULT now() NOT NULL,
    created_at timestamp(3) with time zone DEFAULT now() NOT NULL
);


ALTER TABLE public.sessions OWNER TO afmuser;

--
-- Name: sessions_id_seq; Type: SEQUENCE; Schema: public; Owner: afmuser
--

CREATE SEQUENCE public.sessions_id_seq
    AS integer
    START WITH 1
    INCREMENT BY 1
    NO MINVALUE
    NO MAXVALUE
    CACHE 1;


ALTER SEQUENCE public.sessions_id_seq OWNER TO afmuser;

--
-- Name: sessions_id_seq; Type: SEQUENCE OWNED BY; Schema: public; Owner: afmuser
--

ALTER SEQUENCE public.sessions_id_seq OWNED BY public.sessions.id;


--
-- Name: sessions_locales; Type: TABLE; Schema: public; Owner: afmuser
--

CREATE TABLE public.sessions_locales (
    seo_title character varying,
    seo_image_id integer,
    seo_description character varying,
    id integer NOT NULL,
    _locale public._locales NOT NULL,
    _parent_id integer NOT NULL
);


ALTER TABLE public.sessions_locales OWNER TO afmuser;

--
-- Name: sessions_locales_id_seq; Type: SEQUENCE; Schema: public; Owner: afmuser
--

CREATE SEQUENCE public.sessions_locales_id_seq
    AS integer
    START WITH 1
    INCREMENT BY 1
    NO MINVALUE
    NO MAXVALUE
    CACHE 1;


ALTER SEQUENCE public.sessions_locales_id_seq OWNER TO afmuser;

--
-- Name: sessions_locales_id_seq; Type: SEQUENCE OWNED BY; Schema: public; Owner: afmuser
--

ALTER SEQUENCE public.sessions_locales_id_seq OWNED BY public.sessions_locales.id;


--
-- Name: sessions_rels; Type: TABLE; Schema: public; Owner: afmuser
--

CREATE TABLE public.sessions_rels (
    id integer NOT NULL,
    "order" integer,
    parent_id integer NOT NULL,
    path character varying NOT NULL,
    media_id integer,
    categories_id integer,
    tags_id integer
);


ALTER TABLE public.sessions_rels OWNER TO afmuser;

--
-- Name: sessions_rels_id_seq; Type: SEQUENCE; Schema: public; Owner: afmuser
--

CREATE SEQUENCE public.sessions_rels_id_seq
    AS integer
    START WITH 1
    INCREMENT BY 1
    NO MINVALUE
    NO MAXVALUE
    CACHE 1;


ALTER SEQUENCE public.sessions_rels_id_seq OWNER TO afmuser;

--
-- Name: sessions_rels_id_seq; Type: SEQUENCE OWNED BY; Schema: public; Owner: afmuser
--

ALTER SEQUENCE public.sessions_rels_id_seq OWNED BY public.sessions_rels.id;


--
-- Name: skills; Type: TABLE; Schema: public; Owner: afmuser
--

CREATE TABLE public.skills (
    id integer NOT NULL,
    name character varying DEFAULT ''::character varying NOT NULL,
    alias character varying DEFAULT ''::character varying,
    basics_description character varying DEFAULT ''::character varying,
    details_scale public.enum_skills_details_scale,
    details_depth public.enum_skills_details_depth,
    details_rarity public.enum_skills_details_rarity,
    details_complexity public.enum_skills_details_complexity,
    generate_slug boolean DEFAULT true,
    slug character varying,
    updated_at timestamp(3) with time zone DEFAULT now() NOT NULL,
    created_at timestamp(3) with time zone DEFAULT now() NOT NULL
);


ALTER TABLE public.skills OWNER TO afmuser;

--
-- Name: skills_details_features_list; Type: TABLE; Schema: public; Owner: afmuser
--

CREATE TABLE public.skills_details_features_list (
    _order integer NOT NULL,
    _parent_id integer NOT NULL,
    id character varying NOT NULL,
    name character varying DEFAULT ''::character varying,
    description character varying DEFAULT ''::character varying
);


ALTER TABLE public.skills_details_features_list OWNER TO afmuser;

--
-- Name: skills_details_specifications_list; Type: TABLE; Schema: public; Owner: afmuser
--

CREATE TABLE public.skills_details_specifications_list (
    _order integer NOT NULL,
    _parent_id integer NOT NULL,
    id character varying NOT NULL,
    parameter character varying DEFAULT ''::character varying,
    value character varying DEFAULT ''::character varying,
    description character varying DEFAULT ''::character varying
);


ALTER TABLE public.skills_details_specifications_list OWNER TO afmuser;

--
-- Name: skills_id_seq; Type: SEQUENCE; Schema: public; Owner: afmuser
--

CREATE SEQUENCE public.skills_id_seq
    AS integer
    START WITH 1
    INCREMENT BY 1
    NO MINVALUE
    NO MAXVALUE
    CACHE 1;


ALTER SEQUENCE public.skills_id_seq OWNER TO afmuser;

--
-- Name: skills_id_seq; Type: SEQUENCE OWNED BY; Schema: public; Owner: afmuser
--

ALTER SEQUENCE public.skills_id_seq OWNED BY public.skills.id;


--
-- Name: skills_locales; Type: TABLE; Schema: public; Owner: afmuser
--

CREATE TABLE public.skills_locales (
    seo_title character varying,
    seo_image_id integer,
    seo_description character varying,
    id integer NOT NULL,
    _locale public._locales NOT NULL,
    _parent_id integer NOT NULL
);


ALTER TABLE public.skills_locales OWNER TO afmuser;

--
-- Name: skills_locales_id_seq; Type: SEQUENCE; Schema: public; Owner: afmuser
--

CREATE SEQUENCE public.skills_locales_id_seq
    AS integer
    START WITH 1
    INCREMENT BY 1
    NO MINVALUE
    NO MAXVALUE
    CACHE 1;


ALTER SEQUENCE public.skills_locales_id_seq OWNER TO afmuser;

--
-- Name: skills_locales_id_seq; Type: SEQUENCE OWNED BY; Schema: public; Owner: afmuser
--

ALTER SEQUENCE public.skills_locales_id_seq OWNED BY public.skills_locales.id;


--
-- Name: skills_rels; Type: TABLE; Schema: public; Owner: afmuser
--

CREATE TABLE public.skills_rels (
    id integer NOT NULL,
    "order" integer,
    parent_id integer NOT NULL,
    path character varying NOT NULL,
    categories_id integer,
    tags_id integer
);


ALTER TABLE public.skills_rels OWNER TO afmuser;

--
-- Name: skills_rels_id_seq; Type: SEQUENCE; Schema: public; Owner: afmuser
--

CREATE SEQUENCE public.skills_rels_id_seq
    AS integer
    START WITH 1
    INCREMENT BY 1
    NO MINVALUE
    NO MAXVALUE
    CACHE 1;


ALTER SEQUENCE public.skills_rels_id_seq OWNER TO afmuser;

--
-- Name: skills_rels_id_seq; Type: SEQUENCE OWNED BY; Schema: public; Owner: afmuser
--

ALTER SEQUENCE public.skills_rels_id_seq OWNED BY public.skills_rels.id;


--
-- Name: slides; Type: TABLE; Schema: public; Owner: afmuser
--

CREATE TABLE public.slides (
    id integer NOT NULL,
    name character varying DEFAULT ''::character varying NOT NULL,
    alias character varying DEFAULT ''::character varying,
    basics_identifiers_code character varying DEFAULT ''::character varying,
    basics_description character varying DEFAULT ''::character varying,
    basics_story jsonb,
    details_type public.enum_slides_details_type,
    details_orientation public.enum_slides_details_orientation,
    details_template public.enum_slides_details_template,
    details_transition public.enum_slides_details_transition,
    details_duration numeric DEFAULT 0,
    details_order numeric DEFAULT 0,
    details_notes character varying DEFAULT ''::character varying,
    traits_notes character varying DEFAULT ''::character varying,
    assets_background_id integer,
    assets_thumbnail_id integer,
    assets_foreground_id integer,
    generate_slug boolean DEFAULT true,
    slug character varying,
    updated_at timestamp(3) with time zone DEFAULT now() NOT NULL,
    created_at timestamp(3) with time zone DEFAULT now() NOT NULL
);


ALTER TABLE public.slides OWNER TO afmuser;

--
-- Name: slides_id_seq; Type: SEQUENCE; Schema: public; Owner: afmuser
--

CREATE SEQUENCE public.slides_id_seq
    AS integer
    START WITH 1
    INCREMENT BY 1
    NO MINVALUE
    NO MAXVALUE
    CACHE 1;


ALTER SEQUENCE public.slides_id_seq OWNER TO afmuser;

--
-- Name: slides_id_seq; Type: SEQUENCE OWNED BY; Schema: public; Owner: afmuser
--

ALTER SEQUENCE public.slides_id_seq OWNED BY public.slides.id;


--
-- Name: slides_locales; Type: TABLE; Schema: public; Owner: afmuser
--

CREATE TABLE public.slides_locales (
    seo_title character varying,
    seo_image_id integer,
    seo_description character varying,
    id integer NOT NULL,
    _locale public._locales NOT NULL,
    _parent_id integer NOT NULL
);


ALTER TABLE public.slides_locales OWNER TO afmuser;

--
-- Name: slides_locales_id_seq; Type: SEQUENCE; Schema: public; Owner: afmuser
--

CREATE SEQUENCE public.slides_locales_id_seq
    AS integer
    START WITH 1
    INCREMENT BY 1
    NO MINVALUE
    NO MAXVALUE
    CACHE 1;


ALTER SEQUENCE public.slides_locales_id_seq OWNER TO afmuser;

--
-- Name: slides_locales_id_seq; Type: SEQUENCE OWNED BY; Schema: public; Owner: afmuser
--

ALTER SEQUENCE public.slides_locales_id_seq OWNED BY public.slides_locales.id;


--
-- Name: slides_rels; Type: TABLE; Schema: public; Owner: afmuser
--

CREATE TABLE public.slides_rels (
    id integer NOT NULL,
    "order" integer,
    parent_id integer NOT NULL,
    path character varying NOT NULL,
    categories_id integer,
    tags_id integer
);


ALTER TABLE public.slides_rels OWNER TO afmuser;

--
-- Name: slides_rels_id_seq; Type: SEQUENCE; Schema: public; Owner: afmuser
--

CREATE SEQUENCE public.slides_rels_id_seq
    AS integer
    START WITH 1
    INCREMENT BY 1
    NO MINVALUE
    NO MAXVALUE
    CACHE 1;


ALTER SEQUENCE public.slides_rels_id_seq OWNER TO afmuser;

--
-- Name: slides_rels_id_seq; Type: SEQUENCE OWNED BY; Schema: public; Owner: afmuser
--

ALTER SEQUENCE public.slides_rels_id_seq OWNED BY public.slides_rels.id;


--
-- Name: slides_traits_tags_list; Type: TABLE; Schema: public; Owner: afmuser
--

CREATE TABLE public.slides_traits_tags_list (
    _order integer NOT NULL,
    _parent_id integer NOT NULL,
    id character varying NOT NULL,
    name character varying DEFAULT ''::character varying
);


ALTER TABLE public.slides_traits_tags_list OWNER TO afmuser;

--
-- Name: socials; Type: TABLE; Schema: public; Owner: afmuser
--

CREATE TABLE public.socials (
    id integer NOT NULL,
    updated_at timestamp(3) with time zone,
    created_at timestamp(3) with time zone
);


ALTER TABLE public.socials OWNER TO afmuser;

--
-- Name: socials_accounts; Type: TABLE; Schema: public; Owner: afmuser
--

CREATE TABLE public.socials_accounts (
    _order integer NOT NULL,
    _parent_id integer NOT NULL,
    id character varying NOT NULL,
    platform public.enum_socials_accounts_platform NOT NULL,
    label character varying NOT NULL,
    handle character varying,
    url character varying NOT NULL,
    visible boolean DEFAULT true
);


ALTER TABLE public.socials_accounts OWNER TO afmuser;

--
-- Name: socials_id_seq; Type: SEQUENCE; Schema: public; Owner: afmuser
--

CREATE SEQUENCE public.socials_id_seq
    AS integer
    START WITH 1
    INCREMENT BY 1
    NO MINVALUE
    NO MAXVALUE
    CACHE 1;


ALTER SEQUENCE public.socials_id_seq OWNER TO afmuser;

--
-- Name: socials_id_seq; Type: SEQUENCE OWNED BY; Schema: public; Owner: afmuser
--

ALTER SEQUENCE public.socials_id_seq OWNED BY public.socials.id;


--
-- Name: statements; Type: TABLE; Schema: public; Owner: afmuser
--

CREATE TABLE public.statements (
    id integer NOT NULL,
    name character varying DEFAULT ''::character varying NOT NULL,
    alias character varying DEFAULT ''::character varying,
    basics_description character varying DEFAULT ''::character varying,
    basics_status public.enum_statements_basics_status,
    basics_statement jsonb,
    basics_issued_date timestamp(3) with time zone,
    basics_authority_id integer,
    generate_slug boolean DEFAULT true,
    slug character varying,
    updated_at timestamp(3) with time zone DEFAULT now() NOT NULL,
    created_at timestamp(3) with time zone DEFAULT now() NOT NULL
);


ALTER TABLE public.statements OWNER TO afmuser;

--
-- Name: statements_id_seq; Type: SEQUENCE; Schema: public; Owner: afmuser
--

CREATE SEQUENCE public.statements_id_seq
    AS integer
    START WITH 1
    INCREMENT BY 1
    NO MINVALUE
    NO MAXVALUE
    CACHE 1;


ALTER SEQUENCE public.statements_id_seq OWNER TO afmuser;

--
-- Name: statements_id_seq; Type: SEQUENCE OWNED BY; Schema: public; Owner: afmuser
--

ALTER SEQUENCE public.statements_id_seq OWNED BY public.statements.id;


--
-- Name: statements_locales; Type: TABLE; Schema: public; Owner: afmuser
--

CREATE TABLE public.statements_locales (
    seo_title character varying,
    seo_image_id integer,
    seo_description character varying,
    id integer NOT NULL,
    _locale public._locales NOT NULL,
    _parent_id integer NOT NULL
);


ALTER TABLE public.statements_locales OWNER TO afmuser;

--
-- Name: statements_locales_id_seq; Type: SEQUENCE; Schema: public; Owner: afmuser
--

CREATE SEQUENCE public.statements_locales_id_seq
    AS integer
    START WITH 1
    INCREMENT BY 1
    NO MINVALUE
    NO MAXVALUE
    CACHE 1;


ALTER SEQUENCE public.statements_locales_id_seq OWNER TO afmuser;

--
-- Name: statements_locales_id_seq; Type: SEQUENCE OWNED BY; Schema: public; Owner: afmuser
--

ALTER SEQUENCE public.statements_locales_id_seq OWNED BY public.statements_locales.id;


--
-- Name: statements_rels; Type: TABLE; Schema: public; Owner: afmuser
--

CREATE TABLE public.statements_rels (
    id integer NOT NULL,
    "order" integer,
    parent_id integer NOT NULL,
    path character varying NOT NULL,
    categories_id integer,
    tags_id integer
);


ALTER TABLE public.statements_rels OWNER TO afmuser;

--
-- Name: statements_rels_id_seq; Type: SEQUENCE; Schema: public; Owner: afmuser
--

CREATE SEQUENCE public.statements_rels_id_seq
    AS integer
    START WITH 1
    INCREMENT BY 1
    NO MINVALUE
    NO MAXVALUE
    CACHE 1;


ALTER SEQUENCE public.statements_rels_id_seq OWNER TO afmuser;

--
-- Name: statements_rels_id_seq; Type: SEQUENCE OWNED BY; Schema: public; Owner: afmuser
--

ALTER SEQUENCE public.statements_rels_id_seq OWNED BY public.statements_rels.id;


--
-- Name: statuses; Type: TABLE; Schema: public; Owner: afmuser
--

CREATE TABLE public.statuses (
    id integer NOT NULL,
    name character varying DEFAULT ''::character varying NOT NULL,
    alias character varying DEFAULT ''::character varying,
    basics_description character varying DEFAULT ''::character varying,
    generate_slug boolean DEFAULT true,
    slug character varying,
    updated_at timestamp(3) with time zone DEFAULT now() NOT NULL,
    created_at timestamp(3) with time zone DEFAULT now() NOT NULL
);


ALTER TABLE public.statuses OWNER TO afmuser;

--
-- Name: statuses_id_seq; Type: SEQUENCE; Schema: public; Owner: afmuser
--

CREATE SEQUENCE public.statuses_id_seq
    AS integer
    START WITH 1
    INCREMENT BY 1
    NO MINVALUE
    NO MAXVALUE
    CACHE 1;


ALTER SEQUENCE public.statuses_id_seq OWNER TO afmuser;

--
-- Name: statuses_id_seq; Type: SEQUENCE OWNED BY; Schema: public; Owner: afmuser
--

ALTER SEQUENCE public.statuses_id_seq OWNED BY public.statuses.id;


--
-- Name: statuses_locales; Type: TABLE; Schema: public; Owner: afmuser
--

CREATE TABLE public.statuses_locales (
    seo_title character varying,
    seo_image_id integer,
    seo_description character varying,
    id integer NOT NULL,
    _locale public._locales NOT NULL,
    _parent_id integer NOT NULL
);


ALTER TABLE public.statuses_locales OWNER TO afmuser;

--
-- Name: statuses_locales_id_seq; Type: SEQUENCE; Schema: public; Owner: afmuser
--

CREATE SEQUENCE public.statuses_locales_id_seq
    AS integer
    START WITH 1
    INCREMENT BY 1
    NO MINVALUE
    NO MAXVALUE
    CACHE 1;


ALTER SEQUENCE public.statuses_locales_id_seq OWNER TO afmuser;

--
-- Name: statuses_locales_id_seq; Type: SEQUENCE OWNED BY; Schema: public; Owner: afmuser
--

ALTER SEQUENCE public.statuses_locales_id_seq OWNED BY public.statuses_locales.id;


--
-- Name: statuses_rels; Type: TABLE; Schema: public; Owner: afmuser
--

CREATE TABLE public.statuses_rels (
    id integer NOT NULL,
    "order" integer,
    parent_id integer NOT NULL,
    path character varying NOT NULL,
    categories_id integer,
    tags_id integer
);


ALTER TABLE public.statuses_rels OWNER TO afmuser;

--
-- Name: statuses_rels_id_seq; Type: SEQUENCE; Schema: public; Owner: afmuser
--

CREATE SEQUENCE public.statuses_rels_id_seq
    AS integer
    START WITH 1
    INCREMENT BY 1
    NO MINVALUE
    NO MAXVALUE
    CACHE 1;


ALTER SEQUENCE public.statuses_rels_id_seq OWNER TO afmuser;

--
-- Name: statuses_rels_id_seq; Type: SEQUENCE OWNED BY; Schema: public; Owner: afmuser
--

ALTER SEQUENCE public.statuses_rels_id_seq OWNED BY public.statuses_rels.id;


--
-- Name: suits; Type: TABLE; Schema: public; Owner: afmuser
--

CREATE TABLE public.suits (
    id integer NOT NULL,
    name character varying DEFAULT ''::character varying NOT NULL,
    alias character varying DEFAULT ''::character varying,
    basics_tagline character varying DEFAULT ''::character varying,
    basics_description character varying DEFAULT ''::character varying,
    details_usage public.enum_suits_details_usage,
    details_durability public.enum_suits_details_durability,
    details_material public.enum_suits_details_material,
    details_appearance public.enum_suits_details_appearance,
    assets_thumbnail_id integer,
    assets_video_id integer,
    generate_slug boolean DEFAULT true,
    slug character varying,
    updated_at timestamp(3) with time zone DEFAULT now() NOT NULL,
    created_at timestamp(3) with time zone DEFAULT now() NOT NULL
);


ALTER TABLE public.suits OWNER TO afmuser;

--
-- Name: suits_details_manufacturers_list; Type: TABLE; Schema: public; Owner: afmuser
--

CREATE TABLE public.suits_details_manufacturers_list (
    _order integer NOT NULL,
    _parent_id integer NOT NULL,
    id character varying NOT NULL,
    name character varying DEFAULT ''::character varying,
    description character varying DEFAULT ''::character varying
);


ALTER TABLE public.suits_details_manufacturers_list OWNER TO afmuser;

--
-- Name: suits_id_seq; Type: SEQUENCE; Schema: public; Owner: afmuser
--

CREATE SEQUENCE public.suits_id_seq
    AS integer
    START WITH 1
    INCREMENT BY 1
    NO MINVALUE
    NO MAXVALUE
    CACHE 1;


ALTER SEQUENCE public.suits_id_seq OWNER TO afmuser;

--
-- Name: suits_id_seq; Type: SEQUENCE OWNED BY; Schema: public; Owner: afmuser
--

ALTER SEQUENCE public.suits_id_seq OWNED BY public.suits.id;


--
-- Name: suits_locales; Type: TABLE; Schema: public; Owner: afmuser
--

CREATE TABLE public.suits_locales (
    seo_title character varying,
    seo_image_id integer,
    seo_description character varying,
    id integer NOT NULL,
    _locale public._locales NOT NULL,
    _parent_id integer NOT NULL
);


ALTER TABLE public.suits_locales OWNER TO afmuser;

--
-- Name: suits_locales_id_seq; Type: SEQUENCE; Schema: public; Owner: afmuser
--

CREATE SEQUENCE public.suits_locales_id_seq
    AS integer
    START WITH 1
    INCREMENT BY 1
    NO MINVALUE
    NO MAXVALUE
    CACHE 1;


ALTER SEQUENCE public.suits_locales_id_seq OWNER TO afmuser;

--
-- Name: suits_locales_id_seq; Type: SEQUENCE OWNED BY; Schema: public; Owner: afmuser
--

ALTER SEQUENCE public.suits_locales_id_seq OWNED BY public.suits_locales.id;


--
-- Name: suits_rels; Type: TABLE; Schema: public; Owner: afmuser
--

CREATE TABLE public.suits_rels (
    id integer NOT NULL,
    "order" integer,
    parent_id integer NOT NULL,
    path character varying NOT NULL,
    media_id integer,
    categories_id integer,
    tags_id integer
);


ALTER TABLE public.suits_rels OWNER TO afmuser;

--
-- Name: suits_rels_id_seq; Type: SEQUENCE; Schema: public; Owner: afmuser
--

CREATE SEQUENCE public.suits_rels_id_seq
    AS integer
    START WITH 1
    INCREMENT BY 1
    NO MINVALUE
    NO MAXVALUE
    CACHE 1;


ALTER SEQUENCE public.suits_rels_id_seq OWNER TO afmuser;

--
-- Name: suits_rels_id_seq; Type: SEQUENCE OWNED BY; Schema: public; Owner: afmuser
--

ALTER SEQUENCE public.suits_rels_id_seq OWNED BY public.suits_rels.id;


--
-- Name: tags; Type: TABLE; Schema: public; Owner: afmuser
--

CREATE TABLE public.tags (
    id integer NOT NULL,
    generate_slug boolean DEFAULT true,
    slug character varying,
    updated_at timestamp(3) with time zone DEFAULT now() NOT NULL,
    created_at timestamp(3) with time zone DEFAULT now() NOT NULL
);


ALTER TABLE public.tags OWNER TO afmuser;

--
-- Name: tags_id_seq; Type: SEQUENCE; Schema: public; Owner: afmuser
--

CREATE SEQUENCE public.tags_id_seq
    AS integer
    START WITH 1
    INCREMENT BY 1
    NO MINVALUE
    NO MAXVALUE
    CACHE 1;


ALTER SEQUENCE public.tags_id_seq OWNER TO afmuser;

--
-- Name: tags_id_seq; Type: SEQUENCE OWNED BY; Schema: public; Owner: afmuser
--

ALTER SEQUENCE public.tags_id_seq OWNED BY public.tags.id;


--
-- Name: tags_locales; Type: TABLE; Schema: public; Owner: afmuser
--

CREATE TABLE public.tags_locales (
    name character varying DEFAULT ''::character varying NOT NULL,
    basics_description character varying DEFAULT ''::character varying,
    basics_context character varying DEFAULT ''::character varying,
    seo_title character varying,
    seo_image_id integer,
    seo_description character varying,
    id integer NOT NULL,
    _locale public._locales NOT NULL,
    _parent_id integer NOT NULL
);


ALTER TABLE public.tags_locales OWNER TO afmuser;

--
-- Name: tags_locales_id_seq; Type: SEQUENCE; Schema: public; Owner: afmuser
--

CREATE SEQUENCE public.tags_locales_id_seq
    AS integer
    START WITH 1
    INCREMENT BY 1
    NO MINVALUE
    NO MAXVALUE
    CACHE 1;


ALTER SEQUENCE public.tags_locales_id_seq OWNER TO afmuser;

--
-- Name: tags_locales_id_seq; Type: SEQUENCE OWNED BY; Schema: public; Owner: afmuser
--

ALTER SEQUENCE public.tags_locales_id_seq OWNED BY public.tags_locales.id;


--
-- Name: tags_rels; Type: TABLE; Schema: public; Owner: afmuser
--

CREATE TABLE public.tags_rels (
    id integer NOT NULL,
    "order" integer,
    parent_id integer NOT NULL,
    path character varying NOT NULL,
    categories_id integer,
    tags_id integer
);


ALTER TABLE public.tags_rels OWNER TO afmuser;

--
-- Name: tags_rels_id_seq; Type: SEQUENCE; Schema: public; Owner: afmuser
--

CREATE SEQUENCE public.tags_rels_id_seq
    AS integer
    START WITH 1
    INCREMENT BY 1
    NO MINVALUE
    NO MAXVALUE
    CACHE 1;


ALTER SEQUENCE public.tags_rels_id_seq OWNER TO afmuser;

--
-- Name: tags_rels_id_seq; Type: SEQUENCE OWNED BY; Schema: public; Owner: afmuser
--

ALTER SEQUENCE public.tags_rels_id_seq OWNED BY public.tags_rels.id;


--
-- Name: teams; Type: TABLE; Schema: public; Owner: afmuser
--

CREATE TABLE public.teams (
    id integer NOT NULL,
    name character varying DEFAULT ''::character varying NOT NULL,
    alias character varying DEFAULT ''::character varying,
    basics_tagline character varying DEFAULT ''::character varying,
    basics_description character varying DEFAULT ''::character varying,
    details_history jsonb,
    details_country_id integer,
    details_start_date timestamp(3) with time zone,
    details_end_date timestamp(3) with time zone,
    details_website character varying DEFAULT ''::character varying,
    assets_logo_id integer,
    assets_cover_id integer,
    generate_slug boolean DEFAULT true,
    slug character varying,
    updated_at timestamp(3) with time zone DEFAULT now() NOT NULL,
    created_at timestamp(3) with time zone DEFAULT now() NOT NULL
);


ALTER TABLE public.teams OWNER TO afmuser;

--
-- Name: teams_id_seq; Type: SEQUENCE; Schema: public; Owner: afmuser
--

CREATE SEQUENCE public.teams_id_seq
    AS integer
    START WITH 1
    INCREMENT BY 1
    NO MINVALUE
    NO MAXVALUE
    CACHE 1;


ALTER SEQUENCE public.teams_id_seq OWNER TO afmuser;

--
-- Name: teams_id_seq; Type: SEQUENCE OWNED BY; Schema: public; Owner: afmuser
--

ALTER SEQUENCE public.teams_id_seq OWNED BY public.teams.id;


--
-- Name: teams_locales; Type: TABLE; Schema: public; Owner: afmuser
--

CREATE TABLE public.teams_locales (
    seo_title character varying,
    seo_image_id integer,
    seo_description character varying,
    id integer NOT NULL,
    _locale public._locales NOT NULL,
    _parent_id integer NOT NULL
);


ALTER TABLE public.teams_locales OWNER TO afmuser;

--
-- Name: teams_locales_id_seq; Type: SEQUENCE; Schema: public; Owner: afmuser
--

CREATE SEQUENCE public.teams_locales_id_seq
    AS integer
    START WITH 1
    INCREMENT BY 1
    NO MINVALUE
    NO MAXVALUE
    CACHE 1;


ALTER SEQUENCE public.teams_locales_id_seq OWNER TO afmuser;

--
-- Name: teams_locales_id_seq; Type: SEQUENCE OWNED BY; Schema: public; Owner: afmuser
--

ALTER SEQUENCE public.teams_locales_id_seq OWNED BY public.teams_locales.id;


--
-- Name: teams_rels; Type: TABLE; Schema: public; Owner: afmuser
--

CREATE TABLE public.teams_rels (
    id integer NOT NULL,
    "order" integer,
    parent_id integer NOT NULL,
    path character varying NOT NULL,
    media_id integer,
    categories_id integer,
    tags_id integer
);


ALTER TABLE public.teams_rels OWNER TO afmuser;

--
-- Name: teams_rels_id_seq; Type: SEQUENCE; Schema: public; Owner: afmuser
--

CREATE SEQUENCE public.teams_rels_id_seq
    AS integer
    START WITH 1
    INCREMENT BY 1
    NO MINVALUE
    NO MAXVALUE
    CACHE 1;


ALTER SEQUENCE public.teams_rels_id_seq OWNER TO afmuser;

--
-- Name: teams_rels_id_seq; Type: SEQUENCE OWNED BY; Schema: public; Owner: afmuser
--

ALTER SEQUENCE public.teams_rels_id_seq OWNED BY public.teams_rels.id;


--
-- Name: timelines; Type: TABLE; Schema: public; Owner: afmuser
--

CREATE TABLE public.timelines (
    id integer NOT NULL,
    name character varying DEFAULT ''::character varying NOT NULL,
    alias character varying DEFAULT ''::character varying,
    basics_description character varying DEFAULT ''::character varying,
    details_scope public.enum_timelines_details_scope,
    details_status public.enum_timelines_details_status,
    details_start_date timestamp(3) with time zone,
    details_end_date timestamp(3) with time zone,
    details_color_scheme public.enum_timelines_details_color_scheme,
    details_orientation public.enum_timelines_details_orientation,
    details_notes character varying DEFAULT ''::character varying,
    assets_thumbnail_id integer,
    assets_cover_id integer,
    generate_slug boolean DEFAULT true,
    slug character varying,
    updated_at timestamp(3) with time zone DEFAULT now() NOT NULL,
    created_at timestamp(3) with time zone DEFAULT now() NOT NULL
);


ALTER TABLE public.timelines OWNER TO afmuser;

--
-- Name: timelines_id_seq; Type: SEQUENCE; Schema: public; Owner: afmuser
--

CREATE SEQUENCE public.timelines_id_seq
    AS integer
    START WITH 1
    INCREMENT BY 1
    NO MINVALUE
    NO MAXVALUE
    CACHE 1;


ALTER SEQUENCE public.timelines_id_seq OWNER TO afmuser;

--
-- Name: timelines_id_seq; Type: SEQUENCE OWNED BY; Schema: public; Owner: afmuser
--

ALTER SEQUENCE public.timelines_id_seq OWNED BY public.timelines.id;


--
-- Name: timelines_locales; Type: TABLE; Schema: public; Owner: afmuser
--

CREATE TABLE public.timelines_locales (
    seo_title character varying,
    seo_image_id integer,
    seo_description character varying,
    id integer NOT NULL,
    _locale public._locales NOT NULL,
    _parent_id integer NOT NULL
);


ALTER TABLE public.timelines_locales OWNER TO afmuser;

--
-- Name: timelines_locales_id_seq; Type: SEQUENCE; Schema: public; Owner: afmuser
--

CREATE SEQUENCE public.timelines_locales_id_seq
    AS integer
    START WITH 1
    INCREMENT BY 1
    NO MINVALUE
    NO MAXVALUE
    CACHE 1;


ALTER SEQUENCE public.timelines_locales_id_seq OWNER TO afmuser;

--
-- Name: timelines_locales_id_seq; Type: SEQUENCE OWNED BY; Schema: public; Owner: afmuser
--

ALTER SEQUENCE public.timelines_locales_id_seq OWNED BY public.timelines_locales.id;


--
-- Name: timelines_rels; Type: TABLE; Schema: public; Owner: afmuser
--

CREATE TABLE public.timelines_rels (
    id integer NOT NULL,
    "order" integer,
    parent_id integer NOT NULL,
    path character varying NOT NULL,
    media_id integer,
    categories_id integer,
    tags_id integer
);


ALTER TABLE public.timelines_rels OWNER TO afmuser;

--
-- Name: timelines_rels_id_seq; Type: SEQUENCE; Schema: public; Owner: afmuser
--

CREATE SEQUENCE public.timelines_rels_id_seq
    AS integer
    START WITH 1
    INCREMENT BY 1
    NO MINVALUE
    NO MAXVALUE
    CACHE 1;


ALTER SEQUENCE public.timelines_rels_id_seq OWNER TO afmuser;

--
-- Name: timelines_rels_id_seq; Type: SEQUENCE OWNED BY; Schema: public; Owner: afmuser
--

ALTER SEQUENCE public.timelines_rels_id_seq OWNED BY public.timelines_rels.id;


--
-- Name: timelines_traits_events_list; Type: TABLE; Schema: public; Owner: afmuser
--

CREATE TABLE public.timelines_traits_events_list (
    _order integer NOT NULL,
    _parent_id integer NOT NULL,
    id character varying NOT NULL,
    name character varying DEFAULT ''::character varying,
    date timestamp(3) with time zone,
    description character varying DEFAULT ''::character varying,
    location public.geometry(Point) DEFAULT '0101000020E610000000000000000000000000000000000000'::public.geometry
);


ALTER TABLE public.timelines_traits_events_list OWNER TO afmuser;

--
-- Name: timelines_traits_milestones_list; Type: TABLE; Schema: public; Owner: afmuser
--

CREATE TABLE public.timelines_traits_milestones_list (
    _order integer NOT NULL,
    _parent_id integer NOT NULL,
    id character varying NOT NULL,
    name character varying DEFAULT ''::character varying,
    date timestamp(3) with time zone,
    description character varying DEFAULT ''::character varying,
    icon_id integer
);


ALTER TABLE public.timelines_traits_milestones_list OWNER TO afmuser;

--
-- Name: trainings; Type: TABLE; Schema: public; Owner: afmuser
--

CREATE TABLE public.trainings (
    id integer NOT NULL,
    name character varying DEFAULT ''::character varying NOT NULL,
    alias character varying DEFAULT ''::character varying,
    basics_description jsonb,
    basics_intensity public.enum_trainings_basics_intensity,
    basics_format public.enum_trainings_basics_format,
    details_start_date timestamp(3) with time zone,
    details_end_date timestamp(3) with time zone,
    generate_slug boolean DEFAULT true,
    slug character varying,
    updated_at timestamp(3) with time zone DEFAULT now() NOT NULL,
    created_at timestamp(3) with time zone DEFAULT now() NOT NULL
);


ALTER TABLE public.trainings OWNER TO afmuser;

--
-- Name: trainings_details_expectations_list; Type: TABLE; Schema: public; Owner: afmuser
--

CREATE TABLE public.trainings_details_expectations_list (
    _order integer NOT NULL,
    _parent_id integer NOT NULL,
    id character varying NOT NULL,
    name character varying DEFAULT ''::character varying,
    type public.enum_trainings_details_expectations_list_type,
    criteria character varying DEFAULT ''::character varying,
    statement character varying DEFAULT ''::character varying
);


ALTER TABLE public.trainings_details_expectations_list OWNER TO afmuser;

--
-- Name: trainings_details_specifications_list; Type: TABLE; Schema: public; Owner: afmuser
--

CREATE TABLE public.trainings_details_specifications_list (
    _order integer NOT NULL,
    _parent_id integer NOT NULL,
    id character varying NOT NULL,
    parameter character varying DEFAULT ''::character varying,
    value character varying DEFAULT ''::character varying,
    description character varying DEFAULT ''::character varying
);


ALTER TABLE public.trainings_details_specifications_list OWNER TO afmuser;

--
-- Name: trainings_id_seq; Type: SEQUENCE; Schema: public; Owner: afmuser
--

CREATE SEQUENCE public.trainings_id_seq
    AS integer
    START WITH 1
    INCREMENT BY 1
    NO MINVALUE
    NO MAXVALUE
    CACHE 1;


ALTER SEQUENCE public.trainings_id_seq OWNER TO afmuser;

--
-- Name: trainings_id_seq; Type: SEQUENCE OWNED BY; Schema: public; Owner: afmuser
--

ALTER SEQUENCE public.trainings_id_seq OWNED BY public.trainings.id;


--
-- Name: trainings_locales; Type: TABLE; Schema: public; Owner: afmuser
--

CREATE TABLE public.trainings_locales (
    seo_title character varying,
    seo_image_id integer,
    seo_description character varying,
    id integer NOT NULL,
    _locale public._locales NOT NULL,
    _parent_id integer NOT NULL
);


ALTER TABLE public.trainings_locales OWNER TO afmuser;

--
-- Name: trainings_locales_id_seq; Type: SEQUENCE; Schema: public; Owner: afmuser
--

CREATE SEQUENCE public.trainings_locales_id_seq
    AS integer
    START WITH 1
    INCREMENT BY 1
    NO MINVALUE
    NO MAXVALUE
    CACHE 1;


ALTER SEQUENCE public.trainings_locales_id_seq OWNER TO afmuser;

--
-- Name: trainings_locales_id_seq; Type: SEQUENCE OWNED BY; Schema: public; Owner: afmuser
--

ALTER SEQUENCE public.trainings_locales_id_seq OWNED BY public.trainings_locales.id;


--
-- Name: trainings_rels; Type: TABLE; Schema: public; Owner: afmuser
--

CREATE TABLE public.trainings_rels (
    id integer NOT NULL,
    "order" integer,
    parent_id integer NOT NULL,
    path character varying NOT NULL,
    media_id integer,
    categories_id integer,
    tags_id integer
);


ALTER TABLE public.trainings_rels OWNER TO afmuser;

--
-- Name: trainings_rels_id_seq; Type: SEQUENCE; Schema: public; Owner: afmuser
--

CREATE SEQUENCE public.trainings_rels_id_seq
    AS integer
    START WITH 1
    INCREMENT BY 1
    NO MINVALUE
    NO MAXVALUE
    CACHE 1;


ALTER SEQUENCE public.trainings_rels_id_seq OWNER TO afmuser;

--
-- Name: trainings_rels_id_seq; Type: SEQUENCE OWNED BY; Schema: public; Owner: afmuser
--

ALTER SEQUENCE public.trainings_rels_id_seq OWNED BY public.trainings_rels.id;


--
-- Name: transactions; Type: TABLE; Schema: public; Owner: afmuser
--

CREATE TABLE public.transactions (
    id integer NOT NULL,
    payment_method public.enum_transactions_payment_method,
    stripe_customer_i_d character varying,
    stripe_payment_intent_i_d character varying,
    billing_address_title character varying,
    billing_address_first_name character varying,
    billing_address_last_name character varying,
    billing_address_company character varying,
    billing_address_address_line1 character varying,
    billing_address_address_line2 character varying,
    billing_address_city character varying,
    billing_address_state character varying,
    billing_address_postal_code character varying,
    billing_address_country character varying,
    billing_address_phone character varying,
    status public.enum_transactions_status DEFAULT 'pending'::public.enum_transactions_status NOT NULL,
    customer_id integer,
    customer_email character varying,
    order_id integer,
    cart_id integer,
    amount numeric,
    currency public.enum_transactions_currency DEFAULT 'USD'::public.enum_transactions_currency,
    updated_at timestamp(3) with time zone DEFAULT now() NOT NULL,
    created_at timestamp(3) with time zone DEFAULT now() NOT NULL
);


ALTER TABLE public.transactions OWNER TO afmuser;

--
-- Name: transactions_id_seq; Type: SEQUENCE; Schema: public; Owner: afmuser
--

CREATE SEQUENCE public.transactions_id_seq
    AS integer
    START WITH 1
    INCREMENT BY 1
    NO MINVALUE
    NO MAXVALUE
    CACHE 1;


ALTER SEQUENCE public.transactions_id_seq OWNER TO afmuser;

--
-- Name: transactions_id_seq; Type: SEQUENCE OWNED BY; Schema: public; Owner: afmuser
--

ALTER SEQUENCE public.transactions_id_seq OWNED BY public.transactions.id;


--
-- Name: transactions_items; Type: TABLE; Schema: public; Owner: afmuser
--

CREATE TABLE public.transactions_items (
    _order integer NOT NULL,
    _parent_id integer NOT NULL,
    id character varying NOT NULL,
    product_id integer,
    variant_id integer,
    quantity numeric DEFAULT 1 NOT NULL
);


ALTER TABLE public.transactions_items OWNER TO afmuser;

--
-- Name: users; Type: TABLE; Schema: public; Owner: afmuser
--

CREATE TABLE public.users (
    id integer NOT NULL,
    name character varying,
    updated_at timestamp(3) with time zone DEFAULT now() NOT NULL,
    created_at timestamp(3) with time zone DEFAULT now() NOT NULL,
    email character varying NOT NULL,
    reset_password_token character varying,
    reset_password_expiration timestamp(3) with time zone,
    salt character varying,
    hash character varying,
    login_attempts numeric DEFAULT 0,
    lock_until timestamp(3) with time zone
);


ALTER TABLE public.users OWNER TO afmuser;

--
-- Name: users_id_seq; Type: SEQUENCE; Schema: public; Owner: afmuser
--

CREATE SEQUENCE public.users_id_seq
    AS integer
    START WITH 1
    INCREMENT BY 1
    NO MINVALUE
    NO MAXVALUE
    CACHE 1;


ALTER SEQUENCE public.users_id_seq OWNER TO afmuser;

--
-- Name: users_id_seq; Type: SEQUENCE OWNED BY; Schema: public; Owner: afmuser
--

ALTER SEQUENCE public.users_id_seq OWNED BY public.users.id;


--
-- Name: users_roles; Type: TABLE; Schema: public; Owner: afmuser
--

CREATE TABLE public.users_roles (
    "order" integer NOT NULL,
    parent_id integer NOT NULL,
    value public.enum_users_roles,
    id integer NOT NULL
);


ALTER TABLE public.users_roles OWNER TO afmuser;

--
-- Name: users_roles_id_seq; Type: SEQUENCE; Schema: public; Owner: afmuser
--

CREATE SEQUENCE public.users_roles_id_seq
    AS integer
    START WITH 1
    INCREMENT BY 1
    NO MINVALUE
    NO MAXVALUE
    CACHE 1;


ALTER SEQUENCE public.users_roles_id_seq OWNER TO afmuser;

--
-- Name: users_roles_id_seq; Type: SEQUENCE OWNED BY; Schema: public; Owner: afmuser
--

ALTER SEQUENCE public.users_roles_id_seq OWNED BY public.users_roles.id;


--
-- Name: users_sessions; Type: TABLE; Schema: public; Owner: afmuser
--

CREATE TABLE public.users_sessions (
    _order integer NOT NULL,
    _parent_id integer NOT NULL,
    id character varying NOT NULL,
    created_at timestamp(3) with time zone,
    expires_at timestamp(3) with time zone NOT NULL
);


ALTER TABLE public.users_sessions OWNER TO afmuser;

--
-- Name: vacancies; Type: TABLE; Schema: public; Owner: afmuser
--

CREATE TABLE public.vacancies (
    id integer NOT NULL,
    name character varying DEFAULT ''::character varying NOT NULL,
    alias character varying DEFAULT ''::character varying,
    basics_title character varying DEFAULT ''::character varying NOT NULL,
    basics_description character varying DEFAULT ''::character varying,
    details_department character varying DEFAULT ''::character varying,
    details_contract public.enum_vacancies_details_contract,
    details_locations public.geometry(Point) DEFAULT '0101000020E610000000000000000000000000000000000000'::public.geometry,
    assets_thumbnail_id integer,
    generate_slug boolean DEFAULT true,
    slug character varying,
    updated_at timestamp(3) with time zone DEFAULT now() NOT NULL,
    created_at timestamp(3) with time zone DEFAULT now() NOT NULL
);


ALTER TABLE public.vacancies OWNER TO afmuser;

--
-- Name: vacancies_details_expectations_list; Type: TABLE; Schema: public; Owner: afmuser
--

CREATE TABLE public.vacancies_details_expectations_list (
    _order integer NOT NULL,
    _parent_id integer NOT NULL,
    id character varying NOT NULL,
    name character varying DEFAULT ''::character varying,
    type public.enum_vacancies_details_expectations_list_type,
    criteria character varying DEFAULT ''::character varying,
    statement character varying DEFAULT ''::character varying
);


ALTER TABLE public.vacancies_details_expectations_list OWNER TO afmuser;

--
-- Name: vacancies_details_positions_list; Type: TABLE; Schema: public; Owner: afmuser
--

CREATE TABLE public.vacancies_details_positions_list (
    _order integer NOT NULL,
    _parent_id integer NOT NULL,
    id character varying NOT NULL,
    title character varying DEFAULT ''::character varying,
    start timestamp(3) with time zone,
    "end" timestamp(3) with time zone
);


ALTER TABLE public.vacancies_details_positions_list OWNER TO afmuser;

--
-- Name: vacancies_details_specifications_list; Type: TABLE; Schema: public; Owner: afmuser
--

CREATE TABLE public.vacancies_details_specifications_list (
    _order integer NOT NULL,
    _parent_id integer NOT NULL,
    id character varying NOT NULL,
    parameter character varying DEFAULT ''::character varying,
    value character varying DEFAULT ''::character varying,
    description character varying DEFAULT ''::character varying
);


ALTER TABLE public.vacancies_details_specifications_list OWNER TO afmuser;

--
-- Name: vacancies_id_seq; Type: SEQUENCE; Schema: public; Owner: afmuser
--

CREATE SEQUENCE public.vacancies_id_seq
    AS integer
    START WITH 1
    INCREMENT BY 1
    NO MINVALUE
    NO MAXVALUE
    CACHE 1;


ALTER SEQUENCE public.vacancies_id_seq OWNER TO afmuser;

--
-- Name: vacancies_id_seq; Type: SEQUENCE OWNED BY; Schema: public; Owner: afmuser
--

ALTER SEQUENCE public.vacancies_id_seq OWNED BY public.vacancies.id;


--
-- Name: vacancies_locales; Type: TABLE; Schema: public; Owner: afmuser
--

CREATE TABLE public.vacancies_locales (
    seo_title character varying,
    seo_image_id integer,
    seo_description character varying,
    id integer NOT NULL,
    _locale public._locales NOT NULL,
    _parent_id integer NOT NULL
);


ALTER TABLE public.vacancies_locales OWNER TO afmuser;

--
-- Name: vacancies_locales_id_seq; Type: SEQUENCE; Schema: public; Owner: afmuser
--

CREATE SEQUENCE public.vacancies_locales_id_seq
    AS integer
    START WITH 1
    INCREMENT BY 1
    NO MINVALUE
    NO MAXVALUE
    CACHE 1;


ALTER SEQUENCE public.vacancies_locales_id_seq OWNER TO afmuser;

--
-- Name: vacancies_locales_id_seq; Type: SEQUENCE OWNED BY; Schema: public; Owner: afmuser
--

ALTER SEQUENCE public.vacancies_locales_id_seq OWNED BY public.vacancies_locales.id;


--
-- Name: vacancies_rels; Type: TABLE; Schema: public; Owner: afmuser
--

CREATE TABLE public.vacancies_rels (
    id integer NOT NULL,
    "order" integer,
    parent_id integer NOT NULL,
    path character varying NOT NULL,
    categories_id integer,
    tags_id integer
);


ALTER TABLE public.vacancies_rels OWNER TO afmuser;

--
-- Name: vacancies_rels_id_seq; Type: SEQUENCE; Schema: public; Owner: afmuser
--

CREATE SEQUENCE public.vacancies_rels_id_seq
    AS integer
    START WITH 1
    INCREMENT BY 1
    NO MINVALUE
    NO MAXVALUE
    CACHE 1;


ALTER SEQUENCE public.vacancies_rels_id_seq OWNER TO afmuser;

--
-- Name: vacancies_rels_id_seq; Type: SEQUENCE OWNED BY; Schema: public; Owner: afmuser
--

ALTER SEQUENCE public.vacancies_rels_id_seq OWNED BY public.vacancies_rels.id;


--
-- Name: variant_options; Type: TABLE; Schema: public; Owner: afmuser
--

CREATE TABLE public.variant_options (
    id integer NOT NULL,
    _variantoptions_options_order character varying,
    variant_type_id integer NOT NULL,
    label character varying NOT NULL,
    value character varying NOT NULL,
    updated_at timestamp(3) with time zone DEFAULT now() NOT NULL,
    created_at timestamp(3) with time zone DEFAULT now() NOT NULL,
    deleted_at timestamp(3) with time zone
);


ALTER TABLE public.variant_options OWNER TO afmuser;

--
-- Name: variant_options_id_seq; Type: SEQUENCE; Schema: public; Owner: afmuser
--

CREATE SEQUENCE public.variant_options_id_seq
    AS integer
    START WITH 1
    INCREMENT BY 1
    NO MINVALUE
    NO MAXVALUE
    CACHE 1;


ALTER SEQUENCE public.variant_options_id_seq OWNER TO afmuser;

--
-- Name: variant_options_id_seq; Type: SEQUENCE OWNED BY; Schema: public; Owner: afmuser
--

ALTER SEQUENCE public.variant_options_id_seq OWNED BY public.variant_options.id;


--
-- Name: variant_types; Type: TABLE; Schema: public; Owner: afmuser
--

CREATE TABLE public.variant_types (
    id integer NOT NULL,
    label character varying NOT NULL,
    name character varying NOT NULL,
    updated_at timestamp(3) with time zone DEFAULT now() NOT NULL,
    created_at timestamp(3) with time zone DEFAULT now() NOT NULL,
    deleted_at timestamp(3) with time zone
);


ALTER TABLE public.variant_types OWNER TO afmuser;

--
-- Name: variant_types_id_seq; Type: SEQUENCE; Schema: public; Owner: afmuser
--

CREATE SEQUENCE public.variant_types_id_seq
    AS integer
    START WITH 1
    INCREMENT BY 1
    NO MINVALUE
    NO MAXVALUE
    CACHE 1;


ALTER SEQUENCE public.variant_types_id_seq OWNER TO afmuser;

--
-- Name: variant_types_id_seq; Type: SEQUENCE OWNED BY; Schema: public; Owner: afmuser
--

ALTER SEQUENCE public.variant_types_id_seq OWNED BY public.variant_types.id;


--
-- Name: variants; Type: TABLE; Schema: public; Owner: afmuser
--

CREATE TABLE public.variants (
    id integer NOT NULL,
    title character varying,
    product_id integer,
    inventory numeric DEFAULT 0,
    price_in_u_s_d_enabled boolean,
    price_in_u_s_d numeric,
    updated_at timestamp(3) with time zone DEFAULT now() NOT NULL,
    created_at timestamp(3) with time zone DEFAULT now() NOT NULL,
    deleted_at timestamp(3) with time zone,
    _status public.enum_variants_status DEFAULT 'draft'::public.enum_variants_status
);


ALTER TABLE public.variants OWNER TO afmuser;

--
-- Name: variants_id_seq; Type: SEQUENCE; Schema: public; Owner: afmuser
--

CREATE SEQUENCE public.variants_id_seq
    AS integer
    START WITH 1
    INCREMENT BY 1
    NO MINVALUE
    NO MAXVALUE
    CACHE 1;


ALTER SEQUENCE public.variants_id_seq OWNER TO afmuser;

--
-- Name: variants_id_seq; Type: SEQUENCE OWNED BY; Schema: public; Owner: afmuser
--

ALTER SEQUENCE public.variants_id_seq OWNED BY public.variants.id;


--
-- Name: variants_rels; Type: TABLE; Schema: public; Owner: afmuser
--

CREATE TABLE public.variants_rels (
    id integer NOT NULL,
    "order" integer,
    parent_id integer NOT NULL,
    path character varying NOT NULL,
    variant_options_id integer
);


ALTER TABLE public.variants_rels OWNER TO afmuser;

--
-- Name: variants_rels_id_seq; Type: SEQUENCE; Schema: public; Owner: afmuser
--

CREATE SEQUENCE public.variants_rels_id_seq
    AS integer
    START WITH 1
    INCREMENT BY 1
    NO MINVALUE
    NO MAXVALUE
    CACHE 1;


ALTER SEQUENCE public.variants_rels_id_seq OWNER TO afmuser;

--
-- Name: variants_rels_id_seq; Type: SEQUENCE OWNED BY; Schema: public; Owner: afmuser
--

ALTER SEQUENCE public.variants_rels_id_seq OWNED BY public.variants_rels.id;


--
-- Name: _products_v id; Type: DEFAULT; Schema: public; Owner: afmuser
--

ALTER TABLE ONLY public._products_v ALTER COLUMN id SET DEFAULT nextval('public._products_v_id_seq'::regclass);


--
-- Name: _products_v_blocks_content id; Type: DEFAULT; Schema: public; Owner: afmuser
--

ALTER TABLE ONLY public._products_v_blocks_content ALTER COLUMN id SET DEFAULT nextval('public._products_v_blocks_content_id_seq'::regclass);


--
-- Name: _products_v_blocks_content_columns id; Type: DEFAULT; Schema: public; Owner: afmuser
--

ALTER TABLE ONLY public._products_v_blocks_content_columns ALTER COLUMN id SET DEFAULT nextval('public._products_v_blocks_content_columns_id_seq'::regclass);


--
-- Name: _products_v_blocks_cta id; Type: DEFAULT; Schema: public; Owner: afmuser
--

ALTER TABLE ONLY public._products_v_blocks_cta ALTER COLUMN id SET DEFAULT nextval('public._products_v_blocks_cta_id_seq'::regclass);


--
-- Name: _products_v_blocks_cta_links id; Type: DEFAULT; Schema: public; Owner: afmuser
--

ALTER TABLE ONLY public._products_v_blocks_cta_links ALTER COLUMN id SET DEFAULT nextval('public._products_v_blocks_cta_links_id_seq'::regclass);


--
-- Name: _products_v_blocks_media_block id; Type: DEFAULT; Schema: public; Owner: afmuser
--

ALTER TABLE ONLY public._products_v_blocks_media_block ALTER COLUMN id SET DEFAULT nextval('public._products_v_blocks_media_block_id_seq'::regclass);


--
-- Name: _products_v_locales id; Type: DEFAULT; Schema: public; Owner: afmuser
--

ALTER TABLE ONLY public._products_v_locales ALTER COLUMN id SET DEFAULT nextval('public._products_v_locales_id_seq'::regclass);


--
-- Name: _products_v_rels id; Type: DEFAULT; Schema: public; Owner: afmuser
--

ALTER TABLE ONLY public._products_v_rels ALTER COLUMN id SET DEFAULT nextval('public._products_v_rels_id_seq'::regclass);


--
-- Name: _products_v_version_gallery id; Type: DEFAULT; Schema: public; Owner: afmuser
--

ALTER TABLE ONLY public._products_v_version_gallery ALTER COLUMN id SET DEFAULT nextval('public._products_v_version_gallery_id_seq'::regclass);


--
-- Name: _variants_v id; Type: DEFAULT; Schema: public; Owner: afmuser
--

ALTER TABLE ONLY public._variants_v ALTER COLUMN id SET DEFAULT nextval('public._variants_v_id_seq'::regclass);


--
-- Name: _variants_v_rels id; Type: DEFAULT; Schema: public; Owner: afmuser
--

ALTER TABLE ONLY public._variants_v_rels ALTER COLUMN id SET DEFAULT nextval('public._variants_v_rels_id_seq'::regclass);


--
-- Name: addresses id; Type: DEFAULT; Schema: public; Owner: afmuser
--

ALTER TABLE ONLY public.addresses ALTER COLUMN id SET DEFAULT nextval('public.addresses_id_seq'::regclass);


--
-- Name: announcements id; Type: DEFAULT; Schema: public; Owner: afmuser
--

ALTER TABLE ONLY public.announcements ALTER COLUMN id SET DEFAULT nextval('public.announcements_id_seq'::regclass);


--
-- Name: announcements_items_locales id; Type: DEFAULT; Schema: public; Owner: afmuser
--

ALTER TABLE ONLY public.announcements_items_locales ALTER COLUMN id SET DEFAULT nextval('public.announcements_items_locales_id_seq'::regclass);


--
-- Name: awards id; Type: DEFAULT; Schema: public; Owner: afmuser
--

ALTER TABLE ONLY public.awards ALTER COLUMN id SET DEFAULT nextval('public.awards_id_seq'::regclass);


--
-- Name: awards_locales id; Type: DEFAULT; Schema: public; Owner: afmuser
--

ALTER TABLE ONLY public.awards_locales ALTER COLUMN id SET DEFAULT nextval('public.awards_locales_id_seq'::regclass);


--
-- Name: awards_rels id; Type: DEFAULT; Schema: public; Owner: afmuser
--

ALTER TABLE ONLY public.awards_rels ALTER COLUMN id SET DEFAULT nextval('public.awards_rels_id_seq'::regclass);


--
-- Name: cars id; Type: DEFAULT; Schema: public; Owner: afmuser
--

ALTER TABLE ONLY public.cars ALTER COLUMN id SET DEFAULT nextval('public.cars_id_seq'::regclass);


--
-- Name: cars_locales id; Type: DEFAULT; Schema: public; Owner: afmuser
--

ALTER TABLE ONLY public.cars_locales ALTER COLUMN id SET DEFAULT nextval('public.cars_locales_id_seq'::regclass);


--
-- Name: cars_rels id; Type: DEFAULT; Schema: public; Owner: afmuser
--

ALTER TABLE ONLY public.cars_rels ALTER COLUMN id SET DEFAULT nextval('public.cars_rels_id_seq'::regclass);


--
-- Name: carts id; Type: DEFAULT; Schema: public; Owner: afmuser
--

ALTER TABLE ONLY public.carts ALTER COLUMN id SET DEFAULT nextval('public.carts_id_seq'::regclass);


--
-- Name: categories id; Type: DEFAULT; Schema: public; Owner: afmuser
--

ALTER TABLE ONLY public.categories ALTER COLUMN id SET DEFAULT nextval('public.categories_id_seq'::regclass);


--
-- Name: categories_details_type_locales id; Type: DEFAULT; Schema: public; Owner: afmuser
--

ALTER TABLE ONLY public.categories_details_type_locales ALTER COLUMN id SET DEFAULT nextval('public.categories_details_type_locales_id_seq'::regclass);


--
-- Name: categories_locales id; Type: DEFAULT; Schema: public; Owner: afmuser
--

ALTER TABLE ONLY public.categories_locales ALTER COLUMN id SET DEFAULT nextval('public.categories_locales_id_seq'::regclass);


--
-- Name: categories_rels id; Type: DEFAULT; Schema: public; Owner: afmuser
--

ALTER TABLE ONLY public.categories_rels ALTER COLUMN id SET DEFAULT nextval('public.categories_rels_id_seq'::regclass);


--
-- Name: celebrations id; Type: DEFAULT; Schema: public; Owner: afmuser
--

ALTER TABLE ONLY public.celebrations ALTER COLUMN id SET DEFAULT nextval('public.celebrations_id_seq'::regclass);


--
-- Name: celebrations_locales id; Type: DEFAULT; Schema: public; Owner: afmuser
--

ALTER TABLE ONLY public.celebrations_locales ALTER COLUMN id SET DEFAULT nextval('public.celebrations_locales_id_seq'::regclass);


--
-- Name: celebrations_rels id; Type: DEFAULT; Schema: public; Owner: afmuser
--

ALTER TABLE ONLY public.celebrations_rels ALTER COLUMN id SET DEFAULT nextval('public.celebrations_rels_id_seq'::regclass);


--
-- Name: championships id; Type: DEFAULT; Schema: public; Owner: afmuser
--

ALTER TABLE ONLY public.championships ALTER COLUMN id SET DEFAULT nextval('public.championships_id_seq'::regclass);


--
-- Name: championships_locales id; Type: DEFAULT; Schema: public; Owner: afmuser
--

ALTER TABLE ONLY public.championships_locales ALTER COLUMN id SET DEFAULT nextval('public.championships_locales_id_seq'::regclass);


--
-- Name: championships_rels id; Type: DEFAULT; Schema: public; Owner: afmuser
--

ALTER TABLE ONLY public.championships_rels ALTER COLUMN id SET DEFAULT nextval('public.championships_rels_id_seq'::regclass);


--
-- Name: circuits id; Type: DEFAULT; Schema: public; Owner: afmuser
--

ALTER TABLE ONLY public.circuits ALTER COLUMN id SET DEFAULT nextval('public.circuits_id_seq'::regclass);


--
-- Name: circuits_locales id; Type: DEFAULT; Schema: public; Owner: afmuser
--

ALTER TABLE ONLY public.circuits_locales ALTER COLUMN id SET DEFAULT nextval('public.circuits_locales_id_seq'::regclass);


--
-- Name: circuits_rels id; Type: DEFAULT; Schema: public; Owner: afmuser
--

ALTER TABLE ONLY public.circuits_rels ALTER COLUMN id SET DEFAULT nextval('public.circuits_rels_id_seq'::regclass);


--
-- Name: countries id; Type: DEFAULT; Schema: public; Owner: afmuser
--

ALTER TABLE ONLY public.countries ALTER COLUMN id SET DEFAULT nextval('public.countries_id_seq'::regclass);


--
-- Name: countries_locales id; Type: DEFAULT; Schema: public; Owner: afmuser
--

ALTER TABLE ONLY public.countries_locales ALTER COLUMN id SET DEFAULT nextval('public.countries_locales_id_seq'::regclass);


--
-- Name: countries_rels id; Type: DEFAULT; Schema: public; Owner: afmuser
--

ALTER TABLE ONLY public.countries_rels ALTER COLUMN id SET DEFAULT nextval('public.countries_rels_id_seq'::regclass);


--
-- Name: designations id; Type: DEFAULT; Schema: public; Owner: afmuser
--

ALTER TABLE ONLY public.designations ALTER COLUMN id SET DEFAULT nextval('public.designations_id_seq'::regclass);


--
-- Name: designations_locales id; Type: DEFAULT; Schema: public; Owner: afmuser
--

ALTER TABLE ONLY public.designations_locales ALTER COLUMN id SET DEFAULT nextval('public.designations_locales_id_seq'::regclass);


--
-- Name: designations_rels id; Type: DEFAULT; Schema: public; Owner: afmuser
--

ALTER TABLE ONLY public.designations_rels ALTER COLUMN id SET DEFAULT nextval('public.designations_rels_id_seq'::regclass);


--
-- Name: drivers id; Type: DEFAULT; Schema: public; Owner: afmuser
--

ALTER TABLE ONLY public.drivers ALTER COLUMN id SET DEFAULT nextval('public.drivers_id_seq'::regclass);


--
-- Name: drivers_locales id; Type: DEFAULT; Schema: public; Owner: afmuser
--

ALTER TABLE ONLY public.drivers_locales ALTER COLUMN id SET DEFAULT nextval('public.drivers_locales_id_seq'::regclass);


--
-- Name: drivers_rels id; Type: DEFAULT; Schema: public; Owner: afmuser
--

ALTER TABLE ONLY public.drivers_rels ALTER COLUMN id SET DEFAULT nextval('public.drivers_rels_id_seq'::regclass);


--
-- Name: entries id; Type: DEFAULT; Schema: public; Owner: afmuser
--

ALTER TABLE ONLY public.entries ALTER COLUMN id SET DEFAULT nextval('public.entries_id_seq'::regclass);


--
-- Name: entries_locales id; Type: DEFAULT; Schema: public; Owner: afmuser
--

ALTER TABLE ONLY public.entries_locales ALTER COLUMN id SET DEFAULT nextval('public.entries_locales_id_seq'::regclass);


--
-- Name: entries_rels id; Type: DEFAULT; Schema: public; Owner: afmuser
--

ALTER TABLE ONLY public.entries_rels ALTER COLUMN id SET DEFAULT nextval('public.entries_rels_id_seq'::regclass);


--
-- Name: events id; Type: DEFAULT; Schema: public; Owner: afmuser
--

ALTER TABLE ONLY public.events ALTER COLUMN id SET DEFAULT nextval('public.events_id_seq'::regclass);


--
-- Name: events_locales id; Type: DEFAULT; Schema: public; Owner: afmuser
--

ALTER TABLE ONLY public.events_locales ALTER COLUMN id SET DEFAULT nextval('public.events_locales_id_seq'::regclass);


--
-- Name: events_rels id; Type: DEFAULT; Schema: public; Owner: afmuser
--

ALTER TABLE ONLY public.events_rels ALTER COLUMN id SET DEFAULT nextval('public.events_rels_id_seq'::regclass);


--
-- Name: footer id; Type: DEFAULT; Schema: public; Owner: afmuser
--

ALTER TABLE ONLY public.footer ALTER COLUMN id SET DEFAULT nextval('public.footer_id_seq'::regclass);


--
-- Name: footer_rels id; Type: DEFAULT; Schema: public; Owner: afmuser
--

ALTER TABLE ONLY public.footer_rels ALTER COLUMN id SET DEFAULT nextval('public.footer_rels_id_seq'::regclass);


--
-- Name: form_submissions id; Type: DEFAULT; Schema: public; Owner: afmuser
--

ALTER TABLE ONLY public.form_submissions ALTER COLUMN id SET DEFAULT nextval('public.form_submissions_id_seq'::regclass);


--
-- Name: forms id; Type: DEFAULT; Schema: public; Owner: afmuser
--

ALTER TABLE ONLY public.forms ALTER COLUMN id SET DEFAULT nextval('public.forms_id_seq'::regclass);


--
-- Name: forms_blocks_checkbox_locales id; Type: DEFAULT; Schema: public; Owner: afmuser
--

ALTER TABLE ONLY public.forms_blocks_checkbox_locales ALTER COLUMN id SET DEFAULT nextval('public.forms_blocks_checkbox_locales_id_seq'::regclass);


--
-- Name: forms_blocks_country_locales id; Type: DEFAULT; Schema: public; Owner: afmuser
--

ALTER TABLE ONLY public.forms_blocks_country_locales ALTER COLUMN id SET DEFAULT nextval('public.forms_blocks_country_locales_id_seq'::regclass);


--
-- Name: forms_blocks_email_locales id; Type: DEFAULT; Schema: public; Owner: afmuser
--

ALTER TABLE ONLY public.forms_blocks_email_locales ALTER COLUMN id SET DEFAULT nextval('public.forms_blocks_email_locales_id_seq'::regclass);


--
-- Name: forms_blocks_message_locales id; Type: DEFAULT; Schema: public; Owner: afmuser
--

ALTER TABLE ONLY public.forms_blocks_message_locales ALTER COLUMN id SET DEFAULT nextval('public.forms_blocks_message_locales_id_seq'::regclass);


--
-- Name: forms_blocks_number_locales id; Type: DEFAULT; Schema: public; Owner: afmuser
--

ALTER TABLE ONLY public.forms_blocks_number_locales ALTER COLUMN id SET DEFAULT nextval('public.forms_blocks_number_locales_id_seq'::regclass);


--
-- Name: forms_blocks_select_locales id; Type: DEFAULT; Schema: public; Owner: afmuser
--

ALTER TABLE ONLY public.forms_blocks_select_locales ALTER COLUMN id SET DEFAULT nextval('public.forms_blocks_select_locales_id_seq'::regclass);


--
-- Name: forms_blocks_select_options_locales id; Type: DEFAULT; Schema: public; Owner: afmuser
--

ALTER TABLE ONLY public.forms_blocks_select_options_locales ALTER COLUMN id SET DEFAULT nextval('public.forms_blocks_select_options_locales_id_seq'::regclass);


--
-- Name: forms_blocks_state_locales id; Type: DEFAULT; Schema: public; Owner: afmuser
--

ALTER TABLE ONLY public.forms_blocks_state_locales ALTER COLUMN id SET DEFAULT nextval('public.forms_blocks_state_locales_id_seq'::regclass);


--
-- Name: forms_blocks_text_locales id; Type: DEFAULT; Schema: public; Owner: afmuser
--

ALTER TABLE ONLY public.forms_blocks_text_locales ALTER COLUMN id SET DEFAULT nextval('public.forms_blocks_text_locales_id_seq'::regclass);


--
-- Name: forms_blocks_textarea_locales id; Type: DEFAULT; Schema: public; Owner: afmuser
--

ALTER TABLE ONLY public.forms_blocks_textarea_locales ALTER COLUMN id SET DEFAULT nextval('public.forms_blocks_textarea_locales_id_seq'::regclass);


--
-- Name: forms_emails_locales id; Type: DEFAULT; Schema: public; Owner: afmuser
--

ALTER TABLE ONLY public.forms_emails_locales ALTER COLUMN id SET DEFAULT nextval('public.forms_emails_locales_id_seq'::regclass);


--
-- Name: forms_locales id; Type: DEFAULT; Schema: public; Owner: afmuser
--

ALTER TABLE ONLY public.forms_locales ALTER COLUMN id SET DEFAULT nextval('public.forms_locales_id_seq'::regclass);


--
-- Name: garages id; Type: DEFAULT; Schema: public; Owner: afmuser
--

ALTER TABLE ONLY public.garages ALTER COLUMN id SET DEFAULT nextval('public.garages_id_seq'::regclass);


--
-- Name: garages_locales id; Type: DEFAULT; Schema: public; Owner: afmuser
--

ALTER TABLE ONLY public.garages_locales ALTER COLUMN id SET DEFAULT nextval('public.garages_locales_id_seq'::regclass);


--
-- Name: garages_rels id; Type: DEFAULT; Schema: public; Owner: afmuser
--

ALTER TABLE ONLY public.garages_rels ALTER COLUMN id SET DEFAULT nextval('public.garages_rels_id_seq'::regclass);


--
-- Name: header id; Type: DEFAULT; Schema: public; Owner: afmuser
--

ALTER TABLE ONLY public.header ALTER COLUMN id SET DEFAULT nextval('public.header_id_seq'::regclass);


--
-- Name: header_rels id; Type: DEFAULT; Schema: public; Owner: afmuser
--

ALTER TABLE ONLY public.header_rels ALTER COLUMN id SET DEFAULT nextval('public.header_rels_id_seq'::regclass);


--
-- Name: helmets id; Type: DEFAULT; Schema: public; Owner: afmuser
--

ALTER TABLE ONLY public.helmets ALTER COLUMN id SET DEFAULT nextval('public.helmets_id_seq'::regclass);


--
-- Name: helmets_locales id; Type: DEFAULT; Schema: public; Owner: afmuser
--

ALTER TABLE ONLY public.helmets_locales ALTER COLUMN id SET DEFAULT nextval('public.helmets_locales_id_seq'::regclass);


--
-- Name: helmets_rels id; Type: DEFAULT; Schema: public; Owner: afmuser
--

ALTER TABLE ONLY public.helmets_rels ALTER COLUMN id SET DEFAULT nextval('public.helmets_rels_id_seq'::regclass);


--
-- Name: hospitalities id; Type: DEFAULT; Schema: public; Owner: afmuser
--

ALTER TABLE ONLY public.hospitalities ALTER COLUMN id SET DEFAULT nextval('public.hospitalities_id_seq'::regclass);


--
-- Name: hospitalities_locales id; Type: DEFAULT; Schema: public; Owner: afmuser
--

ALTER TABLE ONLY public.hospitalities_locales ALTER COLUMN id SET DEFAULT nextval('public.hospitalities_locales_id_seq'::regclass);


--
-- Name: hospitalities_rels id; Type: DEFAULT; Schema: public; Owner: afmuser
--

ALTER TABLE ONLY public.hospitalities_rels ALTER COLUMN id SET DEFAULT nextval('public.hospitalities_rels_id_seq'::regclass);


--
-- Name: identity id; Type: DEFAULT; Schema: public; Owner: afmuser
--

ALTER TABLE ONLY public.identity ALTER COLUMN id SET DEFAULT nextval('public.identity_id_seq'::regclass);


--
-- Name: identity_locales id; Type: DEFAULT; Schema: public; Owner: afmuser
--

ALTER TABLE ONLY public.identity_locales ALTER COLUMN id SET DEFAULT nextval('public.identity_locales_id_seq'::regclass);


--
-- Name: identity_rels id; Type: DEFAULT; Schema: public; Owner: afmuser
--

ALTER TABLE ONLY public.identity_rels ALTER COLUMN id SET DEFAULT nextval('public.identity_rels_id_seq'::regclass);


--
-- Name: identity_sustainability_initiative_names_locales id; Type: DEFAULT; Schema: public; Owner: afmuser
--

ALTER TABLE ONLY public.identity_sustainability_initiative_names_locales ALTER COLUMN id SET DEFAULT nextval('public.identity_sustainability_initiative_names_locales_id_seq'::regclass);


--
-- Name: identity_values_locales id; Type: DEFAULT; Schema: public; Owner: afmuser
--

ALTER TABLE ONLY public.identity_values_locales ALTER COLUMN id SET DEFAULT nextval('public.identity_values_locales_id_seq'::regclass);


--
-- Name: identity_voice_tone_keywords_locales id; Type: DEFAULT; Schema: public; Owner: afmuser
--

ALTER TABLE ONLY public.identity_voice_tone_keywords_locales ALTER COLUMN id SET DEFAULT nextval('public.identity_voice_tone_keywords_locales_id_seq'::regclass);


--
-- Name: incidents id; Type: DEFAULT; Schema: public; Owner: afmuser
--

ALTER TABLE ONLY public.incidents ALTER COLUMN id SET DEFAULT nextval('public.incidents_id_seq'::regclass);


--
-- Name: incidents_locales id; Type: DEFAULT; Schema: public; Owner: afmuser
--

ALTER TABLE ONLY public.incidents_locales ALTER COLUMN id SET DEFAULT nextval('public.incidents_locales_id_seq'::regclass);


--
-- Name: incidents_rels id; Type: DEFAULT; Schema: public; Owner: afmuser
--

ALTER TABLE ONLY public.incidents_rels ALTER COLUMN id SET DEFAULT nextval('public.incidents_rels_id_seq'::regclass);


--
-- Name: individuals id; Type: DEFAULT; Schema: public; Owner: afmuser
--

ALTER TABLE ONLY public.individuals ALTER COLUMN id SET DEFAULT nextval('public.individuals_id_seq'::regclass);


--
-- Name: individuals_locales id; Type: DEFAULT; Schema: public; Owner: afmuser
--

ALTER TABLE ONLY public.individuals_locales ALTER COLUMN id SET DEFAULT nextval('public.individuals_locales_id_seq'::regclass);


--
-- Name: individuals_rels id; Type: DEFAULT; Schema: public; Owner: afmuser
--

ALTER TABLE ONLY public.individuals_rels ALTER COLUMN id SET DEFAULT nextval('public.individuals_rels_id_seq'::regclass);


--
-- Name: initiatives id; Type: DEFAULT; Schema: public; Owner: afmuser
--

ALTER TABLE ONLY public.initiatives ALTER COLUMN id SET DEFAULT nextval('public.initiatives_id_seq'::regclass);


--
-- Name: initiatives_locales id; Type: DEFAULT; Schema: public; Owner: afmuser
--

ALTER TABLE ONLY public.initiatives_locales ALTER COLUMN id SET DEFAULT nextval('public.initiatives_locales_id_seq'::regclass);


--
-- Name: initiatives_rels id; Type: DEFAULT; Schema: public; Owner: afmuser
--

ALTER TABLE ONLY public.initiatives_rels ALTER COLUMN id SET DEFAULT nextval('public.initiatives_rels_id_seq'::regclass);


--
-- Name: interviews id; Type: DEFAULT; Schema: public; Owner: afmuser
--

ALTER TABLE ONLY public.interviews ALTER COLUMN id SET DEFAULT nextval('public.interviews_id_seq'::regclass);


--
-- Name: interviews_locales id; Type: DEFAULT; Schema: public; Owner: afmuser
--

ALTER TABLE ONLY public.interviews_locales ALTER COLUMN id SET DEFAULT nextval('public.interviews_locales_id_seq'::regclass);


--
-- Name: interviews_rels id; Type: DEFAULT; Schema: public; Owner: afmuser
--

ALTER TABLE ONLY public.interviews_rels ALTER COLUMN id SET DEFAULT nextval('public.interviews_rels_id_seq'::regclass);


--
-- Name: leaders id; Type: DEFAULT; Schema: public; Owner: afmuser
--

ALTER TABLE ONLY public.leaders ALTER COLUMN id SET DEFAULT nextval('public.leaders_id_seq'::regclass);


--
-- Name: leaders_locales id; Type: DEFAULT; Schema: public; Owner: afmuser
--

ALTER TABLE ONLY public.leaders_locales ALTER COLUMN id SET DEFAULT nextval('public.leaders_locales_id_seq'::regclass);


--
-- Name: leaders_rels id; Type: DEFAULT; Schema: public; Owner: afmuser
--

ALTER TABLE ONLY public.leaders_rels ALTER COLUMN id SET DEFAULT nextval('public.leaders_rels_id_seq'::regclass);


--
-- Name: media id; Type: DEFAULT; Schema: public; Owner: afmuser
--

ALTER TABLE ONLY public.media ALTER COLUMN id SET DEFAULT nextval('public.media_id_seq'::regclass);


--
-- Name: meetups id; Type: DEFAULT; Schema: public; Owner: afmuser
--

ALTER TABLE ONLY public.meetups ALTER COLUMN id SET DEFAULT nextval('public.meetups_id_seq'::regclass);


--
-- Name: meetups_locales id; Type: DEFAULT; Schema: public; Owner: afmuser
--

ALTER TABLE ONLY public.meetups_locales ALTER COLUMN id SET DEFAULT nextval('public.meetups_locales_id_seq'::regclass);


--
-- Name: meetups_rels id; Type: DEFAULT; Schema: public; Owner: afmuser
--

ALTER TABLE ONLY public.meetups_rels ALTER COLUMN id SET DEFAULT nextval('public.meetups_rels_id_seq'::regclass);


--
-- Name: members id; Type: DEFAULT; Schema: public; Owner: afmuser
--

ALTER TABLE ONLY public.members ALTER COLUMN id SET DEFAULT nextval('public.members_id_seq'::regclass);


--
-- Name: members_locales id; Type: DEFAULT; Schema: public; Owner: afmuser
--

ALTER TABLE ONLY public.members_locales ALTER COLUMN id SET DEFAULT nextval('public.members_locales_id_seq'::regclass);


--
-- Name: members_rels id; Type: DEFAULT; Schema: public; Owner: afmuser
--

ALTER TABLE ONLY public.members_rels ALTER COLUMN id SET DEFAULT nextval('public.members_rels_id_seq'::regclass);


--
-- Name: onboardings id; Type: DEFAULT; Schema: public; Owner: afmuser
--

ALTER TABLE ONLY public.onboardings ALTER COLUMN id SET DEFAULT nextval('public.onboardings_id_seq'::regclass);


--
-- Name: onboardings_locales id; Type: DEFAULT; Schema: public; Owner: afmuser
--

ALTER TABLE ONLY public.onboardings_locales ALTER COLUMN id SET DEFAULT nextval('public.onboardings_locales_id_seq'::regclass);


--
-- Name: onboardings_rels id; Type: DEFAULT; Schema: public; Owner: afmuser
--

ALTER TABLE ONLY public.onboardings_rels ALTER COLUMN id SET DEFAULT nextval('public.onboardings_rels_id_seq'::regclass);


--
-- Name: orders id; Type: DEFAULT; Schema: public; Owner: afmuser
--

ALTER TABLE ONLY public.orders ALTER COLUMN id SET DEFAULT nextval('public.orders_id_seq'::regclass);


--
-- Name: orders_rels id; Type: DEFAULT; Schema: public; Owner: afmuser
--

ALTER TABLE ONLY public.orders_rels ALTER COLUMN id SET DEFAULT nextval('public.orders_rels_id_seq'::regclass);


--
-- Name: organizations id; Type: DEFAULT; Schema: public; Owner: afmuser
--

ALTER TABLE ONLY public.organizations ALTER COLUMN id SET DEFAULT nextval('public.organizations_id_seq'::regclass);


--
-- Name: organizations_locales id; Type: DEFAULT; Schema: public; Owner: afmuser
--

ALTER TABLE ONLY public.organizations_locales ALTER COLUMN id SET DEFAULT nextval('public.organizations_locales_id_seq'::regclass);


--
-- Name: organizations_rels id; Type: DEFAULT; Schema: public; Owner: afmuser
--

ALTER TABLE ONLY public.organizations_rels ALTER COLUMN id SET DEFAULT nextval('public.organizations_rels_id_seq'::regclass);


--
-- Name: pages id; Type: DEFAULT; Schema: public; Owner: afmuser
--

ALTER TABLE ONLY public.pages ALTER COLUMN id SET DEFAULT nextval('public.pages_id_seq'::regclass);


--
-- Name: pages_locales id; Type: DEFAULT; Schema: public; Owner: afmuser
--

ALTER TABLE ONLY public.pages_locales ALTER COLUMN id SET DEFAULT nextval('public.pages_locales_id_seq'::regclass);


--
-- Name: pages_rels id; Type: DEFAULT; Schema: public; Owner: afmuser
--

ALTER TABLE ONLY public.pages_rels ALTER COLUMN id SET DEFAULT nextval('public.pages_rels_id_seq'::regclass);


--
-- Name: payload_kv id; Type: DEFAULT; Schema: public; Owner: afmuser
--

ALTER TABLE ONLY public.payload_kv ALTER COLUMN id SET DEFAULT nextval('public.payload_kv_id_seq'::regclass);


--
-- Name: payload_locked_documents id; Type: DEFAULT; Schema: public; Owner: afmuser
--

ALTER TABLE ONLY public.payload_locked_documents ALTER COLUMN id SET DEFAULT nextval('public.payload_locked_documents_id_seq'::regclass);


--
-- Name: payload_locked_documents_rels id; Type: DEFAULT; Schema: public; Owner: afmuser
--

ALTER TABLE ONLY public.payload_locked_documents_rels ALTER COLUMN id SET DEFAULT nextval('public.payload_locked_documents_rels_id_seq'::regclass);


--
-- Name: payload_mcp_api_keys id; Type: DEFAULT; Schema: public; Owner: afmuser
--

ALTER TABLE ONLY public.payload_mcp_api_keys ALTER COLUMN id SET DEFAULT nextval('public.payload_mcp_api_keys_id_seq'::regclass);


--
-- Name: payload_migrations id; Type: DEFAULT; Schema: public; Owner: afmuser
--

ALTER TABLE ONLY public.payload_migrations ALTER COLUMN id SET DEFAULT nextval('public.payload_migrations_id_seq'::regclass);


--
-- Name: payload_preferences id; Type: DEFAULT; Schema: public; Owner: afmuser
--

ALTER TABLE ONLY public.payload_preferences ALTER COLUMN id SET DEFAULT nextval('public.payload_preferences_id_seq'::regclass);


--
-- Name: payload_preferences_rels id; Type: DEFAULT; Schema: public; Owner: afmuser
--

ALTER TABLE ONLY public.payload_preferences_rels ALTER COLUMN id SET DEFAULT nextval('public.payload_preferences_rels_id_seq'::regclass);


--
-- Name: plans id; Type: DEFAULT; Schema: public; Owner: afmuser
--

ALTER TABLE ONLY public.plans ALTER COLUMN id SET DEFAULT nextval('public.plans_id_seq'::regclass);


--
-- Name: plans_locales id; Type: DEFAULT; Schema: public; Owner: afmuser
--

ALTER TABLE ONLY public.plans_locales ALTER COLUMN id SET DEFAULT nextval('public.plans_locales_id_seq'::regclass);


--
-- Name: plans_rels id; Type: DEFAULT; Schema: public; Owner: afmuser
--

ALTER TABLE ONLY public.plans_rels ALTER COLUMN id SET DEFAULT nextval('public.plans_rels_id_seq'::regclass);


--
-- Name: points id; Type: DEFAULT; Schema: public; Owner: afmuser
--

ALTER TABLE ONLY public.points ALTER COLUMN id SET DEFAULT nextval('public.points_id_seq'::regclass);


--
-- Name: points_locales id; Type: DEFAULT; Schema: public; Owner: afmuser
--

ALTER TABLE ONLY public.points_locales ALTER COLUMN id SET DEFAULT nextval('public.points_locales_id_seq'::regclass);


--
-- Name: points_rels id; Type: DEFAULT; Schema: public; Owner: afmuser
--

ALTER TABLE ONLY public.points_rels ALTER COLUMN id SET DEFAULT nextval('public.points_rels_id_seq'::regclass);


--
-- Name: policies id; Type: DEFAULT; Schema: public; Owner: afmuser
--

ALTER TABLE ONLY public.policies ALTER COLUMN id SET DEFAULT nextval('public.policies_id_seq'::regclass);


--
-- Name: policies_locales id; Type: DEFAULT; Schema: public; Owner: afmuser
--

ALTER TABLE ONLY public.policies_locales ALTER COLUMN id SET DEFAULT nextval('public.policies_locales_id_seq'::regclass);


--
-- Name: policies_rels id; Type: DEFAULT; Schema: public; Owner: afmuser
--

ALTER TABLE ONLY public.policies_rels ALTER COLUMN id SET DEFAULT nextval('public.policies_rels_id_seq'::regclass);


--
-- Name: products id; Type: DEFAULT; Schema: public; Owner: afmuser
--

ALTER TABLE ONLY public.products ALTER COLUMN id SET DEFAULT nextval('public.products_id_seq'::regclass);


--
-- Name: products_locales id; Type: DEFAULT; Schema: public; Owner: afmuser
--

ALTER TABLE ONLY public.products_locales ALTER COLUMN id SET DEFAULT nextval('public.products_locales_id_seq'::regclass);


--
-- Name: products_rels id; Type: DEFAULT; Schema: public; Owner: afmuser
--

ALTER TABLE ONLY public.products_rels ALTER COLUMN id SET DEFAULT nextval('public.products_rels_id_seq'::regclass);


--
-- Name: programs id; Type: DEFAULT; Schema: public; Owner: afmuser
--

ALTER TABLE ONLY public.programs ALTER COLUMN id SET DEFAULT nextval('public.programs_id_seq'::regclass);


--
-- Name: programs_locales id; Type: DEFAULT; Schema: public; Owner: afmuser
--

ALTER TABLE ONLY public.programs_locales ALTER COLUMN id SET DEFAULT nextval('public.programs_locales_id_seq'::regclass);


--
-- Name: programs_rels id; Type: DEFAULT; Schema: public; Owner: afmuser
--

ALTER TABLE ONLY public.programs_rels ALTER COLUMN id SET DEFAULT nextval('public.programs_rels_id_seq'::regclass);


--
-- Name: questions id; Type: DEFAULT; Schema: public; Owner: afmuser
--

ALTER TABLE ONLY public.questions ALTER COLUMN id SET DEFAULT nextval('public.questions_id_seq'::regclass);


--
-- Name: questions_categories_items_locales id; Type: DEFAULT; Schema: public; Owner: afmuser
--

ALTER TABLE ONLY public.questions_categories_items_locales ALTER COLUMN id SET DEFAULT nextval('public.questions_categories_items_locales_id_seq'::regclass);


--
-- Name: questions_categories_locales id; Type: DEFAULT; Schema: public; Owner: afmuser
--

ALTER TABLE ONLY public.questions_categories_locales ALTER COLUMN id SET DEFAULT nextval('public.questions_categories_locales_id_seq'::regclass);


--
-- Name: races id; Type: DEFAULT; Schema: public; Owner: afmuser
--

ALTER TABLE ONLY public.races ALTER COLUMN id SET DEFAULT nextval('public.races_id_seq'::regclass);


--
-- Name: races_locales id; Type: DEFAULT; Schema: public; Owner: afmuser
--

ALTER TABLE ONLY public.races_locales ALTER COLUMN id SET DEFAULT nextval('public.races_locales_id_seq'::regclass);


--
-- Name: races_rels id; Type: DEFAULT; Schema: public; Owner: afmuser
--

ALTER TABLE ONLY public.races_rels ALTER COLUMN id SET DEFAULT nextval('public.races_rels_id_seq'::regclass);


--
-- Name: regulations id; Type: DEFAULT; Schema: public; Owner: afmuser
--

ALTER TABLE ONLY public.regulations ALTER COLUMN id SET DEFAULT nextval('public.regulations_id_seq'::regclass);


--
-- Name: regulations_locales id; Type: DEFAULT; Schema: public; Owner: afmuser
--

ALTER TABLE ONLY public.regulations_locales ALTER COLUMN id SET DEFAULT nextval('public.regulations_locales_id_seq'::regclass);


--
-- Name: regulations_rels id; Type: DEFAULT; Schema: public; Owner: afmuser
--

ALTER TABLE ONLY public.regulations_rels ALTER COLUMN id SET DEFAULT nextval('public.regulations_rels_id_seq'::regclass);


--
-- Name: results id; Type: DEFAULT; Schema: public; Owner: afmuser
--

ALTER TABLE ONLY public.results ALTER COLUMN id SET DEFAULT nextval('public.results_id_seq'::regclass);


--
-- Name: results_locales id; Type: DEFAULT; Schema: public; Owner: afmuser
--

ALTER TABLE ONLY public.results_locales ALTER COLUMN id SET DEFAULT nextval('public.results_locales_id_seq'::regclass);


--
-- Name: results_rels id; Type: DEFAULT; Schema: public; Owner: afmuser
--

ALTER TABLE ONLY public.results_rels ALTER COLUMN id SET DEFAULT nextval('public.results_rels_id_seq'::regclass);


--
-- Name: search id; Type: DEFAULT; Schema: public; Owner: afmuser
--

ALTER TABLE ONLY public.search ALTER COLUMN id SET DEFAULT nextval('public.search_id_seq'::regclass);


--
-- Name: search_locales id; Type: DEFAULT; Schema: public; Owner: afmuser
--

ALTER TABLE ONLY public.search_locales ALTER COLUMN id SET DEFAULT nextval('public.search_locales_id_seq'::regclass);


--
-- Name: search_rels id; Type: DEFAULT; Schema: public; Owner: afmuser
--

ALTER TABLE ONLY public.search_rels ALTER COLUMN id SET DEFAULT nextval('public.search_rels_id_seq'::regclass);


--
-- Name: seasons id; Type: DEFAULT; Schema: public; Owner: afmuser
--

ALTER TABLE ONLY public.seasons ALTER COLUMN id SET DEFAULT nextval('public.seasons_id_seq'::regclass);


--
-- Name: seasons_locales id; Type: DEFAULT; Schema: public; Owner: afmuser
--

ALTER TABLE ONLY public.seasons_locales ALTER COLUMN id SET DEFAULT nextval('public.seasons_locales_id_seq'::regclass);


--
-- Name: seasons_rels id; Type: DEFAULT; Schema: public; Owner: afmuser
--

ALTER TABLE ONLY public.seasons_rels ALTER COLUMN id SET DEFAULT nextval('public.seasons_rels_id_seq'::regclass);


--
-- Name: series id; Type: DEFAULT; Schema: public; Owner: afmuser
--

ALTER TABLE ONLY public.series ALTER COLUMN id SET DEFAULT nextval('public.series_id_seq'::regclass);


--
-- Name: series_locales id; Type: DEFAULT; Schema: public; Owner: afmuser
--

ALTER TABLE ONLY public.series_locales ALTER COLUMN id SET DEFAULT nextval('public.series_locales_id_seq'::regclass);


--
-- Name: series_rels id; Type: DEFAULT; Schema: public; Owner: afmuser
--

ALTER TABLE ONLY public.series_rels ALTER COLUMN id SET DEFAULT nextval('public.series_rels_id_seq'::regclass);


--
-- Name: sessions id; Type: DEFAULT; Schema: public; Owner: afmuser
--

ALTER TABLE ONLY public.sessions ALTER COLUMN id SET DEFAULT nextval('public.sessions_id_seq'::regclass);


--
-- Name: sessions_locales id; Type: DEFAULT; Schema: public; Owner: afmuser
--

ALTER TABLE ONLY public.sessions_locales ALTER COLUMN id SET DEFAULT nextval('public.sessions_locales_id_seq'::regclass);


--
-- Name: sessions_rels id; Type: DEFAULT; Schema: public; Owner: afmuser
--

ALTER TABLE ONLY public.sessions_rels ALTER COLUMN id SET DEFAULT nextval('public.sessions_rels_id_seq'::regclass);


--
-- Name: skills id; Type: DEFAULT; Schema: public; Owner: afmuser
--

ALTER TABLE ONLY public.skills ALTER COLUMN id SET DEFAULT nextval('public.skills_id_seq'::regclass);


--
-- Name: skills_locales id; Type: DEFAULT; Schema: public; Owner: afmuser
--

ALTER TABLE ONLY public.skills_locales ALTER COLUMN id SET DEFAULT nextval('public.skills_locales_id_seq'::regclass);


--
-- Name: skills_rels id; Type: DEFAULT; Schema: public; Owner: afmuser
--

ALTER TABLE ONLY public.skills_rels ALTER COLUMN id SET DEFAULT nextval('public.skills_rels_id_seq'::regclass);


--
-- Name: slides id; Type: DEFAULT; Schema: public; Owner: afmuser
--

ALTER TABLE ONLY public.slides ALTER COLUMN id SET DEFAULT nextval('public.slides_id_seq'::regclass);


--
-- Name: slides_locales id; Type: DEFAULT; Schema: public; Owner: afmuser
--

ALTER TABLE ONLY public.slides_locales ALTER COLUMN id SET DEFAULT nextval('public.slides_locales_id_seq'::regclass);


--
-- Name: slides_rels id; Type: DEFAULT; Schema: public; Owner: afmuser
--

ALTER TABLE ONLY public.slides_rels ALTER COLUMN id SET DEFAULT nextval('public.slides_rels_id_seq'::regclass);


--
-- Name: socials id; Type: DEFAULT; Schema: public; Owner: afmuser
--

ALTER TABLE ONLY public.socials ALTER COLUMN id SET DEFAULT nextval('public.socials_id_seq'::regclass);


--
-- Name: statements id; Type: DEFAULT; Schema: public; Owner: afmuser
--

ALTER TABLE ONLY public.statements ALTER COLUMN id SET DEFAULT nextval('public.statements_id_seq'::regclass);


--
-- Name: statements_locales id; Type: DEFAULT; Schema: public; Owner: afmuser
--

ALTER TABLE ONLY public.statements_locales ALTER COLUMN id SET DEFAULT nextval('public.statements_locales_id_seq'::regclass);


--
-- Name: statements_rels id; Type: DEFAULT; Schema: public; Owner: afmuser
--

ALTER TABLE ONLY public.statements_rels ALTER COLUMN id SET DEFAULT nextval('public.statements_rels_id_seq'::regclass);


--
-- Name: statuses id; Type: DEFAULT; Schema: public; Owner: afmuser
--

ALTER TABLE ONLY public.statuses ALTER COLUMN id SET DEFAULT nextval('public.statuses_id_seq'::regclass);


--
-- Name: statuses_locales id; Type: DEFAULT; Schema: public; Owner: afmuser
--

ALTER TABLE ONLY public.statuses_locales ALTER COLUMN id SET DEFAULT nextval('public.statuses_locales_id_seq'::regclass);


--
-- Name: statuses_rels id; Type: DEFAULT; Schema: public; Owner: afmuser
--

ALTER TABLE ONLY public.statuses_rels ALTER COLUMN id SET DEFAULT nextval('public.statuses_rels_id_seq'::regclass);


--
-- Name: suits id; Type: DEFAULT; Schema: public; Owner: afmuser
--

ALTER TABLE ONLY public.suits ALTER COLUMN id SET DEFAULT nextval('public.suits_id_seq'::regclass);


--
-- Name: suits_locales id; Type: DEFAULT; Schema: public; Owner: afmuser
--

ALTER TABLE ONLY public.suits_locales ALTER COLUMN id SET DEFAULT nextval('public.suits_locales_id_seq'::regclass);


--
-- Name: suits_rels id; Type: DEFAULT; Schema: public; Owner: afmuser
--

ALTER TABLE ONLY public.suits_rels ALTER COLUMN id SET DEFAULT nextval('public.suits_rels_id_seq'::regclass);


--
-- Name: tags id; Type: DEFAULT; Schema: public; Owner: afmuser
--

ALTER TABLE ONLY public.tags ALTER COLUMN id SET DEFAULT nextval('public.tags_id_seq'::regclass);


--
-- Name: tags_locales id; Type: DEFAULT; Schema: public; Owner: afmuser
--

ALTER TABLE ONLY public.tags_locales ALTER COLUMN id SET DEFAULT nextval('public.tags_locales_id_seq'::regclass);


--
-- Name: tags_rels id; Type: DEFAULT; Schema: public; Owner: afmuser
--

ALTER TABLE ONLY public.tags_rels ALTER COLUMN id SET DEFAULT nextval('public.tags_rels_id_seq'::regclass);


--
-- Name: teams id; Type: DEFAULT; Schema: public; Owner: afmuser
--

ALTER TABLE ONLY public.teams ALTER COLUMN id SET DEFAULT nextval('public.teams_id_seq'::regclass);


--
-- Name: teams_locales id; Type: DEFAULT; Schema: public; Owner: afmuser
--

ALTER TABLE ONLY public.teams_locales ALTER COLUMN id SET DEFAULT nextval('public.teams_locales_id_seq'::regclass);


--
-- Name: teams_rels id; Type: DEFAULT; Schema: public; Owner: afmuser
--

ALTER TABLE ONLY public.teams_rels ALTER COLUMN id SET DEFAULT nextval('public.teams_rels_id_seq'::regclass);


--
-- Name: timelines id; Type: DEFAULT; Schema: public; Owner: afmuser
--

ALTER TABLE ONLY public.timelines ALTER COLUMN id SET DEFAULT nextval('public.timelines_id_seq'::regclass);


--
-- Name: timelines_locales id; Type: DEFAULT; Schema: public; Owner: afmuser
--

ALTER TABLE ONLY public.timelines_locales ALTER COLUMN id SET DEFAULT nextval('public.timelines_locales_id_seq'::regclass);


--
-- Name: timelines_rels id; Type: DEFAULT; Schema: public; Owner: afmuser
--

ALTER TABLE ONLY public.timelines_rels ALTER COLUMN id SET DEFAULT nextval('public.timelines_rels_id_seq'::regclass);


--
-- Name: trainings id; Type: DEFAULT; Schema: public; Owner: afmuser
--

ALTER TABLE ONLY public.trainings ALTER COLUMN id SET DEFAULT nextval('public.trainings_id_seq'::regclass);


--
-- Name: trainings_locales id; Type: DEFAULT; Schema: public; Owner: afmuser
--

ALTER TABLE ONLY public.trainings_locales ALTER COLUMN id SET DEFAULT nextval('public.trainings_locales_id_seq'::regclass);


--
-- Name: trainings_rels id; Type: DEFAULT; Schema: public; Owner: afmuser
--

ALTER TABLE ONLY public.trainings_rels ALTER COLUMN id SET DEFAULT nextval('public.trainings_rels_id_seq'::regclass);


--
-- Name: transactions id; Type: DEFAULT; Schema: public; Owner: afmuser
--

ALTER TABLE ONLY public.transactions ALTER COLUMN id SET DEFAULT nextval('public.transactions_id_seq'::regclass);


--
-- Name: users id; Type: DEFAULT; Schema: public; Owner: afmuser
--

ALTER TABLE ONLY public.users ALTER COLUMN id SET DEFAULT nextval('public.users_id_seq'::regclass);


--
-- Name: users_roles id; Type: DEFAULT; Schema: public; Owner: afmuser
--

ALTER TABLE ONLY public.users_roles ALTER COLUMN id SET DEFAULT nextval('public.users_roles_id_seq'::regclass);


--
-- Name: vacancies id; Type: DEFAULT; Schema: public; Owner: afmuser
--

ALTER TABLE ONLY public.vacancies ALTER COLUMN id SET DEFAULT nextval('public.vacancies_id_seq'::regclass);


--
-- Name: vacancies_locales id; Type: DEFAULT; Schema: public; Owner: afmuser
--

ALTER TABLE ONLY public.vacancies_locales ALTER COLUMN id SET DEFAULT nextval('public.vacancies_locales_id_seq'::regclass);


--
-- Name: vacancies_rels id; Type: DEFAULT; Schema: public; Owner: afmuser
--

ALTER TABLE ONLY public.vacancies_rels ALTER COLUMN id SET DEFAULT nextval('public.vacancies_rels_id_seq'::regclass);


--
-- Name: variant_options id; Type: DEFAULT; Schema: public; Owner: afmuser
--

ALTER TABLE ONLY public.variant_options ALTER COLUMN id SET DEFAULT nextval('public.variant_options_id_seq'::regclass);


--
-- Name: variant_types id; Type: DEFAULT; Schema: public; Owner: afmuser
--

ALTER TABLE ONLY public.variant_types ALTER COLUMN id SET DEFAULT nextval('public.variant_types_id_seq'::regclass);


--
-- Name: variants id; Type: DEFAULT; Schema: public; Owner: afmuser
--

ALTER TABLE ONLY public.variants ALTER COLUMN id SET DEFAULT nextval('public.variants_id_seq'::regclass);


--
-- Name: variants_rels id; Type: DEFAULT; Schema: public; Owner: afmuser
--

ALTER TABLE ONLY public.variants_rels ALTER COLUMN id SET DEFAULT nextval('public.variants_rels_id_seq'::regclass);


--
-- Data for Name: _products_v; Type: TABLE DATA; Schema: public; Owner: afmuser
--

COPY public._products_v (id, parent_id, version_title, version_description, version_inventory, version_enable_variants, version_price_in_u_s_d_enabled, version_price_in_u_s_d, version_generate_slug, version_slug, version_updated_at, version_created_at, version_deleted_at, version__status, created_at, updated_at, snapshot, published_locale, latest, autosave) FROM stdin;
28	8	AFS Block T-shirt	{"root": {"type": "root", "format": "", "indent": 0, "version": 1, "children": [{"type": "paragraph", "format": "", "indent": 0, "version": 1, "children": [{"mode": "normal", "text": "The ", "type": "text", "style": "", "detail": 0, "format": 0, "version": 1}, {"mode": "normal", "text": "ASF AND FERNA DK (E17 / VDE3)", "type": "text", "style": "", "detail": 0, "format": 1, "version": 1}, {"mode": "normal", "text": " is a large-format product inspired by the Porsche GT3R. While not a one-of-a-kind piece, its worldwide availability is limited. The product features a two-dimensional design structure, making it suitable for flat mounting, display, or printed applications. Part of the ASF series, it balances scale, precision, and visual impact.", "type": "text", "style": "", "detail": 0, "format": 0, "version": 1}], "direction": null, "textStyle": "", "textFormat": 0}], "direction": null}}	10	f	t	9900	f	afs-block-t-shirt	2026-04-09 16:48:18.134+05:30	2026-04-09 16:00:26.554+05:30	\N	draft	2026-04-09 16:47:30.127+05:30	2026-04-09 16:48:18.134+05:30	\N	\N	f	t
17	6	AF Green and Black T-shirt	{"root": {"type": "root", "format": "", "indent": 0, "version": 1, "children": [{"type": "paragraph", "format": "", "indent": 0, "version": 1, "children": [{"mode": "normal", "text": "The ", "type": "text", "style": "", "detail": 0, "format": 0, "version": 1}, {"mode": "normal", "text": "ASF AND FERNA DK (E17 / VDE3)", "type": "text", "style": "", "detail": 0, "format": 1, "version": 1}, {"mode": "normal", "text": " is a large-format product inspired by the Porsche GT3R. While not a one-of-a-kind piece, its worldwide availability is limited. The product features a two-dimensional design structure, making it suitable for flat mounting, display, or printed applications. Part of the ASF series, it balances scale, precision, and visual impact", "type": "text", "style": "", "detail": 0, "format": 0, "version": 1}], "direction": null, "textStyle": "", "textFormat": 0}], "direction": null}}	0	\N	\N	\N	f	af-green-and-black-t-shirt	2026-04-09 16:37:05.606+05:30	2026-04-09 15:49:09.29+05:30	\N	draft	2026-04-09 16:37:05.606+05:30	2026-04-09 16:37:05.606+05:30	\N	\N	f	t
5	4	\N	\N	0	\N	\N	\N	t	\N	2026-04-09 15:18:10.761+05:30	2026-04-09 15:18:10.761+05:30	\N	draft	2026-04-09 15:18:10.784+05:30	2026-04-09 15:18:10.784+05:30	\N	\N	f	f
12	7	AF Black Bag	{"root": {"type": "root", "format": "", "indent": 0, "version": 1, "children": [{"type": "paragraph", "format": "", "indent": 0, "version": 1, "children": [{"mode": "normal", "text": "Gently used, minor signs of wear consistent with casual use.", "type": "text", "style": "", "detail": 0, "format": 0, "version": 1}], "direction": null, "textStyle": "", "textFormat": 0}], "direction": null}}	0	\N	\N	\N	t	af-black-bag	2026-04-09 16:40:44.002+05:30	2026-04-09 15:54:25.542+05:30	\N	draft	2026-04-09 15:55:02.039+05:30	2026-04-09 16:40:44.002+05:30	\N	\N	f	t
18	6	AF Green and Black T-shirt	{"root": {"type": "root", "format": "", "indent": 0, "version": 1, "children": [{"type": "paragraph", "format": "", "indent": 0, "version": 1, "children": [{"mode": "normal", "text": "The ", "type": "text", "style": "", "detail": 0, "format": 0, "version": 1}, {"mode": "normal", "text": "ASF AND FERNA DK (E17 / VDE3)", "type": "text", "style": "", "detail": 0, "format": 1, "version": 1}, {"mode": "normal", "text": " is a large-format product inspired by the Porsche GT3R. While not a one-of-a-kind piece, its worldwide availability is limited. The product features a two-dimensional design structure, making it suitable for flat mounting, display, or printed applications. Part of the ASF series, it balances scale, precision, and visual impact", "type": "text", "style": "", "detail": 0, "format": 0, "version": 1}], "direction": null, "textStyle": "", "textFormat": 0}], "direction": null}}	0	\N	\N	\N	f	af-green-and-black-t-shirt	2026-04-09 16:38:01.043+05:30	2026-04-09 15:49:09.29+05:30	\N	published	2026-04-09 16:38:01.059+05:30	2026-04-09 16:38:01.059+05:30	\N	\N	f	f
37	4	ASF AND FERNA DK	{"root": {"type": "root", "format": "", "indent": 0, "version": 1, "children": [{"type": "paragraph", "format": "", "indent": 0, "version": 1, "children": [{"mode": "normal", "text": "The product is identified primarily as ", "type": "text", "style": "", "detail": 0, "format": 0, "version": 1}, {"mode": "normal", "text": "ASF AND FERNA DK", "type": "text", "style": "", "detail": 0, "format": 1, "version": 1}, {"mode": "normal", "text": ", with multiple associated codes and design references. It appears to be a specialized item, potentially in the automotive, scale model, or high-performance parts category, given the ", "type": "text", "style": "", "detail": 0, "format": 0, "version": 1}, {"mode": "normal", "text": "PORSCHE GT3R", "type": "text", "style": "", "detail": 0, "format": 1, "version": 1}, {"mode": "normal", "text": " reference.", "type": "text", "style": "", "detail": 0, "format": 0, "version": 1}], "direction": null, "textStyle": "", "textFormat": 0}], "direction": null}}	5	\N	t	1200	f	asf-and-ferna-dk	2026-04-10 10:49:29.665+05:30	2026-04-09 15:18:10.761+05:30	\N	published	2026-04-10 10:49:29.678+05:30	2026-04-10 10:49:29.678+05:30	\N	\N	t	f
39	5	AF Green T-shirt	{"root": {"type": "root", "format": "", "indent": 0, "version": 1, "children": [{"type": "paragraph", "format": "", "indent": 0, "version": 1, "children": [{"mode": "normal", "text": "The ", "type": "text", "style": "", "detail": 0, "format": 0, "version": 1}, {"mode": "normal", "text": "ASF AND FERNA DK (E17 / VDE3)", "type": "text", "style": "", "detail": 0, "format": 1, "version": 1}, {"mode": "normal", "text": " is a large-format product inspired by the Porsche GT3R. While not a one-of-a-kind piece, its worldwide availability is limited. The product features a two-dimensional design structure, making it suitable for flat mounting, display, or printed applications. Part of the ASF series, it balances scale, precision, and visual impact", "type": "text", "style": "", "detail": 0, "format": 0, "version": 1}], "direction": null, "textStyle": "", "textFormat": 0}, {"type": "paragraph", "format": "", "indent": 0, "version": 1, "children": [], "direction": null, "textStyle": "", "textFormat": 0}], "direction": null}}	5	\N	t	2500	f	green-	2026-04-10 10:50:04.932+05:30	2026-04-09 15:46:13.065+05:30	\N	published	2026-04-10 10:50:04.946+05:30	2026-04-10 10:50:04.946+05:30	\N	\N	t	f
29	8	AFS Block T-shirt	{"root": {"type": "root", "format": "", "indent": 0, "version": 1, "children": [{"type": "paragraph", "format": "", "indent": 0, "version": 1, "children": [{"mode": "normal", "text": "The ", "type": "text", "style": "", "detail": 0, "format": 0, "version": 1}, {"mode": "normal", "text": "ASF AND FERNA DK (E17 / VDE3)", "type": "text", "style": "", "detail": 0, "format": 1, "version": 1}, {"mode": "normal", "text": " is a large-format product inspired by the Porsche GT3R. While not a one-of-a-kind piece, its worldwide availability is limited. The product features a two-dimensional design structure, making it suitable for flat mounting, display, or printed applications. Part of the ASF series, it balances scale, precision, and visual impact.", "type": "text", "style": "", "detail": 0, "format": 0, "version": 1}], "direction": null, "textStyle": "", "textFormat": 0}], "direction": null}}	10	f	t	9900	f	afs-block-t-shirt	2026-04-09 16:48:20.04+05:30	2026-04-09 16:00:26.554+05:30	\N	published	2026-04-09 16:48:20.071+05:30	2026-04-09 16:48:20.071+05:30	\N	\N	f	f
13	8	\N	\N	0	\N	\N	\N	t	\N	2026-04-09 16:00:26.554+05:30	2026-04-09 16:00:26.554+05:30	\N	draft	2026-04-09 16:00:26.558+05:30	2026-04-09 16:00:26.558+05:30	\N	\N	f	f
19	6	AF Green and Black T-shirt	{"root": {"type": "root", "format": "", "indent": 0, "version": 1, "children": [{"type": "paragraph", "format": "", "indent": 0, "version": 1, "children": [{"mode": "normal", "text": "The ", "type": "text", "style": "", "detail": 0, "format": 0, "version": 1}, {"mode": "normal", "text": "ASF AND FERNA DK (E17 / VDE3)", "type": "text", "style": "", "detail": 0, "format": 1, "version": 1}, {"mode": "normal", "text": " is a large-format product inspired by the Porsche GT3R. While not a one-of-a-kind piece, its worldwide availability is limited. The product features a two-dimensional design structure, making it suitable for flat mounting, display, or printed applications. Part of the ASF series, it balances scale, precision, and visual impact", "type": "text", "style": "", "detail": 0, "format": 0, "version": 1}], "direction": null, "textStyle": "", "textFormat": 0}], "direction": null}}	7	\N	t	1900	f	af-green-and-black-t-shirt	2026-04-09 16:45:31.604+05:30	2026-04-09 15:49:09.29+05:30	\N	draft	2026-04-09 16:38:19.715+05:30	2026-04-09 16:45:31.604+05:30	\N	\N	f	t
31	7	AF Black Bag	{"root": {"type": "root", "format": "", "indent": 0, "version": 1, "children": [{"type": "paragraph", "format": "", "indent": 0, "version": 1, "children": [{"mode": "normal", "text": "Gently used, minor signs of wear consistent with casual use.", "type": "text", "style": "", "detail": 0, "format": 0, "version": 1}], "direction": null, "textStyle": "", "textFormat": 0}], "direction": null}}	4	\N	t	5500	f	af-black-bag	2026-04-09 16:48:57.871+05:30	2026-04-09 15:54:25.542+05:30	\N	published	2026-04-09 16:48:57.901+05:30	2026-04-09 16:48:57.901+05:30	\N	\N	f	f
33	7	AF Black Bag	{"root": {"type": "root", "format": "", "indent": 0, "version": 1, "children": [{"type": "paragraph", "format": "", "indent": 0, "version": 1, "children": [{"mode": "normal", "text": "Gently used, minor signs of wear consistent with casual use.", "type": "text", "style": "", "detail": 0, "format": 0, "version": 1}], "direction": null, "textStyle": "", "textFormat": 0}], "direction": null}}	4	\N	t	5500	f	af-black-bag	2026-04-10 10:48:40.996+05:30	2026-04-09 15:54:25.542+05:30	\N	published	2026-04-10 10:48:41.007+05:30	2026-04-10 10:48:41.007+05:30	\N	\N	t	f
32	7	AF Black Bag	{"root": {"type": "root", "format": "", "indent": 0, "version": 1, "children": [{"type": "paragraph", "format": "", "indent": 0, "version": 1, "children": [{"mode": "normal", "text": "Gently used, minor signs of wear consistent with casual use.", "type": "text", "style": "", "detail": 0, "format": 0, "version": 1}], "direction": null, "textStyle": "", "textFormat": 0}], "direction": null}}	4	\N	t	5500	f	af-black-bag	2026-04-10 10:48:21.361+05:30	2026-04-09 15:54:25.542+05:30	\N	draft	2026-04-10 10:48:21.361+05:30	2026-04-10 10:48:21.361+05:30	\N	\N	f	t
30	7	AF Black Bag	{"root": {"type": "root", "format": "", "indent": 0, "version": 1, "children": [{"type": "paragraph", "format": "", "indent": 0, "version": 1, "children": [{"mode": "normal", "text": "Gently used, minor signs of wear consistent with casual use.", "type": "text", "style": "", "detail": 0, "format": 0, "version": 1}], "direction": null, "textStyle": "", "textFormat": 0}], "direction": null}}	4	\N	t	5500	f	af-black-bag	2026-04-09 16:48:56.71+05:30	2026-04-09 15:54:25.542+05:30	\N	draft	2026-04-09 16:48:52.72+05:30	2026-04-09 16:48:56.71+05:30	\N	\N	f	t
35	8	AFS Block T-shirt	{"root": {"type": "root", "format": "", "indent": 0, "version": 1, "children": [{"type": "paragraph", "format": "", "indent": 0, "version": 1, "children": [{"mode": "normal", "text": "The ", "type": "text", "style": "", "detail": 0, "format": 0, "version": 1}, {"mode": "normal", "text": "ASF AND FERNA DK (E17 / VDE3)", "type": "text", "style": "", "detail": 0, "format": 1, "version": 1}, {"mode": "normal", "text": " is a large-format product inspired by the Porsche GT3R. While not a one-of-a-kind piece, its worldwide availability is limited. The product features a two-dimensional design structure, making it suitable for flat mounting, display, or printed applications. Part of the ASF series, it balances scale, precision, and visual impact.", "type": "text", "style": "", "detail": 0, "format": 0, "version": 1}], "direction": null, "textStyle": "", "textFormat": 0}], "direction": null}}	10	f	t	9900	f	afs-block-t-shirt	2026-04-10 10:49:01.275+05:30	2026-04-09 16:00:26.554+05:30	\N	published	2026-04-10 10:49:01.281+05:30	2026-04-10 10:49:01.281+05:30	\N	\N	t	f
15	4	ASF AND FERNA DK	{"root": {"type": "root", "format": "", "indent": 0, "version": 1, "children": [{"type": "paragraph", "format": "", "indent": 0, "version": 1, "children": [{"mode": "normal", "text": "The product is identified primarily as ", "type": "text", "style": "", "detail": 0, "format": 0, "version": 1}, {"mode": "normal", "text": "ASF AND FERNA DK", "type": "text", "style": "", "detail": 0, "format": 1, "version": 1}, {"mode": "normal", "text": ", with multiple associated codes and design references. It appears to be a specialized item, potentially in the automotive, scale model, or high-performance parts category, given the ", "type": "text", "style": "", "detail": 0, "format": 0, "version": 1}, {"mode": "normal", "text": "PORSCHE GT3R", "type": "text", "style": "", "detail": 0, "format": 1, "version": 1}, {"mode": "normal", "text": " reference.", "type": "text", "style": "", "detail": 0, "format": 0, "version": 1}], "direction": null, "textStyle": "", "textFormat": 0}], "direction": null}}	5	\N	t	1200	f	asf-and-ferna-dk	2026-04-09 16:35:06.97+05:30	2026-04-09 15:18:10.761+05:30	\N	published	2026-04-09 16:35:06.986+05:30	2026-04-09 16:35:06.986+05:30	\N	\N	f	f
7	5	\N	\N	0	\N	\N	\N	t	\N	2026-04-09 15:46:13.066+05:30	2026-04-09 15:46:13.065+05:30	\N	draft	2026-04-09 15:46:13.082+05:30	2026-04-09 15:46:13.082+05:30	\N	\N	f	f
20	8	AFS Block T-shirt	{"root": {"type": "root", "format": "", "indent": 0, "version": 1, "children": [{"type": "paragraph", "format": "", "indent": 0, "version": 1, "children": [{"mode": "normal", "text": "The ", "type": "text", "style": "", "detail": 0, "format": 0, "version": 1}, {"mode": "normal", "text": "ASF AND FERNA DK (E17 / VDE3)", "type": "text", "style": "", "detail": 0, "format": 1, "version": 1}, {"mode": "normal", "text": " is a large-format product inspired by the Porsche GT3R. While not a one-of-a-kind piece, its worldwide availability is limited. The product features a two-dimensional design structure, making it suitable for flat mounting, display, or printed applications. Part of the ASF series, it balances scale, precision, and visual impact.", "type": "text", "style": "", "detail": 0, "format": 0, "version": 1}], "direction": null, "textStyle": "", "textFormat": 0}], "direction": null}}	0	\N	\N	\N	f	afs-block-t-shirt	2026-04-09 16:39:45.897+05:30	2026-04-09 16:00:26.554+05:30	\N	published	2026-04-09 16:39:45.907+05:30	2026-04-09 16:39:45.907+05:30	\N	\N	f	f
27	6	AF Green and Black T-shirt	{"root": {"type": "root", "format": "", "indent": 0, "version": 1, "children": [{"type": "paragraph", "format": "", "indent": 0, "version": 1, "children": [{"mode": "normal", "text": "The ", "type": "text", "style": "", "detail": 0, "format": 0, "version": 1}, {"mode": "normal", "text": "ASF AND FERNA DK (E17 / VDE3)", "type": "text", "style": "", "detail": 0, "format": 1, "version": 1}, {"mode": "normal", "text": " is a large-format product inspired by the Porsche GT3R. While not a one-of-a-kind piece, its worldwide availability is limited. The product features a two-dimensional design structure, making it suitable for flat mounting, display, or printed applications. Part of the ASF series, it balances scale, precision, and visual impact", "type": "text", "style": "", "detail": 0, "format": 0, "version": 1}], "direction": null, "textStyle": "", "textFormat": 0}], "direction": null}}	7	\N	t	1900	f	af-green-and-black-t-shirt	2026-04-09 16:46:50.058+05:30	2026-04-09 15:49:09.29+05:30	\N	published	2026-04-09 16:46:50.078+05:30	2026-04-09 16:46:50.078+05:30	\N	\N	f	f
6	4	ASF AND FERNA DK	{"root": {"type": "root", "format": "", "indent": 0, "version": 1, "children": [{"type": "paragraph", "format": "", "indent": 0, "version": 1, "children": [{"mode": "normal", "text": "The product is identified primarily as ", "type": "text", "style": "", "detail": 0, "format": 0, "version": 1}, {"mode": "normal", "text": "ASF AND FERNA DK", "type": "text", "style": "", "detail": 0, "format": 1, "version": 1}, {"mode": "normal", "text": ", with multiple associated codes and design references. It appears to be a specialized item, potentially in the automotive, scale model, or high-performance parts category, given the ", "type": "text", "style": "", "detail": 0, "format": 0, "version": 1}, {"mode": "normal", "text": "PORSCHE GT3R", "type": "text", "style": "", "detail": 0, "format": 1, "version": 1}, {"mode": "normal", "text": " reference.", "type": "text", "style": "", "detail": 0, "format": 0, "version": 1}], "direction": null, "textStyle": "", "textFormat": 0}], "direction": null}}	5	\N	t	1200	t	asf-and-ferna-dk	2026-04-09 16:32:41.915+05:30	2026-04-09 15:18:10.761+05:30	\N	draft	2026-04-09 15:18:25.843+05:30	2026-04-09 16:32:41.915+05:30	\N	\N	f	t
14	8	AFS Block T-shirt	{"root": {"type": "root", "format": "", "indent": 0, "version": 1, "children": [{"type": "paragraph", "format": "", "indent": 0, "version": 1, "children": [{"mode": "normal", "text": "The ", "type": "text", "style": "", "detail": 0, "format": 0, "version": 1}, {"mode": "normal", "text": "ASF AND FERNA DK (E17 / VDE3)", "type": "text", "style": "", "detail": 0, "format": 1, "version": 1}, {"mode": "normal", "text": " is a large-format product inspired by the Porsche GT3R. While not a one-of-a-kind piece, its worldwide availability is limited. The product features a two-dimensional design structure, making it suitable for flat mounting, display, or printed applications. Part of the ASF series, it balances scale, precision, and visual impact.", "type": "text", "style": "", "detail": 0, "format": 0, "version": 1}], "direction": null, "textStyle": "", "textFormat": 0}], "direction": null}}	0	\N	\N	\N	t	afs-block-t-shirt	2026-04-09 16:39:30.874+05:30	2026-04-09 16:00:26.554+05:30	\N	draft	2026-04-09 16:00:40.619+05:30	2026-04-09 16:39:30.874+05:30	\N	\N	f	t
10	6	AF Green and Black T-shirt	{"root": {"type": "root", "format": "", "indent": 0, "version": 1, "children": [{"type": "paragraph", "format": "", "indent": 0, "version": 1, "children": [{"mode": "normal", "text": "The ", "type": "text", "style": "", "detail": 0, "format": 0, "version": 1}, {"mode": "normal", "text": "ASF AND FERNA DK (E17 / VDE3)", "type": "text", "style": "", "detail": 0, "format": 1, "version": 1}, {"mode": "normal", "text": " is a large-format product inspired by the Porsche GT3R. While not a one-of-a-kind piece, its worldwide availability is limited. The product features a two-dimensional design structure, making it suitable for flat mounting, display, or printed applications. Part of the ASF series, it balances scale, precision, and visual impact", "type": "text", "style": "", "detail": 0, "format": 0, "version": 1}], "direction": null, "textStyle": "", "textFormat": 0}], "direction": null}}	0	\N	\N	\N	f	af-green-and-black-t-shirt	2026-04-09 16:36:28.485+05:30	2026-04-09 15:49:09.29+05:30	\N	draft	2026-04-09 15:50:37.22+05:30	2026-04-09 16:36:28.485+05:30	\N	\N	f	t
9	6	\N	\N	0	\N	\N	\N	t	\N	2026-04-09 15:49:09.29+05:30	2026-04-09 15:49:09.29+05:30	\N	draft	2026-04-09 15:49:09.298+05:30	2026-04-09 15:49:09.298+05:30	\N	\N	f	f
21	7	AF Black Bag	{"root": {"type": "root", "format": "", "indent": 0, "version": 1, "children": [{"type": "paragraph", "format": "", "indent": 0, "version": 1, "children": [{"mode": "normal", "text": "Gently used, minor signs of wear consistent with casual use.", "type": "text", "style": "", "detail": 0, "format": 0, "version": 1}], "direction": null, "textStyle": "", "textFormat": 0}], "direction": null}}	0	\N	\N	\N	f	af-black-bag	2026-04-09 16:40:53.72+05:30	2026-04-09 15:54:25.542+05:30	\N	published	2026-04-09 16:40:53.874+05:30	2026-04-09 16:40:53.874+05:30	\N	\N	f	f
11	7	\N	\N	0	\N	\N	\N	t	\N	2026-04-09 15:54:25.542+05:30	2026-04-09 15:54:25.542+05:30	\N	draft	2026-04-09 15:54:25.572+05:30	2026-04-09 15:54:25.572+05:30	\N	\N	f	f
34	8	AFS Block T-shirt	{"root": {"type": "root", "format": "", "indent": 0, "version": 1, "children": [{"type": "paragraph", "format": "", "indent": 0, "version": 1, "children": [{"mode": "normal", "text": "The ", "type": "text", "style": "", "detail": 0, "format": 0, "version": 1}, {"mode": "normal", "text": "ASF AND FERNA DK (E17 / VDE3)", "type": "text", "style": "", "detail": 0, "format": 1, "version": 1}, {"mode": "normal", "text": " is a large-format product inspired by the Porsche GT3R. While not a one-of-a-kind piece, its worldwide availability is limited. The product features a two-dimensional design structure, making it suitable for flat mounting, display, or printed applications. Part of the ASF series, it balances scale, precision, and visual impact.", "type": "text", "style": "", "detail": 0, "format": 0, "version": 1}], "direction": null, "textStyle": "", "textFormat": 0}], "direction": null}}	10	f	t	9900	f	afs-block-t-shirt	2026-04-10 10:48:59.361+05:30	2026-04-09 16:00:26.554+05:30	\N	draft	2026-04-10 10:48:59.361+05:30	2026-04-10 10:48:59.361+05:30	\N	\N	f	t
26	5	AF Green T-shirt	{"root": {"type": "root", "format": "", "indent": 0, "version": 1, "children": [{"type": "paragraph", "format": "", "indent": 0, "version": 1, "children": [{"mode": "normal", "text": "The ", "type": "text", "style": "", "detail": 0, "format": 0, "version": 1}, {"mode": "normal", "text": "ASF AND FERNA DK (E17 / VDE3)", "type": "text", "style": "", "detail": 0, "format": 1, "version": 1}, {"mode": "normal", "text": " is a large-format product inspired by the Porsche GT3R. While not a one-of-a-kind piece, its worldwide availability is limited. The product features a two-dimensional design structure, making it suitable for flat mounting, display, or printed applications. Part of the ASF series, it balances scale, precision, and visual impact", "type": "text", "style": "", "detail": 0, "format": 0, "version": 1}], "direction": null, "textStyle": "", "textFormat": 0}, {"type": "paragraph", "format": "", "indent": 0, "version": 1, "children": [], "direction": null, "textStyle": "", "textFormat": 0}], "direction": null}}	5	\N	t	2500	f	green-	2026-04-09 16:46:33.688+05:30	2026-04-09 15:46:13.065+05:30	\N	published	2026-04-09 16:46:33.695+05:30	2026-04-09 16:46:33.695+05:30	\N	\N	f	f
36	6	AF Green and Black T-shirt	{"root": {"type": "root", "format": "", "indent": 0, "version": 1, "children": [{"type": "paragraph", "format": "", "indent": 0, "version": 1, "children": [{"mode": "normal", "text": "The ", "type": "text", "style": "", "detail": 0, "format": 0, "version": 1}, {"mode": "normal", "text": "ASF AND FERNA DK (E17 / VDE3)", "type": "text", "style": "", "detail": 0, "format": 1, "version": 1}, {"mode": "normal", "text": " is a large-format product inspired by the Porsche GT3R. While not a one-of-a-kind piece, its worldwide availability is limited. The product features a two-dimensional design structure, making it suitable for flat mounting, display, or printed applications. Part of the ASF series, it balances scale, precision, and visual impact", "type": "text", "style": "", "detail": 0, "format": 0, "version": 1}], "direction": null, "textStyle": "", "textFormat": 0}], "direction": null}}	7	\N	t	1900	f	af-green-and-black-t-shirt	2026-04-10 10:49:15.765+05:30	2026-04-09 15:49:09.29+05:30	\N	published	2026-04-10 10:49:15.774+05:30	2026-04-10 10:49:15.774+05:30	\N	\N	t	f
25	6	AF Green and Black T-shirt	{"root": {"type": "root", "format": "", "indent": 0, "version": 1, "children": [{"type": "paragraph", "format": "", "indent": 0, "version": 1, "children": [{"mode": "normal", "text": "The ", "type": "text", "style": "", "detail": 0, "format": 0, "version": 1}, {"mode": "normal", "text": "ASF AND FERNA DK (E17 / VDE3)", "type": "text", "style": "", "detail": 0, "format": 1, "version": 1}, {"mode": "normal", "text": " is a large-format product inspired by the Porsche GT3R. While not a one-of-a-kind piece, its worldwide availability is limited. The product features a two-dimensional design structure, making it suitable for flat mounting, display, or printed applications. Part of the ASF series, it balances scale, precision, and visual impact", "type": "text", "style": "", "detail": 0, "format": 0, "version": 1}], "direction": null, "textStyle": "", "textFormat": 0}], "direction": null}}	7	\N	t	1900	f	af-green-and-black-t-shirt	2026-04-09 16:46:10.792+05:30	2026-04-09 15:49:09.29+05:30	\N	draft	2026-04-09 16:45:53.761+05:30	2026-04-09 16:46:10.792+05:30	\N	\N	f	t
24	6	AF Green and Black T-shirt	{"root": {"type": "root", "format": "", "indent": 0, "version": 1, "children": [{"type": "paragraph", "format": "", "indent": 0, "version": 1, "children": [{"mode": "normal", "text": "The ", "type": "text", "style": "", "detail": 0, "format": 0, "version": 1}, {"mode": "normal", "text": "ASF AND FERNA DK (E17 / VDE3)", "type": "text", "style": "", "detail": 0, "format": 1, "version": 1}, {"mode": "normal", "text": " is a large-format product inspired by the Porsche GT3R. While not a one-of-a-kind piece, its worldwide availability is limited. The product features a two-dimensional design structure, making it suitable for flat mounting, display, or printed applications. Part of the ASF series, it balances scale, precision, and visual impact", "type": "text", "style": "", "detail": 0, "format": 0, "version": 1}], "direction": null, "textStyle": "", "textFormat": 0}], "direction": null}}	7	\N	t	1900	f	af-green-and-black-t-shirt	2026-04-09 16:45:35.345+05:30	2026-04-09 15:49:09.29+05:30	\N	published	2026-04-09 16:45:35.359+05:30	2026-04-09 16:45:35.359+05:30	\N	\N	f	f
16	6	AF Green and Black T-shirt	{"root": {"type": "root", "format": "", "indent": 0, "version": 1, "children": [{"type": "paragraph", "format": "", "indent": 0, "version": 1, "children": [{"mode": "normal", "text": "The ", "type": "text", "style": "", "detail": 0, "format": 0, "version": 1}, {"mode": "normal", "text": "ASF AND FERNA DK (E17 / VDE3)", "type": "text", "style": "", "detail": 0, "format": 1, "version": 1}, {"mode": "normal", "text": " is a large-format product inspired by the Porsche GT3R. While not a one-of-a-kind piece, its worldwide availability is limited. The product features a two-dimensional design structure, making it suitable for flat mounting, display, or printed applications. Part of the ASF series, it balances scale, precision, and visual impact", "type": "text", "style": "", "detail": 0, "format": 0, "version": 1}], "direction": null, "textStyle": "", "textFormat": 0}], "direction": null}}	0	\N	\N	\N	f	af-green-and-black-t-shirt	2026-04-09 16:36:31.991+05:30	2026-04-09 15:49:09.29+05:30	\N	published	2026-04-09 16:36:31.999+05:30	2026-04-09 16:36:31.999+05:30	\N	\N	f	f
23	5	AF Green T-shirt	{"root": {"type": "root", "format": "", "indent": 0, "version": 1, "children": [{"type": "paragraph", "format": "", "indent": 0, "version": 1, "children": [{"mode": "normal", "text": "The ", "type": "text", "style": "", "detail": 0, "format": 0, "version": 1}, {"mode": "normal", "text": "ASF AND FERNA DK (E17 / VDE3)", "type": "text", "style": "", "detail": 0, "format": 1, "version": 1}, {"mode": "normal", "text": " is a large-format product inspired by the Porsche GT3R. While not a one-of-a-kind piece, its worldwide availability is limited. The product features a two-dimensional design structure, making it suitable for flat mounting, display, or printed applications. Part of the ASF series, it balances scale, precision, and visual impact", "type": "text", "style": "", "detail": 0, "format": 0, "version": 1}], "direction": null, "textStyle": "", "textFormat": 0}, {"type": "paragraph", "format": "", "indent": 0, "version": 1, "children": [], "direction": null, "textStyle": "", "textFormat": 0}], "direction": null}}	5	\N	t	2500	f	green-	2026-04-09 16:46:26.002+05:30	2026-04-09 15:46:13.065+05:30	\N	draft	2026-04-09 16:43:27.245+05:30	2026-04-09 16:46:26.002+05:30	\N	\N	f	t
22	5	AF Green T-shirt	{"root": {"type": "root", "format": "", "indent": 0, "version": 1, "children": [{"type": "paragraph", "format": "", "indent": 0, "version": 1, "children": [{"mode": "normal", "text": "The ", "type": "text", "style": "", "detail": 0, "format": 0, "version": 1}, {"mode": "normal", "text": "ASF AND FERNA DK (E17 / VDE3)", "type": "text", "style": "", "detail": 0, "format": 1, "version": 1}, {"mode": "normal", "text": " is a large-format product inspired by the Porsche GT3R. While not a one-of-a-kind piece, its worldwide availability is limited. The product features a two-dimensional design structure, making it suitable for flat mounting, display, or printed applications. Part of the ASF series, it balances scale, precision, and visual impact", "type": "text", "style": "", "detail": 0, "format": 0, "version": 1}], "direction": null, "textStyle": "", "textFormat": 0}, {"type": "paragraph", "format": "", "indent": 0, "version": 1, "children": [], "direction": null, "textStyle": "", "textFormat": 0}], "direction": null}}	0	\N	\N	\N	f	green-	2026-04-09 16:42:25.849+05:30	2026-04-09 15:46:13.065+05:30	\N	published	2026-04-09 16:42:25.857+05:30	2026-04-09 16:42:25.857+05:30	\N	\N	f	f
8	5	AF Green T-shirt	{"root": {"type": "root", "format": "", "indent": 0, "version": 1, "children": [{"type": "paragraph", "format": "", "indent": 0, "version": 1, "children": [{"mode": "normal", "text": "The ", "type": "text", "style": "", "detail": 0, "format": 0, "version": 1}, {"mode": "normal", "text": "ASF AND FERNA DK (E17 / VDE3)", "type": "text", "style": "", "detail": 0, "format": 1, "version": 1}, {"mode": "normal", "text": " is a large-format product inspired by the Porsche GT3R. While not a one-of-a-kind piece, its worldwide availability is limited. The product features a two-dimensional design structure, making it suitable for flat mounting, display, or printed applications. Part of the ASF series, it balances scale, precision, and visual impact", "type": "text", "style": "", "detail": 0, "format": 0, "version": 1}], "direction": null, "textStyle": "", "textFormat": 0}, {"type": "paragraph", "format": "", "indent": 0, "version": 1, "children": [], "direction": null, "textStyle": "", "textFormat": 0}], "direction": null}}	0	\N	\N	\N	f	green-	2026-04-09 16:42:13.781+05:30	2026-04-09 15:46:13.065+05:30	\N	draft	2026-04-09 15:46:20.206+05:30	2026-04-09 16:42:13.781+05:30	\N	\N	f	t
38	5	AF Green T-shirt	{"root": {"type": "root", "format": "", "indent": 0, "version": 1, "children": [{"type": "paragraph", "format": "", "indent": 0, "version": 1, "children": [{"mode": "normal", "text": "The ", "type": "text", "style": "", "detail": 0, "format": 0, "version": 1}, {"mode": "normal", "text": "ASF AND FERNA DK (E17 / VDE3)", "type": "text", "style": "", "detail": 0, "format": 1, "version": 1}, {"mode": "normal", "text": " is a large-format product inspired by the Porsche GT3R. While not a one-of-a-kind piece, its worldwide availability is limited. The product features a two-dimensional design structure, making it suitable for flat mounting, display, or printed applications. Part of the ASF series, it balances scale, precision, and visual impact", "type": "text", "style": "", "detail": 0, "format": 0, "version": 1}], "direction": null, "textStyle": "", "textFormat": 0}, {"type": "paragraph", "format": "", "indent": 0, "version": 1, "children": [], "direction": null, "textStyle": "", "textFormat": 0}], "direction": null}}	5	\N	t	2500	f	green-	2026-04-10 10:49:49.62+05:30	2026-04-09 15:46:13.065+05:30	\N	draft	2026-04-10 10:49:40.084+05:30	2026-04-10 10:49:49.62+05:30	\N	\N	f	t
\.


--
-- Data for Name: _products_v_blocks_content; Type: TABLE DATA; Schema: public; Owner: afmuser
--

COPY public._products_v_blocks_content (_order, _parent_id, _path, id, _uuid, block_name) FROM stdin;
\.


--
-- Data for Name: _products_v_blocks_content_columns; Type: TABLE DATA; Schema: public; Owner: afmuser
--

COPY public._products_v_blocks_content_columns (_order, _parent_id, id, size, rich_text, enable_link, link_type, link_new_tab, link_url, link_label, link_appearance, _uuid) FROM stdin;
\.


--
-- Data for Name: _products_v_blocks_cta; Type: TABLE DATA; Schema: public; Owner: afmuser
--

COPY public._products_v_blocks_cta (_order, _parent_id, _path, id, rich_text, _uuid, block_name) FROM stdin;
\.


--
-- Data for Name: _products_v_blocks_cta_links; Type: TABLE DATA; Schema: public; Owner: afmuser
--

COPY public._products_v_blocks_cta_links (_order, _parent_id, id, link_type, link_new_tab, link_url, link_label, link_appearance, _uuid) FROM stdin;
\.


--
-- Data for Name: _products_v_blocks_media_block; Type: TABLE DATA; Schema: public; Owner: afmuser
--

COPY public._products_v_blocks_media_block (_order, _parent_id, _path, id, media_id, _uuid, block_name) FROM stdin;
\.


--
-- Data for Name: _products_v_locales; Type: TABLE DATA; Schema: public; Owner: afmuser
--

COPY public._products_v_locales (version_meta_title, version_meta_image_id, version_meta_description, id, _locale, _parent_id) FROM stdin;
\N	\N	\N	136	en	9
\N	\N	\N	137	es	9
\N	\N	\N	138	pt	9
\N	\N	\N	214	en	15
\N	\N	\N	215	es	15
\N	\N	\N	216	pt	15
\N	\N	\N	13	en	5
\N	\N	\N	14	es	5
\N	\N	\N	15	pt	5
\N	\N	\N	223	en	10
\N	\N	\N	224	es	10
\N	\N	\N	225	pt	10
\N	\N	\N	226	en	16
\N	\N	\N	227	es	16
\N	\N	\N	228	pt	16
\N	\N	\N	229	en	17
\N	\N	\N	230	es	17
\N	\N	\N	231	pt	17
\N	\N	\N	232	en	18
\N	\N	\N	233	es	18
\N	\N	\N	234	pt	18
\N	\N	\N	91	en	7
\N	\N	\N	92	es	7
\N	\N	\N	93	pt	7
\N	\N	\N	238	en	14
\N	\N	\N	239	es	14
\N	\N	\N	240	pt	14
\N	\N	\N	163	en	11
\N	\N	\N	164	es	11
\N	\N	\N	165	pt	11
\N	\N	\N	241	en	20
\N	\N	\N	242	es	20
\N	\N	\N	243	pt	20
\N	\N	\N	244	en	12
\N	\N	\N	245	es	12
\N	\N	\N	246	pt	12
\N	\N	\N	247	en	21
\N	\N	\N	248	es	21
\N	\N	\N	249	pt	21
\N	\N	\N	250	en	8
\N	\N	\N	251	es	8
\N	\N	\N	252	pt	8
\N	\N	\N	181	en	13
\N	\N	\N	182	es	13
\N	\N	\N	183	pt	13
\N	\N	\N	253	en	22
\N	\N	\N	254	es	22
\N	\N	\N	255	pt	22
\N	\N	\N	268	en	19
\N	\N	\N	269	es	19
\N	\N	\N	270	pt	19
\N	\N	\N	271	en	24
\N	\N	\N	272	es	24
\N	\N	\N	273	pt	24
\N	\N	\N	208	en	6
\N	\N	\N	209	es	6
\N	\N	\N	210	pt	6
\N	\N	\N	283	en	25
\N	\N	\N	284	es	25
\N	\N	\N	285	pt	25
\N	\N	\N	286	en	23
\N	\N	\N	287	es	23
\N	\N	\N	288	pt	23
\N	\N	\N	289	en	26
\N	\N	\N	290	es	26
\N	\N	\N	291	pt	26
\N	\N	\N	292	en	27
\N	\N	\N	293	es	27
\N	\N	\N	294	pt	27
\N	\N	\N	304	en	28
\N	\N	\N	305	es	28
\N	\N	\N	306	pt	28
\N	\N	\N	307	en	29
\N	\N	\N	308	es	29
\N	\N	\N	309	pt	29
\N	\N	\N	313	en	30
\N	\N	\N	314	es	30
\N	\N	\N	315	pt	30
\N	\N	\N	316	en	31
\N	\N	\N	317	es	31
\N	\N	\N	318	pt	31
\N	\N	\N	319	en	32
\N	\N	\N	320	es	32
\N	\N	\N	321	pt	32
\N	\N	\N	322	en	33
\N	\N	\N	323	es	33
\N	\N	\N	324	pt	33
\N	\N	\N	325	en	34
\N	\N	\N	326	es	34
\N	\N	\N	327	pt	34
\N	\N	\N	328	en	35
\N	\N	\N	329	es	35
\N	\N	\N	330	pt	35
\N	\N	\N	331	en	36
\N	\N	\N	332	es	36
\N	\N	\N	333	pt	36
\N	\N	\N	334	en	37
\N	\N	\N	335	es	37
\N	\N	\N	336	pt	37
\N	\N	\N	343	en	38
\N	\N	\N	344	es	38
\N	\N	\N	345	pt	38
\N	\N	\N	346	en	39
\N	\N	\N	347	es	39
\N	\N	\N	348	pt	39
\.


--
-- Data for Name: _products_v_rels; Type: TABLE DATA; Schema: public; Owner: afmuser
--

COPY public._products_v_rels (id, "order", parent_id, path, pages_id, variant_types_id, products_id, categories_id) FROM stdin;
1	1	32	version.categories	\N	\N	\N	2
2	1	33	version.categories	\N	\N	\N	2
3	1	34	version.categories	\N	\N	\N	22
4	1	35	version.categories	\N	\N	\N	22
5	1	36	version.categories	\N	\N	\N	25
6	1	37	version.categories	\N	\N	\N	18
10	1	38	version.categories	\N	\N	\N	25
11	1	39	version.categories	\N	\N	\N	25
\.


--
-- Data for Name: _products_v_version_gallery; Type: TABLE DATA; Schema: public; Owner: afmuser
--

COPY public._products_v_version_gallery (_order, _parent_id, id, image_id, variant_option_id, _uuid) FROM stdin;
1	15	63	17	\N	69d7797cd55b30a3ef39d0c9
2	15	64	19	\N	69d77a17d55b30a3ef39d0cd
1	10	69	\N	\N	69d77d7ae5151655d9ae2983
2	10	70	23	\N	69d77e2d53d7f7feeee66217
1	16	71	\N	\N	69d77d7ae5151655d9ae2983
2	16	72	\N	\N	69d77e2d53d7f7feeee66217
1	17	73	24	\N	69d77d7ae5151655d9ae2983
2	17	74	\N	\N	69d77e2d53d7f7feeee66217
1	18	75	24	\N	69d77d7ae5151655d9ae2983
2	18	76	\N	\N	69d77e2d53d7f7feeee66217
1	14	79	27	\N	69d77fe00dc6832899024b27
1	20	80	27	\N	69d77fe00dc6832899024b27
1	12	81	28	\N	69d77f5a53d7f7feeee66218
1	21	82	28	\N	69d77f5a53d7f7feeee66218
1	8	83	29	\N	69d77cedd55b30a3ef39d0ce
2	8	84	\N	\N	69d77cffd55b30a3ef39d0d0
1	22	85	29	\N	69d77cedd55b30a3ef39d0ce
2	22	86	\N	\N	69d77cffd55b30a3ef39d0d0
1	19	95	24	\N	69d77d7ae5151655d9ae2983
2	19	96	\N	\N	69d77e2d53d7f7feeee66217
1	24	97	24	\N	69d77d7ae5151655d9ae2983
2	24	98	\N	\N	69d77e2d53d7f7feeee66217
1	25	105	24	\N	69d77d7ae5151655d9ae2983
1	23	106	29	\N	69d77cedd55b30a3ef39d0ce
1	26	107	29	\N	69d77cedd55b30a3ef39d0ce
1	27	108	24	\N	69d77d7ae5151655d9ae2983
1	28	112	27	\N	69d77fe00dc6832899024b27
1	29	113	27	\N	69d77fe00dc6832899024b27
1	30	115	28	\N	69d77f5a53d7f7feeee66218
1	31	116	28	\N	69d77f5a53d7f7feeee66218
1	6	59	17	\N	69d7797cd55b30a3ef39d0c9
2	6	60	19	\N	69d77a17d55b30a3ef39d0cd
1	32	117	28	\N	69d77f5a53d7f7feeee66218
1	33	118	28	\N	69d77f5a53d7f7feeee66218
1	34	119	27	\N	69d77fe00dc6832899024b27
1	35	120	27	\N	69d77fe00dc6832899024b27
1	36	121	24	\N	69d77d7ae5151655d9ae2983
1	37	122	17	\N	69d7797cd55b30a3ef39d0c9
2	37	123	19	\N	69d77a17d55b30a3ef39d0cd
1	38	126	29	\N	69d77cedd55b30a3ef39d0ce
1	39	127	29	\N	69d77cedd55b30a3ef39d0ce
\.


--
-- Data for Name: _variants_v; Type: TABLE DATA; Schema: public; Owner: afmuser
--

COPY public._variants_v (id, parent_id, version_title, version_product_id, version_inventory, version_price_in_u_s_d_enabled, version_price_in_u_s_d, version_updated_at, version_created_at, version_deleted_at, version__status, created_at, updated_at, snapshot, published_locale, latest, autosave) FROM stdin;
\.


--
-- Data for Name: _variants_v_rels; Type: TABLE DATA; Schema: public; Owner: afmuser
--

COPY public._variants_v_rels (id, "order", parent_id, path, variant_options_id) FROM stdin;
\.


--
-- Data for Name: addresses; Type: TABLE DATA; Schema: public; Owner: afmuser
--

COPY public.addresses (id, customer_id, title, first_name, last_name, company, address_line1, address_line2, city, state, postal_code, country, phone, updated_at, created_at) FROM stdin;
1	2	Mr.	Test	Tester		123 TEST ADDRESS	TEST STREET	TEST	TESTER	600001	IN	+91 9999999999	2026-04-16 01:51:18.385+05:30	2026-04-16 00:29:19.374+05:30
\.


--
-- Data for Name: announcements; Type: TABLE DATA; Schema: public; Owner: afmuser
--

COPY public.announcements (id, updated_at, created_at) FROM stdin;
1	2026-04-09 10:58:00.364+05:30	2026-04-09 10:58:00.364+05:30
\.


--
-- Data for Name: announcements_items; Type: TABLE DATA; Schema: public; Owner: afmuser
--

COPY public.announcements_items (_order, _parent_id, id, type, link_enable, link_label, link_url, "from", until, audience, dismissible, active) FROM stdin;
1	1	69d738e0bcec256e15dc9124	celebration	t	Explore Now	/	\N	\N	everyone	t	t
2	1	69d738e0bcec256e15dc9125	info	t	Follow the Season	/championships	\N	\N	everyone	t	t
3	1	69d738e0bcec256e15dc9126	info	t	See Opportunities	/careers	\N	\N	everyone	t	f
\.


--
-- Data for Name: announcements_items_locales; Type: TABLE DATA; Schema: public; Owner: afmuser
--

COPY public.announcements_items_locales (title, message, id, _locale, _parent_id) FROM stdin;
Welcome to the new AF Motorsport universe.	We have rebuilt everything from the ground up — the team, the machines, the stories. Explore what we have been building.	1	en	69d738e0bcec256e15dc9124
The new season has begun.	Follow every round, every session, and every turning point as the championship unfolds.	2	en	69d738e0bcec256e15dc9125
We are growing the team.	AF Motorsport is looking for exceptional people to join us. Explore open roles and training programs.	3	en	69d738e0bcec256e15dc9126
\.


--
-- Data for Name: awards; Type: TABLE DATA; Schema: public; Owner: afmuser
--

COPY public.awards (id, name, alias, basics_description, details_story, details_awarded_date, details_awarded_location, assets_thumbnail_id, assets_candid_id, assets_video_id, generate_slug, slug, updated_at, created_at) FROM stdin;
3	Porsche Cup Debut Victory - Estoril 2025	porsche-cup-debut-victory-2025	Victory in AF Motorsport's first competitive Porsche Cup event at the 2025 Porsche Sprint Challenge Ibérica season opener at Estoril. The achievement marked the team's successful transition to Porsche one-make competition.	{"root": {"type": "root", "format": "", "indent": 0, "version": 1, "children": [{"type": "paragraph", "format": "", "indent": 0, "version": 1, "children": [{"mode": "normal", "text": "The debut victory came in Race 2 of the Estoril season opener, with André Fernandes converting a front-row starting position into a controlled lights-to-flag performance after an early overtake for the lead. The result provided immediate validation of the team's preparation and the competitiveness of AF Motorsport's Porsche program.", "type": "text", "style": "", "detail": 0, "format": 0, "version": 1}], "direction": null, "textStyle": "", "textFormat": 0}, {"type": "paragraph", "format": "", "indent": 0, "version": 1, "children": [{"mode": "normal", "text": "    ", "type": "text", "style": "", "detail": 0, "format": 0, "version": 1}], "direction": null, "textStyle": "", "textFormat": 0}, {"type": "paragraph", "format": "", "indent": 0, "version": 1, "children": [{"mode": "normal", "text": "    The victory represented the culmination of extensive preparation including personnel development, technical partnership establishment, and pre-season testing. Achieving success in the first competitive outing established momentum that carried through the debut Porsche campaign.", "type": "text", "style": "", "detail": 0, "format": 0, "version": 1}], "direction": null, "textStyle": "", "textFormat": 0}, {"type": "paragraph", "format": "", "indent": 0, "version": 1, "children": [], "direction": null, "textStyle": "", "textFormat": 0}], "direction": null}}	2025-03-23 17:00:00+05:30	0101000020E610000048E17A14AE47444016FBCBEEC98324C0	\N	\N	\N	f	porsche-cup-debut-victory---estoril-2025	2026-04-10 10:41:18.942+05:30	2026-04-09 21:14:22.431+05:30
1	Porsche Sprint Challenge Ibérica Championship Third Place 2025	psci-championship-third-2025	Third place overall in the 2025 Porsche Sprint Challenge Ibérica driver championship, representing AF Motorsport's highest championship finish in its debut Porsche campaign. The result validated the team's preparation standards and competitive methodology against established Porsche competitors.	{"root": {"type": "root", "format": "", "indent": 0, "version": 1, "children": [{"type": "paragraph", "format": "", "indent": 0, "version": 1, "children": [{"mode": "normal", "text": " The 2025 championship campaign exceeded pre-season expectations, delivering three race victories, nine total podium finishes, and third place in the final championship standings. The result represented the culmination of AF Motorsport's methodical preparation and the team's successful transition to Porsche one-make competition.", "type": "text", "style": "", "detail": 0, "format": 0, "version": 1}], "direction": null, "textStyle": "", "textFormat": 0}, {"type": "paragraph", "format": "", "indent": 0, "version": 1, "children": [{"mode": "normal", "text": "    ", "type": "text", "style": "", "detail": 0, "format": 0, "version": 1}], "direction": null, "textStyle": "", "textFormat": 0}, {"type": "paragraph", "format": "", "indent": 0, "version": 1, "children": [{"mode": "normal", "text": "    Key performances included a breakthrough victory at the Estoril season opener, a dominant win at the Portimão summer round, and a season-ending victory at the Estoril finale that secured the championship bronze position. The campaign demonstrated consistent competitiveness across varying circuit types and conditions.", "type": "text", "style": "", "detail": 0, "format": 0, "version": 1}], "direction": null, "textStyle": "", "textFormat": 0}, {"type": "paragraph", "format": "", "indent": 0, "version": 1, "children": [{"mode": "normal", "text": "    ", "type": "text", "style": "", "detail": 0, "format": 0, "version": 1}], "direction": null, "textStyle": "", "textFormat": 0}, {"type": "paragraph", "format": "", "indent": 0, "version": 1, "children": [{"mode": "normal", "text": "    The achievement carried additional significance as the highest championship finish by a Portuguese team in the unified Iberian series, establishing AF Motorsport's credentials within the regional Porsche Motorsport ecosystem.", "type": "text", "style": "", "detail": 0, "format": 0, "version": 1}], "direction": null, "textStyle": "", "textFormat": 0}], "direction": null}}	2025-10-19 17:00:00+05:30	0101000020E61000002D211FF46CB62D40BF7D1D38678424C0	\N	\N	\N	f	porsche-sprint-challenge-ibrica-championship-third-place-2025	2026-04-10 10:41:46.77+05:30	2026-04-09 21:11:50.586+05:30
5	CPV Class Victory - Estoril 2024	cpv-class-victory-estoril-2024	Class victory in the Campeonato de Portugal de Velocidade at Estoril, achieved prior to AF Motorsport's full-time transition to Porsche competition. The result demonstrated the team's competitive capability in national championship competition.	{"root": {"type": "root", "format": "", "indent": 0, "version": 1, "children": [{"type": "paragraph", "format": "", "indent": 0, "version": 1, "children": [{"mode": "normal", "text": "The CPV class victory at Estoril in 2024 represented AF Motorsport's final major achievement in Portuguese national championship competition before the full transition to Porsche Sprint Challenge Ibérica. The result validated the team's operational standards and competitive preparation methodology.", "type": "text", "style": "", "detail": 0, "format": 0, "version": 1}], "direction": null, "textStyle": "", "textFormat": 0}, {"type": "paragraph", "format": "", "indent": 0, "version": 1, "children": [{"mode": "normal", "text": "    ", "type": "text", "style": "", "detail": 0, "format": 0, "version": 1}], "direction": null, "textStyle": "", "textFormat": 0}, {"type": "paragraph", "format": "", "indent": 0, "version": 1, "children": [{"mode": "normal", "text": "    The victory contributed to the team's development trajectory, providing competitive experience and confidence that informed the subsequent Porsche program. Success in the multi-class national championship environment demonstrated the team's adaptability and race execution capability.", "type": "text", "style": "", "detail": 0, "format": 0, "version": 1}], "direction": null, "textStyle": "", "textFormat": 0}], "direction": null}}	2024-06-15 17:00:00+05:30	0101000020E6100000EC51B81E851B434021B07268916D22C0	\N	\N	\N	f	cpv-class-victory---estoril-2024	2026-04-10 10:40:52.63+05:30	2026-04-09 21:16:35.478+05:30
4	PSCI Rookie of the Year Nomination 2025	psci-rookie-nomination-2025	Official nomination for Porsche Sprint Challenge Ibérica Rookie of the Year honors, recognizing the most impressive debut season performance in the championship. The nomination acknowledged AF Motorsport's immediate competitiveness and professional approach in its first Porsche campaign.	{"root": {"type": "root", "format": "", "indent": 0, "version": 1, "children": [{"type": "paragraph", "format": "", "indent": 0, "version": 1, "children": [{"mode": "normal", "text": " The Rookie of the Year nomination recognized AF Motorsport's achievement in transitioning directly to competitive front-running performance in its debut Porsche season. The nomination criteria considered race results, championship position, professionalism, and contribution to the championship's competitive environment.", "type": "text", "style": "", "detail": 0, "format": 0, "version": 1}], "direction": null, "textStyle": "", "textFormat": 0}, {"type": "paragraph", "format": "", "indent": 0, "version": 1, "children": [{"mode": "normal", "text": "    ", "type": "text", "style": "", "detail": 0, "format": 0, "version": 1}], "direction": null, "textStyle": "", "textFormat": 0}, {"type": "paragraph", "format": "", "indent": 0, "version": 1, "children": [{"mode": "normal", "text": "    The recognition from Porsche Motorsport and championship organizers validated the team's approach to preparation and competition, establishing AF Motorsport as a respected entrant within the Iberian Porsche community.", "type": "text", "style": "", "detail": 0, "format": 0, "version": 1}], "direction": null, "textStyle": "", "textFormat": 0}], "direction": null}}	2025-10-19 17:00:00+05:30	0101000020E6100000AAF1D24D6220444000000000008024C0	\N	\N	\N	f	psci-rookie-of-the-year-nomination-2025	2026-04-10 10:41:04.024+05:30	2026-04-09 21:15:33.247+05:30
2	Estoril Circuit Track Record - Porsche 992 GT3 Cup	estoril-track-record-992-2025	Official track record for Porsche 992 GT3 Cup cars at Autódromo do Estoril, established during the 2025 Porsche Sprint Challenge Ibérica season finale. The record time of 1:30.156 represents the fastest competitive lap recorded by a 992-generation Porsche Cup car at the circuit.	{"root": {"type": "root", "format": "", "indent": 0, "version": 1, "children": [{"type": "paragraph", "format": "", "indent": 0, "version": 1, "children": [{"mode": "normal", "text": "The track record was established during Race 2 of the 2025 season finale at Estoril, with the time recorded on lap 7 of the 18-lap contest. The achievement demonstrated both outright performance and the ability to extract maximum pace under race conditions with tire degradation and fuel load considerations.", "type": "text", "style": "", "detail": 0, "format": 0, "version": 1}], "direction": null, "textStyle": "", "textFormat": 0}, {"type": "paragraph", "format": "", "indent": 0, "version": 1, "children": [{"mode": "normal", "text": "    ", "type": "text", "style": "", "detail": 0, "format": 0, "version": 1}], "direction": null, "textStyle": "", "textFormat": 0}, {"type": "paragraph", "format": "", "indent": 0, "version": 1, "children": [{"mode": "normal", "text": "    The record held particular significance for AF Motorsport as the team's home circuit, validating the setup development work conducted at the Estoril facility and the team's deep understanding of the circuit's characteristics. The benchmark time remains the reference for Porsche Cup performance at the historic Portuguese venue.", "type": "text", "style": "", "detail": 0, "format": 0, "version": 1}], "direction": null, "textStyle": "", "textFormat": 0}], "direction": null}}	2025-10-19 17:00:00+05:30	0101000020E61000002D211FF46C96434000000000008022C0	\N	\N	\N	f	estoril-circuit-track-record---porsche-992-gt3-cup	2026-04-10 10:41:32.534+05:30	2026-04-09 21:12:57.654+05:30
6	André Fernandes P2 GT Class Murça 2026	andre-fernandes-p2-murca-2026	Second place finish in GT class for André Fernandes at the Rampa Porca de Murça 2026 hillclimb, driving the Porsche 991.2 GT3 R.	{"root": {"type": "root", "format": "", "indent": 0, "version": 1, "children": [{"type": "paragraph", "format": "", "indent": 0, "version": 1, "children": [{"mode": "normal", "text": " In his debut competitive appearance in the Porsche 991.2 GT3 R, André Fernandes secured a podium finish at the prestigious Rampa Porca de Murça. The second-place result in the highly competitive GT class validated both driver performance and AF Motorsport's preparation standards.", "type": "text", "style": "", "detail": 0, "format": 0, "version": 1}], "direction": null, "textStyle": "", "textFormat": 0}, {"type": "paragraph", "format": "", "indent": 0, "version": 1, "children": [{"mode": "normal", "text": "    ", "type": "text", "style": "", "detail": 0, "format": 0, "version": 1}], "direction": null, "textStyle": "", "textFormat": 0}, {"type": "paragraph", "format": "", "indent": 0, "version": 1, "children": [{"mode": "normal", "text": "    The achievement carried additional significance as Fernandes balanced driving duties with overall team leadership throughout the event. The podium demonstrated that the dual role of team principal and competitive driver remains viable when supported by strong organizational structure and personnel.", "type": "text", "style": "", "detail": 0, "format": 0, "version": 1}], "direction": null, "textStyle": "", "textFormat": 0}], "direction": null}}	2026-03-29 17:00:00+05:30	0101000020E61000008FC2F5285CDF414023DBF97E6A1C25C0	\N	\N	\N	f	andr-fernandes-p2-gt-class-mura-2026	2026-04-10 16:25:40.578+05:30	2026-04-10 16:25:40.578+05:30
7	Pipo Massa Race 1 Victory Barcelona Winter Series	pipo-massa-barcelona-victory-award	First place overall in Cup 2 class and first European race victory for Pipo Massa at the GT Winter Series Barcelona finale.	{"root": {"type": "root", "format": "", "indent": 0, "version": 1, "children": [{"type": "paragraph", "format": "", "indent": 0, "version": 1, "children": [{"mode": "normal", "text": "Pipo Massa claimed his first European race victory in dominant fashion at the Barcelona Winter Series finale, mastering challenging wet conditions to secure the win by a narrow but controlled 0.637-second margin. The victory represented a significant milestone in the young Brazilian's development and validated AF Motorsport's driver development approach.", "type": "text", "style": "", "detail": 0, "format": 0, "version": 1}], "direction": null, "textStyle": "", "textFormat": 0}, {"type": "paragraph", "format": "", "indent": 0, "version": 1, "children": [{"mode": "normal", "text": "    ", "type": "text", "style": "", "detail": 0, "format": 0, "version": 1}], "direction": null, "textStyle": "", "textFormat": 0}, {"type": "paragraph", "format": "", "indent": 0, "version": 1, "children": [{"mode": "normal", "text": "    The performance demonstrated Pipo's growing racecraft, including wet-weather car control, pace management under pressure, and the mental composure to execute when victory was within reach. The award recognized both the achievement and the potential it suggests for continued progression.", "type": "text", "style": "", "detail": 0, "format": 0, "version": 1}], "direction": null, "textStyle": "", "textFormat": 0}], "direction": null}}	2026-03-14 17:00:00+05:30	0101000020E6100000F4FDD478E9C64140ACADD85F764F22C0	\N	\N	\N	f	pipo-massa-race-1-victory-barcelona-winter-series	2026-04-10 16:27:15.196+05:30	2026-04-10 16:27:15.196+05:30
8	Pipo Massa First European Victory Recognition	pipo-massa-first-european-win-award	Special recognition commemorating Pipo Massa's breakthrough first victory on European soil, achieved in the GT Winter Series at Barcelona.	{"root": {"type": "root", "format": "", "indent": 0, "version": 1, "children": [{"type": "paragraph", "format": "", "indent": 0, "version": 1, "children": [{"mode": "normal", "text": "This special recognition commemorates Pipo Massa's first European race victory—a milestone in any young driver's career that carries particular significance given the Massa family legacy in motorsport. Achieved in challenging wet conditions at Circuit de Barcelona-Catalunya, the victory demonstrated both natural talent and the effectiveness of Pipo's development program.", "type": "text", "style": "", "detail": 0, "format": 0, "version": 1}], "direction": null, "textStyle": "", "textFormat": 0}, {"type": "paragraph", "format": "", "indent": 0, "version": 1, "children": [{"mode": "normal", "text": "    ", "type": "text", "style": "", "detail": 0, "format": 0, "version": 1}], "direction": null, "textStyle": "", "textFormat": 0}, {"type": "paragraph", "format": "", "indent": 0, "version": 1, "children": [{"mode": "normal", "text": "    The award celebrates not just the result but the journey: countless hours of simulator work, data analysis sessions, physical preparation, and the resilience required to compete at the professional level. For AF Motorsport, Pipo's victory validates the team's commitment to developing complete racing professionals.", "type": "text", "style": "", "detail": 0, "format": 0, "version": 1}], "direction": null, "textStyle": "", "textFormat": 0}], "direction": null}}	2026-03-14 17:00:00+05:30	0101000020E6100000A01A2FDD24C64140E7FBA9F1D26D22C0	\N	\N	\N	f	pipo-massa-first-european-victory-recognition	2026-04-10 16:29:25.865+05:30	2026-04-10 16:29:25.865+05:30
9	Rogério Grotta Fastest Lap Portimão Debut	rogerio-grotta-fastest-lap-portimao	Fastest lap award for Rogério Grotta in his debut drive in the Porsche 991.2 GT3 R at Portimão, achieved in challenging wet conditions.	{"root": {"type": "root", "format": "", "indent": 0, "version": 1, "children": [{"type": "paragraph", "format": "", "indent": 0, "version": 1, "children": [{"mode": "normal", "text": "n extraordinary circumstances—first time driving a Porsche 991.2 GT3 R, first time racing at the demanding Portimão circuit, and doing so in wet conditions—Rogério Grotta set the fastest lap of the race. The achievement demonstrated exceptional adaptability, natural car control, and the ability to extract performance regardless of circumstances.", "type": "text", "style": "", "detail": 0, "format": 0, "version": 1}], "direction": null, "textStyle": "", "textFormat": 0}, {"type": "paragraph", "format": "", "indent": 0, "version": 1, "children": [{"mode": "normal", "text": "    ", "type": "text", "style": "", "detail": 0, "format": 0, "version": 1}], "direction": null, "textStyle": "", "textFormat": 0}, {"type": "paragraph", "format": "", "indent": 0, "version": 1, "children": [{"mode": "normal", "text": "    The fastest lap served notice of Grotta's potential in European GT competition and validated AF Motorsport's decision to bring the Brazilian talent into the team's endurance program. The award recognizes both the statistical achievement and the remarkable context in which it was earned.", "type": "text", "style": "", "detail": 0, "format": 0, "version": 1}], "direction": null, "textStyle": "", "textFormat": 0}], "direction": null}}	2026-03-08 17:00:00+05:30	0101000020E61000007593180456FE4140925CFE43FA6D22C0	\N	\N	\N	f	rogrio-grotta-fastest-lap-portimo-debut	2026-04-10 16:31:31.592+05:30	2026-04-10 16:31:31.591+05:30
\.


--
-- Data for Name: awards_locales; Type: TABLE DATA; Schema: public; Owner: afmuser
--

COPY public.awards_locales (seo_title, seo_image_id, seo_description, id, _locale, _parent_id) FROM stdin;
\.


--
-- Data for Name: awards_rels; Type: TABLE DATA; Schema: public; Owner: afmuser
--

COPY public.awards_rels (id, "order", parent_id, path, categories_id, tags_id) FROM stdin;
1	1	5	categories	2	\N
2	2	5	categories	6	\N
3	3	5	categories	7	\N
4	1	5	tags	\N	3
5	2	5	tags	\N	6
6	3	5	tags	\N	8
7	4	5	tags	\N	11
8	1	4	categories	2	\N
9	2	4	categories	3	\N
10	1	4	tags	\N	2
11	2	4	tags	\N	8
12	3	4	tags	\N	10
13	1	3	categories	2	\N
14	2	3	categories	6	\N
15	1	3	tags	\N	2
16	2	3	tags	\N	6
17	3	3	tags	\N	9
22	1	2	categories	2	\N
23	2	2	categories	7	\N
24	1	2	tags	\N	2
25	2	2	tags	\N	8
26	3	2	tags	\N	7
27	1	1	categories	3	\N
28	2	1	categories	6	\N
29	1	1	tags	\N	1
30	2	1	tags	\N	6
31	3	1	tags	\N	10
32	1	6	categories	6	\N
33	2	6	categories	9	\N
34	1	6	tags	\N	2
35	2	6	tags	\N	7
36	3	6	tags	\N	17
37	4	6	tags	\N	18
38	1	7	categories	2	\N
39	2	7	categories	7	\N
40	1	7	tags	\N	2
41	2	7	tags	\N	5
42	3	7	tags	\N	9
43	4	7	tags	\N	11
44	1	8	categories	2	\N
45	2	8	categories	16	\N
46	1	8	tags	\N	10
47	2	8	tags	\N	51
48	3	8	tags	\N	14
49	4	8	tags	\N	54
50	1	9	categories	17	\N
51	2	9	categories	2	\N
52	1	9	tags	\N	4
53	2	9	tags	\N	12
54	3	9	tags	\N	25
\.


--
-- Data for Name: cars; Type: TABLE DATA; Schema: public; Owner: afmuser
--

COPY public.cars (id, name, alias, basics_identifiers_chassis, basics_identifiers_model, basics_identifiers_version, basics_tagline, basics_description, details_status, details_history, details_technical_categories, assets_avatar_id, assets_thumbnail_id, assets_cover_id, assets_video_id, generate_slug, slug, updated_at, created_at) FROM stdin;
3	Porsche 992 GT3 Cup - AFM Chassis 002	porsche-992-gt3-cup-002	WP0ZZZ99ZNS298002	992 GT3 Cup	Type 992	Development Car and Second Entry	Second Porsche 992 GT3 Cup chassis operated by AF Motorsport, serving dual roles as the team's development platform for setup experimentation and as the race entry for the team's second driver in selected Porsche Sprint Challenge Ibérica events. This chassis enables the team to field two-car entries at major events while providing a dedicated platform for testing new setup directions without compromising the primary car's race preparation.	Active	{"root": {"type": "root", "format": "", "indent": 0, "version": 1, "children": [{"type": "paragraph", "format": "", "indent": 0, "version": 1, "children": [], "direction": null, "textStyle": "", "textFormat": 0}, {"type": "paragraph", "format": "", "indent": 0, "version": 1, "children": [{"mode": "normal", "text": "Chassis 002 joined AF Motorsport in July 2025 as a mid-season addition to support the team's expanding competitive program. The car was acquired with limited previous use from a European Carrera Cup team upgrading their fleet. Upon arrival, the chassis underwent comprehensive inspection and refresh at AF Motorsport's Estoril workshop, including gearbox rebuild, damper servicing, and installation of team-standard data acquisition equipment. Chassis 002 made its competition debut with AF Motorsport at the Portimão round of the 2025 Porsche Sprint Challenge Ibérica, finishing fourth in class. Throughout the remainder of the 2025 season, this chassis was used extensively for setup development work during private testing, with findings directly benefiting the performance of the primary car. For the 2026 season, Chassis 002 will serve as the race entry for the team's second driver at selected events while continuing its development role. The car carries secondary team livery with space allocated for additional partner branding.", "type": "text", "style": "", "detail": 0, "format": 0, "version": 1}], "direction": null, "textStyle": "", "textFormat": 0}, {"type": "paragraph", "format": "", "indent": 0, "version": 1, "children": [], "direction": null, "textStyle": "", "textFormat": 0}], "direction": null}}	Chassis & Aerodynamics	\N	\N	\N	\N	f	porsche-992-gt3-cup---afm-chassis-002	2026-04-10 10:36:29.379+05:30	2026-04-09 19:16:06.195+05:30
2	Porsche 991.2 GT3 Cup - AFM Chassis 003	porsche-991-2-gt3-cup-003	WP0ZZZ99ZJS198103	991.2 GT3 Cup	Type 991.2	Heritage Car and Training Platform	Previous-generation Porsche 991.2 GT3 Cup car retained by AF Motorsport for driver training, corporate events, and heritage activities. This chassis represents the platform on which André Fernandes achieved significant success before the team's transition to the 992 generation. The car remains fully race-ready and provides an accessible entry point for drivers transitioning to Porsche Cup competition or for corporate partner driving experiences.	Active	{"root": {"type": "root", "format": "", "indent": 0, "version": 1, "children": [{"type": "paragraph", "format": "", "indent": 0, "version": 1, "children": [{"mode": "normal", "text": "Chassis 003 was acquired new by AF Motorsport in 2019 and served as the team's primary competition car through the 2024 season. During its competitive career, this chassis achieved eight race victories, fifteen podium finishes, and two track records across Portuguese and Spanish Porsche Cup competitions. The car completed over 4,500 competitive kilometers without major mechanical failure, testament to AF Motorsport's preparation standards and the inherent durability of the Porsche Cup platform. Following the introduction of the 992-generation cars, Chassis 003 was transitioned to a training and heritage role. The car underwent comprehensive preservation-level service in late 2024 including engine refresh, gearbox inspection, damper rebuild, and complete systems check. For the 2026 season, Chassis 003 supports AF Motorsport's driver development programs, providing seat time for aspiring drivers in a cost-effective yet highly capable platform. The car appears in heritage livery commemorating AF Motorsport's early competitive achievements.", "type": "text", "style": "", "detail": 0, "format": 0, "version": 1}], "direction": null, "textStyle": "", "textFormat": 0}], "direction": null}}	Chassis & Aerodynamics	\N	\N	\N	\N	f	porsche-9912-gt3-cup---afm-chassis-003	2026-04-10 10:36:07.207+05:30	2026-04-09 19:16:03.66+05:30
1	Radical SR3 XX - AFM Driver Development Car	radical-sr3-xx-001	SR3XX2024001	SR3 XX	2024 Specification	Pure Driving Experience - The Ultimate Training Tool	Radical SR3 XX acquired for AF Motorsport's driver development and track day programs. This purpose-built sports racer provides an unfiltered driving experience with exceptional feedback, high downforce, and a power-to-weight ratio exceeding many GT cars. The SR3 XX serves as an ideal stepping stone between karting and GT racing, developing fundamental skills including high-downforce cornering technique, precise throttle application, and aerodynamic sensitivity awareness.	Active	{"root": {"type": "root", "format": "", "indent": 0, "version": 1, "children": [{"type": "paragraph", "format": "", "indent": 0, "version": 1, "children": [{"mode": "normal", "text": "Acquired new from Radical Portugal in early 2024 as part of AF Motorsport's expanded driver development initiative. The SR3 XX was selected following extensive evaluation of available training platforms, with the car's combination of accessibility, feedback quality, and direct relevance to GT racing technique making it the optimal choice. The chassis was delivered in base specification and prepared at AF Motorsport's Estoril workshop with team-standard data acquisition, radio communications, and video systems. Throughout 2024, the car completed over 2,500 kilometers of development activity across Portuguese circuits, supporting driver coaching programs and providing seat time for team members and partner guests. For the 2025-2026 period, the SR3 XX continues as the cornerstone of AF Motorsport's driver development curriculum, with structured programs designed to accelerate the progression from karting to Porsche Cup competition.", "type": "text", "style": "", "detail": 0, "format": 0, "version": 1}], "direction": null, "textStyle": "", "textFormat": 0}], "direction": null}}	Power Unit / Engine	\N	\N	\N	\N	f	radical-sr3-xx---afm-driver-development-car	2026-04-10 10:35:40.748+05:30	2026-04-09 19:15:29.724+05:30
5	Formula 4 Tatuus T-421 - AFM Academy Car	formula-4-tatuus-001	T421-2023-089	Tatuus T-421	FIA Formula 4 Specification	Single-Seater Foundation - Pathway to Formula Racing	FIA-homologated Formula 4 car operated by AF Motorsport for single-seater driver development and academy programs. The Tatuus T-421 represents the current generation of Formula 4 chassis, featuring the halo safety device, enhanced crash protection, and a sophisticated aerodynamic package. This car provides AF Motorsport drivers with authentic single-seater experience, developing skills essential for progression through the formula racing ladder including precise racing line discipline, high-downforce cornering technique, and open-wheel spatial awareness.	Active	{"root": {"type": "root", "format": "", "indent": 0, "version": 1, "children": [{"type": "paragraph", "format": "", "indent": 0, "version": 1, "children": [{"mode": "normal", "text": "Chassis T421-2023-089 was acquired in late 2023 as AF Motorsport expanded its driver development offerings to include single-seater training. The car had completed a partial season in the Spanish Formula 4 Championship before joining the AF Motorsport fleet, providing a proven platform with known performance characteristics. Upon acquisition, the chassis underwent comprehensive inspection and refresh including engine dyno verification, gearbox service, and installation of AF Motorsport's data and video systems. Throughout 2024, the car supported individual driver development programs and served as the platform for AF Motorsport's Formula Academy initiative—a structured program introducing karting graduates to single-seater technique. For the 2025-2026 period, the T-421 continues to provide single-seater training capability, with availability for individual coaching, track days, and potential competitive entries in national Formula 4 events.", "type": "text", "style": "", "detail": 0, "format": 0, "version": 1}], "direction": null, "textStyle": "", "textFormat": 0}], "direction": null}}	Electronic Systems / ECU	\N	\N	\N	\N	f	formula-4-tatuus-t-421---afm-academy-car	2026-04-10 10:37:11.558+05:30	2026-04-09 19:16:20.83+05:30
4	Porsche 992 GT3 Cup - AFM Chassis 001	porsche-992-gt3-cup-001	WP0ZZZ99ZNS298001	992 GT3 Cup	Type 992	The Flagship - AF Motorsport's Primary Race Car	Primary competition vehicle for AF Motorsport's Porsche Sprint Challenge Ibérica campaign. This Porsche 992 GT3 Cup represents the latest generation of Porsche's highly successful one-make racing platform, featuring significant advancements over the previous 991.2 generation including improved aerodynamics, enhanced safety systems, and a broader operating window that makes the car more accessible while maintaining the challenging characteristics that develop driver skill. Chassis 001 serves as the team's benchmark car for setup development and performance validation.	Active	{"root": {"type": "root", "format": "", "indent": 0, "version": 1, "children": [{"type": "paragraph", "format": "", "indent": 0, "version": 1, "children": [{"mode": "normal", "text": "This chassis was delivered new to AF Motorsport in February 2025 as part of the team's expansion into the Porsche Sprint Challenge Ibérica. The car completed its initial shakedown at Autódromo do Estoril under the supervision of Porsche Motorsport engineers, immediately demonstrating the expected performance characteristics. Throughout the 2025 season, Chassis 001 competed in six race weekends across Portugal and Spain, securing two race victories and four additional podium finishes. The car underwent comprehensive off-season rebuild in November 2025, including gearbox refresh, damper dyno verification, and full systems inspection. For the 2026 season, the car has been updated with the latest Porsche Motorsport software calibrations and setup refinements developed during winter testing. Chassis 001 carries the primary team livery and serves as the lead entry for André Fernandes in the 2026 Porsche Sprint Challenge Ibérica.", "type": "text", "style": "", "detail": 0, "format": 0, "version": 1}], "direction": null, "textStyle": "", "textFormat": 0}], "direction": null}}	Drivetrain & Transmission	\N	\N	\N	\N	f	porsche-992-gt3-cup---afm-chassis-001	2026-04-10 10:57:42.026+05:30	2026-04-09 19:16:15.798+05:30
6	Porsche 991.2 GT3 R - AFM Chassis 001	porsche-991-2-gt3-r-afm	WP0ZZZ99ZKS198201	991.2 GT3 R	Type 991.2	Porsche's GT3 Contender	The Porsche 991.2 GT3 R is a thoroughbred GT3 racing machine developed by Porsche Motorsport for international GT3 competition. Based on the 911 GT3 RS production car, it features a 4.0-liter flat-six engine producing over 500 horsepower, a sequential six-speed gearbox, and comprehensive aerodynamic package optimized for endurance racing. This chassis is campaigned by AF Motorsport in International GT Open and selected endurance events.	Active	{"root": {"type": "root", "format": "", "indent": 0, "version": 1, "children": [{"type": "paragraph", "format": "", "indent": 0, "version": 1, "children": [{"mode": "normal", "text": "This Porsche 991.2 GT3 R chassis was acquired by AF Motorsport in late 2025 as part of the team's expansion into premier GT3 competition. The car had previously competed in European GT Open and 24H Series events with a German team, arriving with known history and proven reliability.", "type": "text", "style": "", "detail": 0, "format": 0, "version": 1}], "direction": null, "textStyle": "", "textFormat": 0}, {"type": "paragraph", "format": "", "indent": 0, "version": 1, "children": [{"mode": "normal", "text": "    ", "type": "text", "style": "", "detail": 0, "format": 0, "version": 1}], "direction": null, "textStyle": "", "textFormat": 0}, {"type": "paragraph", "format": "", "indent": 0, "version": 1, "children": [{"mode": "normal", "text": "    AF Motorsport's preparation included comprehensive refresh of all systems, installation of team-standard data acquisition and communication equipment, and application of AF Motorsport's distinctive livery. The car made its AF Motorsport debut at the International GT Open Portimão round with drivers André Fernandes and Angelo Fontana.", "type": "text", "style": "", "detail": 0, "format": 0, "version": 1}], "direction": null, "textStyle": "", "textFormat": 0}, {"type": "paragraph", "format": "", "indent": 0, "version": 1, "children": [{"mode": "normal", "text": "    ", "type": "text", "style": "", "detail": 0, "format": 0, "version": 1}], "direction": null, "textStyle": "", "textFormat": 0}, {"type": "paragraph", "format": "", "indent": 0, "version": 1, "children": [{"mode": "normal", "text": "    The chassis represents AF Motorsport's entry into top-level GT3 competition and provides a platform for driver progression to the highest categories of international GT racing.", "type": "text", "style": "", "detail": 0, "format": 0, "version": 1}], "direction": null, "textStyle": "", "textFormat": 0}], "direction": null}}	\N	\N	\N	\N	\N	f	porsche-9912-gt3-r---afm-chassis-001	2026-04-10 16:06:59.906+05:30	2026-04-10 16:05:07.28+05:30
7	Mercedes-AMG GT3	mercedes-amg-gt3-winter	AMGGT3-2024-045	AMG GT3	Evo	Affalterbach's GT Weapon	The Mercedes-AMG GT3 is a front-engine GT3 race car developed by Mercedes-AMG, featuring a 6.2-liter V8 engine and sophisticated aerodynamics. Pipo Massa competes with this machinery in the GT Winter Series, expanding his experience across multiple GT platforms as part of his comprehensive driver development program.	Active	{"root": {"type": "root", "format": "", "indent": 0, "version": 1, "children": [{"type": "paragraph", "format": "", "indent": 0, "version": 1, "children": [{"mode": "normal", "text": "Pipo Massa's Winter Series program includes seat time in Mercedes-AMG GT3 machinery, providing valuable experience in front-engine GT car dynamics. The contrasting characteristics between Porsche's rear-engine platform and Mercedes' front-mid engine layout accelerate driver development by building adaptability and broadening technical understanding.", "type": "text", "style": "", "detail": 0, "format": 0, "version": 1}], "direction": null, "textStyle": "", "textFormat": 0}, {"type": "paragraph", "format": "", "indent": 0, "version": 1, "children": [{"mode": "normal", "text": "    ", "type": "text", "style": "", "detail": 0, "format": 0, "version": 1}], "direction": null, "textStyle": "", "textFormat": 0}, {"type": "paragraph", "format": "", "indent": 0, "version": 1, "children": [{"mode": "normal", "text": "    This experience aligns with AF Motorsport's philosophy of developing complete racing professionals capable of extracting performance from diverse machinery types. The Winter Series campaign provided competitive mileage and continued progression in Pipo's young career.", "type": "text", "style": "", "detail": 0, "format": 0, "version": 1}], "direction": null, "textStyle": "", "textFormat": 0}], "direction": null}}	\N	\N	\N	\N	\N	f	mercedes-amg-gt3	2026-04-10 16:08:42.01+05:30	2026-04-10 16:08:42.009+05:30
\.


--
-- Data for Name: cars_details_classifications_list; Type: TABLE DATA; Schema: public; Owner: afmuser
--

COPY public.cars_details_classifications_list (_order, _parent_id, id, name, criteria, definition, description) FROM stdin;
1	1	69d7ad379d013f04e57f6739	FIA Homologation	Complies with FIA Group CN regulations	Eligible for national sports racing car competition and track day events	The SR3 XX is homologated to FIA Group CN regulations, allowing participation in national-level sports racing car competition. The car meets all applicable safety requirements including rollover protection, fuel system safety, and driver extraction protocols.
1	2	69d7acf3daa821209e1e78b0	FIA Homologation	Original FIA Article 277 homologation for 991.2 GT3 Cup	Period-correct homologation maintained for historic and support category eligibility	Maintains original FIA homologation documentation. Eligible for historic racing events and support categories accepting 991.2 specification cars.
2	2	69d7ad2edaa821209e1e78b1	Porsche Motorsport Heritage Certified	Maintained to period-correct factory specifications	Preserved in race-ready condition with authentic specification	While no longer eligible for current Porsche one-make championships, this chassis is maintained to period-correct factory specifications and remains fully race-capable.
1	3	69d7ad886f284ea0674cde1b	FIA Homologation	Vehicle complies with FIA Article 277 regulations for Group GT3 Cup cars	Homologated for international competition in Porsche one-make series	Full FIA homologation maintained with all required safety and technical compliance documentation current.
1	5	69d7ad3e52a7810020809c02	FIA Formula 4 Homologation	FIA Formula 4 Technical Regulations compliance	Full FIA homologation for Formula 4 championship competition	The Tatuus T-421 holds current FIA Formula 4 homologation, certifying compliance with all technical and safety regulations for FIA-sanctioned Formula 4 championships worldwide. The car includes mandatory safety features including halo device, enhanced side impact protection, and wheel tethers.
1	4	69d7ad549ea0d1ffeba680da	FIA Homologation	Vehicle complies with FIA Article 277 regulations for Group GT3 Cup cars	Homologated for international competition in Porsche one-make series and select GT categories	The 992 GT3 Cup holds FIA homologation as a Group GT3 Cup car, allowing participation in FIA-sanctioned Porsche Carrera Cup and Sprint Challenge series worldwide. The car meets all safety and technical requirements including front and rear crash structures, roll cage specification, fuel system safety, and driver extraction protocols.
1	6	69d8d1a26eb1e12b56fbdbcd	FIA GT3 Homologation	Full compliance with FIA GT3 technical regulations including safety, performance, and aerodynamic specifications	FIA homologated for international GT3 competition in championships worldwide	The Porsche 991.2 GT3 R holds full FIA GT3 homologation valid through the current competition cycle. The car meets all applicable safety requirements including roll cage specification, fuel system safety, driver extraction protocols, and frontal/side impact protection.
1	7	69d8d29d0415d56e15dbd64f	FIA GT3 Homologation	Full compliance with FIA GT3 technical regulations	FIA homologated for international GT3 competition	Full FIA GT3 homologation with current certification valid for all GT3-category championships worldwide.
\.


--
-- Data for Name: cars_details_specifications_list; Type: TABLE DATA; Schema: public; Owner: afmuser
--

COPY public.cars_details_specifications_list (_order, _parent_id, id, parameter, value, description) FROM stdin;
1	1	69d7ad6d9d013f04e57f673a	Engine	1.5-liter RPE Generation 5	Radical Performance Engineering 1.5-liter four-cylinder engine producing approximately 232 horsepower at 9,200 RPM. Dry-sump lubrication system with motorsport-specific engine management. The high-revving nature and sequential power delivery train drivers in precise RPM management and gear selection.
1	2	69d7ad4bdaa821209e1e78b2	Engine	4.0-liter naturally aspirated flat-six	The 991.2 generation engine produces approximately 485 horsepower at 7,800 RPM. While sharing displacement with the 992, this engine features different internal specifications and engine management calibration. The power delivery is slightly less linear than the 992, with a more pronounced surge at higher RPM that demands precise throttle control.
2	2	69d7ad72daa821209e1e78b3	Transmission	6-speed sequential dog-type gearbox	Similar sequential gearbox architecture to the 992 but with previous-generation shift actuator technology. Shift times are marginally slower than the 992, requiring slightly different driving technique for optimal performance.
3	2	69d7ad98daa821209e1e78b4	Weight	1,235 kg (dry)	Slightly lighter than the 992 generation due to less extensive safety structure and aerodynamics package. Weight distribution is similar, maintaining familiar handling characteristics.
1	3	69d7ad506f284ea0674cde1a	Engine	4.0-liter naturally aspirated flat-six	Identical specification to Chassis 001. Engine hours: 42 since last rebuild. Rebuild interval: 100 hours per Porsche Motorsport schedule.
1	5	69d7ad6652a7810020809c03	Engine	1.4-liter Abarth turbocharged inline-4	FIA Formula 4 specification Abarth engine producing approximately 180 horsepower. The turbocharged power delivery requires different throttle management technique compared to naturally aspirated engines, training drivers in boost threshold awareness and turbo lag compensation.
2	5	69d7ad8652a7810020809c04	Transmission	6-speed sequential Sadev gearbox	Sadev SL75 6-speed sequential gearbox with paddle-shift actuation. The gearbox features mechanical limited-slip differential and is optimized for the Formula 4 power characteristics. The precise, mechanical shift feel provides excellent feedback for developing drivers.
3	5	69d7ada852a7810020809c05	Weight	570 kg (including driver)	FIA-mandated minimum weight including driver and fluids. The lightweight construction and open-wheel configuration provide immediate, unfiltered feedback that accelerates driver development.
1	4	69d7ad869ea0d1ffeba680db	Engine	4.0-liter naturally aspirated flat-six	Water-cooled six-cylinder boxer engine producing approximately 510 horsepower at 8,400 RPM. Derived from the 992 GT3 road car engine but optimized for motorsport use with dry-sump lubrication, individual throttle bodies, and motorsport-specific engine management. Maximum torque of 470 Nm at 6,150 RPM.
1	6	69d8d1c56eb1e12b56fbdbce	Engine	4.0-liter naturally aspirated flat-six	Water-cooled six-cylinder boxer engine producing approximately 510 horsepower at 8,250 RPM with 470 Nm torque at 6,150 RPM. Features dry-sump lubrication, individual throttle bodies, and motorsport-specific engine management.
2	6	69d8d1df6eb1e12b56fbdbcf	Transmission	6-speed sequential dog-type gearbox	Porsche Motorsport sequential gearbox with paddle-shift actuation and electronic shift cut. Mechanical limited-slip differential with adjustable preload and ramp angles.
3	6	69d8d1fa6eb1e12b56fbdbd0	Weight	1220	Minimum weight in kilograms per FIA GT3 Balance of Performance regulations. Weight distribution optimized through component placement.
4	6	69d8d2106eb1e12b56fbdbd1	Suspension	Double wishbone front, multi-link rear	ull motorsport suspension with adjustable dampers featuring independent high and low-speed compression and rebound adjustment. Adjustable anti-roll bars front and rear.
5	6	69d8d2256eb1e12b56fbdbd2	Brakes	380mm ventilated discs, 6-piston monobloc calipers	Porsche Motorsport brake system with aluminum monobloc calipers front and rear. Two-piece floating discs. Brake bias adjustable via cockpit control. Motorsport ABS system.
6	6	69d8d2396eb1e12b56fbdbd3	Aerodynamics	Adjustable rear wing, front splitter, underbody diffuser	Comprehensive GT3 aerodynamic package producing significant downforce. Rear wing angle adjustable within homologated range. Front splitter and dive planes optimized for GT3 balance of performance.
1	7	69d8d2b60415d56e15dbd650	Engine	6.2-liter V8 naturally aspirated	Front-mid mounted M159 V8 engine producing approximately 550 horsepower at 7,000 RPM with 650 Nm torque. Dry-sump lubrication and motorsport engine management.
2	7	69d8d2c40415d56e15dbd651	Transmission	6-speed sequential transaxle	Rear-mounted Hewland sequential gearbox with paddle-shift actuation and mechanical limited-slip differential.
3	7	69d8d2d30415d56e15dbd652	Weight	1285	Minimum weight in kilograms per FIA GT3 Balance of Performance regulations.
4	7	69d8d2e30415d56e15dbd653	Suspension	Double wishbone front and rear	Full motorsport suspension with adjustable dampers and anti-roll bars. Pushrod actuation front and rear.
5	7	69d8d2ef0415d56e15dbd654	Brakes	390mm ventilated discs, 6-piston monobloc calipers	Motorsport brake system with adjustable bias and ABS per GT3 regulations.
6	7	69d8d3030415d56e15dbd656	Aerodynamics	Adjustable rear wing, front splitter, underbody diffuser	Comprehensive GT3 aerodynamic package with adjustable rear wing angle and front aero configuration.
7	7	69d8d3130415d56e15dbd657	Electronics	Bosch Motorsport ECU	Full GT3 electronics package with traction control, adjustable engine maps, and comprehensive data logging.
8	7	69d8d3220415d56e15dbd658	Fuel Capacity	120	Liters, FT3 safety fuel cell with quick-fill capability.
\.


--
-- Data for Name: cars_locales; Type: TABLE DATA; Schema: public; Owner: afmuser
--

COPY public.cars_locales (seo_title, seo_image_id, seo_description, id, _locale, _parent_id) FROM stdin;
\.


--
-- Data for Name: cars_rels; Type: TABLE DATA; Schema: public; Owner: afmuser
--

COPY public.cars_rels (id, "order", parent_id, path, organizations_id, members_id, media_id, categories_id, tags_id) FROM stdin;
15	1	1	details.manufacturers	7	\N	\N	\N	\N
16	1	1	details.members	\N	1	\N	\N	\N
17	2	1	details.members	\N	3	\N	\N	\N
18	3	1	details.members	\N	5	\N	\N	\N
19	1	1	categories	\N	\N	\N	2	\N
20	2	1	categories	\N	\N	\N	7	\N
21	3	1	categories	\N	\N	\N	10	\N
22	1	1	tags	\N	\N	\N	\N	3
23	2	1	tags	\N	\N	\N	\N	6
24	3	1	tags	\N	\N	\N	\N	9
25	4	1	tags	\N	\N	\N	\N	11
26	5	1	tags	\N	\N	\N	\N	18
27	6	1	tags	\N	\N	\N	\N	13
28	1	2	details.manufacturers	4	\N	\N	\N	\N
29	2	2	details.manufacturers	7	\N	\N	\N	\N
30	1	2	details.members	\N	2	\N	\N	\N
31	1	2	categories	\N	\N	\N	3	\N
32	2	2	categories	\N	\N	\N	7	\N
33	1	2	tags	\N	\N	\N	\N	3
34	2	2	tags	\N	\N	\N	\N	6
35	3	2	tags	\N	\N	\N	\N	9
36	4	2	tags	\N	\N	\N	\N	12
37	5	2	tags	\N	\N	\N	\N	7
38	6	2	tags	\N	\N	\N	\N	10
39	7	2	tags	\N	\N	\N	\N	4
40	1	3	details.manufacturers	6	\N	\N	\N	\N
41	2	3	details.manufacturers	5	\N	\N	\N	\N
42	1	3	details.members	\N	1	\N	\N	\N
43	1	3	categories	\N	\N	\N	3	\N
44	2	3	categories	\N	\N	\N	6	\N
45	3	3	categories	\N	\N	\N	9	\N
46	4	3	categories	\N	\N	\N	8	\N
47	1	3	tags	\N	\N	\N	\N	3
48	2	3	tags	\N	\N	\N	\N	1
49	3	3	tags	\N	\N	\N	\N	4
50	4	3	tags	\N	\N	\N	\N	6
51	5	3	tags	\N	\N	\N	\N	7
52	6	3	tags	\N	\N	\N	\N	9
53	7	3	tags	\N	\N	\N	\N	8
54	8	3	tags	\N	\N	\N	\N	16
63	1	5	details.manufacturers	2	\N	\N	\N	\N
64	1	5	details.members	\N	1	\N	\N	\N
65	2	5	details.members	\N	3	\N	\N	\N
66	3	5	details.members	\N	5	\N	\N	\N
67	1	5	categories	\N	\N	\N	2	\N
68	2	5	categories	\N	\N	\N	6	\N
69	3	5	categories	\N	\N	\N	5	\N
70	4	5	categories	\N	\N	\N	8	\N
71	1	5	tags	\N	\N	\N	\N	3
72	2	5	tags	\N	\N	\N	\N	4
73	3	5	tags	\N	\N	\N	\N	8
74	4	5	tags	\N	\N	\N	\N	10
75	5	5	tags	\N	\N	\N	\N	11
76	6	5	tags	\N	\N	\N	\N	14
77	7	5	tags	\N	\N	\N	\N	20
78	1	4	details.manufacturers	4	\N	\N	\N	\N
79	1	4	details.members	\N	3	\N	\N	\N
80	1	4	categories	\N	\N	\N	2	\N
81	2	4	categories	\N	\N	\N	4	\N
82	3	4	categories	\N	\N	\N	7	\N
83	1	4	tags	\N	\N	\N	\N	5
84	2	4	tags	\N	\N	\N	\N	7
85	3	4	tags	\N	\N	\N	\N	10
86	4	4	tags	\N	\N	\N	\N	8
87	5	4	tags	\N	\N	\N	\N	12
91	1	6	details.manufacturers	4	\N	\N	\N	\N
92	1	6	details.members	\N	2	\N	\N	\N
93	2	6	details.members	\N	5	\N	\N	\N
94	1	6	categories	\N	\N	\N	2	\N
95	2	6	categories	\N	\N	\N	6	\N
96	1	6	tags	\N	\N	\N	\N	1
97	2	6	tags	\N	\N	\N	\N	3
98	3	6	tags	\N	\N	\N	\N	5
99	1	7	details.manufacturers	2	\N	\N	\N	\N
\.


--
-- Data for Name: carts; Type: TABLE DATA; Schema: public; Owner: afmuser
--

COPY public.carts (id, secret, customer_id, purchased_at, subtotal, currency, updated_at, created_at) FROM stdin;
1	74b03f177863d70af2c9c39823c8a7863fa7e8f7	\N	\N	6700	USD	2026-04-09 17:05:56.273+05:30	2026-04-09 16:49:17.403+05:30
2	59b28e2677f01b490963d484d5d274c6cbd16d7b	\N	\N	2400	USD	2026-04-14 04:37:00.634+05:30	2026-04-14 04:36:50.194+05:30
3	d60cbd72aa2d9f61a5a5b92397ac8811ca286515	\N	\N	1200	USD	2026-04-14 17:41:27.043+05:30	2026-04-14 17:41:27.041+05:30
4	4f0c1af6e195a857737d9bc6a0b05fe09c451140	\N	\N	1900	USD	2026-04-14 19:24:03.566+05:30	2026-04-14 19:24:03.565+05:30
5	7c92d6b4c842260ff1dc07765c425a69406162d7	\N	\N	1200	USD	2026-04-15 05:11:28.811+05:30	2026-04-15 05:11:28.81+05:30
6	a733ae458cc79fffebb489bafa9032130802da50	\N	\N	0	USD	2026-04-15 21:05:07.46+05:30	2026-04-15 20:15:53.384+05:30
7	69d1196dd5dc475611fd0c62525a686363710f79	\N	\N	2500	USD	2026-04-15 22:23:17.522+05:30	2026-04-15 22:23:17.52+05:30
8	\N	2	\N	3100	USD	2026-04-16 01:46:02.1+05:30	2026-04-16 01:15:37.914+05:30
9	31659ff26b80f8dde24fae162f49ae9f56717651	\N	\N	2400	USD	2026-04-19 12:24:10.081+05:30	2026-04-19 12:07:30.136+05:30
10	\N	1	\N	7900	USD	2026-04-20 06:34:27.946+05:30	2026-04-19 19:38:03.339+05:30
11	ca041261bd60f73cbadec789b81ba687210c6b7b	\N	\N	4800	USD	2026-04-20 15:16:29.436+05:30	2026-04-20 15:16:13.08+05:30
12	097db04d12d14553870186f03fcc11d39576e5d3	\N	\N	5500	USD	2026-04-28 00:25:37.644+05:30	2026-04-28 00:25:37.642+05:30
\.


--
-- Data for Name: carts_items; Type: TABLE DATA; Schema: public; Owner: afmuser
--

COPY public.carts_items (_order, _parent_id, id, product_id, variant_id, quantity) FROM stdin;
1	1	69d78b3560d765fb3a44a078	4	\N	1
2	1	69d78f1c8976d239575cb275	7	\N	1
1	2	69dd770a8376b2b9226ae15b	4	\N	2
1	3	69de2eefa4c808d900f333cf	4	\N	1
1	4	69de46fb6264fffaa460ffcb	6	\N	1
1	5	69ded0a8365e4643ec9e4f87	4	\N	1
1	7	69dfc27d21cdcc414d20b73f	5	\N	1
1	8	69dfeae17bd5b18623b21f29	6	\N	1
2	8	69dff2027bd5b18623b21f2a	4	\N	1
1	9	69e4782a688b0950d0b5897e	4	\N	2
1	10	69e4e1c3852b4478a77b56ae	4	\N	2
2	10	69e57b9b7f55525c36233135	7	\N	1
1	11	69e5f5e53e83861ee636e27a	4	\N	4
1	12	69efb129107afa9e2332afb8	7	\N	1
\.


--
-- Data for Name: categories; Type: TABLE DATA; Schema: public; Owner: afmuser
--

COPY public.categories (id, generate_slug, slug, updated_at, created_at) FROM stdin;
1	f	porsche-motorsport	2026-04-10 10:01:21.646+05:30	2026-04-10 10:01:21.646+05:30
2	f	gt-racing	2026-04-10 10:01:49.776+05:30	2026-04-10 10:01:49.776+05:30
3	f	endurance-racing	2026-04-10 10:02:14.032+05:30	2026-04-10 10:02:14.032+05:30
4	f	driver-development	2026-04-10 10:02:41.424+05:30	2026-04-10 10:02:41.424+05:30
5	f	technical-analysis	2026-04-10 10:03:23.831+05:30	2026-04-10 10:03:23.831+05:30
6	f	race-strategy	2026-04-10 10:03:43.02+05:30	2026-04-10 10:03:43.02+05:30
7	f	team-operations	2026-04-10 10:04:10.357+05:30	2026-04-10 10:04:10.357+05:30
8	f	portuguese-motorsport	2026-04-10 10:04:29.189+05:30	2026-04-10 10:04:29.189+05:30
9	f	spanish-motorsport	2026-04-10 10:04:42.444+05:30	2026-04-10 10:04:42.444+05:30
10	f	iberian-motorsport	2026-04-10 10:05:00.108+05:30	2026-04-10 10:05:00.108+05:30
11	f	european-motorsport	2026-04-10 10:05:28.385+05:30	2026-04-10 10:05:28.384+05:30
12	f	international-motorsport	2026-04-10 10:05:44.371+05:30	2026-04-10 10:05:44.371+05:30
13	f	circuit-information	2026-04-10 10:06:24.014+05:30	2026-04-10 10:06:24.014+05:30
14	f	event-coverage	2026-04-10 10:06:48.471+05:30	2026-04-10 10:06:48.471+05:30
15	f	season-previews	2026-04-10 10:07:07.075+05:30	2026-04-10 10:07:07.075+05:30
16	f	season-reviews	2026-04-10 10:07:29.084+05:30	2026-04-10 10:07:29.084+05:30
17	f	driver-profiles	2026-04-10 10:07:47.152+05:30	2026-04-10 10:07:47.152+05:30
18	f	team-profiles	2026-04-10 10:08:08.679+05:30	2026-04-10 10:08:08.679+05:30
19	f	car-profiles	2026-04-10 10:08:38.311+05:30	2026-04-10 10:08:38.311+05:30
20	f	technical-regulations	2026-04-10 10:08:55.982+05:30	2026-04-10 10:08:55.982+05:30
21	f	sporting-regulations	2026-04-10 10:09:17.331+05:30	2026-04-10 10:09:17.331+05:30
22	f	safety-in-motorsport	2026-04-10 10:09:35.526+05:30	2026-04-10 10:09:35.526+05:30
23	f	sustainability	2026-04-10 10:09:58.758+05:30	2026-04-10 10:09:58.758+05:30
24	f	diversity-and-inclusion	2026-04-10 10:10:24.014+05:30	2026-04-10 10:10:24.014+05:30
25	f	youth-motorsport	2026-04-10 10:10:44.218+05:30	2026-04-10 10:10:44.218+05:30
\.


--
-- Data for Name: categories_details_type; Type: TABLE DATA; Schema: public; Owner: afmuser
--

COPY public.categories_details_type (_order, _parent_id, id, value) FROM stdin;
\.


--
-- Data for Name: categories_details_type_locales; Type: TABLE DATA; Schema: public; Owner: afmuser
--

COPY public.categories_details_type_locales (label, id, _locale, _parent_id) FROM stdin;
\.


--
-- Data for Name: categories_locales; Type: TABLE DATA; Schema: public; Owner: afmuser
--

COPY public.categories_locales (name, basics_description, seo_title, seo_image_id, seo_description, id, _locale, _parent_id) FROM stdin;
Porsche Motorsport	Content related to Porsche Motorsport competition, vehicles, championships, and manufacturer involvement. This category encompasses all Porsche-specific racing activities including Carrera Cup, Sprint Challenge, and factory-supported GT programs.	\N	\N	\N	1	en	1
GT Racing	Content related to formula car competition including Formula 4, Formula 3, Formula 2, and other open-wheel categories. Covers both current competition and historical single-seater racing.	\N	\N	\N	2	en	2
Endurance Racing	Content covering long-distance racing events including 24-hour, 12-hour, and 6-hour competitions. This category encompasses all endurance racing formats and associated content.	\N	\N	\N	3	en	3
Driver Development	Content focused on driver training, coaching, progression pathways, and talent identification. Includes academy programs, young driver initiatives, and professional development resources.	\N	\N	\N	4	en	4
Technical Analysis	In-depth technical content covering vehicle engineering, setup methodology, data analysis, and performance optimization. This category includes technical deep-dives and engineering-focused material.	\N	\N	\N	5	en	5
Race Strategy	Content examining strategic aspects of motorsport competition including pit stop strategy, tire management, fuel strategy, and competitive decision-making.	\N	\N	\N	6	en	6
Team Operations	Content covering the operational aspects of running a professional motorsport team including logistics, personnel management, and organizational structure.	\N	\N	\N	7	en	7
Portuguese Motorsport	Content specifically related to motorsport in Portugal including national championships, Portuguese circuits, drivers, teams, and motorsport culture.	\N	\N	\N	8	en	8
Spanish Motorsport	Content specifically related to motorsport in Spain including national championships, Spanish circuits, drivers, teams, and motorsport culture.	\N	\N	\N	9	en	9
Iberian Motorsport	Content covering motorsport across the Iberian Peninsula including joint Portuguese-Spanish championships, regional cooperation, and cross-border competition.	\N	\N	\N	10	en	10
European Motorsport	Content related to European-level motorsport competition including continental championships, major events, and European motorsport governance.	\N	\N	\N	11	en	11
International Motorsport	Content covering global motorsport competition including world championships, major international events, and FIA-sanctioned series.	\N	\N	\N	12	en	12
Circuit Information	Content providing information about racing circuits including track details, history, characteristics, and facility information.	\N	\N	\N	13	en	13
Event Coverage	Race weekend coverage including reports, results, photography, and editorial content from specific motorsport events.	\N	\N	\N	14	en	14
Season Previews	Content previewing upcoming motorsport seasons including championship predictions, driver lineups, and key storylines.	\N	\N	\N	15	en	15
Season Reviews	Retrospective content analyzing completed motorsport seasons including championship summaries, performance analysis, and season highlights.	\N	\N	\N	16	en	16
Driver Profiles	Biographical and career content focused on individual racing drivers including backgrounds, achievements, and personal stories.	\N	\N	\N	17	en	17
Team Profiles	Content profiling motorsport teams including history, structure, achievements, and organizational philosophy.	\N	\N	\N	18	en	18
Car Profiles	Detailed content covering specific race cars including technical specifications, development history, and competitive achievements.	\N	\N	\N	19	en	19
Technical Regulations	Content covering motorsport technical regulations including rule changes, compliance information, and regulatory analysis.	\N	\N	\N	20	en	20
Sporting Regulations	Content covering motorsport sporting regulations including competition rules, championship formats, and procedural information.	\N	\N	\N	21	en	21
Safety in Motorsport	Content focused on motorsport safety including equipment standards, circuit safety features, medical protocols, and safety innovations.\n	\N	\N	\N	22	en	22
Sustainability	Content covering environmental sustainability in motorsport including green initiatives, carbon reduction, sustainable fuels, and environmental responsibility.	\N	\N	\N	23	en	23
Diversity and Inclusion	Content focused on diversity, equity, and inclusion within motorsport including initiatives, stories, and progress updates.	\N	\N	\N	24	en	24
Youth Motorsport	Content covering youth participation in motorsport including karting programs, junior categories, and educational initiatives.	\N	\N	\N	25	en	25
\.


--
-- Data for Name: categories_rels; Type: TABLE DATA; Schema: public; Owner: afmuser
--

COPY public.categories_rels (id, "order", parent_id, path, categories_id, tags_id) FROM stdin;
\.


--
-- Data for Name: celebrations; Type: TABLE DATA; Schema: public; Owner: afmuser
--

COPY public.celebrations (id, name, alias, basics_description, details_exclusivity, details_date_time, details_location, details_story, assets_thumbnail_id, assets_video_id, generate_slug, slug, updated_at, created_at) FROM stdin;
4	André Fernandes Birthday Team Celebration 2026	fernandes-birthday-team-gathering-2026	Informal team gathering combining celebration of André Fernandes's birthday with mid-season team bonding ahead of the championship's second half. The relaxed social event strengthened personal connections within the team during the brief mid-season break.	private	2026-08-15 23:30:00+05:30	0101000020E6100000C58F31772D594340107A36AB3ED722C0	{"root": {"type": "root", "format": "", "indent": 0, "version": 1, "children": [{"type": "paragraph", "format": "start", "indent": 0, "version": 1, "children": [{"mode": "normal", "text": "The mid-season calendar break provided opportunity for AF Motorsport personnel to gather away from the competitive environment and strengthen the personal bonds that underpin team cohesion. The gathering, coinciding with André Fernandes's birthday, offered relaxed social interaction that contrasted with the intense focus of race weekends.", "type": "text", "style": "", "detail": 0, "format": 0, "version": 1}, {"type": "linebreak", "version": 1}, {"mode": "normal", "text": "    ", "type": "text", "style": "", "detail": 0, "format": 0, "version": 1}, {"type": "linebreak", "version": 1}, {"mode": "normal", "text": "    The informal celebration acknowledged the human element of motorsport—the relationships, trust, and mutual respect that enable effective collaboration under pressure. Team members and their families enjoyed an evening of Portuguese hospitality with the Atlantic coastline providing a fitting backdrop for reflection on the season's first half achievements and anticipation of the championship conclusion ahead.", "type": "text", "style": "", "detail": 0, "format": 0, "version": 1}, {"type": "linebreak", "version": 1}, {"mode": "normal", "text": "    ", "type": "text", "style": "", "detail": 0, "format": 0, "version": 1}, {"type": "linebreak", "version": 1}, {"mode": "normal", "text": "    Such gatherings have become an important element of AF Motorsport's team culture, recognizing that sustainable success requires investment in the personal connections that sustain motivation and commitment through the inevitable challenges of competitive motorsport.", "type": "text", "style": "", "detail": 0, "format": 0, "version": 1}], "direction": null, "textStyle": "", "textFormat": 0}], "direction": null}}	\N	\N	f	andr-fernandes-birthday-team-celebration-2026	2026-04-10 10:42:43.837+05:30	2026-04-10 00:49:13.867+05:30
2	AF Motorsport 2025 Championship Podium Celebration	afm-2025-championship-podium-celebration	Formal and informal celebrations marking AF Motorsport's achievement of third place in the 2025 Porsche Sprint Challenge Ibérica championship standings. The celebration acknowledged the team's successful debut Porsche campaign and the collective effort that delivered championship success.	private	2025-10-20 00:30:00+05:30	0101000020E610000012143FC6DC9D4240151DC9E53F4421C0	{"root": {"type": "root", "format": "", "indent": 0, "version": 1, "children": [{"type": "paragraph", "format": "start", "indent": 0, "version": 1, "children": [{"mode": "normal", "text": "The conclusion of the 2025 season at Portimão brought together AF Motorsport personnel, partners, and supporters for a celebration of the team's championship podium achievement. The evening combined the formal recognition of the championship awards ceremony with an intimate team gathering that acknowledged every individual's contribution to the season's success.", "type": "text", "style": "", "detail": 0, "format": 0, "version": 1}, {"type": "linebreak", "version": 1}, {"mode": "normal", "text": "    ", "type": "text", "style": "", "detail": 0, "format": 0, "version": 1}, {"type": "linebreak", "version": 1}, {"mode": "normal", "text": "    The championship podium represented far more than a competitive result—it validated AF Motorsport's preparation methodology, operational standards, and the collective commitment of every team member. The celebration provided opportunity for reflection on the journey from the organization's founding through to establishing credible Porsche competition credentials.", "type": "text", "style": "", "detail": 0, "format": 0, "version": 1}, {"type": "linebreak", "version": 1}, {"mode": "normal", "text": "    ", "type": "text", "style": "", "detail": 0, "format": 0, "version": 1}, {"type": "linebreak", "version": 1}, {"mode": "normal", "text": "    Partners joined the celebration, reinforcing the collaborative nature of the achievement and the shared investment in AF Motorsport's development. The evening strengthened relationships and created momentum for the continued progression into the 2026 season and beyond.", "type": "text", "style": "", "detail": 0, "format": 0, "version": 1}], "direction": null, "textStyle": "", "textFormat": 0}], "direction": null}}	\N	\N	f	af-motorsport-2025-championship-podium-celebration	2026-04-10 10:43:19.66+05:30	2026-04-10 00:47:34.681+05:30
6	End of Season Appreciation Dinner 2026	afm-end-of-season-dinner-2026	Formal appreciation dinner honoring AF Motorsport personnel, partners, and supporters following the conclusion of the 2026 championship season. The celebration recognized individual and collective contributions to the season's achievements.	private	2026-11-08 00:30:00+05:30	0101000020E61000004DF38E53745C434065AA6054524722C0	{"root": {"type": "root", "format": "", "indent": 0, "version": 1, "children": [{"type": "paragraph", "format": "start", "indent": 0, "version": 1, "children": [{"mode": "normal", "text": "The conclusion of the 2026 season was marked by a formal appreciation dinner bringing together everyone who had contributed to AF Motorsport's campaign. The evening provided opportunity for leadership to personally recognize the efforts of team members whose dedication often occurs away from public attention—the mechanics whose preparation ensures reliability, the engineers whose analysis extracts performance, and the support personnel whose organization enables everything else.", "type": "text", "style": "", "detail": 0, "format": 0, "version": 1}, {"type": "linebreak", "version": 1}, {"mode": "normal", "text": "    ", "type": "text", "style": "", "detail": 0, "format": 0, "version": 1}, {"type": "linebreak", "version": 1}, {"mode": "normal", "text": "    Partners were honored for their essential contribution, with the recognition extending beyond financial support to encompass the collaborative relationships that enhance the team's capability and reach. The evening balanced formal acknowledgment with genuine appreciation, reinforcing the organizational culture that values every individual's contribution to collective achievement.", "type": "text", "style": "", "detail": 0, "format": 0, "version": 1}, {"type": "linebreak", "version": 1}, {"mode": "normal", "text": "    ", "type": "text", "style": "", "detail": 0, "format": 0, "version": 1}, {"type": "linebreak", "version": 1}, {"mode": "normal", "text": "    The dinner also served as transition point, closing the chapter on the completed season while building momentum and commitment for the campaign ahead. For AF Motorsport, such gatherings represent investment in the organizational fabric that sustains performance through the cycles of competitive motorsport.", "type": "text", "style": "", "detail": 0, "format": 0, "version": 1}], "direction": null, "textStyle": "", "textFormat": 0}], "direction": null}}	\N	\N	f	end-of-season-appreciation-dinner-2026	2026-04-10 10:42:19.7+05:30	2026-04-10 00:51:10.734+05:30
1	AF Motorsport Maiden Porsche Victory Celebration 2025	afm-maiden-porsche-victory-2025	Spontaneous celebration following AF Motorsport's historic first Porsche victory at the 2025 Estoril season opener. The celebration captured the genuine emotion and significance of the team's breakthrough achievement in its debut Porsche campaign.	private	2025-03-23 22:00:00+05:30	0101000020E61000008048BF7D1D604340448B6CE7FBC922C0	{"root": {"type": "root", "format": "", "indent": 0, "version": 1, "children": [{"type": "paragraph", "format": "start", "indent": 0, "version": 1, "children": [{"mode": "normal", "text": "The moments following the checkered flag of Race 2 at Estoril produced an outpouring of genuine emotion across the AF Motorsport garage. Team personnel embraced as confirmation of victory was received, with mechanics, engineers, and support staff sharing in the achievement that validated months of preparation and years of organizational development.", "type": "text", "style": "", "detail": 0, "format": 0, "version": 1}, {"type": "linebreak", "version": 1}, {"mode": "normal", "text": "    ", "type": "text", "style": "", "detail": 0, "format": 0, "version": 1}, {"type": "linebreak", "version": 1}, {"mode": "normal", "text": "    The celebration was spontaneous and authentic—champagne sprayed across race suits, tearful embraces between long-time team members, and the traditional Portuguese victory song echoing through the Estoril pit lane. For André Fernandes, the victory represented the culmination of a journey from national competitor to Porsche race winner and the realization of a vision to build a team capable of competing successfully at the Iberian championship level.", "type": "text", "style": "", "detail": 0, "format": 0, "version": 1}, {"type": "linebreak", "version": 1}, {"mode": "normal", "text": "    ", "type": "text", "style": "", "detail": 0, "format": 0, "version": 1}, {"type": "linebreak", "version": 1}, {"mode": "normal", "text": "    The Estoril circuit staff, many of whom had watched AF Motorsport develop from its earliest days, joined the celebration, adding local significance to the achievement at the team's home circuit. The victory established a new benchmark for the organization and created a shared memory that strengthened team bonds for the challenges ahead.", "type": "text", "style": "", "detail": 0, "format": 0, "version": 1}], "direction": null, "textStyle": "", "textFormat": 0}], "direction": null}}	\N	\N	f	af-motorsport-maiden-porsche-victory-celebration-2025	2026-04-10 10:43:46.672+05:30	2026-04-10 00:46:53.588+05:30
5	Estoril Victory Anniversary Recognition 2026	estoril-victory-anniversary-2026	Informal recognition of the one-year anniversary of AF Motorsport's maiden Porsche victory at Estoril. The moment of acknowledgment during the 2026 season opener weekend honored the significance of the breakthrough achievement.	private	2026-03-23 17:30:00+05:30	0101000020E61000008048BF7D1D604340448B6CE7FBC922C0	{"root": {"type": "root", "format": "", "indent": 0, "version": 1, "children": [{"type": "paragraph", "format": "start", "indent": 0, "version": 1, "children": [{"mode": "normal", "text": "During the 2026 Estoril season opener weekend, the AF Motorsport team paused briefly to acknowledge the one-year anniversary of the organization's first Porsche victory at the same circuit. The moment was understated but meaningful—a brief gathering of team personnel who had been present for the historic achievement, sharing memories of the breakthrough that had validated the team's direction.", "type": "text", "style": "", "detail": 0, "format": 0, "version": 1}, {"type": "linebreak", "version": 1}, {"mode": "normal", "text": "    ", "type": "text", "style": "", "detail": 0, "format": 0, "version": 1}, {"type": "linebreak", "version": 1}, {"mode": "normal", "text": "    The recognition served as a reminder of progress made and a touchstone for the organization's identity. From maiden victory to established championship contender in twelve months, the anniversary provided perspective on AF Motorsport's development trajectory while reinforcing the values and approach that had delivered success.", "type": "text", "style": "", "detail": 0, "format": 0, "version": 1}, {"type": "linebreak", "version": 1}, {"mode": "normal", "text": "    ", "type": "text", "style": "", "detail": 0, "format": 0, "version": 1}, {"type": "linebreak", "version": 1}, {"mode": "normal", "text": "    For newer team members who had joined since the victory, the moment provided connection to team heritage and an understanding of the foundations upon which current ambitions are built.", "type": "text", "style": "", "detail": 0, "format": 0, "version": 1}], "direction": null, "textStyle": "", "textFormat": 0}], "direction": null}}	\N	\N	f	estoril-victory-anniversary-recognition-2026	2026-04-10 10:42:31.689+05:30	2026-04-10 00:50:06.862+05:30
3	AF Motorsport Season Launch Celebration 2026	afm-season-launch-2026	Official celebration marking the launch of AF Motorsport's 2026 competitive program and the unveiling of the team's new season livery. The event brought together partners, media, and team personnel for an evening of anticipation and commitment to the season ahead.	public	2026-03-01 01:00:00+05:30	0101000020E61000008048BF7D1D604340448B6CE7FBC922C0	{"root": {"type": "root", "format": "", "indent": 0, "version": 1, "children": [{"type": "paragraph", "format": "start", "indent": 0, "version": 1, "children": [{"mode": "normal", "text": "The 2026 season launch celebration transformed the AF Motorsport workshop into an elegant venue for partner appreciation and season anticipation. Guests were welcomed into the team's operational heart, with the newly-liveried Porsche 992 GT3 Cup cars presented under dramatic lighting that emphasized the striking visual identity developed for the new campaign.", "type": "text", "style": "", "detail": 0, "format": 0, "version": 1}, {"type": "linebreak", "version": 1}, {"mode": "normal", "text": "    ", "type": "text", "style": "", "detail": 0, "format": 0, "version": 1}, {"type": "linebreak", "version": 1}, {"mode": "normal", "text": "    The evening program included formal presentations outlining the team's 2026 ambitions, recognition of continuing and new partners, and the opportunity for guests to engage directly with team personnel and equipment. The celebration balanced professional presentation with authentic motorsport atmosphere, reinforcing AF Motorsport's positioning as a credible and ambitious organization.", "type": "text", "style": "", "detail": 0, "format": 0, "version": 1}, {"type": "linebreak", "version": 1}, {"mode": "normal", "text": "    ", "type": "text", "style": "", "detail": 0, "format": 0, "version": 1}, {"type": "linebreak", "version": 1}, {"mode": "normal", "text": "    For the team, the celebration marked the transition from preparation to execution and the collective commitment to converting potential into performance across the championship season ahead.", "type": "text", "style": "", "detail": 0, "format": 0, "version": 1}], "direction": null, "textStyle": "", "textFormat": 0}], "direction": null}}	\N	\N	f	af-motorsport-season-launch-celebration-2026	2026-04-10 10:42:58.169+05:30	2026-04-10 00:48:21.613+05:30
7	St. Patrick's Day 2026 Celebration	st-patricks-day-2026-celebration	AF Motorsport's public St. Patrick's Day celebration across social media channels, engaging the global motorsport community with Irish-themed content.	public	2026-03-17 14:30:00+05:30	0101000020E61000008048BF7D1D604340448B6CE7FBC922C0	{"root": {"type": "root", "format": "", "indent": 0, "version": 1, "children": [{"type": "paragraph", "format": "", "indent": 0, "version": 1, "children": [{"mode": "normal", "text": " AF Motorsport joined the global St. Patrick's Day celebration with specially designed content blending motorsport imagery with Irish cultural elements. The celebration extended goodwill to fans, partners, and competitors while showcasing the team's personality beyond pure racing content.", "type": "text", "style": "", "detail": 0, "format": 0, "version": 1}], "direction": null, "textStyle": "", "textFormat": 0}, {"type": "paragraph", "format": "", "indent": 0, "version": 1, "children": [{"mode": "normal", "text": "    ", "type": "text", "style": "", "detail": 0, "format": 0, "version": 1}], "direction": null, "textStyle": "", "textFormat": 0}, {"type": "paragraph", "format": "", "indent": 0, "version": 1, "children": [{"mode": "normal", "text": "    The post generated strong engagement across platforms, with the combination of AF Motorsport's distinctive green and navy livery naturally complementing the St. Patrick's Day color palette. Fan responses celebrated the team's community engagement and authentic voice.", "type": "text", "style": "", "detail": 0, "format": 0, "version": 1}], "direction": null, "textStyle": "", "textFormat": 0}, {"type": "paragraph", "format": "", "indent": 0, "version": 1, "children": [], "direction": null, "textStyle": "", "textFormat": 0}], "direction": null}}	\N	\N	f	st-patricks-day-2026-celebration	2026-04-10 16:14:24.511+05:30	2026-04-10 16:14:24.511+05:30
9	Pipo Massa First European Victory Celebration	pipo-massa-first-win-celebration	Emotional post-race celebration marking Pipo Massa's breakthrough first European race victory at Barcelona in challenging wet conditions.	private	2026-03-14 17:00:00+05:30	0101000020E6100000295C8FC2F5C8444082E2C798BB160240	{"root": {"type": "root", "format": "", "indent": 0, "version": 1, "children": [{"type": "paragraph", "format": "", "indent": 0, "version": 1, "children": [{"mode": "normal", "text": "The AF Motorsport garage erupted in celebration as Pipo Massa crossed the finish line to secure his first European race victory. The emotional scene saw father Felipe Massa embracing his son, tears visible beneath helmet visors, as the significance of the achievement resonated through the team.", "type": "text", "style": "", "detail": 0, "format": 0, "version": 1}], "direction": null, "textStyle": "", "textFormat": 0}, {"type": "paragraph", "format": "", "indent": 0, "version": 1, "children": [{"mode": "normal", "text": "    ", "type": "text", "style": "", "detail": 0, "format": 0, "version": 1}], "direction": null, "textStyle": "", "textFormat": 0}, {"type": "paragraph", "format": "", "indent": 0, "version": 1, "children": [{"mode": "normal", "text": "    Mechanics who had prepared the Porsche 992 GT3 Cup to perfection shared in the moment, their work validated by the ultimate reward. Engineers who had guided Pipo's development through countless data sessions and simulator hours saw their investment bear fruit on the international stage.", "type": "text", "style": "", "detail": 0, "format": 0, "version": 1}], "direction": null, "textStyle": "", "textFormat": 0}, {"type": "paragraph", "format": "", "indent": 0, "version": 1, "children": [{"mode": "normal", "text": "    ", "type": "text", "style": "", "detail": 0, "format": 0, "version": 1}], "direction": null, "textStyle": "", "textFormat": 0}, {"type": "paragraph", "format": "", "indent": 0, "version": 1, "children": [{"mode": "normal", "text": "    The celebration captured the essence of AF Motorsport's philosophy—that racing is fundamentally about people, relationships, and shared achievement. For Pipo Massa, the victory represented both personal milestone and testament to the support system surrounding him.", "type": "text", "style": "", "detail": 0, "format": 0, "version": 1}], "direction": null, "textStyle": "", "textFormat": 0}, {"type": "paragraph", "format": "", "indent": 0, "version": 1, "children": [], "direction": null, "textStyle": "", "textFormat": 0}], "direction": null}}	\N	\N	f	pipo-massa-first-european-victory-celebration	2026-04-10 16:18:03.432+05:30	2026-04-10 16:18:03.432+05:30
10	Father-Son Racing Milestone Barcelona	massa-family-milestone-barcelona	Celebration of the special family milestone as Felipe Massa and his son Pipo compete together under the AF Motorsport banner at Barcelona.	public	2026-03-14 17:30:00+05:30	0101000020E6100000295C8FC2F5C8444082E2C798BB160240	{"root": {"type": "root", "format": "", "indent": 0, "version": 1, "children": [{"type": "paragraph", "format": "", "indent": 0, "version": 1, "children": [{"mode": "normal", "text": "A special family milestone captured the attention of the motorsport world as Felipe Massa, Formula 1 vice-champion and veteran of 269 Grand Prix starts, competed alongside his son Pipo Massa in AF Motorsport colors.", "type": "text", "style": "", "detail": 0, "format": 0, "version": 1}], "direction": null, "textStyle": "", "textFormat": 0}, {"type": "paragraph", "format": "", "indent": 0, "version": 1, "children": [{"mode": "normal", "text": "    ", "type": "text", "style": "", "detail": 0, "format": 0, "version": 1}], "direction": null, "textStyle": "", "textFormat": 0}, {"type": "paragraph", "format": "", "indent": 0, "version": 1, "children": [{"mode": "normal", "text": "    The imagery of father and son in matching team wear, sharing the same garage, and debriefing together resonated far beyond the Barcelona paddock. Social media engagement surged as fans worldwide connected with the human story at the heart of professional competition.", "type": "text", "style": "", "detail": 0, "format": 0, "version": 1}], "direction": null, "textStyle": "", "textFormat": 0}, {"type": "paragraph", "format": "", "indent": 0, "version": 1, "children": [{"mode": "normal", "text": "    ", "type": "text", "style": "", "detail": 0, "format": 0, "version": 1}], "direction": null, "textStyle": "", "textFormat": 0}, {"type": "paragraph", "format": "", "indent": 0, "version": 1, "children": [{"mode": "normal", "text": "    For AF Motorsport, the Massa family's trust in the team's professional standards and development philosophy provided powerful external validation. The milestone reinforced the organization's reputation as a destination for drivers at all career stages—from emerging talent to established international stars.", "type": "text", "style": "", "detail": 0, "format": 0, "version": 1}], "direction": null, "textStyle": "", "textFormat": 0}], "direction": null}}	\N	\N	f	father-son-racing-milestone-barcelona	2026-04-10 16:19:47.888+05:30	2026-04-10 16:19:47.888+05:30
8	Barcelona Post-Weekend Team Appreciation	barcelona-team-appreciation-celebration	Post-weekend recognition gathering celebrating the collective effort of all AF Motorsport personnel during the demanding Barcelona Winter Series finale.	private	2026-03-15 23:30:00+05:30	0101000020E6100000295C8FC2F5C8444082E2C798BB160240	{"root": {"type": "root", "format": "", "indent": 0, "version": 1, "children": [{"type": "paragraph", "format": "", "indent": 0, "version": 1, "children": [{"mode": "normal", "text": " As the Barcelona Winter Series weekend concluded, AF Motorsport leadership gathered all team members—drivers, mechanics, engineers, and support staff—to acknowledge outstanding effort and commitment throughout an intense three days of competition.", "type": "text", "style": "", "detail": 0, "format": 0, "version": 1}], "direction": null, "textStyle": "", "textFormat": 0}, {"type": "paragraph", "format": "", "indent": 0, "version": 1, "children": [{"mode": "normal", "text": "    ", "type": "text", "style": "", "detail": 0, "format": 0, "version": 1}], "direction": null, "textStyle": "", "textFormat": 0}, {"type": "paragraph", "format": "", "indent": 0, "version": 1, "children": [{"mode": "normal", "text": "    The celebration recognized both competitive successes, including Pipo Massa's first European victory, and the resilience demonstrated through challenging moments including Gabriela Correia's repair effort at Murça earlier in the month. The gathering reinforced the team culture that values contribution at every level and understands that championship success is built upon countless individual efforts.", "type": "text", "style": "", "detail": 0, "format": 0, "version": 1}], "direction": null, "textStyle": "", "textFormat": 0}, {"type": "paragraph", "format": "", "indent": 0, "version": 1, "children": [{"mode": "normal", "text": "    ", "type": "text", "style": "", "detail": 0, "format": 0, "version": 1}], "direction": null, "textStyle": "", "textFormat": 0}, {"type": "paragraph", "format": "", "indent": 0, "version": 1, "children": [{"mode": "normal", "text": "    Cold beverages and shared stories capped a weekend that demonstrated AF Motorsport's growing capability and unwavering team spirit.", "type": "text", "style": "", "detail": 0, "format": 0, "version": 1}], "direction": null, "textStyle": "", "textFormat": 0}], "direction": null}}	\N	\N	f	barcelona-post-weekend-team-appreciation	2026-04-14 01:35:27.434+05:30	2026-04-10 16:16:37.859+05:30
\.


--
-- Data for Name: celebrations_locales; Type: TABLE DATA; Schema: public; Owner: afmuser
--

COPY public.celebrations_locales (seo_title, seo_image_id, seo_description, id, _locale, _parent_id) FROM stdin;
\.


--
-- Data for Name: celebrations_rels; Type: TABLE DATA; Schema: public; Owner: afmuser
--

COPY public.celebrations_rels (id, "order", parent_id, path, leaders_id, drivers_id, media_id, categories_id, tags_id) FROM stdin;
27	1	6	details.leaders	1	\N	\N	\N	\N
28	2	6	details.leaders	2	\N	\N	\N	\N
29	3	6	details.leaders	4	\N	\N	\N	\N
30	4	6	details.leaders	3	\N	\N	\N	\N
31	1	6	details.drivers	\N	2	\N	\N	\N
32	2	6	details.drivers	\N	3	\N	\N	\N
33	3	6	details.drivers	\N	4	\N	\N	\N
34	1	6	categories	\N	\N	\N	2	\N
35	2	6	categories	\N	\N	\N	6	\N
36	3	6	categories	\N	\N	\N	9	\N
37	1	6	tags	\N	\N	\N	\N	2
38	2	6	tags	\N	\N	\N	\N	7
39	3	6	tags	\N	\N	\N	\N	10
40	4	6	tags	\N	\N	\N	\N	9
41	1	5	details.leaders	3	\N	\N	\N	\N
42	2	5	details.leaders	2	\N	\N	\N	\N
43	3	5	details.leaders	4	\N	\N	\N	\N
44	1	5	details.drivers	\N	2	\N	\N	\N
45	2	5	details.drivers	\N	1	\N	\N	\N
46	1	5	categories	\N	\N	\N	3	\N
47	2	5	categories	\N	\N	\N	7	\N
48	1	5	tags	\N	\N	\N	\N	4
49	2	5	tags	\N	\N	\N	\N	7
50	3	5	tags	\N	\N	\N	\N	10
51	4	5	tags	\N	\N	\N	\N	6
52	1	4	details.leaders	3	\N	\N	\N	\N
53	1	4	details.drivers	\N	2	\N	\N	\N
54	2	4	details.drivers	\N	1	\N	\N	\N
55	1	4	categories	\N	\N	\N	1	\N
56	2	4	categories	\N	\N	\N	5	\N
57	1	4	tags	\N	\N	\N	\N	2
58	2	4	tags	\N	\N	\N	\N	7
59	3	4	tags	\N	\N	\N	\N	8
60	1	3	details.leaders	3	\N	\N	\N	\N
61	1	3	details.drivers	\N	2	\N	\N	\N
62	1	3	categories	\N	\N	\N	4	\N
63	2	3	categories	\N	\N	\N	8	\N
64	3	3	categories	\N	\N	\N	13	\N
65	1	3	tags	\N	\N	\N	\N	2
66	2	3	tags	\N	\N	\N	\N	6
67	3	3	tags	\N	\N	\N	\N	5
68	4	3	tags	\N	\N	\N	\N	8
69	1	2	details.leaders	2	\N	\N	\N	\N
70	1	2	details.drivers	\N	2	\N	\N	\N
71	1	2	categories	\N	\N	\N	2	\N
72	2	2	categories	\N	\N	\N	1	\N
73	3	2	categories	\N	\N	\N	7	\N
74	1	2	tags	\N	\N	\N	\N	2
75	2	2	tags	\N	\N	\N	\N	5
76	3	2	tags	\N	\N	\N	\N	6
77	1	1	details.leaders	1	\N	\N	\N	\N
78	2	1	details.leaders	4	\N	\N	\N	\N
79	1	1	details.drivers	\N	1	\N	\N	\N
80	2	1	details.drivers	\N	2	\N	\N	\N
81	3	1	details.drivers	\N	4	\N	\N	\N
82	1	1	categories	\N	\N	\N	2	\N
83	2	1	categories	\N	\N	\N	5	\N
84	1	1	tags	\N	\N	\N	\N	2
85	2	1	tags	\N	\N	\N	\N	4
86	3	1	tags	\N	\N	\N	\N	5
87	1	7	details.leaders	1	\N	\N	\N	\N
88	1	7	details.drivers	\N	1	\N	\N	\N
89	2	7	details.drivers	\N	6	\N	\N	\N
90	1	7	categories	\N	\N	\N	1	\N
91	2	7	categories	\N	\N	\N	7	\N
92	1	7	tags	\N	\N	\N	\N	27
93	2	7	tags	\N	\N	\N	\N	39
94	3	7	tags	\N	\N	\N	\N	37
103	1	9	details.leaders	3	\N	\N	\N	\N
104	1	9	details.drivers	\N	3	\N	\N	\N
105	2	9	details.drivers	\N	9	\N	\N	\N
106	1	9	categories	\N	\N	\N	1	\N
107	2	9	categories	\N	\N	\N	8	\N
108	3	9	categories	\N	\N	\N	7	\N
109	1	9	tags	\N	\N	\N	\N	1
110	2	9	tags	\N	\N	\N	\N	7
111	3	9	tags	\N	\N	\N	\N	10
112	4	9	tags	\N	\N	\N	\N	12
113	1	10	details.leaders	1	\N	\N	\N	\N
114	1	10	details.drivers	\N	1	\N	\N	\N
115	2	10	details.drivers	\N	10	\N	\N	\N
116	1	10	categories	\N	\N	\N	19	\N
117	2	10	categories	\N	\N	\N	17	\N
118	3	10	categories	\N	\N	\N	15	\N
119	1	10	tags	\N	\N	\N	\N	1
120	2	10	tags	\N	\N	\N	\N	17
121	3	10	tags	\N	\N	\N	\N	19
122	4	10	tags	\N	\N	\N	\N	29
123	1	8	details.leaders	4	\N	\N	\N	\N
124	1	8	details.drivers	\N	10	\N	\N	\N
125	2	8	details.drivers	\N	7	\N	\N	\N
126	1	8	categories	\N	\N	\N	19	\N
127	2	8	categories	\N	\N	\N	25	\N
128	1	8	tags	\N	\N	\N	\N	18
129	2	8	tags	\N	\N	\N	\N	28
130	3	8	tags	\N	\N	\N	\N	29
131	4	8	tags	\N	\N	\N	\N	37
\.


--
-- Data for Name: championships; Type: TABLE DATA; Schema: public; Owner: afmuser
--

COPY public.championships (id, name, alias, basics_identifiers_code, basics_identifiers_abbreviation, basics_tagline, basics_description, details_history, details_regulations_id, details_format, details_points_system_id, details_standings_scope, details_start_date, details_end_date, details_season_id, details_series_id, details_winner_id, details_runner_up_id, details_third_place_id, details_notes, assets_trophy_id, assets_thumbnail_id, assets_cover_id, assets_video_id, generate_slug, slug, updated_at, created_at) FROM stdin;
4	Porsche Sprint Challenge Ibérica 2026 Rookie Championship	psci-2026-rookie-championship	PSCI-2026-ROOKIE	PSCI R 2026	Emerging Talent Recognition	The Rookie Championship within the 2026 Porsche Sprint Challenge Ibérica series recognizes the highest-placed driver competing in their first full season of Porsche Cup competition. The classification encourages new entries to the championship while acknowledging the achievement of adapting successfully to Porsche 992 GT3 Cup machinery.	{"root": {"type": "root", "format": "", "indent": 0, "version": 1, "children": [{"type": "paragraph", "format": "", "indent": 0, "version": 1, "children": [{"mode": "normal", "text": "The Rookie Championship was established to support championship growth by recognizing and encouraging new participants. The classification provides additional competitive focus for first-season drivers while creating narrative interest throughout the championship order.", "type": "text", "style": "", "detail": 0, "format": 0, "version": 1}], "direction": null, "textStyle": "", "textFormat": 0}, {"type": "paragraph", "format": "", "indent": 0, "version": 1, "children": [{"mode": "normal", "text": "    ", "type": "text", "style": "", "detail": 0, "format": 0, "version": 1}], "direction": null, "textStyle": "", "textFormat": 0}, {"type": "paragraph", "format": "", "indent": 0, "version": 1, "children": [{"mode": "normal", "text": "    Previous Rookie champions have progressed to front-running overall positions in subsequent seasons, validating the category's role in talent development and championship integration.", "type": "text", "style": "", "detail": 0, "format": 0, "version": 1}], "direction": null, "textStyle": "", "textFormat": 0}], "direction": null}}	4	Awarded to highest-placed driver in overall championship standings competing in first full Porsche Cup season. Eligibility determined by previous Porsche Cup experience criteria defined in sporting regulations.	5	season_only	2026-03-28 17:00:00+05:30	2026-10-25 17:00:00+05:30	1	4	1	2	4	Eligibility criteria defined in championship sporting regulations. Previous partial seasons may affect qualification.	\N	\N	\N	\N	f	porsche-sprint-challenge-ibrica-2026-rookie-championship	2026-04-10 10:36:31.778+05:30	2026-04-09 20:33:18.11+05:30
3	Porsche Sprint Challenge Ibérica 2026 Pro-Am Championship	psci-2026-proam-championship	PSCI-2026-PROAM	PSCI PA 2026	Pro-Am Category Competition	The Pro-Am class within the 2026 Porsche Sprint Challenge Ibérica championship provides categorized competition for Bronze and Silver-graded drivers per FIA driver categorization standards. The class maintains separate points classification while competing concurrently with the overall championship field.	{"root": {"type": "root", "format": "", "indent": 0, "version": 1, "children": [{"type": "paragraph", "format": "", "indent": 0, "version": 1, "children": [{"mode": "normal", "text": "The Pro-Am category was introduced to the unified championship in 2024 to provide structured competition for drivers not contesting the overall title. The classification system follows FIA driver categorization protocols, ensuring appropriate competitive grouping while maintaining the integrity of overall championship competition.", "type": "text", "style": "", "detail": 0, "format": 0, "version": 1}], "direction": null, "textStyle": "", "textFormat": 0}, {"type": "paragraph", "format": "", "indent": 0, "version": 1, "children": [{"mode": "normal", "text": "    ", "type": "text", "style": "", "detail": 0, "format": 0, "version": 1}], "direction": null, "textStyle": "", "textFormat": 0}, {"type": "paragraph", "format": "", "indent": 0, "version": 1, "children": [{"mode": "normal", "text": "    The category has successfully attracted entries from experienced amateur competitors and emerging professional talent, contributing to healthy grid numbers and diverse competition throughout the field.", "type": "text", "style": "", "detail": 0, "format": 0, "version": 1}], "direction": null, "textStyle": "", "textFormat": 0}], "direction": null}}	4	Same race format as overall championship with separate points classification for Pro-Am eligible drivers. Points awarded per standard scale within category. Overall finishing position also recognized.	5	season_only	2026-03-28 17:00:00+05:30	2026-10-25 17:00:00+05:30	4	3	2	1	4	Category eligibility determined by FIA driver grading. Subject to championship sporting regulations.	\N	\N	\N	\N	f	porsche-sprint-challenge-ibrica-2026-pro-am-championship	2026-04-10 10:36:42.651+05:30	2026-04-09 20:31:56.957+05:30
1	Porsche Sprint Challenge Ibérica 2026 Championship	psci-2026-championship	PSCI-2026-CHAMP	PSCI 2026	The Pursuit of Iberian Porsche Supremacy	The 2026 Porsche Sprint Challenge Ibérica overall championship represents the premier title in Iberian one-make GT racing. Contested across six rounds at Portugal and Spain's most prestigious circuits, the championship awards the driver accumulating the highest points total across the season. The title carries significant prestige within the Porsche Motorsport ecosystem and serves as a proven pathway to international Carrera Cup and Supercup opportunities.	{"root": {"type": "root", "format": "", "indent": 0, "version": 1, "children": [{"type": "paragraph", "format": "", "indent": 0, "version": 1, "children": [{"mode": "normal", "text": "The 2026 championship marks the third season of unified Iberian Porsche competition following the successful merger of national Portuguese and Spanish series. The championship has rapidly established itself as a benchmark for professional GT racing in the region, attracting competitive entries from established teams and emerging talent.", "type": "text", "style": "", "detail": 0, "format": 0, "version": 1}], "direction": null, "textStyle": "", "textFormat": 0}, {"type": "paragraph", "format": "", "indent": 0, "version": 1, "children": [{"mode": "normal", "text": "    ", "type": "text", "style": "", "detail": 0, "format": 0, "version": 1}], "direction": null, "textStyle": "", "textFormat": 0}, {"type": "paragraph", "format": "", "indent": 0, "version": 1, "children": [{"mode": "normal", "text": "    The title carries enhanced significance in 2026 with expanded media coverage, increased prize fund, and strengthened connection to Porsche's international motorsport ladder. The champion receives recognition at Porsche Motorsport's annual awards ceremony and priority consideration for Porsche Junior Program evaluation.", "type": "text", "style": "", "detail": 0, "format": 0, "version": 1}], "direction": null, "textStyle": "", "textFormat": 0}], "direction": null}}	1	Six rounds each featuring two 30-minute sprint races. Points awarded to top fifteen finishers per race with bonus points for pole position and fastest lap. Championship classification determined by total points accumulated across all races. Drop scores not applied.	1	season_only	2026-03-28 17:00:00+05:30	2026-10-25 17:00:00+05:30	1	1	1	2	3	Full 2026 calendar subject to FIA and national federation confirmation. Balance of Performance adjustments may be applied per Porsche Motorsport technical directives.	\N	\N	\N	\N	f	porsche-sprint-challenge-ibrica-2026-championship	2026-04-10 10:37:16.248+05:30	2026-04-09 20:28:54.256+05:30
2	Porsche Sprint Challenge Ibérica 2025 Championship	psci-2025-championship	PSCI-2025-CHAMP	PSCI 2025	AF Motorsport's Debut Porsche Campaign	The 2025 Porsche Sprint Challenge Ibérica championship represented AF Motorsport's inaugural season in Porsche one-make competition. The six-round campaign across Portugal and Spain provided the foundation for the team's Porsche program and established competitive benchmarks for future seasons.	{"root": {"type": "root", "format": "", "indent": 0, "version": 1, "children": [{"type": "paragraph", "format": "", "indent": 0, "version": 1, "children": [{"mode": "normal", "text": "The 2025 season marked AF Motorsport's transition to Porsche competition, with the team committing to a full championship campaign in the unified Iberian series. The season represented the culmination of extensive preparation including personnel development, technical partnership establishment, and pre-season testing.", "type": "text", "style": "", "detail": 0, "format": 0, "version": 1}], "direction": null, "textStyle": "", "textFormat": 0}, {"type": "paragraph", "format": "", "indent": 0, "version": 1, "children": [{"mode": "normal", "text": "    ", "type": "text", "style": "", "detail": 0, "format": 0, "version": 1}], "direction": null, "textStyle": "", "textFormat": 0}, {"type": "paragraph", "format": "", "indent": 0, "version": 1, "children": [{"mode": "normal", "text": "    The championship was contested across Estoril, Portimão, Barcelona, and Jerez, with AF Motorsport demonstrating consistent competitiveness from the opening round. The team secured three race victories, six additional podium finishes, and third place in the final championship standings—exceeding pre-season expectations and validating the organization's preparation standards and competitive methodology.", "type": "text", "style": "", "detail": 0, "format": 0, "version": 1}], "direction": null, "textStyle": "", "textFormat": 0}], "direction": null}}	2	Six rounds featuring two 30-minute sprint races per weekend. Points awarded to top fifteen finishers with pole position and fastest lap bonuses. No drop scores applied.	2	season_only	2025-03-22 17:00:00+05:30	2025-10-19 17:00:00+05:30	1	1	1	2	3	AF Motorsport finished third in championship standings. Three victories and nine total podium finishes achieved.	\N	\N	\N	\N	f	porsche-sprint-challenge-ibrica-2025-championship	2026-04-10 10:37:01.912+05:30	2026-04-09 20:30:42.052+05:30
5	Porsche Sprint Challenge Ibérica 2026 Team Championship	psci-2026-team-championship	PSCI-2026-TEAM	PSCI Team 2026	Team Excellence Recognition	The Team Championship within the 2026 Porsche Sprint Challenge Ibérica series recognizes the most successful entrant organization across the full season. Points are accumulated from all cars entered by a team, rewarding organizations that demonstrate consistent performance across their competitive programs.	{"root": {"type": "root", "format": "", "indent": 0, "version": 1, "children": [{"type": "paragraph", "format": "", "indent": 0, "version": 1, "children": [{"mode": "normal", "text": "The Team Championship acknowledges the organizational excellence required to compete successfully in Porsche one-make competition. The classification reflects the combined performance of all team entries, encouraging multi-car programs and recognizing the operational capability required to field competitive entries across an entire season. ", "type": "text", "style": "", "detail": 0, "format": 0, "version": 1}], "direction": null, "textStyle": "", "textFormat": 0}, {"type": "paragraph", "format": "", "indent": 0, "version": 1, "children": [], "direction": null, "textStyle": "", "textFormat": 0}, {"type": "paragraph", "format": "", "indent": 0, "version": 1, "children": [{"mode": "normal", "text": "   For AF Motorsport, the Team Championship provides additional competitive focus and recognition of the organization's preparation standards and operational execution throughout the campaign.", "type": "text", "style": "", "detail": 0, "format": 0, "version": 1}], "direction": null, "textStyle": "", "textFormat": 0}], "direction": null}}	\N	Team points calculated from the two highest-finishing cars per entrant at each race. Standard points scale applied. Teams may enter additional cars with only highest two scoring toward Team Championship classification.	6	season_only	2026-03-28 17:00:00+05:30	2026-10-25 17:00:00+05:30	2	2	2	1	4	AF Motorsport targeting top-three Team Championship finish for 2026 season.	\N	\N	\N	\N	f	porsche-sprint-challenge-ibrica-2026-team-championship	2026-04-10 11:05:04.592+05:30	2026-04-09 20:34:24.905+05:30
\.


--
-- Data for Name: championships_locales; Type: TABLE DATA; Schema: public; Owner: afmuser
--

COPY public.championships_locales (seo_title, seo_image_id, seo_description, id, _locale, _parent_id) FROM stdin;
\.


--
-- Data for Name: championships_rels; Type: TABLE DATA; Schema: public; Owner: afmuser
--

COPY public.championships_rels (id, "order", parent_id, path, media_id, categories_id, tags_id) FROM stdin;
4	1	4	categories	\N	6	\N
5	1	4	tags	\N	\N	8
6	2	4	tags	\N	\N	14
7	1	3	categories	\N	8	\N
8	1	3	tags	\N	\N	4
9	2	3	tags	\N	\N	2
10	3	3	tags	\N	\N	7
11	1	2	categories	\N	2	\N
12	1	2	tags	\N	\N	8
13	2	2	tags	\N	\N	11
14	3	2	tags	\N	\N	7
15	1	1	categories	\N	2	\N
16	2	1	categories	\N	1	\N
17	1	1	tags	\N	\N	4
18	2	1	tags	\N	\N	8
19	3	1	tags	\N	\N	9
23	1	5	categories	\N	2	\N
24	1	5	tags	\N	\N	2
25	2	5	tags	\N	\N	8
\.


--
-- Data for Name: circuits; Type: TABLE DATA; Schema: public; Owner: afmuser
--

COPY public.circuits (id, name, alias, basics_identifiers_code, basics_identifiers_abbreviation, basics_tagline, basics_description, details_type, details_length_km, details_length_miles, details_turns, details_drs_zones, details_direction, details_fia_grade, details_elevation_change, details_capacity, details_location, details_address, details_country_id, details_opened, details_closed, details_owner_id, details_operator_id, details_website, details_history, details_notes, metrics_record_lap_time, metrics_record_lap_driver_id, metrics_record_lap_year, assets_thumbnail_id, assets_cover_id, assets_circuit_map_id, assets_video_id, generate_slug, slug, updated_at, created_at) FROM stdin;
5	Circuit de Spa-Francorchamps	spa	SPA	SPA	The Greatest Racing Circuit in the World	Legendary permanent racing circuit located in the Ardennes forest of eastern Belgium. Spa-Francorchamps is universally regarded as one of motorsport's greatest challenges and most beloved venues. The original 14-kilometer public road circuit hosted racing from 1921, with the modern 7-kilometer permanent configuration opening in 1979 and hosting the Belgian Formula 1 Grand Prix continuously since 1985. The circuit is defined by its spectacular setting in the Ardennes forest, dramatic elevation changes, and the world-famous Eau Rouge-Raidillon complex—a high-speed compression and climb that tests both driver commitment and vehicle capability like no other corner sequence in motorsport. Spa's microclimate means conditions can change rapidly, with rain possible on one section of the circuit while another remains dry.	permanent	7.004	4.352	19	2	clockwise	1	102	70000	0101000020E61000006D567DAEB6E21740D5E76A2BF6374940	Route du Circuit 55, 4970 Stavelot	172	1921-08-01 17:00:00+05:30	\N	2	4	https://www.spa-francorchamps.be	{"root": {"type": "root", "format": "", "indent": 0, "version": 1, "children": [{"type": "paragraph", "format": "", "indent": 0, "version": 1, "children": [{"mode": "normal", "text": "The Ardennes' Sacred Ground", "type": "text", "style": "", "detail": 0, "format": 0, "version": 1}, {"type": "linebreak", "version": 1}, {"mode": "normal", "text": "Circuit de Spa-Francorchamps embodies motorsport's romantic ideal—a circuit carved through forest and countryside, demanding respect from every driver who tackles its challenging layout. The original 14-kilometer triangle of public roads produced heroes and tragedies in equal measure, with drivers of the golden era describing Spa as the ultimate test of courage and machine.", "type": "text", "style": "", "detail": 0, "format": 0, "version": 1}, {"type": "linebreak", "version": 1}, {"mode": "normal", "text": "The modern 7-kilometer circuit preserves the essential character of the original while meeting contemporary safety standards. Eau Rouge-Raidillon remains the circuit's defining challenge—a high-speed left-right-left compression taken at over 300 km/h in modern Formula 1 cars, generating sustained g-forces that compress drivers into their seats while the car fights for grip through the climb. The long Kemmel straight, high-speed Pouhon double-left, and flat-out Blanchimont corner complete a layout that rewards bravery while punishing mistakes severely.", "type": "text", "style": "", "detail": 0, "format": 0, "version": 1}, {"type": "linebreak", "version": 1}, {"mode": "normal", "text": "For AF Motorsport, Spa represents the ultimate challenge on the European calendar. The circuit's length and complexity demand exceptional preparation, while its unpredictable weather requires strategic flexibility and driver adaptability. A strong performance at Spa validates every aspect of team operation—engineering, driver coaching, and race strategy.", "type": "text", "style": "", "detail": 0, "format": 0, "version": 1}], "direction": null, "textStyle": "", "textFormat": 0}], "direction": null}}	Circuit length and complexity require extensive preparation. Weather monitoring essential—conditions can change within minutes. Eau Rouge-Raidillon setup critical: car must maintain platform stability through compression and direction change. Fuel consumption among highest of season due to extended full-throttle periods. Tire warm-up challenging in cool Ardennes conditions.	02:02.768	4	2024-01-01 17:00:00+05:30	\N	\N	\N	\N	f	circuit-de-spa-francorchamps	2026-04-10 11:29:26.534+05:30	2026-04-09 19:10:57.887+05:30
4	Circuit de Barcelona-Catalunya	barcelona	CAT	BCN	The Complete Test of Machine and Driver	World-class permanent racing circuit located in Montmeló, approximately 20 kilometers northeast of Barcelona, Spain. Opened in 1991 ahead of the 1992 Barcelona Olympic Games, the circuit has hosted the Spanish Formula 1 Grand Prix continuously since its inauguration and the Catalan MotoGP round since 1992. The layout is renowned within motorsport as one of the most comprehensive tests of vehicle performance, featuring a long main straight with heavy braking into Turn 1, the demanding Turn 3 right-hander that stresses right-front tires, the high-speed Turn 9 right-hander taken at over 240 km/h, and the technical final chicane complex. Circuit de Barcelona-Catalunya serves as the primary winter testing venue for numerous international championships due to its balanced layout, consistent climate, and world-class facilities.	permanent	4.657	2.894	14	2	clockwise	1	29	140700	0101000020E610000082E2C798BB160240295C8FC2F5C84440	Circuit de Barcelona-Catalunya\\nCarrer Mas Moreneta\\n08160 Montmeló\\nBarcelona, Spain	204	1991-09-10 17:00:00+05:30	2026-04-10 17:00:00+05:30	2	5	https://www.circuitcat.com	{"root": {"type": "root", "format": "", "indent": 0, "version": 1, "children": [{"type": "paragraph", "format": "", "indent": 0, "version": 1, "children": [{"mode": "normal", "text": "Catalonia's Temple of Speed", "type": "text", "style": "", "detail": 0, "format": 0, "version": 1}], "direction": null, "textStyle": "", "textFormat": 0}, {"type": "paragraph", "format": "", "indent": 0, "version": 1, "children": [{"mode": "normal", "text": "Circuit de Barcelona-Catalunya emerged from the ambitious infrastructure development surrounding the 1992 Barcelona Olympic Games, opening its doors in September 1991 with immediate inclusion on the Formula 1 calendar. The circuit was designed to incorporate every type of corner a racing car might encounter—high-speed sweepers, heavy braking zones, technical combinations, and a kilometer-long straight—creating what engineers consider the definitive reference for vehicle performance evaluation.", "type": "text", "style": "", "detail": 0, "format": 0, "version": 1}], "direction": null, "textStyle": "", "textFormat": 0}, {"type": "paragraph", "format": "", "indent": 0, "version": 1, "children": [{"mode": "normal", "text": "The circuit has witnessed countless historic moments: Nigel Mansell and Ayrton Senna's wheel-to-wheel battle down the main straight in 1991, Michael Schumacher's remarkable victory in 1996 in torrential conditions that showcased his legendary wet-weather mastery, and Fernando Alonso's emotional home victories that ignited Spanish motorsport passion. The venue has hosted F1 pre-season testing for decades, with lap times at Barcelona becoming the unofficial benchmark by which championship prospects are measured.", "type": "text", "style": "", "detail": 0, "format": 0, "version": 1}], "direction": null, "textStyle": "", "textFormat": 0}, {"type": "paragraph", "format": "", "indent": 0, "version": 1, "children": [{"mode": "normal", "text": "For AF Motorsport, Barcelona represents a critical venue on the Porsche Sprint Challenge Ibérica calendar. The circuit's demanding nature requires precise setup compromise between the high-speed demands of Turns 3 and 9 and the mechanical grip requirements of the final sector. Success at Barcelona validates both driver technique and engineering capability, making it a key performance indicator for the team's competitive standing.", "type": "text", "style": "", "detail": 0, "format": 0, "version": 1}], "direction": null, "textStyle": "", "textFormat": 0}], "direction": null}}	Extensive runoff areas but track limits strictly enforced at Turns 1, 9, and final chicane. Paddock access requires advance credential registration. Garage allocation based on championship standing. Noise testing mandatory for all sessions.	02:02.768	4	2026-01-01 17:00:00+05:30	\N	\N	\N	\N	f	circuit-de-barcelona-catalunya	2026-04-10 11:29:46.095+05:30	2026-04-09 19:10:26.313+05:30
3	Circuito de Jerez - Ángel Nieto	jerez	JER	JER	Andalusian Speed Cathedral	Historic permanent racing circuit located near Jerez de la Frontera in southern Spain's Andalusia region. Opened in 1985 and renamed in 2018 to honor legendary Spanish motorcycle racer Ángel Nieto, the circuit has hosted the Spanish Motorcycle Grand Prix continuously since 1987 and the Spanish Formula 1 Grand Prix from 1986 to 1990 before the event moved to Barcelona. Jerez is characterized by its smooth, flowing layout featuring a mix of fast sweepers and tight, technical corners that reward precise car placement and smooth driving technique. The circuit's stadium section creates an amphitheater atmosphere unique in European motorsport.	permanent	4.428	2.751	13	1	clockwise	1	12	125000	0101000020E6100000DFE00B93A95A42404FAF9465882318C0	Carretera de Arcos, 11405 Jerez de la Frontera	172	1985-12-08 17:00:00+05:30	\N	4	6	https://www.circuitodejerez.com	{"root": {"type": "root", "format": "", "indent": 0, "version": 1, "children": [{"type": "paragraph", "format": "", "indent": 0, "version": 1, "children": [{"mode": "normal", "text": "Andalusia's Racing Heritage", "type": "text", "style": "", "detail": 0, "format": 0, "version": 1}], "direction": null, "textStyle": "", "textFormat": 0}, {"type": "paragraph", "format": "", "indent": 0, "version": 1, "children": [{"mode": "normal", "text": "Circuito de Jerez emerged during Spain's motorsport renaissance of the 1980s, hosting its first Formula 1 Grand Prix in 1986 with Ayrton Senna claiming victory by a mere 0.014 seconds over Nigel Mansell—one of the closest finishes in F1 history. The circuit quickly established itself as a favorite among drivers for its flowing nature and among fans for the unparalleled atmosphere created by the passionate Andalusian crowds.", "type": "text", "style": "", "detail": 0, "format": 0, "version": 1}], "direction": null, "textStyle": "", "textFormat": 0}], "direction": null}}	Smooth surface with excellent grip characteristics. Track evolution significant throughout sessions. Final corner (Curva Ducados) requires commitment for strong exit onto main straight. Stadium section creates unique acoustics—driver can hear crowd reaction. Winter testing availability excellent with typically favorable weather.	01:38.051	3	2020-01-01 17:00:00+05:30	\N	\N	\N	\N	f	circuito-de-jerez---ngel-nieto	2026-04-10 11:30:04.985+05:30	2026-04-09 19:10:01.462+05:30
1	Autódromo Internacional do Algarve	portimao	ALG	POR	The Rollercoaster	Modern permanent racing circuit located near Portimão in Portugal's Algarve region, approximately 15 kilometers north of the coastal city. Opened in 2008, the circuit has rapidly established itself as one of Europe's most challenging and spectacular venues, characterized by dramatic elevation changes, blind crests, and a layout that demands absolute commitment from drivers. The circuit's signature undulating profile has earned it the nickname 'The Rollercoaster' among drivers and fans alike. Autódromo Internacional do Algarve has hosted MotoGP, FIA World Endurance Championship, Formula 1 (Portuguese Grand Prix return in 2020-2021), and numerous European championships. The venue is widely praised by competitors for its challenging yet rewarding nature and excellent safety standards	permanent	4.653	2.891	15	2	clockwise	1	32	100000	0101000020E610000012143FC6DC9D4240151DC9E53F4421C0	Autódromo Internacional do Algarve\\nSítio do Escampadinho\\nMexilhoeira Grande\\n8500-510 Portimão, Portugal	172	2008-11-02 17:00:00+05:30	2026-04-03 17:00:00+05:30	7	7	https://www.autodromodoalgarve.com	{"root": {"type": "root", "format": "", "indent": 0, "version": 1, "children": [{"type": "paragraph", "format": "", "indent": 0, "version": 1, "children": [{"mode": "normal", "text": "Portugal's Modern Masterpiece", "type": "text", "style": "", "detail": 0, "format": 0, "version": 1}], "direction": null, "textStyle": "", "textFormat": 0}, {"type": "paragraph", "format": "", "indent": 0, "version": 1, "children": [{"mode": "normal", "text": "Autódromo Internacional do Algarve represents Portugal's commitment to world-class motorsport infrastructure. Conceived as part of the Algarve's tourism development strategy, the circuit was designed by renowned architect Ricardo Pina to maximize the natural topography of the rolling Algarve hills, creating a layout that flows with the landscape rather than fighting against it.", "type": "text", "style": "", "detail": 0, "format": 0, "version": 1}], "direction": null, "textStyle": "", "textFormat": 0}, {"type": "paragraph", "format": "", "indent": 0, "version": 1, "children": [{"mode": "normal", "text": "The circuit's most distinctive features include the daunting descent into Turn 1 with heavy braking while the car is unsettled by the downhill slope, the blind crest approaching Turn 5 that requires absolute faith in reference points, and the spectacular drop through Turns 10 and 11 that compresses drivers into their seats before launching uphill toward the Galaxy straight. The layout demands a rare combination of bravery through blind high-speed sections and precision through the technical final sector.", "type": "text", "style": "", "detail": 0, "format": 0, "version": 1}], "direction": null, "textStyle": "", "textFormat": 0}, {"type": "paragraph", "format": "", "indent": 0, "version": 1, "children": [{"mode": "normal", "text": "For AF Motorsport, Portimão holds special significance as one of Portugal's two premier international circuits. The team maintains strong relationships with circuit management and regularly conducts testing programs at the venue. Success at Portimão carries particular weight within Portuguese motorsport circles, and the circuit's challenging nature rewards the meticulous preparation that defines AF Motorsport's operational philosophy.", "type": "text", "style": "", "detail": 0, "format": 0, "version": 1}], "direction": null, "textStyle": "", "textFormat": 0}], "direction": null}}	Circuit features significant elevation changes affecting aerodynamic performance and braking stability. Setup compromise required between high-speed crest stability and mechanical grip through final sector. Paddock facilities are excellent with individual garage units. Strong winds can affect car balance, particularly through exposed Turn 5-6 complex.	01:42.136	1	2023-01-01 17:00:00+05:30	\N	\N	\N	\N	f	autdromo-internacional-do-algarve	2026-04-10 11:31:02.144+05:30	2026-04-09 19:09:45.342+05:30
6	Circuito do Estoril - Kartódromo	estoril-kart	EST-K	EST-K	Portugal's Premier Karting Facility	CIK-FIA homologated international karting circuit located within the Autodromo do Estoril complex. The kartodromo features a challenging 1.2-kilometer layout designed specifically for competitive karting from entry-level to international championship standard. The circuit incorporates elevation changes, technical combinations, and high-speed sections that develop fundamental racing skills transferable to car racing. AF Motorsport utilizes this facility extensively for driver development programs, talent identification, and corporate partner activation events.	permanent	1.2	0.746	11	0	clockwise	1	8	2000	0101000020E6100000AA6054522760434000000000000024C0	Av. Alfredo César Torres, 2645-319 Alcabideche	172	1998-05-15 17:00:00+05:30	\N	4	5	https://www.circuito-estoril.pt/kartodromo	{"root": {"type": "root", "format": "", "indent": 0, "version": 1, "children": [{"type": "paragraph", "format": "", "indent": 0, "version": 1, "children": [{"mode": "normal", "text": "Foundation of Portuguese Talent", "type": "text", "style": "", "detail": 0, "format": 0, "version": 1}], "direction": null, "textStyle": "", "textFormat": 0}, {"type": "paragraph", "format": "", "indent": 0, "version": 1, "children": [{"mode": "normal", "text": "For AF Motorsport, the kartódromo represents the foundation of the team's driver development philosophy. The facility is used extensively for fundamental skill development, with emphasis on racing line precision, brake and throttle modulation, and wheel-to-wheel race craft in a cost-effective environment. The proximity to the team's main workshop allows seamless integration between karting activities and car racing preparation.", "type": "text", "style": "", "detail": 0, "format": 0, "version": 1}], "direction": null, "textStyle": "", "textFormat": 0}], "direction": null}}	AF Motorsport conducts monthly driver assessment days at this facility. Track rental available for private testing and corporate events. Kart fleet maintained on-site for arrive-and-drive programs.	00:49.832	3	2022-01-01 17:00:00+05:30	\N	\N	\N	\N	f	circuito-do-estoril---kartdromo	2026-04-10 11:29:10.339+05:30	2026-04-09 19:12:15.318+05:30
2	Autódromo do Estoril	estoril	EST	EST	The Home of Portuguese Motorsport	Historic permanent racing circuit located in Estoril, Portugal, approximately 30 kilometers west of Lisbon. Originally opened in 1972, the circuit gained international prominence hosting the Portuguese Formula 1 Grand Prix from 1984 to 1996. The track is renowned for its challenging combination of high-speed corners, elevation changes, and technical sections that demand precise car setup and driver commitment. Autódromo do Estoril serves as the home circuit and operational headquarters for AF Motorsport, with team facilities located within the circuit complex. The venue regularly hosts major international championships including the FIM Superbike World Championship, FIA World Endurance Championship, and numerous European and Iberian series.	permanent	4.182	2.599	13	2	clockwise	2	27	45000	0101000020E61000001CEBE2361A604340992A1895D4C922C0	Av. Alfredo César Torres, 2645-319 Alcabideche	172	1972-06-17 17:00:00+05:30	\N	6	4	https://www.circuito-estoril.pt	{"root": {"type": "root", "format": "", "indent": 0, "version": 1, "children": [{"type": "paragraph", "format": "", "indent": 0, "version": 1, "children": [{"mode": "normal", "text": "The Legacy of Estoril", "type": "text", "style": "", "detail": 0, "format": 0, "version": 1}], "direction": null, "textStyle": "", "textFormat": 0}], "direction": null}}	AF Motorsport workshop located in Garage 12-14 complex, north paddock. Circuit noise restrictions apply 22:00-08:00 daily. Paddock access requires credential display at all times. Track rental available for private testing with 14-day advance booking requirement.	01:28.736	2	2023-01-01 17:00:00+05:30	\N	\N	\N	\N	f	autdromo-do-estoril	2026-04-10 11:30:35.171+05:30	2026-04-09 19:09:49.112+05:30
7	Rampa Porca de Murça	murca-hillclimb	MUR	RPM	Portugal's Premier Hillclimb Challenge	The Rampa Porca de Murça hillclimb course, located in northern Portugal's Vila Real district, represents one of the most challenging and prestigious hillclimb venues on the Iberian Peninsula. The demanding 5.2-kilometer asphalt ribbon climbs through picturesque Portuguese countryside, featuring a combination of high-speed straights, technical corners, blind crests, and significant elevation changes that test both driver commitment and vehicle setup.	temporary	5.2	3.231	35	0	clockwise	\N	180	8000	0101000020E6100000F9A067B3EAB344401B9E5E29CBD01DC0	 EN15, Murça, Vila Real District, Portugal	172	1990-05-01 17:00:00+05:30	\N	2	4	https://www.rampaporcademurca.pt	{"root": {"type": "root", "format": "", "indent": 0, "version": 1, "children": [{"type": "paragraph", "format": "", "indent": 0, "version": 1, "children": [{"mode": "normal", "text": " The Rampa Porca de Murça has been a fixture of Portuguese hillclimb competition for over three decades, consistently attracting top national competitors and international entries. The event's challenging nature and spectacular setting in the Douro wine region have made it a favorite among drivers and fans alike.", "type": "text", "style": "", "detail": 0, "format": 0, "version": 1}], "direction": null, "textStyle": "", "textFormat": 0}, {"type": "paragraph", "format": "", "indent": 0, "version": 1, "children": [{"mode": "normal", "text": "    ", "type": "text", "style": "", "detail": 0, "format": 0, "version": 1}], "direction": null, "textStyle": "", "textFormat": 0}, {"type": "paragraph", "format": "", "indent": 0, "version": 1, "children": [{"mode": "normal", "text": "    The course record has fallen multiple times in recent years as machinery and driver standards continue to evolve. The 2025 edition saw particularly memorable competition, with AF Motorsport's reflection that \\"the road remembers what we did in 2025\\" capturing the emotional connection drivers develop with this demanding asphalt ribbon.", "type": "text", "style": "", "detail": 0, "format": 0, "version": 1}], "direction": null, "textStyle": "", "textFormat": 0}, {"type": "paragraph", "format": "", "indent": 0, "version": 1, "children": [{"mode": "normal", "text": "    ", "type": "text", "style": "", "detail": 0, "format": 0, "version": 1}], "direction": null, "textStyle": "", "textFormat": 0}, {"type": "paragraph", "format": "", "indent": 0, "version": 1, "children": [{"mode": "normal", "text": "    The 2026 edition marks AF Motorsport's expanded commitment to the event with a two-car Porsche entry, signaling the team's serious intentions in Portuguese hillclimb competition.", "type": "text", "style": "", "detail": 0, "format": 0, "version": 1}], "direction": null, "textStyle": "", "textFormat": 0}], "direction": null}}	Hillclimb format with single-car timed runs at 30-second intervals. Event typically held in late March. Course features significant elevation gain of 180 meters from start to finish. Spectator access points designated along the route with shuttle service provided.	02:14.837	\N	2025-03-30 17:00:00+05:30	\N	\N	\N	\N	f	rampa-porca-de-mura	2026-04-10 15:57:55.736+05:30	2026-04-10 15:57:55.735+05:30
\.


--
-- Data for Name: circuits_details_renovated_list; Type: TABLE DATA; Schema: public; Owner: afmuser
--

COPY public.circuits_details_renovated_list (_order, _parent_id, id, year, description) FROM stdin;
1	6	69d7ac65af77aef9910e6af6	2015-01-01 17:00:00+05:30	Complete resurfacing and circuit reconfiguration to meet current CIK-FIA international standards. New pit lane and timing facilities installed.
1	5	69d7aba052a7810020809bfe	1979-01-01 17:00:00+05:30	Transformation from 14km public road circuit to permanent 7km facility. New pit complex and safety infrastructure constructed while preserving the essential character of the original layout.
2	5	69d7abb852a7810020809bff	2007-01-01 17:00:00+05:30	Major modernization including new pit and paddock complex, revised Bus Stop chicane configuration, and expanded runoff at high-speed corners.
3	5	69d7abdd52a7810020809c00	2022-01-01 17:00:00+05:30	Extensive runoff expansions at Eau Rouge-Raidillon, Blanchimont, and other high-speed sections. New grandstands and spectator facilities. Gravel trap additions for enhanced safety.
1	4	69d7abaf6f284ea0674cde19	2007-01-01 17:00:00+05:30	Addition of new chicane between Turn 13 and Turn 14, extending circuit length and creating additional overtaking opportunity. Pit complex modernization including expanded garage capacity.
1	3	69d7abae9d013f04e57f6738	2002-01-01 17:00:00+05:30	Major safety upgrade program including expanded runoff areas, new tire barriers, and reprofiling of several corners. Pit complex modernization with expanded garage capacity.
1	2	69d7abda9ea0d1ffeba680d9	1984-01-01 17:00:00+05:30	Major circuit upgrade and extension to 4.350 km in preparation for first Formula 1 Portuguese Grand Prix. Improvements included complete resurfacing, new pit complex construction, expanded grandstands, and enhanced safety barriers meeting FIA Grade 1 standards.
1	1	69d7ab91daa821209e1e78af	2020-01-01 17:00:00+05:30	Circuit resurfacing and infrastructure upgrades in preparation for Formula 1 Portuguese Grand Prix return. Pit complex modernization, media center expansion, and enhanced safety barriers meeting current FIA Grade 1 requirements.
1	7	69d8d0396eb1e12b56fbdbcb	2018-01-01 17:00:00+05:30	Complete resurfacing of entire 5.2km course addressing aging asphalt and improving drainage characteristics
2	7	69d8d04f6eb1e12b56fbdbcc	2021-01-01 17:00:00+05:30	Safety improvements including expanded runoff areas at high-speed sections, updated barrier systems meeting FIA hillclimb standards, and new spectator protection
\.


--
-- Data for Name: circuits_locales; Type: TABLE DATA; Schema: public; Owner: afmuser
--

COPY public.circuits_locales (seo_title, seo_image_id, seo_description, id, _locale, _parent_id) FROM stdin;
\.


--
-- Data for Name: circuits_rels; Type: TABLE DATA; Schema: public; Owner: afmuser
--

COPY public.circuits_rels (id, "order", parent_id, path, media_id, categories_id, tags_id) FROM stdin;
22	1	6	categories	\N	2	\N
23	1	6	tags	\N	\N	3
24	2	6	tags	\N	\N	9
25	1	5	categories	\N	3	\N
26	1	5	tags	\N	\N	5
27	2	5	tags	\N	\N	8
28	1	4	categories	\N	3	\N
29	2	4	categories	\N	9	\N
30	1	4	tags	\N	\N	2
31	2	4	tags	\N	\N	9
32	1	3	categories	\N	2	\N
33	2	3	categories	\N	6	\N
34	1	3	tags	\N	\N	2
35	2	3	tags	\N	\N	5
36	3	3	tags	\N	\N	10
37	1	2	categories	\N	3	\N
38	1	2	tags	\N	\N	2
39	2	2	tags	\N	\N	8
40	1	1	categories	\N	1	\N
41	1	1	tags	\N	\N	3
42	2	1	tags	\N	\N	7
43	1	7	categories	\N	6	\N
44	2	7	categories	\N	10	\N
45	3	7	categories	\N	17	\N
46	1	7	tags	\N	\N	1
47	2	7	tags	\N	\N	9
48	3	7	tags	\N	\N	16
\.


--
-- Data for Name: countries; Type: TABLE DATA; Schema: public; Owner: afmuser
--

COPY public.countries (id, name, code, basics_flag_id, basics_description, generate_slug, slug, updated_at, created_at) FROM stdin;
2	Afghanistan	AF	\N		f	afghanistan	2026-04-09 10:59:06.599+05:30	2026-04-09 10:59:06.599+05:30
3	Albania	AL	\N		f	albania	2026-04-09 10:59:06.787+05:30	2026-04-09 10:59:06.787+05:30
4	Algeria	DZ	\N		f	algeria	2026-04-09 10:59:07.08+05:30	2026-04-09 10:59:07.08+05:30
5	American Samoa	AS	\N		f	american-samoa	2026-04-09 10:59:07.315+05:30	2026-04-09 10:59:07.315+05:30
6	Andorra	AD	\N		f	andorra	2026-04-09 10:59:07.639+05:30	2026-04-09 10:59:07.639+05:30
7	Angola	AO	\N		f	angola	2026-04-09 10:59:07.75+05:30	2026-04-09 10:59:07.75+05:30
8	Anguilla	AI	\N		f	anguilla	2026-04-09 10:59:08.011+05:30	2026-04-09 10:59:08.011+05:30
9	Antarctica	AQ	\N		f	antarctica	2026-04-09 10:59:08.218+05:30	2026-04-09 10:59:08.218+05:30
10	Argentina	AR	\N		f	argentina	2026-04-09 10:59:08.725+05:30	2026-04-09 10:59:08.725+05:30
11	Antigua and Barbuda	AG	\N		f	antigua-and-barbuda	2026-04-09 10:59:08.797+05:30	2026-04-09 10:59:08.796+05:30
12	Armenia	AM	\N		f	armenia	2026-04-09 10:59:08.912+05:30	2026-04-09 10:59:08.912+05:30
13	Aruba	AW	\N		f	aruba	2026-04-09 10:59:09.21+05:30	2026-04-09 10:59:09.21+05:30
14	Australia	AU	\N		f	australia	2026-04-09 10:59:09.455+05:30	2026-04-09 10:59:09.455+05:30
15	Austria	AT	\N		f	austria	2026-04-09 10:59:09.564+05:30	2026-04-09 10:59:09.564+05:30
16	Azerbaijan	AZ	\N		f	azerbaijan	2026-04-09 10:59:09.786+05:30	2026-04-09 10:59:09.786+05:30
17	Bahamas	BS	\N		f	bahamas	2026-04-09 10:59:10.051+05:30	2026-04-09 10:59:10.051+05:30
18	Bahrain	BH	\N		f	bahrain	2026-04-09 10:59:10.355+05:30	2026-04-09 10:59:10.355+05:30
19	Bangladesh	BD	\N		f	bangladesh	2026-04-09 10:59:10.492+05:30	2026-04-09 10:59:10.491+05:30
20	Barbados	BB	\N		f	barbados	2026-04-09 10:59:10.756+05:30	2026-04-09 10:59:10.756+05:30
21	Belarus	BY	\N		f	belarus	2026-04-09 10:59:11.086+05:30	2026-04-09 10:59:11.086+05:30
22	Belgium	BE	\N		f	belgium	2026-04-09 10:59:11.516+05:30	2026-04-09 10:59:11.516+05:30
23	Belize	BZ	\N		f	belize	2026-04-09 10:59:11.686+05:30	2026-04-09 10:59:11.686+05:30
24	Benin	BJ	\N		f	benin	2026-04-09 10:59:11.982+05:30	2026-04-09 10:59:11.981+05:30
25	Bermuda	BM	\N		f	bermuda	2026-04-09 10:59:12.047+05:30	2026-04-09 10:59:12.047+05:30
26	Bhutan	BT	\N		f	bhutan	2026-04-09 10:59:12.249+05:30	2026-04-09 10:59:12.249+05:30
27	Bolivia	BO	\N		f	bolivia	2026-04-09 10:59:12.525+05:30	2026-04-09 10:59:12.525+05:30
28	Bosnia and Herzegovina	BA	\N		f	bosnia-and-herzegovina	2026-04-09 10:59:12.824+05:30	2026-04-09 10:59:12.824+05:30
29	Botswana	BW	\N		f	botswana	2026-04-09 10:59:12.908+05:30	2026-04-09 10:59:12.908+05:30
30	Brazil	BR	\N		f	brazil	2026-04-09 10:59:13.009+05:30	2026-04-09 10:59:13.009+05:30
31	Brunei	BN	\N		f	brunei	2026-04-09 10:59:17.835+05:30	2026-04-09 10:59:17.835+05:30
32	Bulgaria	BG	\N		f	bulgaria	2026-04-09 10:59:17.974+05:30	2026-04-09 10:59:17.973+05:30
33	Burkina Faso	BF	\N		f	burkina-faso	2026-04-09 10:59:18.226+05:30	2026-04-09 10:59:18.225+05:30
34	Burundi	BI	\N		f	burundi	2026-04-09 10:59:18.542+05:30	2026-04-09 10:59:18.542+05:30
35	Cabo Verde	CV	\N		f	cabo-verde	2026-04-09 10:59:18.748+05:30	2026-04-09 10:59:18.748+05:30
36	Cambodia	KH	\N		f	cambodia	2026-04-09 10:59:18.962+05:30	2026-04-09 10:59:18.962+05:30
37	Cameroon	CM	\N		f	cameroon	2026-04-09 10:59:19.169+05:30	2026-04-09 10:59:19.169+05:30
38	Canada	CA	\N		f	canada	2026-04-09 10:59:19.376+05:30	2026-04-09 10:59:19.376+05:30
39	Cayman Islands	KY	\N		f	cayman-islands	2026-04-09 10:59:19.683+05:30	2026-04-09 10:59:19.683+05:30
40	Central African Republic	CF	\N		f	central-african-republic	2026-04-09 10:59:19.988+05:30	2026-04-09 10:59:19.988+05:30
41	Chad	TD	\N		f	chad	2026-04-09 10:59:20.282+05:30	2026-04-09 10:59:20.282+05:30
42	Chile	CL	\N		f	chile	2026-04-09 10:59:20.389+05:30	2026-04-09 10:59:20.389+05:30
43	China	CN	\N		f	china	2026-04-09 10:59:20.558+05:30	2026-04-09 10:59:20.557+05:30
44	Christmas Island	CX	\N		f	christmas-island	2026-04-09 10:59:20.795+05:30	2026-04-09 10:59:20.795+05:30
45	Cocos Islands	CC	\N		f	cocos-islands	2026-04-09 10:59:21.121+05:30	2026-04-09 10:59:21.121+05:30
46	Colombia	CO	\N		f	colombia	2026-04-09 10:59:21.332+05:30	2026-04-09 10:59:21.332+05:30
47	Comoros	KM	\N		f	comoros	2026-04-09 10:59:21.622+05:30	2026-04-09 10:59:21.622+05:30
48	Congo	CG	\N		f	congo	2026-04-09 10:59:21.914+05:30	2026-04-09 10:59:21.914+05:30
49	Congo (DRC)	CD	\N		f	congo-drc	2026-04-09 10:59:22.127+05:30	2026-04-09 10:59:22.126+05:30
50	Cook Islands	CK	\N		f	cook-islands	2026-04-09 10:59:22.321+05:30	2026-04-09 10:59:22.321+05:30
51	Costa Rica 	CR 	\N		f	costa-rica-	2026-04-10 10:25:02.067+05:30	2026-04-10 10:25:02.067+05:30
52	Croatia 	HR 	\N		f	croatia-	2026-04-10 10:25:22.96+05:30	2026-04-10 10:25:22.96+05:30
53	Cuba 	CU 	\N		f	cuba-	2026-04-10 10:25:46.232+05:30	2026-04-10 10:25:46.232+05:30
54	Curaçao 	CW	\N		f	curaao-	2026-04-10 10:26:09.803+05:30	2026-04-10 10:26:09.802+05:30
55	Cyprus 	CY	\N		f	cyprus-	2026-04-10 10:26:28.67+05:30	2026-04-10 10:26:28.67+05:30
56	Czechia 	CZ	\N		f	czechia-	2026-04-10 10:26:45.931+05:30	2026-04-10 10:26:45.931+05:30
57	Denmark 	DK 	\N		f	denmark-	2026-04-10 10:27:02.448+05:30	2026-04-10 10:27:02.448+05:30
58	Djibouti 	DJ	\N		f	djibouti-	2026-04-10 10:27:19.022+05:30	2026-04-10 10:27:19.022+05:30
59	Dominica 	DM	\N		f	dominica-	2026-04-10 10:27:32.629+05:30	2026-04-10 10:27:32.629+05:30
60	Dominican Republic 	DO	\N		f	dominican-republic-	2026-04-10 10:27:59.352+05:30	2026-04-10 10:27:59.352+05:30
61	Ecuador 	EC	\N		f	ecuador-	2026-04-10 10:28:13.988+05:30	2026-04-10 10:28:13.988+05:30
62	Egypt 	EG	\N		f	egypt-	2026-04-10 10:28:30.983+05:30	2026-04-10 10:28:30.983+05:30
63	El Salvador 	SV	\N		f	el-salvador-	2026-04-10 10:28:48.823+05:30	2026-04-10 10:28:48.823+05:30
64	Equatorial Guinea 	GQ	\N		f	equatorial-guinea-	2026-04-10 10:29:13.162+05:30	2026-04-10 10:29:13.162+05:30
65	Eritrea 	ER	\N		f	eritrea-	2026-04-10 10:29:34.285+05:30	2026-04-10 10:29:34.285+05:30
66	Estonia 	EE	\N		f	estonia-	2026-04-10 10:29:53.775+05:30	2026-04-10 10:29:53.775+05:30
67	Eswatini 	SZ 	\N		f	eswatini-	2026-04-10 10:30:11.743+05:30	2026-04-10 10:30:11.742+05:30
68	Ethiopia 	ET	\N		f	ethiopia-	2026-04-10 10:30:30.576+05:30	2026-04-10 10:30:30.575+05:30
69	Falkland Islands 	FK	\N		f	falkland-islands-	2026-04-10 10:30:51.119+05:30	2026-04-10 10:30:51.119+05:30
70	Faroe Islands	FO	\N		f	faroe-islands	2026-04-10 10:31:12.123+05:30	2026-04-10 10:31:12.123+05:30
71	Fiji 	FJ 	\N		f	fiji-	2026-04-10 10:31:31.735+05:30	2026-04-10 10:31:31.735+05:30
72	Finland 	FI	\N		f	finland-	2026-04-10 10:31:58.153+05:30	2026-04-10 10:31:58.153+05:30
73	France 	FR	\N		f	france-	2026-04-10 10:32:20.399+05:30	2026-04-10 10:32:20.399+05:30
74	French Guiana	GF	\N		f	french-guiana	2026-04-10 10:32:41.134+05:30	2026-04-10 10:32:41.133+05:30
75	French Polynesia 	PF	\N		f	french-polynesia-	2026-04-10 10:33:01.535+05:30	2026-04-10 10:33:01.535+05:30
76	Gabon 	GA	\N		f	gabon-	2026-04-10 10:33:20.271+05:30	2026-04-10 10:33:20.271+05:30
77	Gambia 	GM 	\N		f	gambia-	2026-04-10 10:33:39.53+05:30	2026-04-10 10:33:39.53+05:30
78	Georgia 	GE 	\N		f	georgia-	2026-04-10 10:33:56.331+05:30	2026-04-10 10:33:56.331+05:30
79	Germany 	DE 	\N		f	germany-	2026-04-10 10:34:11.278+05:30	2026-04-10 10:34:11.278+05:30
80	Ghana 	GH	\N		f	ghana-	2026-04-10 10:34:23.694+05:30	2026-04-10 10:34:23.693+05:30
81	Gibraltar 	GI	\N		f	gibraltar-	2026-04-10 10:34:38.625+05:30	2026-04-10 10:34:38.625+05:30
82	Greece 	GR 	\N		f	greece-	2026-04-10 10:35:04.525+05:30	2026-04-10 10:35:04.525+05:30
83	Greenland 	GL	\N		f	greenland-	2026-04-10 10:35:19.046+05:30	2026-04-10 10:35:19.046+05:30
84	Grenada 	GD	\N		f	grenada-	2026-04-10 10:35:32.931+05:30	2026-04-10 10:35:32.931+05:30
85	Guadeloupe 	GP	\N		f	guadeloupe-	2026-04-10 10:35:49.776+05:30	2026-04-10 10:35:49.776+05:30
86	Guam 	GU	\N		f	guam-	2026-04-10 10:36:01.4+05:30	2026-04-10 10:36:01.4+05:30
87	Guatemala 	GT	\N		f	guatemala-	2026-04-10 10:36:14.858+05:30	2026-04-10 10:36:14.858+05:30
88	Guernsey 	GG	\N		f	guernsey-	2026-04-10 10:36:28.561+05:30	2026-04-10 10:36:28.561+05:30
89	Guinea 	GN	\N		f	guinea-	2026-04-10 10:36:44.883+05:30	2026-04-10 10:36:44.883+05:30
90	Guinea-Bissau 	GW	\N		f	guinea-bissau-	2026-04-10 10:37:20.668+05:30	2026-04-10 10:37:20.668+05:30
91	Guyana 	GY 	\N		f	guyana-	2026-04-10 10:37:36.474+05:30	2026-04-10 10:37:36.474+05:30
92	Haiti 	HT 	\N		f	haiti-	2026-04-10 10:37:51.653+05:30	2026-04-10 10:37:51.653+05:30
93	Honduras 	HN 	\N		f	honduras-	2026-04-10 10:38:06.932+05:30	2026-04-10 10:38:06.932+05:30
94	Hong Kong	HK	\N		f	hong-kong	2026-04-10 10:38:25.935+05:30	2026-04-10 10:38:25.934+05:30
95	Hungary 	HU	\N		f	hungary-	2026-04-10 10:38:43.754+05:30	2026-04-10 10:38:43.754+05:30
96	Iceland 	IS	\N		f	iceland-	2026-04-10 10:39:07.474+05:30	2026-04-10 10:39:07.474+05:30
97	India 	IN	\N		f	india-	2026-04-10 10:39:25.449+05:30	2026-04-10 10:39:25.449+05:30
98	Indonesia 	ID	\N		f	indonesia-	2026-04-10 10:39:42.652+05:30	2026-04-10 10:39:42.652+05:30
99	Iran 	IR	\N		f	iran-	2026-04-10 10:39:57.842+05:30	2026-04-10 10:39:57.842+05:30
100	Iraq 	IQ	\N		f	iraq-	2026-04-10 10:40:13.297+05:30	2026-04-10 10:40:13.297+05:30
101	Ireland 	IE	\N		f	ireland-	2026-04-10 10:40:34.12+05:30	2026-04-10 10:40:34.119+05:30
102	Isle of Man	IM	\N		f	isle-of-man	2026-04-10 10:40:43.88+05:30	2026-04-10 10:40:43.88+05:30
103	Israel 	IL	\N		f	israel-	2026-04-10 10:41:03.366+05:30	2026-04-10 10:41:03.366+05:30
104	Italy 	IT	\N		f	italy-	2026-04-10 10:41:19.103+05:30	2026-04-10 10:41:19.103+05:30
105	Jamaica 	JM	\N		f	jamaica-	2026-04-10 10:41:40.31+05:30	2026-04-10 10:41:40.309+05:30
106	Japan 	JP	\N		f	japan-	2026-04-10 10:41:54.898+05:30	2026-04-10 10:41:54.897+05:30
107	Jersey 	JE	\N		f	jersey-	2026-04-10 10:42:26.741+05:30	2026-04-10 10:42:26.741+05:30
108	Jordan 	JO	\N		f	jordan-	2026-04-10 10:42:53.528+05:30	2026-04-10 10:42:53.528+05:30
109	Kazakhstan 	KZ	\N		f	kazakhstan-	2026-04-10 10:43:21.543+05:30	2026-04-10 10:43:21.542+05:30
110	Kenya 	KE	\N		f	kenya-	2026-04-10 10:43:37.508+05:30	2026-04-10 10:43:37.508+05:30
111	Kiribati 	KI	\N		f	kiribati-	2026-04-10 10:43:51.154+05:30	2026-04-10 10:43:51.154+05:30
112	Kuwait 	KW	\N		f	kuwait-	2026-04-10 10:44:11.967+05:30	2026-04-10 10:44:11.967+05:30
113	Kyrgyzstan 	KG	\N		f	kyrgyzstan-	2026-04-10 10:44:28.356+05:30	2026-04-10 10:44:28.356+05:30
114	Laos 	LA	\N		f	laos-	2026-04-10 10:44:41.587+05:30	2026-04-10 10:44:41.587+05:30
115	Latvia 	LV	\N		f	latvia-	2026-04-10 10:45:10.409+05:30	2026-04-10 10:45:10.408+05:30
116	Lebanon 	LB	\N		f	lebanon-	2026-04-10 10:45:30.765+05:30	2026-04-10 10:45:30.765+05:30
117	Lesotho 	LS	\N		f	lesotho-	2026-04-10 10:45:50.89+05:30	2026-04-10 10:45:50.89+05:30
118	Liberia 	LR	\N		f	liberia-	2026-04-10 10:46:09.461+05:30	2026-04-10 10:46:09.461+05:30
119	Libya 	LY	\N		f	libya-	2026-04-10 10:46:24.958+05:30	2026-04-10 10:46:24.958+05:30
120	Liechtenstein 	LI	\N		f	liechtenstein-	2026-04-10 10:46:40.596+05:30	2026-04-10 10:46:40.596+05:30
121	Lithuania 	LT	\N		f	lithuania-	2026-04-10 10:47:03.489+05:30	2026-04-10 10:47:03.489+05:30
122	Luxembourg 	LU	\N		f	luxembourg-	2026-04-10 10:47:18.447+05:30	2026-04-10 10:47:18.447+05:30
123	Macau 	MO	\N		f	macau-	2026-04-10 10:47:39.151+05:30	2026-04-10 10:47:39.151+05:30
124	Madagascar 	MG 	\N		f	madagascar-	2026-04-10 10:48:01.907+05:30	2026-04-10 10:48:01.906+05:30
125	Malawi 	MW 	\N		f	malawi-	2026-04-10 10:48:17.455+05:30	2026-04-10 10:48:17.455+05:30
126	Maldives 	MV 	\N		f	maldives-	2026-04-10 10:48:55.02+05:30	2026-04-10 10:48:36.549+05:30
127	Malaysia 	MY	\N		f	malaysia-	2026-04-10 10:49:14.165+05:30	2026-04-10 10:49:14.165+05:30
128	Mali 	ML	\N		f	mali-	2026-04-10 10:49:26.772+05:30	2026-04-10 10:49:26.772+05:30
129	Malta 	MT	\N		f	malta-	2026-04-10 10:49:42.054+05:30	2026-04-10 10:49:42.054+05:30
130	Marshall Islands	MH	\N		f	marshall-islands	2026-04-10 10:49:59.453+05:30	2026-04-10 10:49:59.453+05:30
131	Martinique 	MQ	\N		f	martinique-	2026-04-10 10:50:15.716+05:30	2026-04-10 10:50:15.715+05:30
132	Mauritania 	MR	\N		f	mauritania-	2026-04-10 10:50:31.415+05:30	2026-04-10 10:50:31.415+05:30
133	Mauritius 	MU	\N		f	mauritius-	2026-04-10 10:50:46.017+05:30	2026-04-10 10:50:46.017+05:30
134	Mayotte 	YT	\N		f	mayotte-	2026-04-10 10:51:00.798+05:30	2026-04-10 10:51:00.798+05:30
135	Mexico 	MX	\N		f	mexico-	2026-04-10 10:51:15.328+05:30	2026-04-10 10:51:15.328+05:30
136	Micronesia 	FM	\N		f	micronesia-	2026-04-10 10:51:28.134+05:30	2026-04-10 10:51:28.134+05:30
137	Moldova 	MD	\N		f	moldova-	2026-04-10 10:51:43.557+05:30	2026-04-10 10:51:43.557+05:30
138	Monaco 	MC	\N		f	monaco-	2026-04-10 10:51:56.505+05:30	2026-04-10 10:51:56.505+05:30
139	Mongolia 	MN	\N		f	mongolia-	2026-04-10 10:52:14.044+05:30	2026-04-10 10:52:14.044+05:30
140	Montenegro 	ME	\N		f	montenegro-	2026-04-10 10:52:27.84+05:30	2026-04-10 10:52:27.84+05:30
141	Montserrat 	MS	\N		f	montserrat-	2026-04-10 10:52:42.656+05:30	2026-04-10 10:52:42.656+05:30
142	Morocco 	MA	\N		f	morocco-	2026-04-10 10:52:58.494+05:30	2026-04-10 10:52:58.494+05:30
143	Mozambique 	MZ	\N		f	mozambique-	2026-04-10 10:53:19.814+05:30	2026-04-10 10:53:19.814+05:30
144	Myanmar 	MM	\N		f	myanmar-	2026-04-10 10:53:33.33+05:30	2026-04-10 10:53:33.33+05:30
145	Namibia 	NA	\N		f	namibia-	2026-04-10 10:53:46.106+05:30	2026-04-10 10:53:46.106+05:30
146	Nauru 	NR	\N		f	nauru-	2026-04-10 10:54:01.635+05:30	2026-04-10 10:54:01.635+05:30
147	Nepal 	NL	\N		f	nepal-	2026-04-10 10:54:23.162+05:30	2026-04-10 10:54:23.162+05:30
150	Netherlands 	NL 	\N		f	netherlands-	2026-04-10 10:55:14.417+05:30	2026-04-10 10:55:14.417+05:30
151	New Caledonia 	NC	\N		f	new-caledonia-	2026-04-10 10:55:33.241+05:30	2026-04-10 10:55:33.241+05:30
152	New Zealand	NZ	\N		f	new-zealand	2026-04-10 10:55:48.549+05:30	2026-04-10 10:55:48.549+05:30
153	Nicaragua 	NI	\N		f	nicaragua-	2026-04-10 10:56:01.893+05:30	2026-04-10 10:56:01.893+05:30
154	Niger 	NE	\N		f	niger-	2026-04-10 10:56:17.724+05:30	2026-04-10 10:56:17.724+05:30
155	Nigeria 	NG	\N		f	nigeria-	2026-04-10 10:56:32.18+05:30	2026-04-10 10:56:32.18+05:30
156	Niue 	NU	\N		f	niue-	2026-04-10 10:56:46.37+05:30	2026-04-10 10:56:46.37+05:30
157	Norfolk Island	NF	\N		f	norfolk-island	2026-04-10 10:57:11.66+05:30	2026-04-10 10:57:11.66+05:30
158	North Korea	KP	\N		f	north-korea	2026-04-10 10:57:30.675+05:30	2026-04-10 10:57:30.674+05:30
159	North Macedonia	MK	\N		f	north-macedonia	2026-04-10 10:57:43.212+05:30	2026-04-10 10:57:43.212+05:30
160	Northern Mariana Islands	MP	\N		f	northern-mariana-islands	2026-04-10 10:58:02.732+05:30	2026-04-10 10:58:02.732+05:30
161	Norway 	NO	\N		f	norway-	2026-04-10 10:58:19.397+05:30	2026-04-10 10:58:19.397+05:30
162	Oman 	OM	\N		f	oman-	2026-04-10 10:58:36.669+05:30	2026-04-10 10:58:36.669+05:30
163	Pakistan 	PK	\N		f	pakistan-	2026-04-10 10:58:56.425+05:30	2026-04-10 10:58:56.425+05:30
164	Palau 	PW	\N		f	palau-	2026-04-10 10:59:17.3+05:30	2026-04-10 10:59:17.3+05:30
165	Panama 	PA	\N		f	panama-	2026-04-10 10:59:36.934+05:30	2026-04-10 10:59:36.934+05:30
166	Papua New Guinea	PG	\N		f	papua-new-guinea	2026-04-10 10:59:53.905+05:30	2026-04-10 10:59:53.905+05:30
167	Paraguay 	PY	\N		f	paraguay-	2026-04-10 11:00:14.283+05:30	2026-04-10 11:00:14.283+05:30
168	Peru 	PE	\N		f	peru-	2026-04-10 11:00:31.635+05:30	2026-04-10 11:00:31.635+05:30
169	Philippines 	PH	\N		f	philippines-	2026-04-10 11:00:46.854+05:30	2026-04-10 11:00:46.854+05:30
170	Pitcairn Islands	PN	\N		f	pitcairn-islands	2026-04-10 11:01:03.181+05:30	2026-04-10 11:01:03.181+05:30
171	Poland 	PL	\N		f	poland-	2026-04-10 11:01:19.7+05:30	2026-04-10 11:01:19.7+05:30
172	Portugal 	PT	\N		f	portugal-	2026-04-10 11:01:31.944+05:30	2026-04-10 11:01:31.944+05:30
173	Puerto Rico	PR	\N		f	puerto-rico	2026-04-10 11:01:51.425+05:30	2026-04-10 11:01:51.425+05:30
174	Qatar 	QA	\N		f	qatar-	2026-04-10 11:02:08.95+05:30	2026-04-10 11:02:08.95+05:30
175	Réunion 	RE	\N		f	runion-	2026-04-10 11:02:19.859+05:30	2026-04-10 11:02:19.859+05:30
176	Romania 	RO	\N		f	romania-	2026-04-10 11:02:35.776+05:30	2026-04-10 11:02:35.776+05:30
177	Russia 	RU	\N		f	russia-	2026-04-10 11:02:58.328+05:30	2026-04-10 11:02:58.328+05:30
178	Rwanda 	RW	\N		f	rwanda-	2026-04-10 11:03:13.705+05:30	2026-04-10 11:03:13.705+05:30
179	Saint Barthélemy	BL	\N		f	saint-barthlemy	2026-04-10 11:03:39.755+05:30	2026-04-10 11:03:39.755+05:30
180	Saint Helena	SH	\N		f	saint-helena	2026-04-10 11:04:00.234+05:30	2026-04-10 11:04:00.234+05:30
181	Saint Kitts and Nevis	KN	\N		f	saint-kitts-and-nevis	2026-04-10 11:04:22.228+05:30	2026-04-10 11:04:22.228+05:30
182	Saint Lucia	LC	\N		f	saint-lucia	2026-04-10 11:04:41.52+05:30	2026-04-10 11:04:41.52+05:30
183	Saint Martin	MF	\N		f	saint-martin	2026-04-10 11:04:59.752+05:30	2026-04-10 11:04:59.752+05:30
184	Saint Pierre and Miquelon	PM	\N		f	saint-pierre-and-miquelon	2026-04-10 11:05:14.99+05:30	2026-04-10 11:05:14.99+05:30
185	Saint Vincent and the Grenadines	VC	\N		f	saint-vincent-and-the-grenadines	2026-04-10 11:05:32.27+05:30	2026-04-10 11:05:32.27+05:30
186	Samoa 	WS	\N		f	samoa-	2026-04-10 11:05:46.948+05:30	2026-04-10 11:05:46.948+05:30
187	San Marino	SM	\N		f	san-marino	2026-04-10 11:06:13.75+05:30	2026-04-10 11:06:13.75+05:30
188	Sao Tome and Principe	ST	\N		f	sao-tome-and-principe	2026-04-10 11:06:25.339+05:30	2026-04-10 11:06:25.339+05:30
189	Saudi Arabia	SA	\N		f	saudi-arabia	2026-04-10 11:06:47.672+05:30	2026-04-10 11:06:47.672+05:30
190	Senegal 	SN	\N		f	senegal-	2026-04-10 11:07:02.174+05:30	2026-04-10 11:07:02.174+05:30
191	Serbia 	RS	\N		f	serbia-	2026-04-10 11:07:18.816+05:30	2026-04-10 11:07:18.816+05:30
192	Seychelles 	SC	\N		f	seychelles-	2026-04-10 11:07:33.881+05:30	2026-04-10 11:07:33.881+05:30
193	Sierra Leone	SL	\N		f	sierra-leone	2026-04-10 11:07:55.705+05:30	2026-04-10 11:07:55.705+05:30
194	Singapore 	SG	\N		f	singapore-	2026-04-10 11:08:09.178+05:30	2026-04-10 11:08:09.178+05:30
195	Sint Maarten	SX	\N		f	sint-maarten	2026-04-10 11:08:43.393+05:30	2026-04-10 11:08:43.392+05:30
196	Slovakia 	SK	\N		f	slovakia-	2026-04-10 11:09:05.851+05:30	2026-04-10 11:09:05.851+05:30
197	Slovenia 	SI	\N		f	slovenia-	2026-04-10 11:09:22.121+05:30	2026-04-10 11:09:22.121+05:30
198	Solomon Islands	SB	\N		f	solomon-islands	2026-04-10 11:09:46.866+05:30	2026-04-10 11:09:46.866+05:30
199	Somalia 	SO	\N		f	somalia-	2026-04-10 11:10:01.959+05:30	2026-04-10 11:10:01.959+05:30
200	South Africa	ZA	\N		f	south-africa	2026-04-10 11:10:23.382+05:30	2026-04-10 11:10:23.381+05:30
201	South Georgia	GS	\N		f	south-georgia	2026-04-10 11:10:43.828+05:30	2026-04-10 11:10:43.828+05:30
202	South Korea	KR	\N		f	south-korea	2026-04-10 11:11:01.553+05:30	2026-04-10 11:11:01.553+05:30
203	South Sudan	SS	\N		f	south-sudan	2026-04-10 11:11:26.597+05:30	2026-04-10 11:11:26.597+05:30
204	Spain 	ES	\N		f	spain-	2026-04-10 11:11:46.537+05:30	2026-04-10 11:11:46.537+05:30
205	Sri Lanka	LK	\N		f	sri-lanka	2026-04-10 11:11:56.592+05:30	2026-04-10 11:11:56.592+05:30
206	Sudan 	SD	\N		f	sudan-	2026-04-10 11:12:17.497+05:30	2026-04-10 11:12:17.496+05:30
207	Suriname 	SR	\N		f	suriname-	2026-04-10 11:12:46.144+05:30	2026-04-10 11:12:46.143+05:30
208	Svalbard and Jan Mayen 	SJ	\N		f	svalbard-and-jan-mayen-	2026-04-10 11:13:07.333+05:30	2026-04-10 11:13:07.333+05:30
209	Sweden 	SE	\N		f	sweden-	2026-04-10 11:13:23.745+05:30	2026-04-10 11:13:23.745+05:30
210	Switzerland 	CH	\N		f	switzerland-	2026-04-10 11:13:44.637+05:30	2026-04-10 11:13:44.636+05:30
211	Syria 	SY	\N		f	syria-	2026-04-10 11:13:57.44+05:30	2026-04-10 11:13:57.44+05:30
212	Taiwan 	TW	\N		f	taiwan-	2026-04-10 11:14:14.082+05:30	2026-04-10 11:14:14.082+05:30
213	Tajikistan 	TJ	\N		f	tajikistan-	2026-04-10 11:14:41.499+05:30	2026-04-10 11:14:41.499+05:30
214	Tanzania 	TZ	\N		f	tanzania-	2026-04-10 11:14:55.399+05:30	2026-04-10 11:14:55.399+05:30
215	Thailand 	TH	\N		f	thailand-	2026-04-10 11:15:14.793+05:30	2026-04-10 11:15:14.793+05:30
216	Timor-Leste 	TL	\N		f	timor-leste-	2026-04-10 11:15:30.447+05:30	2026-04-10 11:15:30.447+05:30
217	Togo 	TG	\N		f	togo-	2026-04-10 11:16:36.813+05:30	2026-04-10 11:16:36.813+05:30
218	Tokelau 	TK	\N		f	tokelau-	2026-04-10 11:16:52.082+05:30	2026-04-10 11:16:52.082+05:30
219	Tonga 	TO	\N		f	tonga-	2026-04-10 11:17:07.255+05:30	2026-04-10 11:17:07.255+05:30
220	Wallis and Futuna	WF	\N		f	wallis-and-futuna	2026-04-10 11:17:27.554+05:30	2026-04-10 11:17:27.554+05:30
221	Trinidad and Tobago 	TT	\N		f	trinidad-and-tobago-	2026-04-10 11:17:31.677+05:30	2026-04-10 11:17:31.677+05:30
222	Western Sahara	EH	\N		f	western-sahara	2026-04-10 11:17:48.413+05:30	2026-04-10 11:17:48.413+05:30
223	Uganda	UG	\N		f	uganda	2026-04-10 11:17:50.152+05:30	2026-04-10 11:17:50.152+05:30
224	Tunisia 	TN	\N		f	tunisia-	2026-04-10 11:17:55.456+05:30	2026-04-10 11:17:55.456+05:30
225	Vanuatu	VU	\N		f	vanuatu	2026-04-10 11:17:58.997+05:30	2026-04-10 11:17:58.997+05:30
226	Yemen	YE	\N		f	yemen	2026-04-10 11:18:09.897+05:30	2026-04-10 11:18:09.897+05:30
227	Ukraine	UA	\N		f	ukraine	2026-04-10 11:18:12.584+05:30	2026-04-10 11:18:12.584+05:30
228	Turkey 	TR	\N		f	turkey-	2026-04-10 11:18:13.961+05:30	2026-04-10 11:18:13.961+05:30
229	Vatican City	VA	\N		f	vatican-city	2026-04-10 11:18:23.698+05:30	2026-04-10 11:18:23.698+05:30
230	Turkmenistan 	TM	\N		f	turkmenistan-	2026-04-10 11:18:27.768+05:30	2026-04-10 11:18:27.768+05:30
231	Zambia	ZM	\N		f	zambia	2026-04-10 11:18:31.386+05:30	2026-04-10 11:18:31.386+05:30
232	United Arab Emirates	AE	\N		f	united-arab-emirates	2026-04-10 11:18:32.192+05:30	2026-04-10 11:18:32.192+05:30
233	United Kingdom	GB	\N		f	united-kingdom	2026-04-10 11:18:47.158+05:30	2026-04-10 11:18:47.158+05:30
234	Venezuela	VE	\N		f	venezuela	2026-04-10 11:18:47.36+05:30	2026-04-10 11:18:47.36+05:30
235	Turks and Caicos Islands	TC	\N		f	turks-and-caicos-islands	2026-04-10 11:18:49.373+05:30	2026-04-10 11:18:49.373+05:30
236	Zimbabwe	ZW	\N		f	zimbabwe	2026-04-10 11:19:00.502+05:30	2026-04-10 11:19:00.502+05:30
237	Tuvalu 	TV	\N		f	tuvalu-	2026-04-10 11:19:01.878+05:30	2026-04-10 11:19:01.878+05:30
238	United States	US	\N		f	united-states	2026-04-10 11:19:02.718+05:30	2026-04-10 11:19:02.718+05:30
239	Vietnam	VN	\N		f	vietnam	2026-04-10 11:19:15.125+05:30	2026-04-10 11:19:15.125+05:30
240	Uruguay 	UY	\N		f	uruguay-	2026-04-10 11:19:18.06+05:30	2026-04-10 11:19:18.06+05:30
241	Uzbekistan	UZ	\N		f	uzbekistan	2026-04-10 11:19:38.807+05:30	2026-04-10 11:19:38.807+05:30
\.


--
-- Data for Name: countries_locales; Type: TABLE DATA; Schema: public; Owner: afmuser
--

COPY public.countries_locales (seo_title, seo_image_id, seo_description, id, _locale, _parent_id) FROM stdin;
\.


--
-- Data for Name: countries_rels; Type: TABLE DATA; Schema: public; Owner: afmuser
--

COPY public.countries_rels (id, "order", parent_id, path, categories_id, tags_id) FROM stdin;
\.


--
-- Data for Name: designations; Type: TABLE DATA; Schema: public; Owner: afmuser
--

COPY public.designations (id, name, alias, basics_description, generate_slug, slug, updated_at, created_at) FROM stdin;
1	Sporting Director	sporting-director	A senior leadership position responsible for all trackside and competitive aspects of race operations. The Sporting Director oversees race strategy formulation, driver management during events, pit wall communications, and adherence to sporting regulations. This role serves as the primary interface between the team and Race Control, Stewards, and Series officials. The Sporting Director manages the race engineers, strategists, and sporting coordinators while maintaining direct communication channels with drivers regarding on-track conduct, rule compliance, and competitive positioning throughout race weekends. They interpret sporting regulations, manage protest and appeal procedures, and ensure the team maximizes competitive advantage within the regulatory framework. During race sessions, the Sporting Director operates from the pit wall or command center, making real-time decisions on tire strategy, pit stop timing, driver swaps in endurance racing, and responses to safety car periods or red flag situations. The role requires comprehensive knowledge of series sporting codes, exceptional decision-making under pressure, and diplomatic skills for official interactions	f	sporting-director	2026-04-09 18:32:15.714+05:30	2026-04-09 18:32:15.714+05:30
2	Team Principal	team-principal	description": "The highest-ranking executive role within a motorsport team. The Team Principal holds ultimate responsibility for all aspects of team operations including competitive performance, strategic direction, financial management, personnel decisions, and stakeholder relations. This role serves as the primary public face of the organization during race weekends, media engagements, and official FIA and series proceedings. The Team Principal works in concert with Sporting Directors, Technical Directors, and Commercial Directors to ensure cohesive execution of the team's vision across all departments. In the paddock hierarchy, the Team Principal is the final authority on all matters pertaining to the team's participation in championships, driver selections, and major technical partnerships. They represent the team in all high-level negotiations with series organizers, sponsors, and governing bodies. The role demands exceptional leadership qualities, deep motorsport knowledge, strategic acumen, and the ability to perform under intense public and competitive pressure.	f	team-principal	2026-04-09 18:32:48.67+05:30	2026-04-09 18:32:48.67+05:30
3	Commercial Director	commercial-director	A senior executive role responsible for all revenue generation, partnership management, and commercial strategy within a motorsport organization. The Commercial Director leads sponsorship acquisition and retention, hospitality programs, merchandise operations, licensing agreements, and brand partnership activations. This role manages the commercial team including sponsorship managers, partnership coordinators, hospitality executives, and retail operations staff. The Commercial Director develops and executes the commercial strategy aligned with the team's competitive and brand positioning, identifying target partners whose values and objectives match the organization's profile. They negotiate all commercial agreements from primary title partnerships to technical supplier arrangements, ensuring maximum value extraction and mutually beneficial relationships. The Commercial Director works closely with marketing and communications to activate partner rights, deliver contracted benefits, and measure return on investment. This position requires exceptional business development skills, deep understanding of sponsorship valuation, contract negotiation expertise, and the ability to articulate motorsport's unique value proposition to corporate decision-makers.	f	commercial-director	2026-04-09 18:33:39.735+05:30	2026-04-09 18:33:39.735+05:30
4	Technical Director	technical-director	The senior-most engineering and technical authority within a motorsport organization. The Technical Director oversees all aspects of vehicle design, development, setup, and performance optimization. This role leads the engineering department including chief designers, aerodynamicists, vehicle dynamicists, simulation engineers, and trackside performance engineers. The Technical Director establishes the technical philosophy and development roadmap for current and future race cars, balancing performance targets with regulatory compliance and resource constraints. They are responsible for interpreting technical regulations, managing homologation processes, and representing the team in technical working groups with series organizers and governing bodies. At race events, the Technical Director ensures all cars comply with technical regulations, oversees setup direction, and leads engineering debriefs. The position demands world-class engineering expertise across multiple disciplines including aerodynamics, vehicle dynamics, powertrain, materials science, and data analysis, combined with strong leadership and communication skills to direct large technical teams.	f	technical-director	2026-04-09 18:33:41.376+05:30	2026-04-09 18:33:41.376+05:30
5	Chief Race Engineer	chief-race-engineer	A senior engineering position that leads all trackside engineering operations and race event performance optimization. The Chief Race Engineer manages the race engineering team assigned to each car entry, coordinating setup direction, strategy development, and performance analysis across the team's entries. This role serves as the primary engineering interface with drivers regarding car behavior, handling characteristics, and performance feedback translation into setup changes. During race weekends, the Chief Race Engineer oversees all engineering sessions including practice, qualifying, and race, making high-level decisions on setup philosophy, tire compound selection, and strategic options in consultation with the Sporting Director. They lead post-session engineering debriefs, synthesizing driver feedback, data analysis, and simulation outputs into actionable setup developments. The Chief Race Engineer manages the relationship between factory-based design teams and trackside operations, ensuring effective communication of development needs and performance observations. This position demands extensive experience in race engineering at high levels of motorsport, expert-level data analysis capabilities, deep vehicle dynamics knowledge, and exceptional communication skills for driver interaction.	f	chief-race-engineer	2026-04-09 18:33:47.831+05:30	2026-04-09 18:33:47.831+05:30
6	Performance Engineer	performance-engineer	A specialized engineering role focused on extracting maximum vehicle performance through data analysis, simulation, and setup optimization. The Performance Engineer works alongside the Race Engineer, providing deep analytical support through telemetry analysis, lap time simulation, tire modeling, and competitor performance benchmarking. This role manages the team's simulation tools and models, ensuring correlation between predicted and actual vehicle behavior, and identifying areas for setup improvement or driver technique refinement. Performance Engineers conduct pre-event simulation work to establish baseline setups and strategic options, then validate and refine these models during track sessions using real-time telemetry. They analyze competitor data where available to identify relative strengths and weaknesses, informing race strategy and development priorities. The role requires advanced expertise in vehicle dynamics, data science, programming for analysis automation, and simulation toolchains. Performance Engineers must translate complex analytical findings into clear, actionable recommendations for Race Engineers and drivers, bridging the gap between data science and practical trackside application.	f	performance-engineer	2026-04-09 18:33:54.928+05:30	2026-04-09 18:33:54.928+05:30
7	Head of Communications	head-of-communications	A senior role responsible for all external and internal communications, public relations, and media strategy for a motorsport organization. The Head of Communications manages the team's public image, media relationships, crisis communications, and narrative development across all channels. This role leads the communications team including press officers, social media managers, content creators, and internal communications specialists. The Head of Communications develops and executes comprehensive communications strategies that align with team branding, commercial partnerships, and competitive positioning. They manage all media interactions including press releases, interview coordination, press conference preparation, and journalist relationship cultivation. During race weekends, the Head of Communications oversees the media center operations, manages driver and leadership media availability, and handles sensitive or crisis communications with precision and strategic intent. This position requires exceptional writing and editorial skills, deep understanding of media landscape including traditional and digital channels, crisis management expertise, and the ability to shape compelling narratives that resonate with diverse audiences from hardcore fans to corporate stakeholders	f	head-of-communications	2026-04-09 18:34:40.871+05:30	2026-04-09 18:34:40.871+05:30
8	Driver Coach	driver-coach	A specialized role focused on developing and optimizing driver performance through technique analysis, mental preparation, and personalized guidance. The Driver Coach works directly with drivers to refine racing lines, braking points, corner entry and exit techniques, tire management strategies, and race craft. This role utilizes extensive data analysis including telemetry overlays, video review, and sector time comparisons to identify areas for driver improvement and benchmark against teammates or competitors. Beyond technical driving skills, the Driver Coach addresses mental preparation, focus maintenance, pressure management, and decision-making under race conditions. They develop personalized development plans for each driver, setting measurable performance objectives and tracking progress across sessions and events. The Driver Coach collaborates closely with Race Engineers to ensure setup direction aligns with driver preferences and technique, translating driver feedback into engineering language and vice versa. This position requires extensive high-level driving experience, deep understanding of vehicle dynamics from the cockpit perspective, exceptional communication and teaching abilities, and the psychological insight to motivate and develop elite athletes."	f	driver-coach	2026-04-09 18:35:04.899+05:30	2026-04-09 18:35:04.899+05:30
9	Team Manager	team-manager	A senior operational role responsible for all logistical, administrative, and organizational aspects of a motorsport team's participation in race events and championships. The Team Manager oversees personnel coordination, travel arrangements, equipment logistics, garage operations, and event administration. This role ensures the team operates efficiently and compliantly at all venues, managing accreditation, garage allocation, freight logistics, and hospitality arrangements. The Team Manager serves as the primary operational interface with event organizers, circuit management, and series logistics coordinators, handling all administrative requirements including entry forms, documentation, and compliance submissions. Within the team structure, the Team Manager coordinates schedules for all personnel including drivers, engineers, mechanics, and support staff, ensuring optimal resource allocation and adherence to event timelines. They manage the team's equipment inventory, oversee garage setup and breakdown operations, and maintain operational readiness of all support infrastructure. This position demands exceptional organizational abilities, logistics expertise, personnel management skills, and comprehensive knowledge of paddock operations and series procedures.	f	team-manager	2026-04-09 18:35:33.592+05:30	2026-04-09 18:35:33.592+05:30
\.


--
-- Data for Name: designations_locales; Type: TABLE DATA; Schema: public; Owner: afmuser
--

COPY public.designations_locales (seo_title, seo_image_id, seo_description, id, _locale, _parent_id) FROM stdin;
\.


--
-- Data for Name: designations_rels; Type: TABLE DATA; Schema: public; Owner: afmuser
--

COPY public.designations_rels (id, "order", parent_id, path, categories_id, tags_id) FROM stdin;
\.


--
-- Data for Name: drivers; Type: TABLE DATA; Schema: public; Owner: afmuser
--

COPY public.drivers (id, first_name, middle_name, last_name, alias, basics_racing_number, basics_nickname, basics_competition_name, basics_callsign, basics_catchphrase, basics_birth_date, basics_debut_date, basics_retirement_date, basics_nationality_id, basics_gender, basics_pronouns, details_story, details_biography, assets_avatar_id, assets_autograph_id, assets_cover_id, generate_slug, slug, updated_at, created_at) FROM stdin;
2	Tiago	Vagaroso	Monteiro	tiago-monteiro	18	Tiago	Tiago Monteiro	Monteiro	Experience teaches. Speed delivers.	1976-07-24 17:00:00+05:30	1997-03-15 17:00:00+05:30	\N	172	Male	he/him	{"root": {"type": "root", "format": "", "indent": 0, "version": 1, "children": [{"type": "paragraph", "format": "", "indent": 0, "version": 1, "children": [{"mode": "normal", "text": " Tiago Monteiro stands as Portugal's most accomplished international racing driver, with a career spanning the absolute pinnacle of motorsport and demonstrating remarkable versatility across Formula 1, World Touring Car Championship, and endurance racing. His journey from Portuguese Formula Ford novice to Formula 1 podium finisher, and subsequently to factory driver status in multiple world championships, represents the highest level of achievement ever attained by a Portuguese racing driver.", "type": "text", "style": "", "detail": 0, "format": 0, "version": 1}], "direction": null, "textStyle": "", "textFormat": 0}, {"type": "paragraph", "format": "", "indent": 0, "version": 1, "children": [{"mode": "normal", "text": "    ", "type": "text", "style": "", "detail": 0, "format": 0, "version": 1}], "direction": null, "textStyle": "", "textFormat": 0}, {"type": "paragraph", "format": "", "indent": 0, "version": 1, "children": [{"mode": "normal", "text": "    Monteiro's Formula 1 career, while brief by the standards of the sport's longest-serving drivers, included one of the most remarkable podium finishes in Formula 1 history. The 2005 United States Grand Prix, marred by tire safety concerns that limited the field to just six cars, saw Monteiro guide his Jordan-Toyota to third place—a result that, while achieved in extraordinary circumstances, required the same precise execution and mental focus as any other podium finish. His composed performance that day, maintaining concentration despite the surreal circumstances, demonstrated the professionalism that would characterize his entire career.", "type": "text", "style": "", "detail": 0, "format": 0, "version": 1}], "direction": null, "textStyle": "", "textFormat": 0}, {"type": "paragraph", "format": "", "indent": 0, "version": 1, "children": [{"mode": "normal", "text": "    ", "type": "text", "style": "", "detail": 0, "format": 0, "version": 1}], "direction": null, "textStyle": "", "textFormat": 0}, {"type": "paragraph", "format": "", "indent": 0, "version": 1, "children": [{"mode": "normal", "text": "    The transition from Formula 1 to touring car competition might have been viewed by some as a step backward, but Monteiro embraced the opportunity to compete for victories and championships rather than merely participating. His tenure in the World Touring Car Championship with SEAT and later Honda yielded multiple race victories, consistent championship contention, and established him as one of the category's most respected competitors. The factory Honda program provided the resources and support to compete at the highest level, and Monteiro delivered performances that justified that investment.", "type": "text", "style": "", "detail": 0, "format": 0, "version": 1}], "direction": null, "textStyle": "", "textFormat": 0}, {"type": "paragraph", "format": "", "indent": 0, "version": 1, "children": [{"mode": "normal", "text": "    ", "type": "text", "style": "", "detail": 0, "format": 0, "version": 1}], "direction": null, "textStyle": "", "textFormat": 0}, {"type": "paragraph", "format": "", "indent": 0, "version": 1, "children": [{"mode": "normal", "text": "    The 2017 WTCC season, where Monteiro was leading the championship before a testing accident resulted in serious injuries that sidelined him for the remainder of the campaign, demonstrated both his competitive peak and his extraordinary resilience. The recovery process—physical, mental, and emotional—tested him in ways that racing never had. His eventual return to competition, while the championship landscape had shifted during his absence, spoke volumes about his character and determination.", "type": "text", "style": "", "detail": 0, "format": 0, "version": 1}], "direction": null, "textStyle": "", "textFormat": 0}, {"type": "paragraph", "format": "", "indent": 0, "version": 1, "children": [{"mode": "normal", "text": "    ", "type": "text", "style": "", "detail": 0, "format": 0, "version": 1}], "direction": null, "textStyle": "", "textFormat": 0}, {"type": "paragraph", "format": "", "indent": 0, "version": 1, "children": [{"mode": "normal", "text": "    Beyond his competitive achievements, Monteiro has embraced a broader role within motorsport as mentor, ambassador, and advocate for Portuguese racing talent. His relationship with AF Motorsport and André Fernandes represents a natural alignment of values and a shared commitment to elevating Portuguese motorsport standards. Monteiro's experience across motorsport's highest categories provides invaluable perspective for strategic decision-making, driver development, and navigating the complex commercial and competitive landscape of professional racing.", "type": "text", "style": "", "detail": 0, "format": 0, "version": 1}], "direction": null, "textStyle": "", "textFormat": 0}, {"type": "paragraph", "format": "", "indent": 0, "version": 1, "children": [{"mode": "normal", "text": "    ", "type": "text", "style": "", "detail": 0, "format": 0, "version": 1}], "direction": null, "textStyle": "", "textFormat": 0}, {"type": "paragraph", "format": "", "indent": 0, "version": 1, "children": [{"mode": "normal", "text": "    Monteiro's continued involvement in GT and endurance racing, including appearances at the 24 Hours of Le Mans and major international events, demonstrates that his competitive fire remains undiminished. His ability to remain relevant and competitive across multiple decades and categories speaks to fundamental qualities—adaptability, intelligence, and pure driving talent—that transcend any specific era or formula.", "type": "text", "style": "", "detail": 0, "format": 0, "version": 1}], "direction": null, "textStyle": "", "textFormat": 0}], "direction": null}}	{"root": {"type": "root", "format": "", "indent": 0, "version": 1, "children": [{"type": "paragraph", "format": "", "indent": 0, "version": 1, "children": [{"mode": "normal", "text": " Early Years and Portuguese Foundation (1989-1997):", "type": "text", "style": "", "detail": 0, "format": 0, "version": 1}], "direction": null, "textStyle": "", "textFormat": 0}, {"type": "paragraph", "format": "", "indent": 0, "version": 1, "children": [{"mode": "normal", "text": "    ", "type": "text", "style": "", "detail": 0, "format": 0, "version": 1}], "direction": null, "textStyle": "", "textFormat": 0}, {"type": "paragraph", "format": "", "indent": 0, "version": 1, "children": [{"mode": "normal", "text": "    Tiago Monteiro was born in Porto, Portugal's northern commercial capital, into a family with no significant motorsport background. His interest in racing developed through exposure to Formula 1 broadcasts and a natural affinity for speed and competition. Unlike many of his contemporaries who began karting in early childhood, Monteiro's competitive motorsport journey began relatively late at age fifteen through the Portuguese Formula Ford championship.", "type": "text", "style": "", "detail": 0, "format": 0, "version": 1}], "direction": null, "textStyle": "", "textFormat": 0}, {"type": "paragraph", "format": "", "indent": 0, "version": 1, "children": [{"mode": "normal", "text": "    ", "type": "text", "style": "", "detail": 0, "format": 0, "version": 1}], "direction": null, "textStyle": "", "textFormat": 0}, {"type": "paragraph", "format": "", "indent": 0, "version": 1, "children": [{"mode": "normal", "text": "    The late start, rather than proving a disadvantage, may have contributed to Monteiro's methodical approach to career development. Without the extensive karting background that many drivers rely upon for fundamental skills, he was forced to accelerate his learning curve and develop efficient techniques for acquiring new capabilities. This adaptability would prove essential throughout a career that demanded transitions between vastly different racing disciplines.", "type": "text", "style": "", "detail": 0, "format": 0, "version": 1}], "direction": null, "textStyle": "", "textFormat": 0}, {"type": "paragraph", "format": "", "indent": 0, "version": 1, "children": [{"mode": "normal", "text": "    ", "type": "text", "style": "", "detail": 0, "format": 0, "version": 1}], "direction": null, "textStyle": "", "textFormat": 0}, {"type": "paragraph", "format": "", "indent": 0, "version": 1, "children": [{"mode": "normal", "text": "    Success in Portuguese Formula Ford came quickly, with race victories and championship contention demonstrating natural talent. Progression through French Formula 3 and Formula Renault provided exposure to increasingly competitive European fields and the professional standards required at higher levels. Results were consistently solid, though not spectacular enough to attract the attention of major Formula 1 teams' junior programs.", "type": "text", "style": "", "detail": 0, "format": 0, "version": 1}], "direction": null, "textStyle": "", "textFormat": 0}, {"type": "paragraph", "format": "", "indent": 0, "version": 1, "children": [{"mode": "normal", "text": "    ", "type": "text", "style": "", "detail": 0, "format": 0, "version": 1}], "direction": null, "textStyle": "", "textFormat": 0}, {"type": "paragraph", "format": "", "indent": 0, "version": 1, "children": [{"mode": "normal", "text": "    The critical breakthrough came through performance in International Formula 3000, then the primary feeder series for Formula 1. Competing against fields packed with manufacturer-supported young drivers, Monteiro's performances demonstrated that he could compete at the level required for Formula 1 consideration. The opportunity with Jordan Grand Prix for the 2005 season represented validation of years of persistent effort and strategic career management.", "type": "text", "style": "", "detail": 0, "format": 0, "version": 1}], "direction": null, "textStyle": "", "textFormat": 0}, {"type": "paragraph", "format": "", "indent": 0, "version": 1, "children": [{"mode": "normal", "text": "    ", "type": "text", "style": "", "detail": 0, "format": 0, "version": 1}], "direction": null, "textStyle": "", "textFormat": 0}, {"type": "paragraph", "format": "", "indent": 0, "version": 1, "children": [{"mode": "normal", "text": "    Formula 1 Career and Historic Achievement (2005-2006):", "type": "text", "style": "", "detail": 0, "format": 0, "version": 1}], "direction": null, "textStyle": "", "textFormat": 0}, {"type": "paragraph", "format": "", "indent": 0, "version": 1, "children": [{"mode": "normal", "text": "    ", "type": "text", "style": "", "detail": 0, "format": 0, "version": 1}], "direction": null, "textStyle": "", "textFormat": 0}, {"type": "paragraph", "format": "", "indent": 0, "version": 1, "children": [{"mode": "normal", "text": "    Monteiro's Formula 1 debut with Jordan Grand Prix in 2005 placed him in one of the most challenging situations on the grid. Jordan, once a race-winning team, had entered a period of decline with limited resources and an uncompetitive chassis-engine package. The realistic objective for the season was not points or podiums but simply demonstrating professionalism and extracting whatever performance the car possessed.", "type": "text", "style": "", "detail": 0, "format": 0, "version": 1}], "direction": null, "textStyle": "", "textFormat": 0}, {"type": "paragraph", "format": "", "indent": 0, "version": 1, "children": [{"mode": "normal", "text": "    ", "type": "text", "style": "", "detail": 0, "format": 0, "version": 1}], "direction": null, "textStyle": "", "textFormat": 0}, {"type": "paragraph", "format": "", "indent": 0, "version": 1, "children": [{"mode": "normal", "text": "    The 2005 United States Grand Prix at Indianapolis Motor Speedway produced one of Formula 1's most controversial and unusual races. Tire safety concerns following failures during practice sessions led Michelin to advise its partner teams—comprising fourteen of the twenty cars entered—against racing. The resulting six-car field, consisting solely of Bridgestone-shod cars including Monteiro's Jordan, created a scenario unprecedented in Formula 1 history.", "type": "text", "style": "", "detail": 0, "format": 0, "version": 1}], "direction": null, "textStyle": "", "textFormat": 0}, {"type": "paragraph", "format": "", "indent": 0, "version": 1, "children": [{"mode": "normal", "text": "    ", "type": "text", "style": "", "detail": 0, "format": 0, "version": 1}], "direction": null, "textStyle": "", "textFormat": 0}, {"type": "paragraph", "format": "", "indent": 0, "version": 1, "children": [{"mode": "normal", "text": "    Amid the controversy and confusion, Monteiro maintained professional focus and executed his race with the same precision he would have applied to any grand prix. His third-place finish, securing Jordan's final Formula 1 podium, stands in the record books alongside any other achievement in the sport's history. More importantly, his composed handling of the extraordinary circumstances demonstrated the mental fortitude that defines professional racing drivers.", "type": "text", "style": "", "detail": 0, "format": 0, "version": 1}], "direction": null, "textStyle": "", "textFormat": 0}, {"type": "paragraph", "format": "", "indent": 0, "version": 1, "children": [{"mode": "normal", "text": "    ", "type": "text", "style": "", "detail": 0, "format": 0, "version": 1}], "direction": null, "textStyle": "", "textFormat": 0}, {"type": "paragraph", "format": "", "indent": 0, "version": 1, "children": [{"mode": "normal", "text": "    The 2005 season also yielded an eighth-place finish at the Belgian Grand Prix—securing a championship point in a full-field race—and consistent performances that outperformed the car's capabilities. When Jordan transitioned to Midland F1 for 2006, Monteiro remained with the team, continuing to demonstrate his value despite increasingly difficult circumstances. The Midland team's eventual sale to Spyker and subsequent restructuring ended Monteiro's Formula 1 tenure, but his performances had established a professional reputation that would serve him well in subsequent career phases.", "type": "text", "style": "", "detail": 0, "format": 0, "version": 1}], "direction": null, "textStyle": "", "textFormat": 0}, {"type": "paragraph", "format": "", "indent": 0, "version": 1, "children": [{"mode": "normal", "text": "    ", "type": "text", "style": "", "detail": 0, "format": 0, "version": 1}], "direction": null, "textStyle": "", "textFormat": 0}, {"type": "paragraph", "format": "", "indent": 0, "version": 1, "children": [{"mode": "normal", "text": "    World Touring Car Championship Success (2007-2017):", "type": "text", "style": "", "detail": 0, "format": 0, "version": 1}], "direction": null, "textStyle": "", "textFormat": 0}, {"type": "paragraph", "format": "", "indent": 0, "version": 1, "children": [{"mode": "normal", "text": "    ", "type": "text", "style": "", "detail": 0, "format": 0, "version": 1}], "direction": null, "textStyle": "", "textFormat": 0}, {"type": "paragraph", "format": "", "indent": 0, "version": 1, "children": [{"mode": "normal", "text": "    The transition to the World Touring Car Championship with SEAT Sport represented a strategic career pivot that would define Monteiro's most successful competitive period. The WTCC provided an environment where driver talent could more directly influence outcomes, without the overwhelming performance disparities that characterize Formula 1. SEAT's factory program offered competitive equipment and professional support, creating conditions where Monteiro could demonstrate his full capabilities.", "type": "text", "style": "", "detail": 0, "format": 0, "version": 1}], "direction": null, "textStyle": "", "textFormat": 0}, {"type": "paragraph", "format": "", "indent": 0, "version": 1, "children": [{"mode": "normal", "text": "    ", "type": "text", "style": "", "detail": 0, "format": 0, "version": 1}], "direction": null, "textStyle": "", "textFormat": 0}, {"type": "paragraph", "format": "", "indent": 0, "version": 1, "children": [{"mode": "normal", "text": "    The learning curve in touring car competition was steep. The front-wheel-drive SEAT León required fundamentally different driving techniques than the formula cars Monteiro had campaigned throughout his career. Weight transfer management, tire preservation across longer races, and the physical nature of touring car competition demanded adaptation. Characteristically, Monteiro approached this transition with methodical analysis and unwavering work ethic.", "type": "text", "style": "", "detail": 0, "format": 0, "version": 1}], "direction": null, "textStyle": "", "textFormat": 0}, {"type": "paragraph", "format": "", "indent": 0, "version": 1, "children": [{"mode": "normal", "text": "    ", "type": "text", "style": "", "detail": 0, "format": 0, "version": 1}], "direction": null, "textStyle": "", "textFormat": 0}, {"type": "paragraph", "format": "", "indent": 0, "version": 1, "children": [{"mode": "normal", "text": "    Results improved steadily through his initial SEAT seasons, with podium finishes becoming increasingly frequent. A move to the factory Honda program for 2012 elevated Monteiro to championship-contending status. The Honda Civic WTCC provided a competitive platform, and Monteiro's experience and technical feedback contributed significantly to the car's continuous development.", "type": "text", "style": "", "detail": 0, "format": 0, "version": 1}], "direction": null, "textStyle": "", "textFormat": 0}, {"type": "paragraph", "format": "", "indent": 0, "version": 1, "children": [{"mode": "normal", "text": "    ", "type": "text", "style": "", "detail": 0, "format": 0, "version": 1}], "direction": null, "textStyle": "", "textFormat": 0}, {"type": "paragraph", "format": "", "indent": 0, "version": 1, "children": [{"mode": "normal", "text": "    The 2017 season represented Monteiro at his competitive peak. Leading the championship entering the summer break, he had established himself as the driver to beat in the world's premier touring car championship. A testing accident in September, resulting in serious head and neck injuries, ended his championship campaign and threatened his career. The recovery process—spanning months of rehabilitation, uncertainty, and gradual return to fitness—tested Monteiro's resilience as nothing before had.", "type": "text", "style": "", "detail": 0, "format": 0, "version": 1}], "direction": null, "textStyle": "", "textFormat": 0}, {"type": "paragraph", "format": "", "indent": 0, "version": 1, "children": [{"mode": "normal", "text": "    ", "type": "text", "style": "", "detail": 0, "format": 0, "version": 1}], "direction": null, "textStyle": "", "textFormat": 0}, {"type": "paragraph", "format": "", "indent": 0, "version": 1, "children": [{"mode": "normal", "text": "    His eventual return to competition, while the WTCC had evolved into the WTCR (World Touring Car Cup) during his absence, demonstrated extraordinary determination. Results following his return never quite reached the heights of his pre-accident form, but the mere fact of his comeback represented victory in its own right.", "type": "text", "style": "", "detail": 0, "format": 0, "version": 1}], "direction": null, "textStyle": "", "textFormat": 0}, {"type": "paragraph", "format": "", "indent": 0, "version": 1, "children": [{"mode": "normal", "text": "    ", "type": "text", "style": "", "detail": 0, "format": 0, "version": 1}], "direction": null, "textStyle": "", "textFormat": 0}, {"type": "paragraph", "format": "", "indent": 0, "version": 1, "children": [{"mode": "normal", "text": "    Endurance Racing and Current Programs (2018-Present):", "type": "text", "style": "", "detail": 0, "format": 0, "version": 1}], "direction": null, "textStyle": "", "textFormat": 0}, {"type": "paragraph", "format": "", "indent": 0, "version": 1, "children": [{"mode": "normal", "text": "    ", "type": "text", "style": "", "detail": 0, "format": 0, "version": 1}], "direction": null, "textStyle": "", "textFormat": 0}, {"type": "paragraph", "format": "", "indent": 0, "version": 1, "children": [{"mode": "normal", "text": "    Monteiro's post-WTCC career has embraced the diverse opportunities of modern motorsport. Endurance racing appearances, including the 24 Hours of Le Mans and major GT events, have demonstrated his adaptability and enduring competitiveness. His technical feedback and experience make him a valued addition to any driver lineup, particularly in endurance formats where consistency and reliability often outweigh outright single-lap pace.", "type": "text", "style": "", "detail": 0, "format": 0, "version": 1}], "direction": null, "textStyle": "", "textFormat": 0}, {"type": "paragraph", "format": "", "indent": 0, "version": 1, "children": [{"mode": "normal", "text": "    ", "type": "text", "style": "", "detail": 0, "format": 0, "version": 1}], "direction": null, "textStyle": "", "textFormat": 0}, {"type": "paragraph", "format": "", "indent": 0, "version": 1, "children": [{"mode": "normal", "text": "    The relationship with AF Motorsport represents a natural evolution of Monteiro's commitment to Portuguese motorsport development. His role as strategic advisor and mentor leverages decades of experience across motorsport's highest categories to benefit the next generation of Portuguese talent. His presence within the AF Motorsport ecosystem provides validation of the team's professional standards and development philosophy.", "type": "text", "style": "", "detail": 0, "format": 0, "version": 1}], "direction": null, "textStyle": "", "textFormat": 0}, {"type": "paragraph", "format": "", "indent": 0, "version": 1, "children": [{"mode": "normal", "text": "    ", "type": "text", "style": "", "detail": 0, "format": 0, "version": 1}], "direction": null, "textStyle": "", "textFormat": 0}, {"type": "paragraph", "format": "", "indent": 0, "version": 1, "children": [{"mode": "normal", "text": "    Monteiro's broader ambassadorial activities—representing Portuguese motorsport at international events, engaging with media and commercial partners, and inspiring young drivers—demonstrate his understanding that a racing driver's legacy extends beyond statistics. He has embraced the responsibility that accompanies his status as Portugal's most accomplished international driver, using his platform to advocate for the sport's growth and development within his home country.", "type": "text", "style": "", "detail": 0, "format": 0, "version": 1}], "direction": null, "textStyle": "", "textFormat": 0}], "direction": null}}	\N	\N	\N	f	tiago-monteiro	2026-04-10 11:15:19.724+05:30	2026-04-09 20:34:46.817+05:30
3	Pedro	Mourão	Lamy	pedro-lamy	7	Lamy	Pedro Lamy	Lamy	Speed never ages. Wisdom never fades.	1972-03-20 17:00:00+05:30	1989-05-10 17:00:00+05:30	2026-04-08 17:00:00+05:30	172	Male	he/him	{"root": {"type": "root", "format": "", "indent": 0, "version": 1, "children": [{"type": "paragraph", "format": "", "indent": 0, "version": 1, "children": [{"mode": "normal", "text": "Pedro Lamy's extraordinary career spans over three decades at motorsport's absolute highest levels, from Formula 1 with Lotus and Minardi to factory GT programs with Aston Martin, Mercedes-Benz, and Peugeot. His longevity and consistent competitiveness across multiple eras and categories represent an achievement unique in Portuguese motorsport and exceptionally rare in international racing.", "type": "text", "style": "", "detail": 0, "format": 0, "version": 1}], "direction": null, "textStyle": "", "textFormat": 0}, {"type": "paragraph", "format": "", "indent": 0, "version": 1, "children": [{"mode": "normal", "text": "    ", "type": "text", "style": "", "detail": 0, "format": 0, "version": 1}], "direction": null, "textStyle": "", "textFormat": 0}, {"type": "paragraph", "format": "", "indent": 0, "version": 1, "children": [{"mode": "normal", "text": "    The early promise demonstrated through victory at the prestigious Marlboro Masters of Formula 3 at Zandvoort in 1992—defeating a field that included future Formula 1 stars—established Lamy as one of Europe's most exciting young talents. His graduation to Formula 1 with Lotus came with the weight of expectation that accompanies such early success. A points finish in his debut race at the 1993 Italian Grand Prix, achieved in difficult circumstances with the underfunded Lotus team, demonstrated that the promise was genuine.", "type": "text", "style": "", "detail": 0, "format": 0, "version": 1}], "direction": null, "textStyle": "", "textFormat": 0}, {"type": "paragraph", "format": "", "indent": 0, "version": 1, "children": [{"mode": "normal", "text": "    ", "type": "text", "style": "", "detail": 0, "format": 0, "version": 1}], "direction": null, "textStyle": "", "textFormat": 0}, {"type": "paragraph", "format": "", "indent": 0, "version": 1, "children": [{"mode": "normal", "text": "    A catastrophic testing accident at Silverstone in 1994, resulting in severe leg injuries that required extensive rehabilitation, interrupted Lamy's Formula 1 trajectory at a critical moment. The recovery process demanded extraordinary physical and mental determination, and his eventual return to competition with Minardi represented victory in itself. While the Formula 1 career that followed never quite reached the heights that early promise suggested, Lamy's performances in uncompetitive machinery consistently earned respect throughout the paddock.", "type": "text", "style": "", "detail": 0, "format": 0, "version": 1}], "direction": null, "textStyle": "", "textFormat": 0}, {"type": "paragraph", "format": "", "indent": 0, "version": 1, "children": [{"mode": "normal", "text": "    ", "type": "text", "style": "", "detail": 0, "format": 0, "version": 1}], "direction": null, "textStyle": "", "textFormat": 0}, {"type": "paragraph", "format": "", "indent": 0, "version": 1, "children": [{"mode": "normal", "text": "    The transition to sportscar and GT racing marked the beginning of Lamy's most successful and enduring competitive phase. Factory programs with Aston Martin, where he contributed significantly to the development of the DBR9 program, Mercedes-Benz in DTM and GT competition, and Peugeot's factory endurance effort provided the competitive equipment his talent deserved. Victories at the 24 Hours of Nürburgring, class wins at Le Mans, and championship success across multiple series demonstrated his extraordinary adaptability and technical intelligence.", "type": "text", "style": "", "detail": 0, "format": 0, "version": 1}], "direction": null, "textStyle": "", "textFormat": 0}, {"type": "paragraph", "format": "", "indent": 0, "version": 1, "children": [{"mode": "normal", "text": "    ", "type": "text", "style": "", "detail": 0, "format": 0, "version": 1}], "direction": null, "textStyle": "", "textFormat": 0}, {"type": "paragraph", "format": "", "indent": 0, "version": 1, "children": [{"mode": "normal", "text": "    Lamy's value to manufacturer programs extends far beyond his driving. His technical feedback, development capability, and methodical approach to performance optimization have made him one of the most respected development drivers in endurance racing. The ability to translate complex vehicle behavior into clear, actionable feedback for engineers—a skill honed through decades of experience across diverse machinery—makes Lamy an invaluable asset to any technical program.", "type": "text", "style": "", "detail": 0, "format": 0, "version": 1}], "direction": null, "textStyle": "", "textFormat": 0}, {"type": "paragraph", "format": "", "indent": 0, "version": 1, "children": [{"mode": "normal", "text": "    ", "type": "text", "style": "", "detail": 0, "format": 0, "version": 1}], "direction": null, "textStyle": "", "textFormat": 0}, {"type": "paragraph", "format": "", "indent": 0, "version": 1, "children": [{"mode": "normal", "text": "    As the elder statesman of Portuguese motorsport, Lamy's perspective and experience provide invaluable guidance for AF Motorsport's strategic direction and driver development philosophy. His continued competitive involvement, including historic racing appearances and selected modern GT events, demonstrates that the fundamental skills that made him a Formula 3 champion remain intact. Pedro Lamy embodies the principle that true racing talent, combined with intelligence and professionalism, transcends age and category boundaries.", "type": "text", "style": "", "detail": 0, "format": 0, "version": 1}], "direction": null, "textStyle": "", "textFormat": 0}], "direction": null}}	{"root": {"type": "root", "format": "", "indent": 0, "version": 1, "children": [{"type": "paragraph", "format": "", "indent": 0, "version": 1, "children": [{"mode": "normal", "text": " Early Years and Meteoric Rise (1985-1992):", "type": "text", "style": "", "detail": 0, "format": 0, "version": 1}], "direction": null, "textStyle": "", "textFormat": 0}, {"type": "paragraph", "format": "", "indent": 0, "version": 1, "children": [{"mode": "normal", "text": "    ", "type": "text", "style": "", "detail": 0, "format": 0, "version": 1}], "direction": null, "textStyle": "", "textFormat": 0}, {"type": "paragraph", "format": "", "indent": 0, "version": 1, "children": [{"mode": "normal", "text": "    José Pedro Mourão Lamy Viçoso was born in Alenquer, Portugal, into a family with modest means but significant motorsport enthusiasm. His introduction to competitive driving came through karting, where natural talent was immediately evident despite limited resources compared to many competitors. Success in Portuguese national karting championships provided the foundation for progression to car racing.", "type": "text", "style": "", "detail": 0, "format": 0, "version": 1}], "direction": null, "textStyle": "", "textFormat": 0}, {"type": "paragraph", "format": "", "indent": 0, "version": 1, "children": [{"mode": "normal", "text": "    ", "type": "text", "style": "", "detail": 0, "format": 0, "version": 1}], "direction": null, "textStyle": "", "textFormat": 0}, {"type": "paragraph", "format": "", "indent": 0, "version": 1, "children": [{"mode": "normal", "text": "    The transition to Portuguese Formula Ford demonstrated that Lamy's talent translated effectively from karts to cars. Race victories and championship contention attracted attention from established European teams, leading to opportunities in British Formula Ford—then the world's most competitive junior formula category. Success in this environment, competing against drivers with significantly greater resources and experience, marked Lamy as a driver of exceptional potential.", "type": "text", "style": "", "detail": 0, "format": 0, "version": 1}], "direction": null, "textStyle": "", "textFormat": 0}, {"type": "paragraph", "format": "", "indent": 0, "version": 1, "children": [{"mode": "normal", "text": "    ", "type": "text", "style": "", "detail": 0, "format": 0, "version": 1}], "direction": null, "textStyle": "", "textFormat": 0}, {"type": "paragraph", "format": "", "indent": 0, "version": 1, "children": [{"mode": "normal", "text": "    Progression to Formula 3 with the crack West Surrey Racing team placed Lamy in the ideal environment to demonstrate his capabilities. The 1992 season culminated in victory at the Marlboro Masters of Formula 3 at Zandvoort, defeating a field that included future Formula 1 race winners and champions. This single result transformed Lamy's career trajectory, elevating him from promising regional talent to one of Europe's most sought-after young drivers.", "type": "text", "style": "", "detail": 0, "format": 0, "version": 1}], "direction": null, "textStyle": "", "textFormat": 0}, {"type": "paragraph", "format": "", "indent": 0, "version": 1, "children": [{"mode": "normal", "text": "    ", "type": "text", "style": "", "detail": 0, "format": 0, "version": 1}], "direction": null, "textStyle": "", "textFormat": 0}, {"type": "paragraph", "format": "", "indent": 0, "version": 1, "children": [{"mode": "normal", "text": "    Formula 1 Promise and Adversity (1993-1996):", "type": "text", "style": "", "detail": 0, "format": 0, "version": 1}], "direction": null, "textStyle": "", "textFormat": 0}, {"type": "paragraph", "format": "", "indent": 0, "version": 1, "children": [{"mode": "normal", "text": "    ", "type": "text", "style": "", "detail": 0, "format": 0, "version": 1}], "direction": null, "textStyle": "", "textFormat": 0}, {"type": "paragraph", "format": "", "indent": 0, "version": 1, "children": [{"mode": "normal", "text": "    The Formula 1 debut with Lotus in 1993 came with significant pressure and expectation. Lotus, once the sport's most innovative and successful team, had entered a period of decline that would ultimately prove terminal. Despite the challenging circumstances, Lamy scored a championship point in his debut race at the Italian Grand Prix—a remarkable achievement given the car's limitations and his inexperience at Formula 1 level.", "type": "text", "style": "", "detail": 0, "format": 0, "version": 1}], "direction": null, "textStyle": "", "textFormat": 0}, {"type": "paragraph", "format": "", "indent": 0, "version": 1, "children": [{"mode": "normal", "text": "    ", "type": "text", "style": "", "detail": 0, "format": 0, "version": 1}], "direction": null, "textStyle": "", "textFormat": 0}, {"type": "paragraph", "format": "", "indent": 0, "version": 1, "children": [{"mode": "normal", "text": "    The 1994 season brought tragedy and adversity in equal measure. A horrific testing accident at Silverstone in May resulted in severe leg injuries that threatened not only his career but his ability to walk normally. The subsequent recovery required multiple surgeries, months of intensive rehabilitation, and extraordinary mental determination. Lamy's return to Formula 1 with Minardi for the 1995 season represented a triumph of will over circumstance.", "type": "text", "style": "", "detail": 0, "format": 0, "version": 1}], "direction": null, "textStyle": "", "textFormat": 0}, {"type": "paragraph", "format": "", "indent": 0, "version": 1, "children": [{"mode": "normal", "text": "    ", "type": "text", "style": "", "detail": 0, "format": 0, "version": 1}], "direction": null, "textStyle": "", "textFormat": 0}, {"type": "paragraph", "format": "", "indent": 0, "version": 1, "children": [{"mode": "normal", "text": "    The Minardi years demonstrated Lamy's professionalism and resilience. Driving equipment that was fundamentally uncompetitive, he consistently maximized whatever performance was available while maintaining positive relationships within the team. A brief return to a race seat in 1996 following Giancarlo Fisichella's departure provided opportunity to remind the paddock of his capabilities, but the Formula 1 landscape had shifted during his recovery period.", "type": "text", "style": "", "detail": 0, "format": 0, "version": 1}], "direction": null, "textStyle": "", "textFormat": 0}, {"type": "paragraph", "format": "", "indent": 0, "version": 1, "children": [{"mode": "normal", "text": "    ", "type": "text", "style": "", "detail": 0, "format": 0, "version": 1}], "direction": null, "textStyle": "", "textFormat": 0}, {"type": "paragraph", "format": "", "indent": 0, "version": 1, "children": [{"mode": "normal", "text": "    Sportscar Renaissance and Factory Driver Status (1997-2010):", "type": "text", "style": "", "detail": 0, "format": 0, "version": 1}], "direction": null, "textStyle": "", "textFormat": 0}, {"type": "paragraph", "format": "", "indent": 0, "version": 1, "children": [{"mode": "normal", "text": "    ", "type": "text", "style": "", "detail": 0, "format": 0, "version": 1}], "direction": null, "textStyle": "", "textFormat": 0}, {"type": "paragraph", "format": "", "indent": 0, "version": 1, "children": [{"mode": "normal", "text": "    The transition to sportscar and GT racing marked the beginning of Lamy's most successful and sustained competitive period. A relationship with Aston Martin Racing, beginning with the development of the DBR9 program, provided opportunity to demonstrate the technical intelligence and development capability that would become his trademark. Lamy's feedback was instrumental in refining the DBR9 into a Le Mans class winner and championship-winning platform.", "type": "text", "style": "", "detail": 0, "format": 0, "version": 1}], "direction": null, "textStyle": "", "textFormat": 0}, {"type": "paragraph", "format": "", "indent": 0, "version": 1, "children": [{"mode": "normal", "text": "    ", "type": "text", "style": "", "detail": 0, "format": 0, "version": 1}], "direction": null, "textStyle": "", "textFormat": 0}, {"type": "paragraph", "format": "", "indent": 0, "version": 1, "children": [{"mode": "normal", "text": "    Factory status with Mercedes-Benz followed, encompassing DTM competition and GT programs. The Mercedes relationship demonstrated Lamy's versatility across different vehicle types and competition formats. His ability to adapt driving technique to diverse machinery—front-engine GT cars, high-downforce prototypes, production-based touring cars—made him uniquely valuable to manufacturer programs seeking drivers who could contribute across multiple platforms.", "type": "text", "style": "", "detail": 0, "format": 0, "version": 1}], "direction": null, "textStyle": "", "textFormat": 0}, {"type": "paragraph", "format": "", "indent": 0, "version": 1, "children": [{"mode": "normal", "text": "    ", "type": "text", "style": "", "detail": 0, "format": 0, "version": 1}], "direction": null, "textStyle": "", "textFormat": 0}, {"type": "paragraph", "format": "", "indent": 0, "version": 1, "children": [{"mode": "normal", "text": "    The Peugeot factory endurance program provided Lamy's most sustained opportunity at the highest level of sportscar competition. Competing in the Le Mans Series and at the 24 Hours of Le Mans with the diesel-powered Peugeot 908, Lamy challenged for overall victories against Audi's dominant program. While ultimate Le Mans victory proved elusive, his contributions to Peugeot's championship success and his consistent performances in endurance racing's most demanding events cemented his reputation.", "type": "text", "style": "", "detail": 0, "format": 0, "version": 1}], "direction": null, "textStyle": "", "textFormat": 0}, {"type": "paragraph", "format": "", "indent": 0, "version": 1, "children": [{"mode": "normal", "text": "    ", "type": "text", "style": "", "detail": 0, "format": 0, "version": 1}], "direction": null, "textStyle": "", "textFormat": 0}, {"type": "paragraph", "format": "", "indent": 0, "version": 1, "children": [{"mode": "normal", "text": "    Victories at the 24 Hours of Nürburgring—widely considered the world's most demanding endurance race—represented career highlights. The combination of a challenging circuit, unpredictable weather, and intense competition creates conditions that reward experience, intelligence, and adaptability. Lamy's success at the Nürburgring demonstrated that these qualities, rather than raw single-lap pace, defined his competitive value.", "type": "text", "style": "", "detail": 0, "format": 0, "version": 1}], "direction": null, "textStyle": "", "textFormat": 0}, {"type": "paragraph", "format": "", "indent": 0, "version": 1, "children": [{"mode": "normal", "text": "    ", "type": "text", "style": "", "detail": 0, "format": 0, "version": 1}], "direction": null, "textStyle": "", "textFormat": 0}, {"type": "paragraph", "format": "", "indent": 0, "version": 1, "children": [{"mode": "normal", "text": "    Continuing Legacy and Mentorship (2011-Present):", "type": "text", "style": "", "detail": 0, "format": 0, "version": 1}], "direction": null, "textStyle": "", "textFormat": 0}, {"type": "paragraph", "format": "", "indent": 0, "version": 1, "children": [{"mode": "normal", "text": "    ", "type": "text", "style": "", "detail": 0, "format": 0, "version": 1}], "direction": null, "textStyle": "", "textFormat": 0}, {"type": "paragraph", "format": "", "indent": 0, "version": 1, "children": [{"mode": "normal", "text": "    As competitive opportunities at the highest levels of modern motorsport have evolved, Lamy has embraced roles that leverage his extraordinary experience. Historic racing appearances in significant machinery from his career provide connection to motorsport heritage while demonstrating that his fundamental driving skills remain intact. Selected appearances in contemporary GT events confirm that age has not diminished his competitive capability.", "type": "text", "style": "", "detail": 0, "format": 0, "version": 1}], "direction": null, "textStyle": "", "textFormat": 0}, {"type": "paragraph", "format": "", "indent": 0, "version": 1, "children": [{"mode": "normal", "text": "    ", "type": "text", "style": "", "detail": 0, "format": 0, "version": 1}], "direction": null, "textStyle": "", "textFormat": 0}, {"type": "paragraph", "format": "", "indent": 0, "version": 1, "children": [{"mode": "normal", "text": "    Lamy's advisory relationship with AF Motorsport represents a natural evolution of his commitment to Portuguese motorsport development. His perspective—shaped by experience at the absolute pinnacle of the sport across multiple eras—provides invaluable context for strategic decision-making. His understanding of what truly drives performance, developed through decades of hands-on engagement with diverse machinery and technical programs, informs AF Motorsport's approach to driver development and technical preparation.", "type": "text", "style": "", "detail": 0, "format": 0, "version": 1}], "direction": null, "textStyle": "", "textFormat": 0}, {"type": "paragraph", "format": "", "indent": 0, "version": 1, "children": [{"mode": "normal", "text": "    ", "type": "text", "style": "", "detail": 0, "format": 0, "version": 1}], "direction": null, "textStyle": "", "textFormat": 0}, {"type": "paragraph", "format": "", "indent": 0, "version": 1, "children": [{"mode": "normal", "text": "    Perhaps Lamy's most significant contribution to Portuguese motorsport extends beyond any specific result or championship. His career demonstrates that Portuguese drivers can compete successfully at the highest international levels when talent is combined with intelligence, professionalism, and unwavering determination. This example has inspired generations of Portuguese racing talent, including those now developing within AF Motorsport's programs.", "type": "text", "style": "", "detail": 0, "format": 0, "version": 1}], "direction": null, "textStyle": "", "textFormat": 0}, {"type": "paragraph", "format": "", "indent": 0, "version": 1, "children": [{"mode": "normal", "text": "    ", "type": "text", "style": "", "detail": 0, "format": 0, "version": 1}], "direction": null, "textStyle": "", "textFormat": 0}, {"type": "paragraph", "format": "", "indent": 0, "version": 1, "children": [{"mode": "normal", "text": "    Pedro Lamy embodies a set of values that transcend specific competitive achievements: resilience in the face of adversity, continuous adaptation to changing circumstances, and the understanding that true professionalism encompasses far more than speed alone. These qualities, rather than any single result, define his legacy within Portuguese and international motorsport.", "type": "text", "style": "", "detail": 0, "format": 0, "version": 1}], "direction": null, "textStyle": "", "textFormat": 0}], "direction": null}}	\N	\N	\N	f	pedro-lamy	2026-04-10 11:16:38.844+05:30	2026-04-09 20:41:13.077+05:30
4	António 	Félix da	Costa	antonio-felix-da-costa	13	Da Costa	António Félix da Costa	Da Costa	Electric speed. Portuguese pride.	1991-08-31 17:00:00+05:30	2008-03-20 17:00:00+05:30	2026-04-16 17:00:00+05:30	172	Male	he/him	{"root": {"type": "root", "format": "", "indent": 0, "version": 1, "children": [{"type": "paragraph", "format": "", "indent": 0, "version": 1, "children": [{"mode": "normal", "text": " António Félix da Costa represents the modern evolution of Portuguese motorsport talent, achieving championship success in Formula E while maintaining strong connections to his Portuguese roots and the development pathway that shaped his career. His journey from Red Bull Junior Team prospect to Formula E World Champion demonstrates resilience, adaptability, and the importance of finding the right competitive environment.", "type": "text", "style": "", "detail": 0, "format": 0, "version": 1}], "direction": null, "textStyle": "", "textFormat": 0}, {"type": "paragraph", "format": "", "indent": 0, "version": 1, "children": [{"mode": "normal", "text": "    ", "type": "text", "style": "", "detail": 0, "format": 0, "version": 1}], "direction": null, "textStyle": "", "textFormat": 0}, {"type": "paragraph", "format": "", "indent": 0, "version": 1, "children": [{"mode": "normal", "text": "    The early career trajectory suggested Formula 1 as the natural destination. Victory at the prestigious Macau Grand Prix in 2012, success in Formula Renault and Formula 3, and association with the Red Bull Junior Team positioned da Costa as one of Europe's most promising young drivers. When the anticipated Formula 1 opportunity failed to materialize—a familiar story for countless talented drivers—da Costa faced the critical career decision that defines so many motorsport journeys: persist in pursuit of a narrowing pathway or pivot toward emerging opportunities.", "type": "text", "style": "", "detail": 0, "format": 0, "version": 1}], "direction": null, "textStyle": "", "textFormat": 0}, {"type": "paragraph", "format": "", "indent": 0, "version": 1, "children": [{"mode": "normal", "text": "    ", "type": "text", "style": "", "detail": 0, "format": 0, "version": 1}], "direction": null, "textStyle": "", "textFormat": 0}, {"type": "paragraph", "format": "", "indent": 0, "version": 1, "children": [{"mode": "normal", "text": "    The transition to touring car competition with BMW and the burgeoning Formula E championship represented that strategic pivot. Initial results in Formula E were promising rather than spectacular, with flashes of pace offset by inconsistency. The championship-winning 2019-2020 season with DS Techeetah represented the culmination of accumulated experience, technical understanding, and the perfect alignment of driver, team, and equipment. The title validated da Costa's decision to embrace electric racing's premier championship and established him among the discipline's elite competitors.", "type": "text", "style": "", "detail": 0, "format": 0, "version": 1}], "direction": null, "textStyle": "", "textFormat": 0}, {"type": "paragraph", "format": "", "indent": 0, "version": 1, "children": [{"mode": "normal", "text": "    ", "type": "text", "style": "", "detail": 0, "format": 0, "version": 1}], "direction": null, "textStyle": "", "textFormat": 0}, {"type": "paragraph", "format": "", "indent": 0, "version": 1, "children": [{"mode": "normal", "text": "    Da Costa's continued involvement with Porsche—competing in Formula E with the TAG Heuer Porsche Formula E Team and in the World Endurance Championship with the Porsche 963 Hypercar program—demonstrates his versatility and enduring competitiveness. The relationship with Porsche creates natural connection to AF Motorsport's Porsche-focused program, with shared manufacturer affiliation and complementary development philosophies.", "type": "text", "style": "", "detail": 0, "format": 0, "version": 1}], "direction": null, "textStyle": "", "textFormat": 0}, {"type": "paragraph", "format": "", "indent": 0, "version": 1, "children": [{"mode": "normal", "text": "    ", "type": "text", "style": "", "detail": 0, "format": 0, "version": 1}], "direction": null, "textStyle": "", "textFormat": 0}, {"type": "paragraph", "format": "", "indent": 0, "version": 1, "children": [{"mode": "normal", "text": "    The connection between da Costa and AF Motorsport centers on shared Portuguese motorsport heritage and the importance of structured development pathways. His career demonstrates the possibilities available to Portuguese drivers who combine talent with professional preparation, strategic career management, and the adaptability to embrace emerging opportunities. As an inspiration for Portuguese motorsport's next generation, da Costa's journey validates AF Motorsport's emphasis on developing complete racing professionals prepared for the diverse opportunities of modern motorsport.", "type": "text", "style": "", "detail": 0, "format": 0, "version": 1}], "direction": null, "textStyle": "", "textFormat": 0}], "direction": null}}	{"root": {"type": "root", "format": "", "indent": 0, "version": 1, "children": [{"type": "paragraph", "format": "", "indent": 0, "version": 1, "children": [{"mode": "normal", "text": " Early Years and Portuguese Foundation (1999-2007):", "type": "text", "style": "", "detail": 0, "format": 0, "version": 1}], "direction": null, "textStyle": "", "textFormat": 0}, {"type": "paragraph", "format": "", "indent": 0, "version": 1, "children": [{"mode": "normal", "text": "    ", "type": "text", "style": "", "detail": 0, "format": 0, "version": 1}], "direction": null, "textStyle": "", "textFormat": 0}, {"type": "paragraph", "format": "", "indent": 0, "version": 1, "children": [{"mode": "normal", "text": "    António Félix da Costa was born in Lisbon, Portugal, into a family with modest motorsport background. His introduction to competitive driving came through karting at age eight, competing initially in Portuguese national championships. Success came quickly, with multiple national titles demonstrating natural talent and competitive instinct.", "type": "text", "style": "", "detail": 0, "format": 0, "version": 1}], "direction": null, "textStyle": "", "textFormat": 0}, {"type": "paragraph", "format": "", "indent": 0, "version": 1, "children": [{"mode": "normal", "text": "    ", "type": "text", "style": "", "detail": 0, "format": 0, "version": 1}], "direction": null, "textStyle": "", "textFormat": 0}, {"type": "paragraph", "format": "", "indent": 0, "version": 1, "children": [{"mode": "normal", "text": "    The transition from Portuguese karting to European competition represented the first major step in da Costa's development. Competing against the best young drivers from across Europe provided both challenge and opportunity. Results at European level were competitive, attracting attention from talent scouts and establishing da Costa within the international junior motorsport community.", "type": "text", "style": "", "detail": 0, "format": 0, "version": 1}], "direction": null, "textStyle": "", "textFormat": 0}, {"type": "paragraph", "format": "", "indent": 0, "version": 1, "children": [{"mode": "normal", "text": "    ", "type": "text", "style": "", "detail": 0, "format": 0, "version": 1}], "direction": null, "textStyle": "", "textFormat": 0}, {"type": "paragraph", "format": "", "indent": 0, "version": 1, "children": [{"mode": "normal", "text": "    European Single-Seater Progression (2008-2013):", "type": "text", "style": "", "detail": 0, "format": 0, "version": 1}], "direction": null, "textStyle": "", "textFormat": 0}, {"type": "paragraph", "format": "", "indent": 0, "version": 1, "children": [{"mode": "normal", "text": "    ", "type": "text", "style": "", "detail": 0, "format": 0, "version": 1}], "direction": null, "textStyle": "", "textFormat": 0}, {"type": "paragraph", "format": "", "indent": 0, "version": 1, "children": [{"mode": "normal", "text": "    The transition to car racing came through Formula Renault, first in the Portuguese championship and subsequently in the highly competitive Northern European Cup. The learning curve was steep, with initial results modest as da Costa adapted to the demands of formula car competition. Consistent improvement through his first full seasons demonstrated the capacity for development that would characterize his career.", "type": "text", "style": "", "detail": 0, "format": 0, "version": 1}], "direction": null, "textStyle": "", "textFormat": 0}, {"type": "paragraph", "format": "", "indent": 0, "version": 1, "children": [{"mode": "normal", "text": "    ", "type": "text", "style": "", "detail": 0, "format": 0, "version": 1}], "direction": null, "textStyle": "", "textFormat": 0}, {"type": "paragraph", "format": "", "indent": 0, "version": 1, "children": [{"mode": "normal", "text": "    A breakthrough came in 2012 with victory at the Macau Grand Prix—the most prestigious Formula 3 event in the world. Success at Macau requires a unique combination of bravery, precision, and adaptability to the challenging street circuit. Da Costa's victory placed him alongside previous winners including Ayrton Senna, Michael Schumacher, and David Coulthard—a lineage that immediately elevated his profile within the motorsport community.", "type": "text", "style": "", "detail": 0, "format": 0, "version": 1}], "direction": null, "textStyle": "", "textFormat": 0}, {"type": "paragraph", "format": "", "indent": 0, "version": 1, "children": [{"mode": "normal", "text": "    ", "type": "text", "style": "", "detail": 0, "format": 0, "version": 1}], "direction": null, "textStyle": "", "textFormat": 0}, {"type": "paragraph", "format": "", "indent": 0, "version": 1, "children": [{"mode": "normal", "text": "    Association with the Red Bull Junior Team provided resources, opportunity, and the pressure that accompanies manufacturer backing. Success in Formula Renault 3.5, then the primary feeder series for Formula 1, positioned da Costa as a legitimate Formula 1 prospect. When anticipated opportunities failed to materialize—the familiar story of timing, politics, and circumstance that defines so many promising careers—da Costa faced the critical decision point that would define his professional trajectory.", "type": "text", "style": "", "detail": 0, "format": 0, "version": 1}], "direction": null, "textStyle": "", "textFormat": 0}, {"type": "paragraph", "format": "", "indent": 0, "version": 1, "children": [{"mode": "normal", "text": "    ", "type": "text", "style": "", "detail": 0, "format": 0, "version": 1}], "direction": null, "textStyle": "", "textFormat": 0}, {"type": "paragraph", "format": "", "indent": 0, "version": 1, "children": [{"mode": "normal", "text": "    Transition and Reinvention (2014-2018):", "type": "text", "style": "", "detail": 0, "format": 0, "version": 1}], "direction": null, "textStyle": "", "textFormat": 0}, {"type": "paragraph", "format": "", "indent": 0, "version": 1, "children": [{"mode": "normal", "text": "    ", "type": "text", "style": "", "detail": 0, "format": 0, "version": 1}], "direction": null, "textStyle": "", "textFormat": 0}, {"type": "paragraph", "format": "", "indent": 0, "version": 1, "children": [{"mode": "normal", "text": "    The transition to DTM with BMW represented a significant career pivot. The German touring car championship demands a different skill set than single-seaters—heavier cars, different tire characteristics, and intensely physical competition. The learning curve was substantial, and results during the DTM years were inconsistent. Yet this period proved formative, broadening da Costa's driving repertoire and developing the adaptability that would serve him well in subsequent career phases.", "type": "text", "style": "", "detail": 0, "format": 0, "version": 1}], "direction": null, "textStyle": "", "textFormat": 0}, {"type": "paragraph", "format": "", "indent": 0, "version": 1, "children": [{"mode": "normal", "text": "    ", "type": "text", "style": "", "detail": 0, "format": 0, "version": 1}], "direction": null, "textStyle": "", "textFormat": 0}, {"type": "paragraph", "format": "", "indent": 0, "version": 1, "children": [{"mode": "normal", "text": "    Simultaneous involvement with the emerging Formula E championship provided exposure to electric racing's unique demands. Energy management, strategic efficiency, and the distinctive characteristics of temporary street circuits required different approaches than traditional racing formats. Da Costa's methodical approach to understanding these demands—characteristic of his development throughout his career—laid groundwork for future success.", "type": "text", "style": "", "detail": 0, "format": 0, "version": 1}], "direction": null, "textStyle": "", "textFormat": 0}, {"type": "paragraph", "format": "", "indent": 0, "version": 1, "children": [{"mode": "normal", "text": "    ", "type": "text", "style": "", "detail": 0, "format": 0, "version": 1}], "direction": null, "textStyle": "", "textFormat": 0}, {"type": "paragraph", "format": "", "indent": 0, "version": 1, "children": [{"mode": "normal", "text": "    The BMW relationship, while not yielding the results either party had hoped for in DTM, provided stability and professional development during a critical career phase. When the opportunity to join DS Techeetah in Formula E emerged for the 2019-2020 season, da Costa was prepared to maximize the opportunity.", "type": "text", "style": "", "detail": 0, "format": 0, "version": 1}], "direction": null, "textStyle": "", "textFormat": 0}, {"type": "paragraph", "format": "", "indent": 0, "version": 1, "children": [{"mode": "normal", "text": "    ", "type": "text", "style": "", "detail": 0, "format": 0, "version": 1}], "direction": null, "textStyle": "", "textFormat": 0}, {"type": "paragraph", "format": "", "indent": 0, "version": 1, "children": [{"mode": "normal", "text": "    Formula E World Champion (2019-2020):", "type": "text", "style": "", "detail": 0, "format": 0, "version": 1}], "direction": null, "textStyle": "", "textFormat": 0}, {"type": "paragraph", "format": "", "indent": 0, "version": 1, "children": [{"mode": "normal", "text": "    ", "type": "text", "style": "", "detail": 0, "format": 0, "version": 1}], "direction": null, "textStyle": "", "textFormat": 0}, {"type": "paragraph", "format": "", "indent": 0, "version": 1, "children": [{"mode": "normal", "text": "    The 2019-2020 Formula E season represented the culmination of da Costa's accumulated experience and the perfect alignment of driver, team, and equipment. The DS Techeetah package was the class of the field, and da Costa's performances extracted maximum value from that advantage. Three race victories and consistent podium finishes secured the championship in dominant fashion, validating the career decisions that had brought him to this point.", "type": "text", "style": "", "detail": 0, "format": 0, "version": 1}], "direction": null, "textStyle": "", "textFormat": 0}, {"type": "paragraph", "format": "", "indent": 0, "version": 1, "children": [{"mode": "normal", "text": "    ", "type": "text", "style": "", "detail": 0, "format": 0, "version": 1}], "direction": null, "textStyle": "", "textFormat": 0}, {"type": "paragraph", "format": "", "indent": 0, "version": 1, "children": [{"mode": "normal", "text": "    The championship transformed da Costa's career trajectory. From talented prospect whose Formula 1 opportunity had failed to materialize, he became a recognized champion in motorsport's fastest-growing category. The title opened doors to manufacturer programs, commercial opportunities, and the recognition that his talent had always deserved.", "type": "text", "style": "", "detail": 0, "format": 0, "version": 1}], "direction": null, "textStyle": "", "textFormat": 0}, {"type": "paragraph", "format": "", "indent": 0, "version": 1, "children": [{"mode": "normal", "text": "    ", "type": "text", "style": "", "detail": 0, "format": 0, "version": 1}], "direction": null, "textStyle": "", "textFormat": 0}, {"type": "paragraph", "format": "", "indent": 0, "version": 1, "children": [{"mode": "normal", "text": "    Porsche Era and Current Programs (2021-Present):", "type": "text", "style": "", "detail": 0, "format": 0, "version": 1}], "direction": null, "textStyle": "", "textFormat": 0}, {"type": "paragraph", "format": "", "indent": 0, "version": 1, "children": [{"mode": "normal", "text": "    ", "type": "text", "style": "", "detail": 0, "format": 0, "version": 1}], "direction": null, "textStyle": "", "textFormat": 0}, {"type": "paragraph", "format": "", "indent": 0, "version": 1, "children": [{"mode": "normal", "text": "    The relationship with Porsche—encompassing Formula E competition with the TAG Heuer Porsche Formula E Team and World Endurance Championship appearances with the Porsche 963 Hypercar—represents da Costa's current competitive phase. The Porsche affiliation provides access to one of motorsport's most prestigious manufacturer programs and creates natural connection to AF Motorsport's Porsche-focused activities.", "type": "text", "style": "", "detail": 0, "format": 0, "version": 1}], "direction": null, "textStyle": "", "textFormat": 0}, {"type": "paragraph", "format": "", "indent": 0, "version": 1, "children": [{"mode": "normal", "text": "    ", "type": "text", "style": "", "detail": 0, "format": 0, "version": 1}], "direction": null, "textStyle": "", "textFormat": 0}, {"type": "paragraph", "format": "", "indent": 0, "version": 1, "children": [{"mode": "normal", "text": "    Results in Formula E with Porsche have maintained da Costa's status among the championship's elite competitors, with race victories and consistent points-scoring performances. The Hypercar program in WEC provides opportunity to compete for overall victory at the 24 Hours of Le Mans and in the World Endurance Championship—ambitions that add significant chapters to an already distinguished career.", "type": "text", "style": "", "detail": 0, "format": 0, "version": 1}], "direction": null, "textStyle": "", "textFormat": 0}, {"type": "paragraph", "format": "", "indent": 0, "version": 1, "children": [{"mode": "normal", "text": "    ", "type": "text", "style": "", "detail": 0, "format": 0, "version": 1}], "direction": null, "textStyle": "", "textFormat": 0}, {"type": "paragraph", "format": "", "indent": 0, "version": 1, "children": [{"mode": "normal", "text": "    Da Costa's continued connection to Portuguese motorsport, including his relationship with AF Motorsport, reflects his understanding of the responsibility that accompanies his status as Portugal's most prominent active international driver. His example demonstrates to emerging Portuguese talent that success at the highest levels is achievable when talent combines with strategic career management, professional preparation, and the adaptability to embrace opportunity in whatever form it appears.", "type": "text", "style": "", "detail": 0, "format": 0, "version": 1}], "direction": null, "textStyle": "", "textFormat": 0}], "direction": null}}	\N	\N	\N	f	antonio-felix-da-costa	2026-04-10 11:17:44.958+05:30	2026-04-09 20:47:09.316+05:30
7	José	Carlos	Barros	jose-barros	88	Zé	José Barros	Barros	Precision and consistency win races.	1998-06-15 17:00:00+05:30	2018-03-10 17:00:00+05:30	\N	172	Male	he/him	{"root": {"type": "root", "format": "", "indent": 0, "version": 1, "children": [{"type": "paragraph", "format": "", "indent": 0, "version": 1, "children": [{"mode": "normal", "text": "José Barros joins AF Motorsport for the 2026 GT Cup Europe campaign, bringing a reputation for consistent pace and clean racecraft developed through Portuguese national championships. His methodical approach to race weekends aligns perfectly with AF Motorsport's preparation-focused philosophy. The opening round at Portimão demonstrated his immediate competitiveness within the team structure.", "type": "text", "style": "", "detail": 0, "format": 0, "version": 1}], "direction": null, "textStyle": "", "textFormat": 0}, {"type": "paragraph", "format": "", "indent": 0, "version": 1, "children": [{"mode": "normal", "text": "    ", "type": "text", "style": "", "detail": 0, "format": 0, "version": 1}], "direction": null, "textStyle": "", "textFormat": 0}, {"type": "paragraph", "format": "", "indent": 0, "version": 1, "children": [{"mode": "normal", "text": "    Barros has spent the past three seasons competing in the Campeonato de Portugal de Velocidade, securing multiple class podiums and establishing himself as one of Portugal's most consistent GT drivers. His technical feedback and tire management skills have drawn praise from engineers throughout his career.", "type": "text", "style": "", "detail": 0, "format": 0, "version": 1}], "direction": null, "textStyle": "", "textFormat": 0}, {"type": "paragraph", "format": "", "indent": 0, "version": 1, "children": [{"mode": "normal", "text": "    ", "type": "text", "style": "", "detail": 0, "format": 0, "version": 1}], "direction": null, "textStyle": "", "textFormat": 0}, {"type": "paragraph", "format": "", "indent": 0, "version": 1, "children": [{"mode": "normal", "text": "    The step to international GT Cup Europe competition with AF Motorsport represents the natural progression for a driver who has methodically built his skills and experience. Barros approaches this opportunity with characteristic preparation and focus.", "type": "text", "style": "", "detail": 0, "format": 0, "version": 1}], "direction": null, "textStyle": "", "textFormat": 0}], "direction": null}}	{"root": {"type": "root", "format": "", "indent": 0, "version": 1, "children": [{"type": "paragraph", "format": "", "indent": 0, "version": 1, "children": [{"mode": "normal", "text": "José Barros began karting at age ten at the Bombarral karting circuit, progressing through regional championships before transitioning to car racing in Portuguese Formula Ford. His early career demonstrated solid if unspectacular results, but his dedication to understanding vehicle dynamics and setup drew attention from established GT teams.", "type": "text", "style": "", "detail": 0, "format": 0, "version": 1}], "direction": null, "textStyle": "", "textFormat": 0}, {"type": "paragraph", "format": "", "indent": 0, "version": 1, "children": [{"mode": "normal", "text": "    ", "type": "text", "style": "", "detail": 0, "format": 0, "version": 1}], "direction": null, "textStyle": "", "textFormat": 0}, {"type": "paragraph", "format": "", "indent": 0, "version": 1, "children": [{"mode": "normal", "text": "    The move to GT racing in 2020 unlocked Barros's potential. His smooth driving style and mechanical sympathy proved ideally suited to production-based machinery, and results improved steadily through his first two seasons. A breakout 2023 campaign yielded three class victories and second in the CPV championship standings.", "type": "text", "style": "", "detail": 0, "format": 0, "version": 1}], "direction": null, "textStyle": "", "textFormat": 0}, {"type": "paragraph", "format": "", "indent": 0, "version": 1, "children": [{"mode": "normal", "text": "    ", "type": "text", "style": "", "detail": 0, "format": 0, "version": 1}], "direction": null, "textStyle": "", "textFormat": 0}, {"type": "paragraph", "format": "", "indent": 0, "version": 1, "children": [{"mode": "normal", "text": "    Barros's reputation as a driver who extracts maximum performance while preserving equipment made him a natural fit for AF Motorsport's endurance and multi-driver programs. His ability to provide clear, technically informed feedback accelerates setup development and benefits the entire engineering team.", "type": "text", "style": "", "detail": 0, "format": 0, "version": 1}], "direction": null, "textStyle": "", "textFormat": 0}], "direction": null}}	\N	\N	\N	f	jose-barros	2026-04-10 15:52:11.433+05:30	2026-04-10 14:51:02.722+05:30
1	André	Miguel	 Fernandes	andre-fernandes	27	AF	André Fernandes	Fernandes	Performance through preparation. Speed through precision.	1995-08-15 17:00:00+05:30	2012-04-10 17:00:00+05:30	\N	172	Male	he/him	{"root": {"type": "root", "format": "", "indent": 0, "version": 1, "children": [{"type": "paragraph", "format": "", "indent": 0, "version": 1, "children": [{"mode": "normal", "text": "André Fernandes's motorsport journey embodies the principle that sustained success is built upon continuous improvement and unwavering dedication. From early karting experiences at the Estoril Kartódromo to competing at the forefront of Iberian Porsche competition, his career trajectory reflects methodical progression and a commitment to excellence that has become the hallmark of AF Motorsport's organizational philosophy.", "type": "text", "style": "", "detail": 0, "format": 0, "version": 1}], "direction": null, "textStyle": "", "textFormat": 0}, {"type": "paragraph", "format": "", "indent": 0, "version": 1, "children": [{"mode": "normal", "text": "    ", "type": "text", "style": "", "detail": 0, "format": 0, "version": 1}], "direction": null, "textStyle": "", "textFormat": 0}, {"type": "paragraph", "format": "", "indent": 0, "version": 1, "children": [{"mode": "normal", "text": "    The transition from successful national competitor to team principal and lead driver of AF Motorsport represents both personal ambition and a broader vision for Portuguese motorsport. Recognizing that individual driving talent alone was insufficient for sustained success at the professional level, André invested years in building the operational infrastructure, technical partnerships, and personnel development systems that would become the foundation of AF Motorsport. This dual-track development—simultaneously refining his craft behind the wheel while constructing a professional organization around him—demonstrates a strategic sophistication rare among driver-owners.", "type": "text", "style": "", "detail": 0, "format": 0, "version": 1}], "direction": null, "textStyle": "", "textFormat": 0}, {"type": "paragraph", "format": "", "indent": 0, "version": 1, "children": [{"mode": "normal", "text": "    ", "type": "text", "style": "", "detail": 0, "format": 0, "version": 1}], "direction": null, "textStyle": "", "textFormat": 0}, {"type": "paragraph", "format": "", "indent": 0, "version": 1, "children": [{"mode": "normal", "text": "    The 2025 Porsche Sprint Challenge Ibérica campaign validated this comprehensive approach. Three victories, nine total podium finishes, and third place in the championship standings in the team's debut Porsche season provided tangible evidence that meticulous preparation and strategic thinking translate directly to competitive success. Beyond the statistics, the season established AF Motorsport's credibility within the Porsche Motorsport ecosystem, built lasting relationships with technical and commercial partners, and created a platform for continued growth and achievement.", "type": "text", "style": "", "detail": 0, "format": 0, "version": 1}], "direction": null, "textStyle": "", "textFormat": 0}, {"type": "paragraph", "format": "", "indent": 0, "version": 1, "children": [{"mode": "normal", "text": "    ", "type": "text", "style": "", "detail": 0, "format": 0, "version": 1}], "direction": null, "textStyle": "", "textFormat": 0}, {"type": "paragraph", "format": "", "indent": 0, "version": 1, "children": [{"mode": "normal", "text": "    André's driving style reflects his methodical nature—precise rather than spectacular, consistent rather than mercurial. His technical understanding, developed through years of hands-on engagement with vehicle dynamics and data analysis, enables effective communication with engineers and rapid adaptation to varying circuit characteristics. This intellectual approach to driving complements his organizational leadership, creating a coherent philosophy that permeates every aspect of AF Motorsport's operations.", "type": "text", "style": "", "detail": 0, "format": 0, "version": 1}], "direction": null, "textStyle": "", "textFormat": 0}, {"type": "paragraph", "format": "", "indent": 0, "version": 1, "children": [{"mode": "normal", "text": "    ", "type": "text", "style": "", "detail": 0, "format": 0, "version": 1}], "direction": null, "textStyle": "", "textFormat": 0}, {"type": "paragraph", "format": "", "indent": 0, "version": 1, "children": [{"mode": "normal", "text": "    Looking forward, André's vision extends beyond personal competitive achievement. He sees AF Motorsport as a vehicle for elevating Portuguese motorsport standards, developing the next generation of Portuguese racing talent, and demonstrating that Iberian teams can compete successfully at the European level without the resources of manufacturer-backed programs. This commitment to broader impact, combined with unwavering competitive focus, defines André Fernandes as both a driver and a leader.", "type": "text", "style": "", "detail": 0, "format": 0, "version": 1}], "direction": null, "textStyle": "", "textFormat": 0}, {"type": "paragraph", "format": "", "indent": 0, "version": 1, "children": [], "direction": null, "textStyle": "", "textFormat": 0}], "direction": null}}	{"root": {"type": "root", "format": "", "indent": 0, "version": 1, "children": [{"type": "paragraph", "format": "", "indent": 0, "version": 1, "children": [{"mode": "normal", "text": "  Early Years and Karting Foundation (2003-2011):", "type": "text", "style": "", "detail": 0, "format": 0, "version": 1}], "direction": null, "textStyle": "", "textFormat": 0}, {"type": "paragraph", "format": "", "indent": 0, "version": 1, "children": [{"mode": "normal", "text": "    ", "type": "text", "style": "", "detail": 0, "format": 0, "version": 1}], "direction": null, "textStyle": "", "textFormat": 0}, {"type": "paragraph", "format": "", "indent": 0, "version": 1, "children": [{"mode": "normal", "text": "    André Fernandes was born in Lisbon, Portugal, and raised in the coastal community of Cascais, just minutes from the historic Autódromo do Estoril. His introduction to motorsport came through his father, a passionate amateur racer who recognized his son's natural affinity for speed and competition. At age eight, André began karting at the Estoril Kartódromo, the same circuit that had launched generations of Portuguese racing talent.", "type": "text", "style": "", "detail": 0, "format": 0, "version": 1}], "direction": null, "textStyle": "", "textFormat": 0}, {"type": "paragraph", "format": "", "indent": 0, "version": 1, "children": [{"mode": "normal", "text": "    ", "type": "text", "style": "", "detail": 0, "format": 0, "version": 1}], "direction": null, "textStyle": "", "textFormat": 0}, {"type": "paragraph", "format": "", "indent": 0, "version": 1, "children": [{"mode": "normal", "text": "    The early karting years were characterized by rapid progression and an unusual maturity in approach. While other young drivers focused solely on winning, André displayed a fascination with the mechanical aspects of the sport—constantly questioning his father and mechanics about setup changes, tire pressures, and the relationship between adjustments and on-track behavior. This technical curiosity would become a defining characteristic of his career.", "type": "text", "style": "", "detail": 0, "format": 0, "version": 1}], "direction": null, "textStyle": "", "textFormat": 0}, {"type": "paragraph", "format": "", "indent": 0, "version": 1, "children": [{"mode": "normal", "text": "    ", "type": "text", "style": "", "detail": 0, "format": 0, "version": 1}], "direction": null, "textStyle": "", "textFormat": 0}, {"type": "paragraph", "format": "", "indent": 0, "version": 1, "children": [{"mode": "normal", "text": "    Competitive success came steadily through the Portuguese national karting ranks. Multiple regional championships and consistent top-five finishes in national competition demonstrated natural talent, but equally important was the network of relationships built during these formative years. Fellow competitors, mechanics, and team owners from this period would later become collaborators, employees, and partners in the AF Motorsport venture.", "type": "text", "style": "", "detail": 0, "format": 0, "version": 1}], "direction": null, "textStyle": "", "textFormat": 0}, {"type": "paragraph", "format": "", "indent": 0, "version": 1, "children": [{"mode": "normal", "text": "    ", "type": "text", "style": "", "detail": 0, "format": 0, "version": 1}], "direction": null, "textStyle": "", "textFormat": 0}, {"type": "paragraph", "format": "", "indent": 0, "version": 1, "children": [{"mode": "normal", "text": "    Transition to Car Racing and Single-Seater Development (2012-2016):", "type": "text", "style": "", "detail": 0, "format": 0, "version": 1}], "direction": null, "textStyle": "", "textFormat": 0}, {"type": "paragraph", "format": "", "indent": 0, "version": 1, "children": [{"mode": "normal", "text": "    ", "type": "text", "style": "", "detail": 0, "format": 0, "version": 1}], "direction": null, "textStyle": "", "textFormat": 0}, {"type": "paragraph", "format": "", "indent": 0, "version": 1, "children": [{"mode": "normal", "text": "    The transition from karting to car racing came through Portuguese Formula Ford in 2012. The category provided an accessible entry point to single-seater competition, and André's adaptation was characteristically methodical. Rather than pursuing immediate results at the expense of proper technique development, he focused on building the fundamental skills—trail braking, throttle modulation, race craft—that would serve him throughout his career.", "type": "text", "style": "", "detail": 0, "format": 0, "version": 1}], "direction": null, "textStyle": "", "textFormat": 0}, {"type": "paragraph", "format": "", "indent": 0, "version": 1, "children": [{"mode": "normal", "text": "    ", "type": "text", "style": "", "detail": 0, "format": 0, "version": 1}], "direction": null, "textStyle": "", "textFormat": 0}, {"type": "paragraph", "format": "", "indent": 0, "version": 1, "children": [{"mode": "normal", "text": "    Progression through Portuguese Formula 3 and selected European Formula Renault events followed over the next several seasons. Results were solid rather than spectacular, with occasional podium finishes demonstrating potential while inconsistent performances highlighted areas requiring development. This period was crucial for André's evolution as a driver, forcing him to confront the reality that natural talent alone was insufficient for sustained success at higher levels.", "type": "text", "style": "", "detail": 0, "format": 0, "version": 1}], "direction": null, "textStyle": "", "textFormat": 0}, {"type": "paragraph", "format": "", "indent": 0, "version": 1, "children": [{"mode": "normal", "text": "    ", "type": "text", "style": "", "detail": 0, "format": 0, "version": 1}], "direction": null, "textStyle": "", "textFormat": 0}, {"type": "paragraph", "format": "", "indent": 0, "version": 1, "children": [{"mode": "normal", "text": "    The single-seater years also provided his first exposure to professional team operations beyond the family-supported efforts of karting. Observing how different organizations approached preparation, driver development, and commercial management planted seeds that would later germinate in the AF Motorsport structure. He noted which methodologies produced consistent results and which created dysfunction despite significant resources.", "type": "text", "style": "", "detail": 0, "format": 0, "version": 1}], "direction": null, "textStyle": "", "textFormat": 0}, {"type": "paragraph", "format": "", "indent": 0, "version": 1, "children": [{"mode": "normal", "text": "    ", "type": "text", "style": "", "detail": 0, "format": 0, "version": 1}], "direction": null, "textStyle": "", "textFormat": 0}, {"type": "paragraph", "format": "", "indent": 0, "version": 1, "children": [{"mode": "normal", "text": "    GT and Touring Car Experience (2017-2021):", "type": "text", "style": "", "detail": 0, "format": 0, "version": 1}], "direction": null, "textStyle": "", "textFormat": 0}, {"type": "paragraph", "format": "", "indent": 0, "version": 1, "children": [{"mode": "normal", "text": "    ", "type": "text", "style": "", "detail": 0, "format": 0, "version": 1}], "direction": null, "textStyle": "", "textFormat": 0}, {"type": "paragraph", "format": "", "indent": 0, "version": 1, "children": [{"mode": "normal", "text": "    A pivotal career shift came in 2017 with the transition to GT and touring car competition in the Campeonato de Portugal de Velocidade. The move from single-seaters to production-based machinery required significant adaptation—different braking techniques, weight transfer management, and the unique challenges of racing heavier, less aerodynamically dependent vehicles. The transition proved formative, broadening André's driving repertoire and deepening his understanding of vehicle dynamics across different platforms.", "type": "text", "style": "", "detail": 0, "format": 0, "version": 1}], "direction": null, "textStyle": "", "textFormat": 0}, {"type": "paragraph", "format": "", "indent": 0, "version": 1, "children": [{"mode": "normal", "text": "    ", "type": "text", "style": "", "detail": 0, "format": 0, "version": 1}], "direction": null, "textStyle": "", "textFormat": 0}, {"type": "paragraph", "format": "", "indent": 0, "version": 1, "children": [{"mode": "normal", "text": "    This period also marked his first experience as a team leader rather than merely a driver. As the most experienced competitor within his entry, André naturally assumed responsibility for setup direction, strategy input, and mentoring less experienced teammates. The satisfaction derived from collective achievement—seeing a teammate succeed with guidance he had provided—planted the seed for what would become AF Motorsport's driver development focus.", "type": "text", "style": "", "detail": 0, "format": 0, "version": 1}], "direction": null, "textStyle": "", "textFormat": 0}, {"type": "paragraph", "format": "", "indent": 0, "version": 1, "children": [{"mode": "normal", "text": "    ", "type": "text", "style": "", "detail": 0, "format": 0, "version": 1}], "direction": null, "textStyle": "", "textFormat": 0}, {"type": "paragraph", "format": "", "indent": 0, "version": 1, "children": [{"mode": "normal", "text": "    Results during this phase included multiple class victories, consistent podium finishes, and growing recognition within Portuguese motorsport circles. More importantly, the relationships built with mechanics, engineers, and commercial partners during these years would form the nucleus of the AF Motorsport organization.", "type": "text", "style": "", "detail": 0, "format": 0, "version": 1}], "direction": null, "textStyle": "", "textFormat": 0}, {"type": "paragraph", "format": "", "indent": 0, "version": 1, "children": [{"mode": "normal", "text": "    ", "type": "text", "style": "", "detail": 0, "format": 0, "version": 1}], "direction": null, "textStyle": "", "textFormat": 0}, {"type": "paragraph", "format": "", "indent": 0, "version": 1, "children": [{"mode": "normal", "text": "    Founding AF Motorsport and Strategic Development (2020-2024):", "type": "text", "style": "", "detail": 0, "format": 0, "version": 1}], "direction": null, "textStyle": "", "textFormat": 0}, {"type": "paragraph", "format": "", "indent": 0, "version": 1, "children": [{"mode": "normal", "text": "    ", "type": "text", "style": "", "detail": 0, "format": 0, "version": 1}], "direction": null, "textStyle": "", "textFormat": 0}, {"type": "paragraph", "format": "", "indent": 0, "version": 1, "children": [{"mode": "normal", "text": "    The decision to establish AF Motorsport in 2020 represented the culmination of years of observation, planning, and relationship building. André recognized that continued progression required an organizational structure beyond the traditional driver-for-hire model. He envisioned a team built on specific principles: meticulous preparation standards, data-driven performance optimization, and a genuine commitment to developing people alongside results.", "type": "text", "style": "", "detail": 0, "format": 0, "version": 1}], "direction": null, "textStyle": "", "textFormat": 0}, {"type": "paragraph", "format": "", "indent": 0, "version": 1, "children": [{"mode": "normal", "text": "    ", "type": "text", "style": "", "detail": 0, "format": 0, "version": 1}], "direction": null, "textStyle": "", "textFormat": 0}, {"type": "paragraph", "format": "", "indent": 0, "version": 1, "children": [{"mode": "normal", "text": "    The early years of AF Motorsport were characterized by deliberate, methodical growth. Rather than overextending resources in pursuit of immediate high-profile results, André focused on establishing proper foundations—securing workshop space at Estoril, building relationships with technical partners, developing operational procedures, and carefully selecting personnel who shared the team's values. This patient approach sometimes frustrated those who urged faster expansion, but it ensured that each growth step was sustainable and built upon solid ground.", "type": "text", "style": "", "detail": 0, "format": 0, "version": 1}], "direction": null, "textStyle": "", "textFormat": 0}, {"type": "paragraph", "format": "", "indent": 0, "version": 1, "children": [{"mode": "normal", "text": "    ", "type": "text", "style": "", "detail": 0, "format": 0, "version": 1}], "direction": null, "textStyle": "", "textFormat": 0}, {"type": "paragraph", "format": "", "indent": 0, "version": 1, "children": [{"mode": "normal", "text": "    The transition to Porsche competition, initially through selected Carrera Cup appearances and then the full Sprint Challenge Ibérica commitment, represented the culmination of this developmental phase. The Porsche platform provided the ideal environment for AF Motorsport's philosophy—a spec chassis that rewarded preparation and driver development over budgetary advantage, a professional paddock with high standards, and a clear pathway for progression through Porsche's international motorsport pyramid.", "type": "text", "style": "", "detail": 0, "format": 0, "version": 1}], "direction": null, "textStyle": "", "textFormat": 0}, {"type": "paragraph", "format": "", "indent": 0, "version": 1, "children": [{"mode": "normal", "text": "    ", "type": "text", "style": "", "detail": 0, "format": 0, "version": 1}], "direction": null, "textStyle": "", "textFormat": 0}, {"type": "paragraph", "format": "", "indent": 0, "version": 1, "children": [{"mode": "normal", "text": "    2025 Porsche Sprint Challenge Ibérica Campaign:", "type": "text", "style": "", "detail": 0, "format": 0, "version": 1}], "direction": null, "textStyle": "", "textFormat": 0}, {"type": "paragraph", "format": "", "indent": 0, "version": 1, "children": [{"mode": "normal", "text": "    ", "type": "text", "style": "", "detail": 0, "format": 0, "version": 1}], "direction": null, "textStyle": "", "textFormat": 0}, {"type": "paragraph", "format": "", "indent": 0, "version": 1, "children": [{"mode": "normal", "text": "    The 2025 season represented AF Motorsport's full commitment to Porsche Sprint Challenge Ibérica competition and exceeded all reasonable expectations. The campaign yielded three race victories, nine total podium finishes, three fastest lap awards, and third place in the final championship standings. Beyond the statistics, the season demonstrated that AF Motorsport's preparation methodology and development philosophy could compete successfully against established Porsche specialists.", "type": "text", "style": "", "detail": 0, "format": 0, "version": 1}], "direction": null, "textStyle": "", "textFormat": 0}, {"type": "paragraph", "format": "", "indent": 0, "version": 1, "children": [{"mode": "normal", "text": "    ", "type": "text", "style": "", "detail": 0, "format": 0, "version": 1}], "direction": null, "textStyle": "", "textFormat": 0}, {"type": "paragraph", "format": "", "indent": 0, "version": 1, "children": [{"mode": "normal", "text": "    Highlights included the emotional maiden victory at the Estoril season opener—a result that validated years of preparation and sacrifice—and the championship-securing victory at the Estoril finale that delivered third place in the standings. Throughout the season, André demonstrated the consistency that had become his trademark, finishing every race and scoring points in all twelve championship rounds.", "type": "text", "style": "", "detail": 0, "format": 0, "version": 1}], "direction": null, "textStyle": "", "textFormat": 0}, {"type": "paragraph", "format": "", "indent": 0, "version": 1, "children": [{"mode": "normal", "text": "    ", "type": "text", "style": "", "detail": 0, "format": 0, "version": 1}], "direction": null, "textStyle": "", "textFormat": 0}, {"type": "paragraph", "format": "", "indent": 0, "version": 1, "children": [{"mode": "normal", "text": "    The 2025 campaign also showcased André's dual capability as both driver and team principal. His ability to compartmentalize—focusing entirely on driving duties during sessions while seamlessly transitioning to organizational leadership between them—proved essential to the team's success. This unique combination of roles, challenging as it may be, creates an integrated approach to competition that distinguishes AF Motorsport within the paddock.", "type": "text", "style": "", "detail": 0, "format": 0, "version": 1}], "direction": null, "textStyle": "", "textFormat": 0}, {"type": "paragraph", "format": "", "indent": 0, "version": 1, "children": [{"mode": "normal", "text": "    ", "type": "text", "style": "", "detail": 0, "format": 0, "version": 1}], "direction": null, "textStyle": "", "textFormat": 0}, {"type": "paragraph", "format": "", "indent": 0, "version": 1, "children": [{"mode": "normal", "text": "    Driving Philosophy and Leadership Approach:", "type": "text", "style": "", "detail": 0, "format": 0, "version": 1}], "direction": null, "textStyle": "", "textFormat": 0}, {"type": "paragraph", "format": "", "indent": 0, "version": 1, "children": [{"mode": "normal", "text": "    ", "type": "text", "style": "", "detail": 0, "format": 0, "version": 1}], "direction": null, "textStyle": "", "textFormat": 0}, {"type": "paragraph", "format": "", "indent": 0, "version": 1, "children": [{"mode": "normal", "text": "    André Fernandes's driving philosophy emphasizes precision over aggression, consistency over occasional brilliance. His technique prioritizes smooth inputs, optimal car placement, and tire preservation—approaches that reward the methodical preparation central to AF Motorsport's identity. He is not the most spectacular driver in the field, but he is reliably among the most effective at extracting the maximum available performance from any given situation.", "type": "text", "style": "", "detail": 0, "format": 0, "version": 1}], "direction": null, "textStyle": "", "textFormat": 0}, {"type": "paragraph", "format": "", "indent": 0, "version": 1, "children": [{"mode": "normal", "text": "    ", "type": "text", "style": "", "detail": 0, "format": 0, "version": 1}], "direction": null, "textStyle": "", "textFormat": 0}, {"type": "paragraph", "format": "", "indent": 0, "version": 1, "children": [{"mode": "normal", "text": "    As a leader, André has cultivated a team culture that values contribution over hierarchy, continuous improvement over complacency, and shared success over individual recognition. Mechanics, engineers, and support staff are genuinely empowered to contribute ideas and identify improvements. This collaborative environment, combined with clear standards and accountability, has proven highly effective in attracting and retaining quality personnel.", "type": "text", "style": "", "detail": 0, "format": 0, "version": 1}], "direction": null, "textStyle": "", "textFormat": 0}, {"type": "paragraph", "format": "", "indent": 0, "version": 1, "children": [{"mode": "normal", "text": "    ", "type": "text", "style": "", "detail": 0, "format": 0, "version": 1}], "direction": null, "textStyle": "", "textFormat": 0}, {"type": "paragraph", "format": "", "indent": 0, "version": 1, "children": [{"mode": "normal", "text": "    André's communication style reflects his technical background—precise, analytical, and free from hyperbole. He provides clear direction while remaining open to alternative perspectives, creating an environment where honest assessment of performance is valued over comfortable narratives. This intellectual honesty, applied equally to self-evaluation and team performance, accelerates the learning and improvement that defines AF Motorsport's trajectory.", "type": "text", "style": "", "detail": 0, "format": 0, "version": 1}], "direction": null, "textStyle": "", "textFormat": 0}], "direction": null}}	\N	\N	92	f	andr-fernandes	2026-04-25 18:04:51.51+05:30	2026-04-09 20:28:40.518+05:30
5	Felipe	Mas	sa	felipe-massa	19	Felipinho	Felipe Massa	Massa	Never give up. Always believe.	1981-04-25 17:00:00+05:30	1998-05-10 17:00:00+05:30	2017-11-26 17:00:00+05:30	30	Male	he/him	{"root": {"type": "root", "format": "", "indent": 0, "version": 1, "children": [{"type": "paragraph", "format": "", "indent": 0, "version": 1, "children": [{"mode": "normal", "text": " Felipe Massa's motorsport journey represents one of Formula 1's most compelling narratives of talent, resilience, and unwavering determination. From his early days karting in São Paulo to standing on the precipice of a Formula 1 World Championship, Massa's career embodies the passion and fighting spirit characteristic of Brazilian racing legends.", "type": "text", "style": "", "detail": 0, "format": 0, "version": 1}], "direction": null, "textStyle": "", "textFormat": 0}, {"type": "paragraph", "format": "", "indent": 0, "version": 1, "children": [{"mode": "normal", "text": "    ", "type": "text", "style": "", "detail": 0, "format": 0, "version": 1}], "direction": null, "textStyle": "", "textFormat": 0}, {"type": "paragraph", "format": "", "indent": 0, "version": 1, "children": [{"mode": "normal", "text": "    The 2008 season defined Massa's legacy in the sport. Driving for Ferrari, he came within a single corner of winning the Formula 1 World Championship, crossing the finish line at his home Brazilian Grand Prix as the provisional champion, only for Lewis Hamilton to secure the necessary position at the final corner of the final lap. The grace and dignity Massa displayed in that devastating moment earned him universal respect and admiration throughout the motorsport world.", "type": "text", "style": "", "detail": 0, "format": 0, "version": 1}], "direction": null, "textStyle": "", "textFormat": 0}, {"type": "paragraph", "format": "", "indent": 0, "version": 1, "children": [{"mode": "normal", "text": "    ", "type": "text", "style": "", "detail": 0, "format": 0, "version": 1}], "direction": null, "textStyle": "", "textFormat": 0}, {"type": "paragraph", "format": "", "indent": 0, "version": 1, "children": [{"mode": "normal", "text": "    A life-threatening accident during qualifying for the 2009 Hungarian Grand Prix, where a suspension spring from another car struck his helmet at high speed, nearly ended his career and his life. His remarkable recovery and return to Formula 1 competition demonstrated extraordinary physical and mental courage, further cementing his place in the hearts of racing fans worldwide.", "type": "text", "style": "", "detail": 0, "format": 0, "version": 1}], "direction": null, "textStyle": "", "textFormat": 0}, {"type": "paragraph", "format": "", "indent": 0, "version": 1, "children": [{"mode": "normal", "text": "    ", "type": "text", "style": "", "detail": 0, "format": 0, "version": 1}], "direction": null, "textStyle": "", "textFormat": 0}, {"type": "paragraph", "format": "", "indent": 0, "version": 1, "children": [{"mode": "normal", "text": "    Beyond his Formula 1 career spanning fifteen seasons with Sauber, Ferrari, and Williams, Massa has continued to compete at the highest levels of international motorsport including the FIA Formula E Championship and the Porsche Carrera Cup Brasil. His connection to AF Motorsport comes through shared Brazilian-Portuguese heritage, the Porsche competition pathway, and a mutual commitment to developing the next generation of racing talent.", "type": "text", "style": "", "detail": 0, "format": 0, "version": 1}], "direction": null, "textStyle": "", "textFormat": 0}], "direction": null}}	{"root": {"type": "root", "format": "", "indent": 0, "version": 1, "children": [{"type": "paragraph", "format": "", "indent": 0, "version": 1, "children": [{"mode": "normal", "text": "Felipe Massa was born in São Paulo, Brazil, into a family with deep motorsport roots. He began karting at age eight, following in the footsteps of his father and uncle who were both accomplished racers. His natural talent was evident from the earliest days, winning numerous regional and national karting championships throughout his formative years.", "type": "text", "style": "", "detail": 0, "format": 0, "version": 1}], "direction": null, "textStyle": "", "textFormat": 0}, {"type": "paragraph", "format": "", "indent": 0, "version": 1, "children": [{"mode": "normal", "text": "    ", "type": "text", "style": "", "detail": 0, "format": 0, "version": 1}], "direction": null, "textStyle": "", "textFormat": 0}, {"type": "paragraph", "format": "", "indent": 0, "version": 1, "children": [{"mode": "normal", "text": "    Massa's transition to car racing came through Brazilian Formula Chevrolet in 1998, where he finished fifth in the championship as a rookie. The following year he claimed the title with dominant performances that attracted attention from European talent scouts. His progression through Formula Renault Eurocup and Formula 3000 demonstrated consistent front-running pace and earned him a Formula 1 test with Sauber.", "type": "text", "style": "", "detail": 0, "format": 0, "version": 1}], "direction": null, "textStyle": "", "textFormat": 0}, {"type": "paragraph", "format": "", "indent": 0, "version": 1, "children": [{"mode": "normal", "text": "    ", "type": "text", "style": "", "detail": 0, "format": 0, "version": 1}], "direction": null, "textStyle": "", "textFormat": 0}, {"type": "paragraph", "format": "", "indent": 0, "version": 1, "children": [{"mode": "normal", "text": "    Formula 1 Career Highlights (2002-2017):", "type": "text", "style": "", "detail": 0, "format": 0, "version": 1}], "direction": null, "textStyle": "", "textFormat": 0}, {"type": "paragraph", "format": "", "indent": 0, "version": 1, "children": [{"mode": "normal", "text": "    ", "type": "text", "style": "", "detail": 0, "format": 0, "version": 1}], "direction": null, "textStyle": "", "textFormat": 0}, {"type": "paragraph", "format": "", "indent": 0, "version": 1, "children": [{"mode": "normal", "text": "    Sauber Years (2002, 2004-2005): Massa made his Formula 1 debut with Sauber in 2002 before a year as Ferrari test driver in 2003—an experience that proved formative for his development. Returning to Sauber for 2004-2005, he consistently outperformed the car's capabilities, catching Ferrari's attention.", "type": "text", "style": "", "detail": 0, "format": 0, "version": 1}], "direction": null, "textStyle": "", "textFormat": 0}, {"type": "paragraph", "format": "", "indent": 0, "version": 1, "children": [{"mode": "normal", "text": "    ", "type": "text", "style": "", "detail": 0, "format": 0, "version": 1}], "direction": null, "textStyle": "", "textFormat": 0}, {"type": "paragraph", "format": "", "indent": 0, "version": 1, "children": [{"mode": "normal", "text": "    Ferrari Years (2006-2013): Massa's dream move to Ferrari alongside Michael Schumacher in 2006 marked the pinnacle of his career. He secured his first pole position at the Turkish Grand Prix and his maiden victory at the same circuit, famously received over team radio with the words \\"Felipe baby, stay cool!\\" from his engineer Rob Smedley. The 2008 season saw Massa win six races and come within moments of the World Championship. The 2009 Hungarian Grand Prix accident and subsequent recovery demonstrated his extraordinary resilience. He remained with Ferrari through 2013, securing eleven total victories with the Scuderia.", "type": "text", "style": "", "detail": 0, "format": 0, "version": 1}], "direction": null, "textStyle": "", "textFormat": 0}, {"type": "paragraph", "format": "", "indent": 0, "version": 1, "children": [{"mode": "normal", "text": "    ", "type": "text", "style": "", "detail": 0, "format": 0, "version": 1}], "direction": null, "textStyle": "", "textFormat": 0}, {"type": "paragraph", "format": "", "indent": 0, "version": 1, "children": [{"mode": "normal", "text": "    Williams Years (2014-2017): Massa's final Formula 1 chapter with Williams Racing saw him achieve pole position at the 2014 Austrian Grand Prix and multiple podium finishes, demonstrating that his pace remained undiminished. His emotional farewell at the 2016 Brazilian Grand Prix—and subsequent return for 2017 when Valtteri Bottas departed—cemented his status as one of Formula 1's most beloved figures.", "type": "text", "style": "", "detail": 0, "format": 0, "version": 1}], "direction": null, "textStyle": "", "textFormat": 0}, {"type": "paragraph", "format": "", "indent": 0, "version": 1, "children": [{"mode": "normal", "text": "    ", "type": "text", "style": "", "detail": 0, "format": 0, "version": 1}], "direction": null, "textStyle": "", "textFormat": 0}, {"type": "paragraph", "format": "", "indent": 0, "version": 1, "children": [{"mode": "normal", "text": "    Post-Formula 1 Career:", "type": "text", "style": "", "detail": 0, "format": 0, "version": 1}], "direction": null, "textStyle": "", "textFormat": 0}, {"type": "paragraph", "format": "", "indent": 0, "version": 1, "children": [{"mode": "normal", "text": "    ", "type": "text", "style": "", "detail": 0, "format": 0, "version": 1}], "direction": null, "textStyle": "", "textFormat": 0}, {"type": "paragraph", "format": "", "indent": 0, "version": 1, "children": [{"mode": "normal", "text": "    Following his Formula 1 retirement, Massa competed in the FIA Formula E Championship with Venturi Racing, securing a podium finish in only his third ePrix start. He later transitioned to the Brazilian Stock Car Pro Series and Porsche Carrera Cup Brasil, continuing to demonstrate competitive pace while mentoring emerging Brazilian talent.", "type": "text", "style": "", "detail": 0, "format": 0, "version": 1}], "direction": null, "textStyle": "", "textFormat": 0}, {"type": "paragraph", "format": "", "indent": 0, "version": 1, "children": [{"mode": "normal", "text": "    ", "type": "text", "style": "", "detail": 0, "format": 0, "version": 1}], "direction": null, "textStyle": "", "textFormat": 0}, {"type": "paragraph", "format": "", "indent": 0, "version": 1, "children": [{"mode": "normal", "text": "    Felipe Massa's legacy extends beyond statistics. His sportsmanship, resilience, and genuine warmth have made him an ambassador for motorsport values worldwide. His connection to the AF Motorsport philosophy—emphasizing preparation, perseverance, and the development of complete racing professionals—makes him a natural inspiration for the organization.", "type": "text", "style": "", "detail": 0, "format": 0, "version": 1}], "direction": null, "textStyle": "", "textFormat": 0}], "direction": null}}	87	\N	\N	f	felipe-massa	2026-04-11 20:29:49.21+05:30	2026-04-10 10:48:53.678+05:30
6	Pipo	Felipe	Massa	pipo-massa	19	Pipo	Pipo Massa	Pipo	Racing is in my blood. Speed is my inheritance.	2010-11-30 17:00:00+05:30	2018-03-15 17:00:00+05:30	2026-04-07 17:00:00+05:30	30	Male	he/him	{"root": {"type": "root", "format": "", "indent": 0, "version": 1, "children": [{"type": "paragraph", "format": "", "indent": 0, "version": 1, "children": [{"mode": "normal", "text": "Pipo Massa carries forward one of motorsport's most cherished family legacies as the son of Formula 1 vice-champion Felipe Massa. Born into racing royalty, Pipo has embraced his heritage while forging his own identity on the track, demonstrating that talent, when combined with dedicated nurturing, can transcend generations.", "type": "text", "style": "", "detail": 0, "format": 0, "version": 1}], "direction": null, "textStyle": "", "textFormat": 0}, {"type": "paragraph", "format": "", "indent": 0, "version": 1, "children": [{"mode": "normal", "text": "    ", "type": "text", "style": "", "detail": 0, "format": 0, "version": 1}], "direction": null, "textStyle": "", "textFormat": 0}, {"type": "paragraph", "format": "", "indent": 0, "version": 1, "children": [{"mode": "normal", "text": "    Unlike many second-generation drivers who shy from the weight of their family name, Pipo has embraced the Massa legacy with maturity beyond his years. His approach combines the natural feel and car control inherited from his father with a modern understanding of data analysis, simulator training, and professional preparation that defines contemporary driver development.", "type": "text", "style": "", "detail": 0, "format": 0, "version": 1}], "direction": null, "textStyle": "", "textFormat": 0}, {"type": "paragraph", "format": "", "indent": 0, "version": 1, "children": [{"mode": "normal", "text": "    ", "type": "text", "style": "", "detail": 0, "format": 0, "version": 1}], "direction": null, "textStyle": "", "textFormat": 0}, {"type": "paragraph", "format": "", "indent": 0, "version": 1, "children": [{"mode": "normal", "text": "    Pipo's connection to AF Motorsport represents a natural alignment of values and vision. The team's emphasis on structured driver development, technical education, and professional conduct mirrors the environment in which he has been raised. His presence within AF Motorsport's junior programs brings international attention and validation to the organization's driver development philosophy while providing Pipo with the European racing exposure essential for career progression.", "type": "text", "style": "", "detail": 0, "format": 0, "version": 1}], "direction": null, "textStyle": "", "textFormat": 0}], "direction": null}}	{"root": {"type": "root", "format": "", "indent": 0, "version": 1, "children": [{"type": "paragraph", "format": "", "indent": 0, "version": 1, "children": [{"mode": "normal", "text": "Pipo Massa was born in São Paulo, Brazil, into a family where motorsport is not merely a profession but a fundamental part of identity. His father Felipe was competing at the highest levels of Formula 1 throughout Pipo's early childhood, immersing him in the paddock environment from his earliest memories.", "type": "text", "style": "", "detail": 0, "format": 0, "version": 1}], "direction": null, "textStyle": "", "textFormat": 0}, {"type": "paragraph", "format": "", "indent": 0, "version": 1, "children": [{"mode": "normal", "text": "    ", "type": "text", "style": "", "detail": 0, "format": 0, "version": 1}], "direction": null, "textStyle": "", "textFormat": 0}, {"type": "paragraph", "format": "", "indent": 0, "version": 1, "children": [{"mode": "normal", "text": "    Karting Career:", "type": "text", "style": "", "detail": 0, "format": 0, "version": 1}], "direction": null, "textStyle": "", "textFormat": 0}, {"type": "paragraph", "format": "", "indent": 0, "version": 1, "children": [{"mode": "normal", "text": "    ", "type": "text", "style": "", "detail": 0, "format": 0, "version": 1}], "direction": null, "textStyle": "", "textFormat": 0}, {"type": "paragraph", "format": "", "indent": 0, "version": 1, "children": [{"mode": "normal", "text": "    Pipo began karting at age seven, following the traditional Brazilian pathway to motorsport excellence. His early results demonstrated that the Massa racing instinct had successfully transferred to the next generation, with multiple podium finishes in Brazilian national karting championships. His driving style shows clear paternal influence—smooth inputs, precise car placement, and exceptional feel for tire management—while incorporating modern techniques refined through contemporary coaching methodologies.", "type": "text", "style": "", "detail": 0, "format": 0, "version": 1}], "direction": null, "textStyle": "", "textFormat": 0}, {"type": "paragraph", "format": "", "indent": 0, "version": 1, "children": [{"mode": "normal", "text": "    ", "type": "text", "style": "", "detail": 0, "format": 0, "version": 1}], "direction": null, "textStyle": "", "textFormat": 0}, {"type": "paragraph", "format": "", "indent": 0, "version": 1, "children": [{"mode": "normal", "text": "    Junior Development:", "type": "text", "style": "", "detail": 0, "format": 0, "version": 1}], "direction": null, "textStyle": "", "textFormat": 0}, {"type": "paragraph", "format": "", "indent": 0, "version": 1, "children": [{"mode": "normal", "text": "    ", "type": "text", "style": "", "detail": 0, "format": 0, "version": 1}], "direction": null, "textStyle": "", "textFormat": 0}, {"type": "paragraph", "format": "", "indent": 0, "version": 1, "children": [{"mode": "normal", "text": "    As Pipo progressed through the karting ranks, his development program was carefully structured to balance competitive experience with technical education. Unlike many young drivers who focus exclusively on seat time, Pipo's preparation has included comprehensive data analysis training, simulator work, physical conditioning, and media preparation—a holistic approach that aligns perfectly with AF Motorsport's driver development philosophy.", "type": "text", "style": "", "detail": 0, "format": 0, "version": 1}], "direction": null, "textStyle": "", "textFormat": 0}, {"type": "paragraph", "format": "", "indent": 0, "version": 1, "children": [{"mode": "normal", "text": "    ", "type": "text", "style": "", "detail": 0, "format": 0, "version": 1}], "direction": null, "textStyle": "", "textFormat": 0}, {"type": "paragraph", "format": "", "indent": 0, "version": 1, "children": [{"mode": "normal", "text": "    The transition from karting to car racing represents the critical phase in Pipo's young career. His first car racing experiences in Brazilian Formula 1600 demonstrated immediate competitiveness, with the smooth technique developed in karts translating effectively to formula car dynamics. His progression is being carefully managed to ensure each step provides appropriate challenge while building the technical foundation necessary for sustained success.", "type": "text", "style": "", "detail": 0, "format": 0, "version": 1}], "direction": null, "textStyle": "", "textFormat": 0}, {"type": "paragraph", "format": "", "indent": 0, "version": 1, "children": [{"mode": "normal", "text": "    ", "type": "text", "style": "", "detail": 0, "format": 0, "version": 1}], "direction": null, "textStyle": "", "textFormat": 0}, {"type": "paragraph", "format": "", "indent": 0, "version": 1, "children": [{"mode": "normal", "text": "    Connection to AF Motorsport:", "type": "text", "style": "", "detail": 0, "format": 0, "version": 1}], "direction": null, "textStyle": "", "textFormat": 0}, {"type": "paragraph", "format": "", "indent": 0, "version": 1, "children": [{"mode": "normal", "text": "    ", "type": "text", "style": "", "detail": 0, "format": 0, "version": 1}], "direction": null, "textStyle": "", "textFormat": 0}, {"type": "paragraph", "format": "", "indent": 0, "version": 1, "children": [{"mode": "normal", "text": "    Pipo's relationship with AF Motorsport developed through the shared Brazilian-Portuguese motorsport community and the natural alignment between the Massa family's values and the team's development philosophy. The opportunity to gain European racing experience within a structured, professionally managed environment provides Pipo with an ideal platform for the next phase of his career development.", "type": "text", "style": "", "detail": 0, "format": 0, "version": 1}], "direction": null, "textStyle": "", "textFormat": 0}, {"type": "paragraph", "format": "", "indent": 0, "version": 1, "children": [{"mode": "normal", "text": "    ", "type": "text", "style": "", "detail": 0, "format": 0, "version": 1}], "direction": null, "textStyle": "", "textFormat": 0}, {"type": "paragraph", "format": "", "indent": 0, "version": 1, "children": [{"mode": "normal", "text": "    AF Motorsport's Porsche-focused program offers Pipo exposure to GT racing dynamics—an essential skill set for modern professional drivers who must demonstrate versatility across multiple categories. The team's data-driven approach to performance optimization complements the technical education Pipo has received throughout his development.", "type": "text", "style": "", "detail": 0, "format": 0, "version": 1}], "direction": null, "textStyle": "", "textFormat": 0}, {"type": "paragraph", "format": "", "indent": 0, "version": 1, "children": [{"mode": "normal", "text": "    ", "type": "text", "style": "", "detail": 0, "format": 0, "version": 1}], "direction": null, "textStyle": "", "textFormat": 0}, {"type": "paragraph", "format": "", "indent": 0, "version": 1, "children": [{"mode": "normal", "text": "    Long-term Vision:", "type": "text", "style": "", "detail": 0, "format": 0, "version": 1}], "direction": null, "textStyle": "", "textFormat": 0}, {"type": "paragraph", "format": "", "indent": 0, "version": 1, "children": [{"mode": "normal", "text": "    ", "type": "text", "style": "", "detail": 0, "format": 0, "version": 1}], "direction": null, "textStyle": "", "textFormat": 0}, {"type": "paragraph", "format": "", "indent": 0, "version": 1, "children": [{"mode": "normal", "text": "    While the ultimate aspiration of any young driver with Formula 1 heritage is to reach the pinnacle of the sport, Pipo's development pathway is deliberately focused on building complete racing capability rather than rushing toward any specific destination. The combination of Brazilian racing passion with European professional structure—exactly the environment AF Motorsport provides—creates optimal conditions for Pipo to realize his considerable potential.", "type": "text", "style": "", "detail": 0, "format": 0, "version": 1}], "direction": null, "textStyle": "", "textFormat": 0}, {"type": "paragraph", "format": "", "indent": 0, "version": 1, "children": [{"mode": "normal", "text": "    ", "type": "text", "style": "", "detail": 0, "format": 0, "version": 1}], "direction": null, "textStyle": "", "textFormat": 0}, {"type": "paragraph", "format": "", "indent": 0, "version": 1, "children": [{"mode": "normal", "text": "    Whether his future lies in single-seaters, GT racing, or the increasingly blurred lines between categories, Pipo Massa represents the evolution of a racing dynasty. His journey embodies the AF Motorsport belief that sustained success is built upon preparation, education, and the development of complete racing professionals.", "type": "text", "style": "", "detail": 0, "format": 0, "version": 1}], "direction": null, "textStyle": "", "textFormat": 0}], "direction": null}}	\N	\N	\N	f	pipo-massa	2026-04-10 10:58:28.883+05:30	2026-04-10 10:54:28.251+05:30
11	Rogério	Augusto	Grotta	rogerio-grotta	33	Grotta	Rogério Grotta	Grotta	Adapt and overcome	1992-07-19 17:00:00+05:30	2015-03-10 17:00:00+05:30	\N	30	Male	he/him	{"root": {"type": "root", "format": "", "indent": 0, "version": 1, "children": [{"type": "paragraph", "format": "", "indent": 0, "version": 1, "children": [{"mode": "normal", "text": "Rogério Grotta made an extraordinary AF Motorsport debut at Portimão, competing in the Porsche 991.2 GT3 R for the first time at a circuit he had never previously driven—in wet conditions. His remarkable performance included consistent pace, excellent car control, and fastest lap of the race, demonstrating exceptional adaptability and natural talent.", "type": "text", "style": "", "detail": 0, "format": 0, "version": 1}], "direction": null, "textStyle": "", "textFormat": 0}, {"type": "paragraph", "format": "", "indent": 0, "version": 1, "children": [{"mode": "normal", "text": "    ", "type": "text", "style": "", "detail": 0, "format": 0, "version": 1}], "direction": null, "textStyle": "", "textFormat": 0}, {"type": "paragraph", "format": "", "indent": 0, "version": 1, "children": [{"mode": "normal", "text": "    Grotta's Brazilian racing background encompasses diverse machinery across South American GT and endurance championships. His ability to quickly adapt to new cars, circuits, and conditions makes him a valuable addition to AF Motorsport's driver roster.", "type": "text", "style": "", "detail": 0, "format": 0, "version": 1}], "direction": null, "textStyle": "", "textFormat": 0}, {"type": "paragraph", "format": "", "indent": 0, "version": 1, "children": [{"mode": "normal", "text": "    ", "type": "text", "style": "", "detail": 0, "format": 0, "version": 1}], "direction": null, "textStyle": "", "textFormat": 0}, {"type": "paragraph", "format": "", "indent": 0, "version": 1, "children": [{"mode": "normal", "text": "    The Portimão performance suggests significant potential for continued success in European competition. Grotta's technical feedback and collaborative approach have already earned respect from AF Motorsport's engineering team.", "type": "text", "style": "", "detail": 0, "format": 0, "version": 1}], "direction": null, "textStyle": "", "textFormat": 0}], "direction": null}}	{"root": {"type": "root", "format": "", "indent": 0, "version": 1, "children": [{"type": "paragraph", "format": "", "indent": 0, "version": 1, "children": [{"mode": "normal", "text": "Rogério Grotta's motorsport journey began in Brazilian karting before progressing through national formula car categories. His smooth driving style and mechanical sympathy proved particularly effective in GT machinery, leading to opportunities in South American endurance championships.", "type": "text", "style": "", "detail": 0, "format": 0, "version": 1}], "direction": null, "textStyle": "", "textFormat": 0}, {"type": "paragraph", "format": "", "indent": 0, "version": 1, "children": [{"mode": "normal", "text": "    ", "type": "text", "style": "", "detail": 0, "format": 0, "version": 1}], "direction": null, "textStyle": "", "textFormat": 0}, {"type": "paragraph", "format": "", "indent": 0, "version": 1, "children": [{"mode": "normal", "text": "    Success in Brazilian GT competition, including class victories at Interlagos and Curitiba, established Grotta as a consistent front-runner. His reputation for extracting performance in challenging conditions—rain, traffic, deteriorating tires—made him a sought-after endurance specialist.", "type": "text", "style": "", "detail": 0, "format": 0, "version": 1}], "direction": null, "textStyle": "", "textFormat": 0}, {"type": "paragraph", "format": "", "indent": 0, "version": 1, "children": [{"mode": "normal", "text": "    ", "type": "text", "style": "", "detail": 0, "format": 0, "version": 1}], "direction": null, "textStyle": "", "textFormat": 0}, {"type": "paragraph", "format": "", "indent": 0, "version": 1, "children": [{"mode": "normal", "text": "    The opportunity with AF Motorsport represents Grotta's European debut and a significant step in his international career. His Portimão performance, delivering fastest lap in his first GT3 R drive at an unfamiliar circuit in wet conditions, suggests the European paddock will see much more of this adaptable Brazilian talent.", "type": "text", "style": "", "detail": 0, "format": 0, "version": 1}], "direction": null, "textStyle": "", "textFormat": 0}], "direction": null}}	\N	\N	\N	f	rogerio-grotta	2026-04-10 15:51:51.069+05:30	2026-04-10 15:51:51.069+05:30
8	Angelo	Marco	Fontana	angelo-fontana	55	Angelo	Angelo Fontana	Fontana	Fast, focused, fearless.	1994-09-22 17:00:00+05:30	2012-04-05 17:00:00+05:30	\N	104	Male	he/him	{"root": {"type": "root", "format": "", "indent": 0, "version": 1, "children": [{"type": "paragraph", "format": "", "indent": 0, "version": 1, "children": [{"mode": "normal", "text": "Angelo Fontana brings Italian racing passion and extensive European GT experience to AF Motorsport's expanded 2026 program. Competing in both International GT Open and Winter Series events, Fontana has demonstrated immediate pace and strong technical feedback. His partnership with André Fernandes in endurance formats provides a potent combination of experience and speed.", "type": "text", "style": "", "detail": 0, "format": 0, "version": 1}], "direction": null, "textStyle": "", "textFormat": 0}, {"type": "paragraph", "format": "", "indent": 0, "version": 1, "children": [{"mode": "normal", "text": "    ", "type": "text", "style": "", "detail": 0, "format": 0, "version": 1}], "direction": null, "textStyle": "", "textFormat": 0}, {"type": "paragraph", "format": "", "indent": 0, "version": 1, "children": [{"mode": "normal", "text": "    Fontana's career spans Italian GT championships, selected European endurance events, and factory-supported programs with Lamborghini and Audi. His smooth driving style and tire management expertise make him particularly effective in longer race formats where consistency often trumps outright aggression.", "type": "text", "style": "", "detail": 0, "format": 0, "version": 1}], "direction": null, "textStyle": "", "textFormat": 0}, {"type": "paragraph", "format": "", "indent": 0, "version": 1, "children": [{"mode": "normal", "text": "    ", "type": "text", "style": "", "detail": 0, "format": 0, "version": 1}], "direction": null, "textStyle": "", "textFormat": 0}, {"type": "paragraph", "format": "", "indent": 0, "version": 1, "children": [{"mode": "normal", "text": "    Joining AF Motorsport for 2026 provides Fontana with a professional environment to pursue championship ambitions across multiple series while contributing his experience to the team's development.", "type": "text", "style": "", "detail": 0, "format": 0, "version": 1}], "direction": null, "textStyle": "", "textFormat": 0}], "direction": null}}	{"root": {"type": "root", "format": "", "indent": 0, "version": 1, "children": [{"type": "paragraph", "format": "", "indent": 0, "version": 1, "children": [{"mode": "normal", "text": "Angelo Fontana emerged from the competitive Italian karting scene, securing multiple national championships before transitioning to formula cars. Success in Italian Formula 3 opened doors to GT racing, where his adaptable driving style and technical acumen found their natural home.", "type": "text", "style": "", "detail": 0, "format": 0, "version": 1}], "direction": null, "textStyle": "", "textFormat": 0}, {"type": "paragraph", "format": "", "indent": 0, "version": 1, "children": [{"mode": "normal", "text": "    ", "type": "text", "style": "", "detail": 0, "format": 0, "version": 1}], "direction": null, "textStyle": "", "textFormat": 0}, {"type": "paragraph", "format": "", "indent": 0, "version": 1, "children": [{"mode": "normal", "text": "    A factory-supported period with Lamborghini's Super Trofeo program yielded multiple race victories and valuable experience in international competition. Subsequent campaigns in Italian GT with Audi machinery demonstrated Fontana's ability to extract performance from diverse platforms.", "type": "text", "style": "", "detail": 0, "format": 0, "version": 1}], "direction": null, "textStyle": "", "textFormat": 0}, {"type": "paragraph", "format": "", "indent": 0, "version": 1, "children": [{"mode": "normal", "text": "    ", "type": "text", "style": "", "detail": 0, "format": 0, "version": 1}], "direction": null, "textStyle": "", "textFormat": 0}, {"type": "paragraph", "format": "", "indent": 0, "version": 1, "children": [{"mode": "normal", "text": "    Fontana's move to Porsche competition with AF Motorsport represents both a new challenge and an opportunity to apply accumulated experience in one of motorsport's most professional environments. His mentorship of younger teammates and collaborative approach to setup development have already made significant contributions to the team's progress.", "type": "text", "style": "", "detail": 0, "format": 0, "version": 1}], "direction": null, "textStyle": "", "textFormat": 0}, {"type": "paragraph", "format": "", "indent": 0, "version": 1, "children": [], "direction": null, "textStyle": "", "textFormat": 0}], "direction": null}}	\N	\N	\N	f	angelo-fontana	2026-04-10 15:52:35.136+05:30	2026-04-10 14:57:13.152+05:30
9	Leonardo	Filipe	Reis	leonardo-reis	42	Leo	Leonardo Reis	Reis	Every lap is an opportunity.	2000-11-08 17:00:00+05:30	2019-05-15 17:00:00+05:30	\N	172	Male	he/him	{"root": {"type": "root", "format": "", "indent": 0, "version": 1, "children": [{"type": "paragraph", "format": "", "indent": 0, "version": 1, "children": [{"mode": "normal", "text": " Leonardo Reis steps up to GT Cup Europe competition with AF Motorsport for 2026, following successful campaigns in Portuguese national categories. His technical understanding and methodical approach to performance development complement the team's engineering-focused methodology. The Portimão season opener marked his international debut.", "type": "text", "style": "", "detail": 0, "format": 0, "version": 1}], "direction": null, "textStyle": "", "textFormat": 0}, {"type": "paragraph", "format": "", "indent": 0, "version": 1, "children": [{"mode": "normal", "text": "    ", "type": "text", "style": "", "detail": 0, "format": 0, "version": 1}], "direction": null, "textStyle": "", "textFormat": 0}, {"type": "paragraph", "format": "", "indent": 0, "version": 1, "children": [{"mode": "normal", "text": "    Reis represents the next generation of Portuguese racing talent, combining natural speed with an analytical approach unusual for his age. His willingness to engage deeply with data and setup development has accelerated his learning curve and earned respect from AF Motorsport's engineering team.", "type": "text", "style": "", "detail": 0, "format": 0, "version": 1}], "direction": null, "textStyle": "", "textFormat": 0}, {"type": "paragraph", "format": "", "indent": 0, "version": 1, "children": [{"mode": "normal", "text": "    ", "type": "text", "style": "", "detail": 0, "format": 0, "version": 1}], "direction": null, "textStyle": "", "textFormat": 0}, {"type": "paragraph", "format": "", "indent": 0, "version": 1, "children": [{"mode": "normal", "text": "    The GT Cup Europe campaign provides Reis with the international exposure and competitive seasoning essential for continued progression. His long-term potential suggests a bright future within the AF Motorsport driver development pathway.", "type": "text", "style": "", "detail": 0, "format": 0, "version": 1}], "direction": null, "textStyle": "", "textFormat": 0}], "direction": null}}	{"root": {"type": "root", "format": "", "indent": 0, "version": 1, "children": [{"type": "paragraph", "format": "", "indent": 0, "version": 1, "children": [{"mode": "normal", "text": " Leonardo Reis began karting at age eight, progressing rapidly through Portuguese national categories. His smooth, precise driving style and exceptional car control drew attention from established teams, leading to opportunities in Portuguese Formula Ford and touring car categories.", "type": "text", "style": "", "detail": 0, "format": 0, "version": 1}], "direction": null, "textStyle": "", "textFormat": 0}, {"type": "paragraph", "format": "", "indent": 0, "version": 1, "children": [{"mode": "normal", "text": "    ", "type": "text", "style": "", "detail": 0, "format": 0, "version": 1}], "direction": null, "textStyle": "", "textFormat": 0}, {"type": "paragraph", "format": "", "indent": 0, "version": 1, "children": [{"mode": "normal", "text": "    A formative season in the CPV championship demonstrated Reis's adaptability across different machinery and his capacity for rapid learning. His technical feedback impressed engineers and his consistent pace against more experienced competitors marked him as a driver with significant potential.", "type": "text", "style": "", "detail": 0, "format": 0, "version": 1}], "direction": null, "textStyle": "", "textFormat": 0}, {"type": "paragraph", "format": "", "indent": 0, "version": 1, "children": [{"mode": "normal", "text": "    ", "type": "text", "style": "", "detail": 0, "format": 0, "version": 1}], "direction": null, "textStyle": "", "textFormat": 0}, {"type": "paragraph", "format": "", "indent": 0, "version": 1, "children": [{"mode": "normal", "text": "    The step to international GT Cup Europe competition with AF Motorsport represents the logical next phase in Reis's development. The team's structured approach to driver progression and emphasis on technical education align perfectly with his learning style and career objectives.", "type": "text", "style": "", "detail": 0, "format": 0, "version": 1}], "direction": null, "textStyle": "", "textFormat": 0}], "direction": null}}	\N	\N	\N	f	leonardo-reis	2026-04-10 15:52:51.735+05:30	2026-04-10 15:12:38.565+05:30
10	Gabriela	Sofia	Correia	gabriela-correia	69	Princess of the Mountain	Gabriela Correia	Correia	Fearless on the mountain	1996-04-12 17:00:00+05:30	2014-03-20 17:00:00+05:30	\N	172	Female	she/her	{"root": {"type": "root", "format": "", "indent": 0, "version": 1, "children": [{"type": "paragraph", "format": "", "indent": 0, "version": 1, "children": [{"mode": "normal", "text": " Gabriela Correia joins AF Motorsport for the 2026 Rampa Porca de Murça hillclimb, bringing extensive experience and a proven track record in Portuguese hillclimb competition. Known throughout the paddock as the \\"Princess of the Mountain,\\" her aggressive yet precise driving style has earned podiums and respect throughout the national hillclimb community.", "type": "text", "style": "", "detail": 0, "format": 0, "version": 1}], "direction": null, "textStyle": "", "textFormat": 0}, {"type": "paragraph", "format": "", "indent": 0, "version": 1, "children": [{"mode": "normal", "text": "    ", "type": "text", "style": "", "detail": 0, "format": 0, "version": 1}], "direction": null, "textStyle": "", "textFormat": 0}, {"type": "paragraph", "format": "", "indent": 0, "version": 1, "children": [{"mode": "normal", "text": "    Her debut with AF Motorsport in the Porsche 991.2 GT3 Cup demonstrated immediate pace despite challenging circumstances. An off-track moment that could have ended the weekend instead showcased the team's resilience, with mechanics executing a remarkable sub-30-minute repair that returned Correia to competition.", "type": "text", "style": "", "detail": 0, "format": 0, "version": 1}], "direction": null, "textStyle": "", "textFormat": 0}, {"type": "paragraph", "format": "", "indent": 0, "version": 1, "children": [{"mode": "normal", "text": "    ", "type": "text", "style": "", "detail": 0, "format": 0, "version": 1}], "direction": null, "textStyle": "", "textFormat": 0}, {"type": "paragraph", "format": "", "indent": 0, "version": 1, "children": [{"mode": "normal", "text": "    Correia's partnership with AF Motorsport combines her hillclimb expertise with factory-level Porsche support, creating a potent combination for the demanding Portuguese hillclimb calendar.", "type": "text", "style": "", "detail": 0, "format": 0, "version": 1}], "direction": null, "textStyle": "", "textFormat": 0}], "direction": null}}	{"root": {"type": "root", "format": "", "indent": 0, "version": 1, "children": [{"type": "paragraph", "format": "", "indent": 0, "version": 1, "children": [{"mode": "normal", "text": "  Gabriela Correia discovered her passion for motorsport through her father, a respected figure in Portuguese rallying. Her early exposure to mountain roads and rally stages shaped a driving style characterized by commitment, car control, and the unique bravery required for hillclimb competition.", "type": "text", "style": "", "detail": 0, "format": 0, "version": 1}], "direction": null, "textStyle": "", "textFormat": 0}, {"type": "paragraph", "format": "", "indent": 0, "version": 1, "children": [{"mode": "normal", "text": "    ", "type": "text", "style": "", "detail": 0, "format": 0, "version": 1}], "direction": null, "textStyle": "", "textFormat": 0}, {"type": "paragraph", "format": "", "indent": 0, "version": 1, "children": [{"mode": "normal", "text": "    Success came quickly in national hillclimb championships, with class victories and overall podiums establishing Correia as one of Portugal's most exciting female competitors. Her technical feedback and ability to extract maximum performance from diverse machinery attracted attention from teams and manufacturers.", "type": "text", "style": "", "detail": 0, "format": 0, "version": 1}], "direction": null, "textStyle": "", "textFormat": 0}, {"type": "paragraph", "format": "", "indent": 0, "version": 1, "children": [{"mode": "normal", "text": "    ", "type": "text", "style": "", "detail": 0, "format": 0, "version": 1}], "direction": null, "textStyle": "", "textFormat": 0}, {"type": "paragraph", "format": "", "indent": 0, "version": 1, "children": [{"mode": "normal", "text": "    Correia's \\"Princess of the Mountain\\" nickname reflects both her competitive achievements and her role inspiring the next generation of female motorsport participants. Her presence within AF Motorsport extends beyond driving to encompass mentorship and ambassadorial activities.", "type": "text", "style": "", "detail": 0, "format": 0, "version": 1}], "direction": null, "textStyle": "", "textFormat": 0}], "direction": null}}	\N	\N	91	f	gabriela-correia	2026-04-25 17:59:52.658+05:30	2026-04-10 15:23:59.525+05:30
\.


--
-- Data for Name: drivers_assets_gallery_list; Type: TABLE DATA; Schema: public; Owner: afmuser
--

COPY public.drivers_assets_gallery_list (_order, _parent_id, id, image_id, caption) FROM stdin;
\.


--
-- Data for Name: drivers_details_addresses_list; Type: TABLE DATA; Schema: public; Owner: afmuser
--

COPY public.drivers_details_addresses_list (_order, _parent_id, id, name, label, description, location) FROM stdin;
1	6	69d8890740b9fa0a0f55b482	Primary Residence	Home	Family residence in São Paulo, Brazil	0101000020E6100000B0726891ED8C37C0454772F90F5147C0
2	6	69d8892740b9fa0a0f55b484	European Development Base	Racing Residence	Accommodation during European racing programs with AF Motorsport	0101000020E6100000C58F31772D594340107A36AB3ED722C0
1	2	69d7bf9e52a7810020809c1b	Primary Residence	Home	Cascais, Portugal residence convenient to Estoril circuit and team headquarters	0101000020E6100000C58F31772D594340107A36AB3ED722C0
2	2	69d88d5f40b9fa0a0f55b48b	European Base	Racing Residence	Geneva area residence providing central European location for racing and business activities	0101000020E6100000B5A679C7291A474018265305A3921840
1	3	69d7c0bf52a7810020809c1d	Tom Avenue	Home	Cascais, Portugal residence convenient to Estoril circuit and team headquarters	0101000020E6100000C58F31772D594340107A36AB3ED722C0
1	4	69d7c25d52a7810020809c20	Lara Avenue	Home	Cascais, Portugal residence convenient to Estoril circuit and team headquarters	0101000020E6100000C58F31772D594340107A36AB3ED722C0
1	11	69d8cebb6eb1e12b56fbdbc8	Primary Residence	Home	São Paulo, Brazil	0101000020E6100000B0726891ED8C37C0454772F90F5147C0
1	7	69d8c09b80ab3c61f4e4ba3d	Primary Residence	Home	Lisbon residence providing access to Estoril circuit and team headquarters	0101000020E61000004DF38E53745C434065AA6054524722C0
1	8	69d8c1aa80ab3c61f4e4ba40	Primary Residence	Home	Milan, Italy	0101000020E6100000CF66D5E76ABB4640E17A14AE47612240
2	8	69d8c1d080ab3c61f4e4ba42	European Racing Base	Racing Residence	Barcelona area during European season	0101000020E610000045D8F0F44AB14440DE02098A1F630140
1	9	69d8c5896eb1e12b56fbdbbb	Primary Residence	Home	Porto residence	0101000020E6100000EA04341136944440C3D32B65194221C0
1	5	69d8873d40b9fa0a0f55b47b	Primary Residence	Home	São Paulo, Brazil residence	0101000020E6100000B0726891ED8C37C0454772F90F5147C0
2	5	69d8876640b9fa0a0f55b47c	European Base	Secondary	Monaco residence during European racing season	0101000020E6100000E6AE25E483DE4540C286A757CAB21D40
1	10	69d8c7326eb1e12b56fbdbc1	Primary Residence	Home	Vila Real, Portugal	0101000020E61000004B598638D6A54440CE1951DA1BFC1EC0
1	1	69d7bdfd52a7810020809c15	Primary Residence	Home	Cascais, Portugal residence convenient to Estoril circuit and team headquarters	0101000020E6100000C58F31772D594340107A36AB3ED722C0
2	1	69d88c6340b9fa0a0f55b486	AF Motorsport Workshop	Work	Team headquarters and primary workplace at Autódromo do Estoril	0101000020E61000008048BF7D1D604340448B6CE7FBC922C0
\.


--
-- Data for Name: drivers_details_socials_list; Type: TABLE DATA; Schema: public; Owner: afmuser
--

COPY public.drivers_details_socials_list (_order, _parent_id, id, platform, username, description) FROM stdin;
1	6	69d8896540b9fa0a0f55b485	Instagram	pipomassa	Personal Instagram documenting racing journey and behind-the-scenes development
1	2	69d7bfd952a7810020809c1c	Instagram	tiagomonteiro18	Personal and professional motorsport content
1	3	69d7c14852a7810020809c1f	LinkedIn	pedrolamy007	Personal and professional motorsport content.
1	4	69d7c2b552a7810020809c22	Instagram	afelixdacosta	Official driver Instagram with career updates and personal content
1	11	69d8cf106eb1e12b56fbdbca	Instagram	rogeriogrotta	Racing content from Brazil and Europe
1	7	69d8c0ce80ab3c61f4e4ba3f	Instagram	josebarros_racing	Personal racing content and behind-the-scenes updates
1	8	69d8c20380ab3c61f4e4ba43	Instagram	angelofontana_racing	Racing content and behind-the-scenes coverage
2	8	69d8c21680ab3c61f4e4ba44	Twitter	AngeloFontana55	Professional updates and fan engagement
1	9	69d8c5bb6eb1e12b56fbdbbd	Instagram	leoreis_racing	Racing journey documentation and personal content
1	5	69d887b240b9fa0a0f55b47f	Instagram	massafelipe19	Personal Instagram featuring family, racing activities, and ambassadorial work
2	5	69d887c940b9fa0a0f55b480	Twitter	MassaFelipe19	Official Twitter presence with motorsport commentary and fan interaction
3	5	69d887dd40b9fa0a0f55b481	Facebook	FelipeMassa	Official Facebook page with career updates and fan community
1	10	69d8c87d6eb1e12b56fbdbc3	Instagram	gabrielacorreia_racing	Hillclimb content, behind-the-scenes, and personal journey
2	10	69d8c8916eb1e12b56fbdbc4	Facebook	GabrielaCorreiaRacing	Fan community and event updates
1	1	69d7be4452a7810020809c18	Instagram	andrefernandes_racing	Primary social channel featuring race weekend content, behind-the-scenes team coverage, personal insights, and partner activation. Updated daily during race events.
2	1	69d7be5852a7810020809c19	LinkedIn	andre-fernandes-motorsport	Professional network presence focused on commercial partnership engagement, industry networking, and organizational leadership content
3	1	69d88cf440b9fa0a0f55b489	Twitter	AFernandes_Race	Real-time race weekend updates, motorsport commentary, and fan interaction. Active throughout championship calendar.
\.


--
-- Data for Name: drivers_details_websites_list; Type: TABLE DATA; Schema: public; Owner: afmuser
--

COPY public.drivers_details_websites_list (_order, _parent_id, id, name, path, description) FROM stdin;
1	6	69d8890a40b9fa0a0f55b483	Pipo Massa Official	https://www.pipomassa.com.br	Official website with career updates, media gallery, and fan engagement
1	2	69d7bf8d52a7810020809c1a	Official Website	https://www.tiagomonteiro.com	Official driver website with career history and current programs
2	2	69d88d8940b9fa0a0f55b48c	Monteiro Racing Academy	https://www.monteiroacademy.pt	Driver development program website offering coaching, assessment, and career guidance for aspiring Portuguese racing drivers
1	3	69d7c0fa52a7810020809c1e	pedro lamy	https://www.pedrolamy.com	Official driver website with career history and current programs
1	4	69d7c28b52a7810020809c21	Driver Profile	https://www.afmotorsport.com/drivers/da-Costa	 Official AF Motorsport driver profile with biography and career statistics
1	11	69d8cef56eb1e12b56fbdbc9	Official Website	https://www.rogeriogrotta.it	Official driver website with career history and media gallery
1	7	69d8c0bf80ab3c61f4e4ba3e	Driver Profile	https://www.afmotorsport.com/drivers/jose-barros	Official AF Motorsport driver profile with biography and career statistics
1	8	69d8c1c680ab3c61f4e4ba41	Official Website	https://www.angelofontana.it	Official driver website with career history and media gallery
1	9	69d8c5ac6eb1e12b56fbdbbc	Offical Website	https://www.leonardoreis.it	Official driver website with career history and media gallery
1	5	69d8878440b9fa0a0f55b47d	Official Website	https://www.felipemassa.com	Official Felipe Massa website with career history, news, and fan engagement
2	5	69d8879a40b9fa0a0f55b47e	Felipe Massa Institute	https://www.institutofelipemassa.org.br	Charitable foundation supporting education and social development for underprivileged Brazilian youth
1	10	69d8c8286eb1e12b56fbdbc2	Official Website   	https://www.gabrielacorreia.it  	Official driver website with career history and media gallery
1	1	69d7be2d52a7810020809c17	Driver Profile	https://www.afmotorsport.com/drivers/andre-fernandes	Official AF Motorsport driver profile with biography and career statistics
2	1	69d88c9540b9fa0a0f55b487	Team Principal Profile	https://www.afmotorsport.com/team/leadership	Leadership profile detailing André Fernandes's role as team principal, vision for AF Motorsport, and organizational philosophy
3	1	69d88cb240b9fa0a0f55b488	Personal Portfolio	https://www.andrefernandes.pt	Personal website featuring career retrospective, media appearances, and professional contact information
\.


--
-- Data for Name: drivers_locales; Type: TABLE DATA; Schema: public; Owner: afmuser
--

COPY public.drivers_locales (seo_title, seo_image_id, seo_description, id, _locale, _parent_id) FROM stdin;
\.


--
-- Data for Name: drivers_rels; Type: TABLE DATA; Schema: public; Owner: afmuser
--

COPY public.drivers_rels (id, "order", parent_id, path, skills_id, points_id, results_id, awards_id, cars_id, categories_id, tags_id) FROM stdin;
479	1	10	details.skills	2	\N	\N	\N	\N	\N	\N
480	2	10	details.skills	1	\N	\N	\N	\N	\N	\N
481	3	10	details.skills	3	\N	\N	\N	\N	\N	\N
482	4	10	details.skills	4	\N	\N	\N	\N	\N	\N
483	1	10	details.points	\N	2	\N	\N	\N	\N	\N
484	1	10	details.results	\N	\N	2	\N	\N	\N	\N
485	1	10	details.awards	\N	\N	\N	1	\N	\N	\N
486	1	10	details.cars	\N	\N	\N	\N	1	\N	\N
487	2	10	details.cars	\N	\N	\N	\N	4	\N	\N
488	1	10	categories	\N	\N	\N	\N	\N	1	\N
489	2	10	categories	\N	\N	\N	\N	\N	6	\N
490	1	10	tags	\N	\N	\N	\N	\N	\N	1
491	2	10	tags	\N	\N	\N	\N	\N	\N	17
492	3	10	tags	\N	\N	\N	\N	\N	\N	4
301	1	3	details.skills	6	\N	\N	\N	\N	\N	\N
302	2	3	details.skills	1	\N	\N	\N	\N	\N	\N
303	3	3	details.skills	3	\N	\N	\N	\N	\N	\N
304	4	3	details.skills	2	\N	\N	\N	\N	\N	\N
305	5	3	details.skills	4	\N	\N	\N	\N	\N	\N
306	1	3	details.points	\N	2	\N	\N	\N	\N	\N
307	1	3	details.results	\N	\N	3	\N	\N	\N	\N
308	1	3	details.awards	\N	\N	\N	3	\N	\N	\N
309	1	3	details.cars	\N	\N	\N	\N	2	\N	\N
310	1	3	categories	\N	\N	\N	\N	\N	2	\N
311	2	3	categories	\N	\N	\N	\N	\N	7	\N
312	3	3	categories	\N	\N	\N	\N	\N	9	\N
313	4	3	categories	\N	\N	\N	\N	\N	10	\N
314	1	3	tags	\N	\N	\N	\N	\N	\N	3
315	2	3	tags	\N	\N	\N	\N	\N	\N	6
316	3	3	tags	\N	\N	\N	\N	\N	\N	8
317	4	3	tags	\N	\N	\N	\N	\N	\N	10
318	5	3	tags	\N	\N	\N	\N	\N	\N	12
319	6	3	tags	\N	\N	\N	\N	\N	\N	13
320	7	3	tags	\N	\N	\N	\N	\N	\N	14
321	8	3	tags	\N	\N	\N	\N	\N	\N	15
379	1	11	details.skills	2	\N	\N	\N	\N	\N	\N
380	2	11	details.skills	1	\N	\N	\N	\N	\N	\N
381	3	11	details.skills	4	\N	\N	\N	\N	\N	\N
382	4	11	details.skills	3	\N	\N	\N	\N	\N	\N
383	5	11	details.skills	6	\N	\N	\N	\N	\N	\N
384	1	11	details.points	\N	1	\N	\N	\N	\N	\N
385	2	11	details.points	\N	3	\N	\N	\N	\N	\N
386	1	11	details.results	\N	\N	2	\N	\N	\N	\N
387	2	11	details.results	\N	\N	3	\N	\N	\N	\N
388	1	11	details.awards	\N	\N	\N	1	\N	\N	\N
389	1	11	details.cars	\N	\N	\N	\N	1	\N	\N
390	2	11	details.cars	\N	\N	\N	\N	4	\N	\N
391	1	11	categories	\N	\N	\N	\N	\N	2	\N
392	2	11	categories	\N	\N	\N	\N	\N	3	\N
393	1	11	tags	\N	\N	\N	\N	\N	\N	1
394	2	11	tags	\N	\N	\N	\N	\N	\N	6
395	3	11	tags	\N	\N	\N	\N	\N	\N	10
396	4	11	tags	\N	\N	\N	\N	\N	\N	11
411	1	8	details.skills	1	\N	\N	\N	\N	\N	\N
412	2	8	details.skills	3	\N	\N	\N	\N	\N	\N
413	3	8	details.skills	4	\N	\N	\N	\N	\N	\N
414	4	8	details.skills	6	\N	\N	\N	\N	\N	\N
415	1	8	details.points	\N	3	\N	\N	\N	\N	\N
416	1	8	details.results	\N	\N	5	\N	\N	\N	\N
417	2	8	details.results	\N	\N	1	\N	\N	\N	\N
418	1	8	details.awards	\N	\N	\N	5	\N	\N	\N
419	1	8	details.cars	\N	\N	\N	\N	3	\N	\N
420	2	8	details.cars	\N	\N	\N	\N	2	\N	\N
421	1	8	categories	\N	\N	\N	\N	\N	1	\N
422	2	8	categories	\N	\N	\N	\N	\N	10	\N
423	3	8	categories	\N	\N	\N	\N	\N	16	\N
424	1	8	tags	\N	\N	\N	\N	\N	\N	1
425	2	8	tags	\N	\N	\N	\N	\N	\N	10
426	3	8	tags	\N	\N	\N	\N	\N	\N	12
427	4	8	tags	\N	\N	\N	\N	\N	\N	29
455	1	5	details.skills	2	\N	\N	\N	\N	\N	\N
456	2	5	details.skills	1	\N	\N	\N	\N	\N	\N
457	3	5	details.skills	4	\N	\N	\N	\N	\N	\N
458	4	5	details.skills	3	\N	\N	\N	\N	\N	\N
459	5	5	details.skills	6	\N	\N	\N	\N	\N	\N
460	1	5	details.points	\N	1	\N	\N	\N	\N	\N
461	2	5	details.points	\N	6	\N	\N	\N	\N	\N
462	1	5	details.results	\N	\N	1	\N	\N	\N	\N
463	1	5	details.awards	\N	\N	\N	1	\N	\N	\N
464	1	5	details.cars	\N	\N	\N	\N	1	\N	\N
465	2	5	details.cars	\N	\N	\N	\N	3	\N	\N
466	1	5	categories	\N	\N	\N	\N	\N	3	\N
467	2	5	categories	\N	\N	\N	\N	\N	7	\N
468	3	5	categories	\N	\N	\N	\N	\N	9	\N
166	1	6	details.skills	1	\N	\N	\N	\N	\N	\N
167	2	6	details.skills	3	\N	\N	\N	\N	\N	\N
168	3	6	details.skills	4	\N	\N	\N	\N	\N	\N
169	4	6	details.skills	2	\N	\N	\N	\N	\N	\N
170	5	6	details.skills	6	\N	\N	\N	\N	\N	\N
171	1	6	details.points	\N	4	\N	\N	\N	\N	\N
172	2	6	details.points	\N	6	\N	\N	\N	\N	\N
173	1	6	details.results	\N	\N	3	\N	\N	\N	\N
174	2	6	details.results	\N	\N	5	\N	\N	\N	\N
175	1	6	details.awards	\N	\N	\N	3	\N	\N	\N
176	2	6	details.awards	\N	\N	\N	2	\N	\N	\N
177	1	6	details.cars	\N	\N	\N	\N	2	\N	\N
178	2	6	details.cars	\N	\N	\N	\N	3	\N	\N
179	1	6	categories	\N	\N	\N	\N	\N	2	\N
180	2	6	categories	\N	\N	\N	\N	\N	8	\N
181	1	6	tags	\N	\N	\N	\N	\N	\N	3
182	2	6	tags	\N	\N	\N	\N	\N	\N	6
183	3	6	tags	\N	\N	\N	\N	\N	\N	8
184	4	6	tags	\N	\N	\N	\N	\N	\N	10
185	5	6	tags	\N	\N	\N	\N	\N	\N	12
493	1	1	details.skills	3	\N	\N	\N	\N	\N	\N
494	2	1	details.skills	2	\N	\N	\N	\N	\N	\N
495	3	1	details.skills	1	\N	\N	\N	\N	\N	\N
496	4	1	details.skills	6	\N	\N	\N	\N	\N	\N
497	5	1	details.skills	4	\N	\N	\N	\N	\N	\N
498	1	1	details.points	\N	2	\N	\N	\N	\N	\N
499	1	1	details.results	\N	\N	4	\N	\N	\N	\N
500	1	1	details.awards	\N	\N	\N	5	\N	\N	\N
501	1	1	details.cars	\N	\N	\N	\N	1	\N	\N
502	1	1	categories	\N	\N	\N	\N	\N	2	\N
503	2	1	categories	\N	\N	\N	\N	\N	6	\N
504	3	1	categories	\N	\N	\N	\N	\N	9	\N
505	4	1	categories	\N	\N	\N	\N	\N	11	\N
506	1	1	tags	\N	\N	\N	\N	\N	\N	2
507	2	1	tags	\N	\N	\N	\N	\N	\N	7
508	3	1	tags	\N	\N	\N	\N	\N	\N	8
322	1	4	details.skills	1	\N	\N	\N	\N	\N	\N
323	2	4	details.skills	2	\N	\N	\N	\N	\N	\N
324	3	4	details.skills	4	\N	\N	\N	\N	\N	\N
325	4	4	details.skills	3	\N	\N	\N	\N	\N	\N
326	5	4	details.skills	6	\N	\N	\N	\N	\N	\N
327	1	4	details.points	\N	6	\N	\N	\N	\N	\N
328	1	4	details.results	\N	\N	1	\N	\N	\N	\N
329	1	4	details.awards	\N	\N	\N	2	\N	\N	\N
330	1	4	details.cars	\N	\N	\N	\N	3	\N	\N
331	1	4	categories	\N	\N	\N	\N	\N	2	\N
332	2	4	categories	\N	\N	\N	\N	\N	7	\N
333	3	4	categories	\N	\N	\N	\N	\N	10	\N
334	4	4	categories	\N	\N	\N	\N	\N	14	\N
335	5	4	categories	\N	\N	\N	\N	\N	11	\N
336	1	4	tags	\N	\N	\N	\N	\N	\N	2
337	2	4	tags	\N	\N	\N	\N	\N	\N	6
338	3	4	tags	\N	\N	\N	\N	\N	\N	8
339	4	4	tags	\N	\N	\N	\N	\N	\N	9
340	5	4	tags	\N	\N	\N	\N	\N	\N	10
341	6	4	tags	\N	\N	\N	\N	\N	\N	11
342	7	4	tags	\N	\N	\N	\N	\N	\N	12
275	1	2	details.skills	6	\N	\N	\N	\N	\N	\N
276	2	2	details.skills	3	\N	\N	\N	\N	\N	\N
277	3	2	details.skills	1	\N	\N	\N	\N	\N	\N
278	4	2	details.skills	4	\N	\N	\N	\N	\N	\N
279	5	2	details.skills	2	\N	\N	\N	\N	\N	\N
280	1	2	details.points	\N	1	\N	\N	\N	\N	\N
281	1	2	details.results	\N	\N	1	\N	\N	\N	\N
282	1	2	details.awards	\N	\N	\N	4	\N	\N	\N
283	1	2	details.cars	\N	\N	\N	\N	2	\N	\N
284	2	2	details.cars	\N	\N	\N	\N	3	\N	\N
285	1	2	categories	\N	\N	\N	\N	\N	2	\N
286	2	2	categories	\N	\N	\N	\N	\N	8	\N
287	3	2	categories	\N	\N	\N	\N	\N	9	\N
288	4	2	categories	\N	\N	\N	\N	\N	11	\N
289	5	2	categories	\N	\N	\N	\N	\N	14	\N
290	1	2	tags	\N	\N	\N	\N	\N	\N	2
291	2	2	tags	\N	\N	\N	\N	\N	\N	6
292	3	2	tags	\N	\N	\N	\N	\N	\N	7
293	4	2	tags	\N	\N	\N	\N	\N	\N	8
294	5	2	tags	\N	\N	\N	\N	\N	\N	15
295	6	2	tags	\N	\N	\N	\N	\N	\N	10
296	7	2	tags	\N	\N	\N	\N	\N	\N	12
297	8	2	tags	\N	\N	\N	\N	\N	\N	22
298	9	2	tags	\N	\N	\N	\N	\N	\N	20
299	10	2	tags	\N	\N	\N	\N	\N	\N	17
300	11	2	tags	\N	\N	\N	\N	\N	\N	13
397	1	7	details.skills	5	\N	\N	\N	\N	\N	\N
398	2	7	details.skills	4	\N	\N	\N	\N	\N	\N
399	3	7	details.skills	3	\N	\N	\N	\N	\N	\N
400	1	7	details.points	\N	1	\N	\N	\N	\N	\N
401	1	7	details.results	\N	\N	1	\N	\N	\N	\N
402	1	7	details.awards	\N	\N	\N	5	\N	\N	\N
403	2	7	details.awards	\N	\N	\N	4	\N	\N	\N
404	1	7	details.cars	\N	\N	\N	\N	2	\N	\N
405	1	7	categories	\N	\N	\N	\N	\N	1	\N
406	2	7	categories	\N	\N	\N	\N	\N	5	\N
407	3	7	categories	\N	\N	\N	\N	\N	7	\N
408	1	7	tags	\N	\N	\N	\N	\N	\N	1
409	2	7	tags	\N	\N	\N	\N	\N	\N	6
410	3	7	tags	\N	\N	\N	\N	\N	\N	9
428	1	9	details.skills	2	\N	\N	\N	\N	\N	\N
429	2	9	details.skills	3	\N	\N	\N	\N	\N	\N
430	3	9	details.skills	1	\N	\N	\N	\N	\N	\N
431	4	9	details.skills	6	\N	\N	\N	\N	\N	\N
432	1	9	details.points	\N	1	\N	\N	\N	\N	\N
433	2	9	details.points	\N	10	\N	\N	\N	\N	\N
434	1	9	details.results	\N	\N	1	\N	\N	\N	\N
435	1	9	details.awards	\N	\N	\N	2	\N	\N	\N
436	1	9	details.cars	\N	\N	\N	\N	5	\N	\N
437	1	9	categories	\N	\N	\N	\N	\N	1	\N
438	1	9	tags	\N	\N	\N	\N	\N	\N	2
439	2	9	tags	\N	\N	\N	\N	\N	\N	8
440	3	9	tags	\N	\N	\N	\N	\N	\N	29
469	4	5	categories	\N	\N	\N	\N	\N	11	\N
470	5	5	categories	\N	\N	\N	\N	\N	6	\N
471	1	5	tags	\N	\N	\N	\N	\N	\N	3
472	2	5	tags	\N	\N	\N	\N	\N	\N	5
473	3	5	tags	\N	\N	\N	\N	\N	\N	9
474	4	5	tags	\N	\N	\N	\N	\N	\N	10
475	5	5	tags	\N	\N	\N	\N	\N	\N	7
476	6	5	tags	\N	\N	\N	\N	\N	\N	13
477	7	5	tags	\N	\N	\N	\N	\N	\N	14
478	8	5	tags	\N	\N	\N	\N	\N	\N	19
509	4	1	tags	\N	\N	\N	\N	\N	\N	6
510	5	1	tags	\N	\N	\N	\N	\N	\N	9
511	6	1	tags	\N	\N	\N	\N	\N	\N	12
512	7	1	tags	\N	\N	\N	\N	\N	\N	13
513	8	1	tags	\N	\N	\N	\N	\N	\N	15
514	9	1	tags	\N	\N	\N	\N	\N	\N	17
\.


--
-- Data for Name: entries; Type: TABLE DATA; Schema: public; Owner: afmuser
--

COPY public.entries (id, name, alias, basics_identifiers_number, basics_identifiers_plate, basics_description, details_session_id, details_status, details_grid_position, details_start_position, details_finish_position, details_laps_position, assets_thumbnail_id, generate_slug, slug, updated_at, created_at) FROM stdin;
6	AF Motorsport Guest Driver - Estoril 2026 Race 2	afm-guest-estoril-2026-r2	28	AFM-28	Second AF Motorsport entry for Race 2 of the Estoril season opener. Grid position determined by second-fastest qualifying lap.	5	Provisional	7	7	7	0	\N	f	af-motorsport-guest-driver---estoril-2026-race-2	2026-04-10 10:29:51.684+05:30	2026-04-10 00:33:24.952+05:30
5	AF Motorsport Guest Driver - Estoril 2026 Race 1	afm-guest-estoril-2026-r1	28	AFM-28	Second AF Motorsport entry for Race 1 of the Estoril season opener, fielding the team's Porsche 992 GT3 Cup Chassis 002. This entry provides competitive opportunity for a guest or development driver at the team's home event.	10	Provisional	8	8	8	0	\N	f	af-motorsport-guest-driver---estoril-2026-race-1	2026-04-10 10:30:05.204+05:30	2026-04-10 00:32:37.5+05:30
4	André Fernandes - PSCI Barcelona 2026 Race 2	fernandes-barcelona-2026-r2	27	AFM-27	Entry for André Fernandes in Race 2 of the Barcelona round. Grid position determined by second-fastest qualifying lap.	5	Confirmed	4	4	4	0	\N	f	andr-fernandes---psci-barcelona-2026-race-2	2026-04-10 10:30:23.793+05:30	2026-04-10 00:31:47.142+05:30
3	André Fernandes - PSCI Barcelona 2026 Race 1	fernandes-barcelona-2026-r1	27	AFM-27	Entry for André Fernandes in Race 1 of the Barcelona round of the 2026 Porsche Sprint Challenge Ibérica championship. The Circuit de Barcelona-Catalunya event represents the first Spanish venue of the season.	4	Confirmed	5	5	5	0	\N	f	andr-fernandes---psci-barcelona-2026-race-1	2026-04-10 10:30:34.361+05:30	2026-04-10 00:31:08.88+05:30
2	André Fernandes - PSCI Estoril 2026 Race 2	fernandes-estoril-2026-r2	27	AFM-27	Entry for André Fernandes in Race 2 of the 2026 Porsche Sprint Challenge Ibérica season opener at Autódromo do Estoril. Grid position determined by second-fastest qualifying lap per championship regulations.	2	Confirmed	2	2	2	0	\N	f	andr-fernandes---psci-estoril-2026-race-2	2026-04-10 10:30:49.245+05:30	2026-04-10 00:30:25.819+05:30
1	André Fernandes - PSCI Estoril 2026 Race 1	fernandes-estoril-2026-r1	27	AFM-27	Primary entry for André Fernandes in Race 1 of the 2026 Porsche Sprint Challenge Ibérica season opener at Autódromo do Estoril. This entry represents AF Motorsport's lead car competing for overall championship points at the team's home event.	1	Confirmed	3	3	3	0	\N	f	andr-fernandes---psci-estoril-2026-race-1	2026-04-10 10:31:06.569+05:30	2026-04-10 00:29:38.106+05:30
\.


--
-- Data for Name: entries_locales; Type: TABLE DATA; Schema: public; Owner: afmuser
--

COPY public.entries_locales (seo_title, seo_image_id, seo_description, id, _locale, _parent_id) FROM stdin;
\.


--
-- Data for Name: entries_rels; Type: TABLE DATA; Schema: public; Owner: afmuser
--

COPY public.entries_rels (id, "order", parent_id, path, media_id, categories_id, tags_id) FROM stdin;
1	1	6	categories	\N	3	\N
2	2	6	categories	\N	9	\N
3	3	6	categories	\N	12	\N
4	1	6	tags	\N	\N	4
5	2	6	tags	\N	\N	19
6	3	6	tags	\N	\N	30
7	1	5	categories	\N	2	\N
8	2	5	categories	\N	9	\N
9	1	5	tags	\N	\N	3
10	2	5	tags	\N	\N	10
11	3	5	tags	\N	\N	12
12	1	4	categories	\N	3	\N
13	2	4	categories	\N	9	\N
14	3	4	categories	\N	12	\N
15	1	4	tags	\N	\N	3
16	2	4	tags	\N	\N	8
17	3	4	tags	\N	\N	19
18	4	4	tags	\N	\N	20
19	1	3	categories	\N	1	\N
20	1	3	tags	\N	\N	7
21	2	3	tags	\N	\N	9
22	1	2	categories	\N	2	\N
23	2	2	categories	\N	1	\N
24	1	2	tags	\N	\N	7
25	2	2	tags	\N	\N	9
26	3	2	tags	\N	\N	10
27	1	1	categories	\N	4	\N
28	1	1	tags	\N	\N	2
29	2	1	tags	\N	\N	1
\.


--
-- Data for Name: events; Type: TABLE DATA; Schema: public; Owner: afmuser
--

COPY public.events (id, name, alias, basics_identifiers_code, basics_tagline, basics_description, details_status, details_access, details_season_id, details_location, details_history, details_start_date, details_end_date, details_notes, assets_thumbnail_id, assets_poster_id, assets_cover_id, generate_slug, slug, updated_at, created_at) FROM stdin;
3	PSCI Portimão Summer Challenge 2026	psci-portimao-summer-2026	PSCI-2026-R3	The Rollercoaster Awaits	The third round of the 2026 Porsche Sprint Challenge Ibérica championship at Autódromo Internacional do Algarve. Portimão's dramatic elevation changes and challenging layout provide one of the season's most demanding tests, with the circuit's unique character rewarding bravery and precise car control.	Scheduled	Public	3	0101000020E610000012143FC6DC9D4240151DC9E53F4421C0	{"root": {"type": "root", "format": "", "indent": 0, "version": 1, "children": [{"type": "paragraph", "format": "", "indent": 0, "version": 1, "children": [{"mode": "normal", "text": "Portimão has rapidly established itself as a driver favorite on the Iberian calendar, with the circuit's undulating profile and blind corners creating a unique challenge unmatched elsewhere in European motorsport. The track demands absolute commitment through the high-speed crests while maintaining precision through the technical final sector.", "type": "text", "style": "", "detail": 0, "format": 0, "version": 1}], "direction": null, "textStyle": "", "textFormat": 0}, {"type": "paragraph", "format": "", "indent": 0, "version": 1, "children": [{"mode": "normal", "text": "    ", "type": "text", "style": "", "detail": 0, "format": 0, "version": 1}], "direction": null, "textStyle": "", "textFormat": 0}, {"type": "paragraph", "format": "", "indent": 0, "version": 1, "children": [{"mode": "normal", "text": "    For AF Motorsport, Portimão represents a critical championship opportunity. The team's satellite facility at the circuit enables extensive preparation and testing, while the demanding nature of the layout rewards the meticulous setup work that characterizes the team's engineering approach. Strong results at Portimão have historically correlated with championship success.", "type": "text", "style": "", "detail": 0, "format": 0, "version": 1}], "direction": null, "textStyle": "", "textFormat": 0}], "direction": null}}	2026-06-13 17:00:00+05:30	2026-06-14 17:00:00+05:30	AF Motorsport satellite facility provides operational advantages. Extensive test data available from circuit.	\N	\N	\N	f	psci-portimo-summer-challenge-2026	2026-04-10 10:24:40.061+05:30	2026-04-09 19:52:18.319+05:30
1	PSCI Estoril Season Opener 2026	psci-estoril-opener-2026	PSCI-2026-R1	Home Race Season Launch	The opening round of the 2026 Porsche Sprint Challenge Ibérica championship at AF Motorsport's home circuit, Autódromo do Estoril. This marquee event launches the Iberian Porsche season with two sprint races supporting a comprehensive motorsport program including national championships and historic categories.	Scheduled	Public	1	0101000020E61000001CEBE2361A604340992A1895D4C922C0	{"root": {"type": "root", "format": "", "indent": 0, "version": 1, "children": [{"type": "paragraph", "format": "", "indent": 0, "version": 1, "children": [{"mode": "normal", "text": "Estoril has served as the traditional season opener for Portuguese and Iberian Porsche competition, with the circuit's technical demands providing an immediate test of off-season preparation and development. The 2026 opener carries particular significance for AF Motorsport as the team's home event, with extensive partner attendance, media coverage, and the opportunity to establish championship momentum from the first green flag.", "type": "text", "style": "", "detail": 0, "format": 0, "version": 1}], "direction": null, "textStyle": "", "textFormat": 0}, {"type": "paragraph", "format": "", "indent": 0, "version": 1, "children": [{"mode": "normal", "text": "    ", "type": "text", "style": "", "detail": 0, "format": 0, "version": 1}], "direction": null, "textStyle": "", "textFormat": 0}, {"type": "paragraph", "format": "", "indent": 0, "version": 1, "children": [{"mode": "normal", "text": "    The event format follows the championship standard with two 30-minute sprint races across the weekend. The Estoril layout's combination of high-speed commitment through the first sector and technical precision required through the final corners rewards well-prepared cars and confident drivers, typically producing compelling racing throughout the field.", "type": "text", "style": "", "detail": 0, "format": 0, "version": 1}], "direction": null, "textStyle": "", "textFormat": 0}], "direction": null}}	2026-03-28 17:00:00+05:30	2026-03-29 17:00:00+05:30	Home event for AF Motorsport. Enhanced partner activation and hospitality program. Track familiarization available Thursday.	\N	\N	\N	f	psci-estoril-season-opener-2026	2026-04-10 10:25:25.268+05:30	2026-04-09 19:48:15.817+05:30
5	PSCI Portimão Autumn Finale 2026	psci-portimao-finale-2026	PSCI-2026-R5	Championship Decider	The fifth and final round of the 2026 Porsche Sprint Challenge Ibérica championship, returning to Autódromo Internacional do Algarve for the season conclusion. The Portimão finale will determine the 2026 champions across all categories, with double points potentially available to maximize championship drama.	Scheduled	Public	5	0101000020E610000012143FC6DC9D4240151DC9E53F4421C0	{"root": {"type": "root", "format": "", "indent": 0, "version": 1, "children": [{"type": "paragraph", "format": "", "indent": 0, "version": 1, "children": [{"mode": "normal", "text": "The championship finale returning to Portimão has become tradition for the unified series, with the circuit's challenging nature and overtaking opportunities ensuring championship outcomes remain uncertain until the final laps. The event carries enhanced prestige with championship trophies presented at the circuit's impressive podium facility overlooking the main straight.", "type": "text", "style": "", "detail": 0, "format": 0, "version": 1}], "direction": null, "textStyle": "", "textFormat": 0}, {"type": "paragraph", "format": "", "indent": 0, "version": 1, "children": [{"mode": "normal", "text": "    ", "type": "text", "style": "", "detail": 0, "format": 0, "version": 1}], "direction": null, "textStyle": "", "textFormat": 0}, {"type": "paragraph", "format": "", "indent": 0, "version": 1, "children": [{"mode": "normal", "text": "    The autumn date often brings variable weather conditions to the Algarve, adding strategic complexity to championship-deciding races. Teams must balance championship considerations against competitive instincts, with conservative approaches sometimes yielding to the demands of securing essential points.", "type": "text", "style": "", "detail": 0, "format": 0, "version": 1}], "direction": null, "textStyle": "", "textFormat": 0}], "direction": null}}	2026-10-24 17:00:00+05:30	2026-10-25 17:00:00+05:30	Season finale with championship awards ceremony. Potential for variable autumn weather.	\N	\N	\N	f	psci-portimo-autumn-finale-2026	2026-04-10 10:23:28.504+05:30	2026-04-09 19:58:53.695+05:30
4	PSCI Jerez Midsummer Classic 2026	psci-jerez-midsummer-2026	PSCI-2026-R4	Andalusian Speed Festival	The fourth round of the 2026 Porsche Sprint Challenge Ibérica championship at Circuito de Jerez - Ángel Nieto. The Jerez event represents the championship's second Spanish round, with the circuit's flowing layout and stadium atmosphere creating one of the season's most memorable race weekends.	Scheduled	Public	4	0101000020E6100000DFE00B93A95A42404FAF9465882318C0	{"root": {"type": "root", "format": "", "indent": 0, "version": 1, "children": [{"type": "paragraph", "format": "", "indent": 0, "version": 1, "children": [{"mode": "normal", "text": "Jerez's combination of fast, flowing corners and tight, technical sections provides a comprehensive test of vehicle setup and driver adaptability. The circuit's smooth surface and consistent grip levels encourage aggressive driving, while the stadium section's amphitheater setting amplifies the spectator experience and competitive intensity.", "type": "text", "style": "", "detail": 0, "format": 0, "version": 1}], "direction": null, "textStyle": "", "textFormat": 0}, {"type": "paragraph", "format": "", "indent": 0, "version": 1, "children": [{"mode": "normal", "text": "    ", "type": "text", "style": "", "detail": 0, "format": 0, "version": 1}], "direction": null, "textStyle": "", "textFormat": 0}, {"type": "paragraph", "format": "", "indent": 0, "version": 1, "children": [{"mode": "normal", "text": "    The Andalusian climate typically provides stable, warm conditions ideal for consistent performance, though the region's heat can challenge tire management and driver endurance during race distances. The event's midsummer date often positions it as a championship turning point, with title contenders emerging as the season enters its second half.", "type": "text", "style": "", "detail": 0, "format": 0, "version": 1}], "direction": null, "textStyle": "", "textFormat": 0}], "direction": null}}	2026-07-11 17:00:00+05:30	2026-07-12 17:00:00+05:30	Potential for high ambient and track temperatures requiring enhanced thermal management.	\N	\N	\N	f	psci-jerez-midsummer-classic-2026	2026-04-10 10:23:58.451+05:30	2026-04-09 19:57:22.161+05:30
2	PSCI Barcelona Spring Race 2026	psci-barcelona-spring-2026	PSCI-2026-R2	Championship Continues at Catalunya	The second round of the 2026 Porsche Sprint Challenge Ibérica championship at Circuit de Barcelona-Catalunya. This event marks the championship's first Spanish venue of the season and provides a contrasting challenge to the Estoril opener with Barcelona's flowing layout and emphasis on aerodynamic performance.	Scheduled	Public	2	0101000020E6100000295C8FC2F5C8444082E2C798BB160240	{"root": {"type": "root", "format": "", "indent": 0, "version": 1, "children": [{"type": "paragraph", "format": "", "indent": 0, "version": 1, "children": [{"mode": "normal", "text": "Barcelona's inclusion on the championship calendar provides teams with data from a circuit extensively used in European motorsport, enabling meaningful performance benchmarking against regional competition. The circuit's balanced layout rewards efficient aerodynamics, strong traction from slow corners, and driver confidence through high-speed direction changes.", "type": "text", "style": "", "detail": 0, "format": 0, "version": 1}], "direction": null, "textStyle": "", "textFormat": 0}, {"type": "paragraph", "format": "", "indent": 0, "version": 1, "children": [{"mode": "normal", "text": "    ", "type": "text", "style": "", "detail": 0, "format": 0, "version": 1}], "direction": null, "textStyle": "", "textFormat": 0}, {"type": "paragraph", "format": "", "indent": 0, "version": 1, "children": [{"mode": "normal", "text": "    The event typically features strong local attendance as Spanish competitors and fans embrace the championship's first domestic round of the season. The professional circuit facilities and extensive runoff areas encourage committed driving, with the long main straight and heavy braking zone into Turn 1 creating the championship's premier overtaking opportunity.", "type": "text", "style": "", "detail": 0, "format": 0, "version": 1}], "direction": null, "textStyle": "", "textFormat": 0}], "direction": null}}	2026-04-25 17:00:00+05:30	2026-04-26 17:00:00+05:30	First Spanish round of 2026 season. Extensive setup data available from circuit familiarity.	\N	\N	\N	f	psci-barcelona-spring-race-2026	2026-04-10 10:24:59.977+05:30	2026-04-09 19:50:01.002+05:30
6	Rampa Porca de Murça 2026	rampa-porca-de-murca-2026	RPM-2026	Portugal's Ultimate Hillclimb Challenge	The 2026 edition of the legendary Rampa Porca de Murça brings Portugal's premier hillclimb competition to the challenging roads of Murça. AF Motorsport enters with a two-car Porsche lineup featuring André Fernandes in the 991.2 GT3 R making his GT3 R debut and Gabriela Correia in the 991.2 GT3 Cup.	Scheduled	Public	4	0101000020E6100000F9A067B3EAB344401B9E5E29CBD01DC0	{"root": {"type": "root", "format": "", "indent": 0, "version": 1, "children": [{"type": "paragraph", "format": "", "indent": 0, "version": 1, "children": [{"mode": "normal", "text": "The Rampa Porca de Murça continues a tradition of Portuguese hillclimb excellence spanning over three decades. Building upon the memorable 2025 edition, the 2026 event promises intensified competition with AF Motorsport's expanded Porsche program adding GT3 machinery to the traditional hillclimb field.", "type": "text", "style": "", "detail": 0, "format": 0, "version": 1}], "direction": null, "textStyle": "", "textFormat": 0}, {"type": "paragraph", "format": "", "indent": 0, "version": 1, "children": [{"mode": "normal", "text": "    ", "type": "text", "style": "", "detail": 0, "format": 0, "version": 1}], "direction": null, "textStyle": "", "textFormat": 0}, {"type": "paragraph", "format": "", "indent": 0, "version": 1, "children": [{"mode": "normal", "text": "    The event challenges drivers with its combination of technical sections demanding precision and high-speed commitments requiring absolute bravery. The road's memory of past competitions creates an almost mythical quality that drivers reference when describing the Murça experience.", "type": "text", "style": "", "detail": 0, "format": 0, "version": 1}], "direction": null, "textStyle": "", "textFormat": 0}], "direction": null}}	2026-03-28 17:00:00+05:30	2026-03-29 17:00:00+05:30	Two-day format with Saturday practice runs and Sunday timed competition. AF Motorsport fielding two Porsche entries. Gabriela Correia making AF Motorsport debut. André Fernandes making GT3 R debut.	\N	\N	\N	f	rampa-porca-de-mura	2026-04-10 15:55:09.525+05:30	2026-04-10 15:54:59.688+05:30
8	Barcelona Winter Series Finale 2026	barcelona-winter-series-finale-2026	GTWS-FINALE-2026	Season Finale at the Catalan Classic	The GT Winter Series concludes its 2026 season at Circuit de Barcelona-Catalunya with the championship finale. AF Motorsport fields a significant multi-car entry headlined by the father-son duo of Felipe Massa and Pipo Massa sharing a Porsche 992 GT3 Cup, with additional entries in GT3 and Cup classes.	Completed	Public	2	0101000020E6100000295C8FC2F5C844400000000000000040	{"root": {"type": "root", "format": "", "indent": 0, "version": 1, "children": [{"type": "paragraph", "format": "", "indent": 0, "version": 1, "children": [{"mode": "normal", "text": "The Barcelona Winter Series has established itself as the premier winter competition in European motorsport, attracting international talent and providing essential preparation for the upcoming season. The 2026 edition featured compelling storylines including Felipe Massa's return to competitive GT racing alongside his son Pipo.", "type": "text", "style": "", "detail": 0, "format": 0, "version": 1}], "direction": null, "textStyle": "", "textFormat": 0}, {"type": "paragraph", "format": "", "indent": 0, "version": 1, "children": [{"mode": "normal", "text": "    ", "type": "text", "style": "", "detail": 0, "format": 0, "version": 1}], "direction": null, "textStyle": "", "textFormat": 0}, {"type": "paragraph", "format": "", "indent": 0, "version": 1, "children": [{"mode": "normal", "text": "    The event delivered memorable moments including Pipo Massa's first European victory in wet conditions during Race 1, followed by the adversity of a Race 2 retirement due to contact from another competitor. The weekend demonstrated both the highs and lows inherent in motorsport competition.", "type": "text", "style": "", "detail": 0, "format": 0, "version": 1}], "direction": null, "textStyle": "", "textFormat": 0}], "direction": null}}	2026-03-13 17:00:00+05:30	2026-03-15 17:00:00+05:30	Season finale with multiple AF Motorsport entries across classes. Featured first European victory for Pipo Massa. Felipe Massa's return to competitive GT racing generated significant media attention.	\N	\N	93	f	barcelona-winter-series-finale-2026	2026-04-25 18:10:39.041+05:30	2026-04-10 15:56:33.065+05:30
\.


--
-- Data for Name: events_locales; Type: TABLE DATA; Schema: public; Owner: afmuser
--

COPY public.events_locales (seo_title, seo_image_id, seo_description, id, _locale, _parent_id) FROM stdin;
\.


--
-- Data for Name: events_rels; Type: TABLE DATA; Schema: public; Owner: afmuser
--

COPY public.events_rels (id, "order", parent_id, path, media_id, categories_id, tags_id) FROM stdin;
1	1	5	categories	\N	1	\N
2	2	5	categories	\N	4	\N
3	3	5	categories	\N	3	\N
4	4	5	categories	\N	9	\N
5	5	5	categories	\N	11	\N
6	6	5	categories	\N	10	\N
7	7	5	categories	\N	13	\N
8	8	5	categories	\N	14	\N
9	1	5	tags	\N	\N	2
10	2	5	tags	\N	\N	5
11	3	5	tags	\N	\N	9
12	4	5	tags	\N	\N	7
13	5	5	tags	\N	\N	6
14	6	5	tags	\N	\N	10
15	7	5	tags	\N	\N	8
16	8	5	tags	\N	\N	11
17	9	5	tags	\N	\N	4
18	10	5	tags	\N	\N	12
19	1	4	categories	\N	1	\N
20	2	4	categories	\N	3	\N
21	3	4	categories	\N	6	\N
22	4	4	categories	\N	8	\N
23	5	4	categories	\N	10	\N
24	6	4	categories	\N	9	\N
25	7	4	categories	\N	12	\N
26	8	4	categories	\N	7	\N
27	9	4	categories	\N	14	\N
28	1	4	tags	\N	\N	2
29	2	4	tags	\N	\N	1
30	3	4	tags	\N	\N	5
31	4	4	tags	\N	\N	7
32	5	4	tags	\N	\N	8
33	6	4	tags	\N	\N	6
34	7	4	tags	\N	\N	10
35	8	4	tags	\N	\N	11
36	9	4	tags	\N	\N	12
37	1	3	categories	\N	1	\N
38	2	3	categories	\N	4	\N
39	3	3	categories	\N	6	\N
40	4	3	categories	\N	9	\N
41	5	3	categories	\N	11	\N
42	6	3	categories	\N	7	\N
43	7	3	categories	\N	13	\N
44	8	3	categories	\N	10	\N
45	9	3	categories	\N	16	\N
46	10	3	categories	\N	14	\N
47	11	3	categories	\N	8	\N
48	1	3	tags	\N	\N	2
49	2	3	tags	\N	\N	4
50	3	3	tags	\N	\N	6
51	4	3	tags	\N	\N	9
52	5	3	tags	\N	\N	10
53	6	3	tags	\N	\N	5
54	7	3	tags	\N	\N	12
55	8	3	tags	\N	\N	8
56	9	3	tags	\N	\N	7
57	10	3	tags	\N	\N	13
58	11	3	tags	\N	\N	14
59	12	3	tags	\N	\N	11
60	1	2	categories	\N	2	\N
61	2	2	categories	\N	5	\N
62	3	2	categories	\N	7	\N
63	4	2	categories	\N	8	\N
64	5	2	categories	\N	11	\N
65	1	2	tags	\N	\N	2
66	2	2	tags	\N	\N	5
67	3	2	tags	\N	\N	8
68	4	2	tags	\N	\N	9
69	5	2	tags	\N	\N	7
70	6	2	tags	\N	\N	10
71	1	1	categories	\N	4	\N
72	2	1	categories	\N	6	\N
73	3	1	categories	\N	9	\N
74	4	1	categories	\N	8	\N
75	5	1	categories	\N	3	\N
76	6	1	categories	\N	11	\N
77	1	1	tags	\N	\N	2
78	2	1	tags	\N	\N	4
79	3	1	tags	\N	\N	5
80	4	1	tags	\N	\N	7
81	5	1	tags	\N	\N	9
82	6	1	tags	\N	\N	6
83	7	1	tags	\N	\N	11
92	1	6	categories	\N	2	\N
93	2	6	categories	\N	1	\N
94	3	6	categories	\N	7	\N
95	1	6	tags	\N	\N	1
96	2	6	tags	\N	\N	3
97	3	6	tags	\N	\N	4
98	4	6	tags	\N	\N	7
99	5	6	tags	\N	\N	10
\.


--
-- Data for Name: footer; Type: TABLE DATA; Schema: public; Owner: afmuser
--

COPY public.footer (id, brand_enable, brand_logo_id, brand_tagline, brand_description, cta_enable, cta_headline, cta_subtext, cta_button_label, cta_link_type, cta_link_new_tab, cta_link_url, cta_link_label, copyright, updated_at, created_at) FROM stdin;
1	t	\N	Built to race. Built to last.	AF Motorsport is a competitive racing team with an obsession for craft, culture, and the pursuit of glory. We build machines, develop people, and tell the stories that endure.	t	Ready to join us?	Whether you race, engineer, design, or simply believe in what we build — there is a place for you inside AF Motorsport.	Explore Careers	custom	f	/careers	Explore Careers	© 2025 AF Motorsport. All rights reserved.	2026-04-26 15:00:39.778+05:30	2026-04-09 10:57:50.216+05:30
\.


--
-- Data for Name: footer_columns; Type: TABLE DATA; Schema: public; Owner: afmuser
--

COPY public.footer_columns (_order, _parent_id, id, label, visible) FROM stdin;
1	1	69e76455a1cd019ada83511d	Calendar	t
2	1	69d738d6bcec256e15dc9108	Competition	t
3	1	69d738d6bcec256e15dc910e	The Team	t
4	1	69d738d6bcec256e15dc911a	Opportunities	t
5	1	69d738d6bcec256e15dc9114	Resources	t
6	1	69d738d6bcec256e15dc9120	Company	t
\.


--
-- Data for Name: footer_columns_links; Type: TABLE DATA; Schema: public; Owner: afmuser
--

COPY public.footer_columns_links (_order, _parent_id, id, label, link_type, link_new_tab, link_url, link_label, visible) FROM stdin;
1	69e76455a1cd019ada83511d	69d738d6bcec256e15dc9103	Calendar	custom	f	/calendar#championships	Championships	t
2	69e76455a1cd019ada83511d	69e764afa1cd019ada83511f	Championships	custom	\N	/calendar#championships	Championships	t
3	69e76455a1cd019ada83511d	69e764d1a1cd019ada835120	Races	custom	\N	/calendar#races	Races	t
1	69d738d6bcec256e15dc9108	69e76502a1cd019ada835121	Competition	custom	\N	/competition	Competition	t
2	69d738d6bcec256e15dc9108	69d738d6bcec256e15dc9104	Series	custom	f	/competition#series	Series	t
3	69d738d6bcec256e15dc9108	69e762f7a1cd019ada83511b	Seasons	custom	f	/competition#seasons	Seasons	t
4	69d738d6bcec256e15dc9108	69e76515a1cd019ada835122	Events	custom	\N	/competition#events	Events	t
5	69d738d6bcec256e15dc9108	69e76302a1cd019ada83511c	Sessions	custom	f	/competition#sessions	Sessions	t
6	69d738d6bcec256e15dc9108	69e76538a1cd019ada835123	Circuits	custom	\N	/competition#circuits	Circuits	t
1	69d738d6bcec256e15dc910e	69d738d6bcec256e15dc9109	Teams	custom	f	/teams	Teams	t
2	69d738d6bcec256e15dc910e	69d738d6bcec256e15dc910a	Drivers	custom	f	http://localhost:3000/teams/af-motorsport#drivers	Drivers	t
3	69d738d6bcec256e15dc910e	69d738d6bcec256e15dc910b	Leaders	custom	f	http://localhost:3000/teams/af-motorsport#leaders	Leaders	t
1	69d738d6bcec256e15dc911a	69d738d6bcec256e15dc9116	Programs	custom	f	/opportunities#programs	Programs	t
2	69d738d6bcec256e15dc911a	69d738d6bcec256e15dc9115	Onboardings	custom	f	/opportunities#onboardings	Onboardings	t
3	69d738d6bcec256e15dc911a	69d738d6bcec256e15dc9117	Vacancies	custom	f	/opportunities#vacancies	Vacancies	t
4	69d738d6bcec256e15dc911a	69d738d6bcec256e15dc9118	Meetups	custom	f	/opportunities#meetups	Meetups	t
1	69d738d6bcec256e15dc9114	69de4d1ddd28254f8f4ff880	Resources	custom	\N	/resources	Resources	t
2	69d738d6bcec256e15dc9114	69d738d6bcec256e15dc910f	Cars	custom	f	/resources#cars	Cars	t
3	69d738d6bcec256e15dc9114	69d738d6bcec256e15dc9110	Garages	custom	f	/resources#garages	Garages	t
4	69d738d6bcec256e15dc9114	69d738d6bcec256e15dc9111	Helmets	custom	f	/resources#helmets	Helmets	t
5	69d738d6bcec256e15dc9114	69d738d6bcec256e15dc9112	Suits	custom	f	/resources#suits	Suits	t
1	69d738d6bcec256e15dc9120	69d738d6bcec256e15dc911b	About Us	custom	f	/about	About Us	t
2	69d738d6bcec256e15dc9120	69d738d6bcec256e15dc911c	Contact	custom	f	/contact	Contact	t
3	69d738d6bcec256e15dc9120	69d738d6bcec256e15dc911d	Plans	custom	f	/about#plans	Plans	t
4	69d738d6bcec256e15dc9120	69e76648a1cd019ada835124	Initiatives	custom	\N	/about#initiatives	Initiatives	t
5	69d738d6bcec256e15dc9120	69e76661a1cd019ada835125	Hospitality	custom	\N	/about#hospitalities	Hospitality	t
6	69d738d6bcec256e15dc9120	69d738d6bcec256e15dc911e	Shop	custom	f	/shop	Shop	t
\.


--
-- Data for Name: footer_legal; Type: TABLE DATA; Schema: public; Owner: afmuser
--

COPY public.footer_legal (_order, _parent_id, id, label, link_type, link_new_tab, link_url, link_label, visible) FROM stdin;
1	1	69d738d6bcec256e15dc9121	Privacy Policy	custom	f	/legal/privacy	Privacy Policy	t
2	1	69d738d6bcec256e15dc9122	Terms of Use	custom	f	/legal/terms	Terms of Use	t
3	1	69d738d6bcec256e15dc9123	Cookie Policy	custom	f	/legal/cookies	Cookie Policy	t
\.


--
-- Data for Name: footer_rels; Type: TABLE DATA; Schema: public; Owner: afmuser
--

COPY public.footer_rels (id, "order", parent_id, path, pages_id) FROM stdin;
\.


--
-- Data for Name: form_submissions; Type: TABLE DATA; Schema: public; Owner: afmuser
--

COPY public.form_submissions (id, form_id, updated_at, created_at) FROM stdin;
\.


--
-- Data for Name: form_submissions_submission_data; Type: TABLE DATA; Schema: public; Owner: afmuser
--

COPY public.form_submissions_submission_data (_order, _parent_id, id, field, value) FROM stdin;
\.


--
-- Data for Name: forms; Type: TABLE DATA; Schema: public; Owner: afmuser
--

COPY public.forms (id, title, confirmation_type, redirect_url, updated_at, created_at) FROM stdin;
1	Vacancies	message	\N	2026-04-27 23:12:48.573+05:30	2026-04-27 23:12:48.572+05:30
\.


--
-- Data for Name: forms_blocks_checkbox; Type: TABLE DATA; Schema: public; Owner: afmuser
--

COPY public.forms_blocks_checkbox (_order, _parent_id, _path, id, name, width, required, default_value, block_name) FROM stdin;
11	1	fields	69ef9f7fd1178513eb98f6db	travelwillingness	100	\N	\N	travelwillingness
\.


--
-- Data for Name: forms_blocks_checkbox_locales; Type: TABLE DATA; Schema: public; Owner: afmuser
--

COPY public.forms_blocks_checkbox_locales (label, id, _locale, _parent_id) FROM stdin;
Willingness to Travel	1	en	69ef9f7fd1178513eb98f6db
\.


--
-- Data for Name: forms_blocks_country; Type: TABLE DATA; Schema: public; Owner: afmuser
--

COPY public.forms_blocks_country (_order, _parent_id, _path, id, name, width, required, block_name) FROM stdin;
6	1	fields	69ef9ebbd1178513eb98f6d4	country	50	t	country
\.


--
-- Data for Name: forms_blocks_country_locales; Type: TABLE DATA; Schema: public; Owner: afmuser
--

COPY public.forms_blocks_country_locales (label, id, _locale, _parent_id) FROM stdin;
Country	1	en	69ef9ebbd1178513eb98f6d4
\.


--
-- Data for Name: forms_blocks_email; Type: TABLE DATA; Schema: public; Owner: afmuser
--

COPY public.forms_blocks_email (_order, _parent_id, _path, id, name, width, required, block_name) FROM stdin;
3	1	fields	69ef9e91d1178513eb98f6d2	email	100	t	email
\.


--
-- Data for Name: forms_blocks_email_locales; Type: TABLE DATA; Schema: public; Owner: afmuser
--

COPY public.forms_blocks_email_locales (label, id, _locale, _parent_id) FROM stdin;
Email Address	1	en	69ef9e91d1178513eb98f6d2
\.


--
-- Data for Name: forms_blocks_message; Type: TABLE DATA; Schema: public; Owner: afmuser
--

COPY public.forms_blocks_message (_order, _parent_id, _path, id, block_name) FROM stdin;
\.


--
-- Data for Name: forms_blocks_message_locales; Type: TABLE DATA; Schema: public; Owner: afmuser
--

COPY public.forms_blocks_message_locales (message, id, _locale, _parent_id) FROM stdin;
\.


--
-- Data for Name: forms_blocks_number; Type: TABLE DATA; Schema: public; Owner: afmuser
--

COPY public.forms_blocks_number (_order, _parent_id, _path, id, name, width, default_value, required, block_name) FROM stdin;
7	1	fields	69ef9f0fd1178513eb98f6d6	experience	50	2	\N	experience
\.


--
-- Data for Name: forms_blocks_number_locales; Type: TABLE DATA; Schema: public; Owner: afmuser
--

COPY public.forms_blocks_number_locales (label, id, _locale, _parent_id) FROM stdin;
Experience	1	en	69ef9f0fd1178513eb98f6d6
\.


--
-- Data for Name: forms_blocks_select; Type: TABLE DATA; Schema: public; Owner: afmuser
--

COPY public.forms_blocks_select (_order, _parent_id, _path, id, name, width, placeholder, required, block_name) FROM stdin;
\.


--
-- Data for Name: forms_blocks_select_locales; Type: TABLE DATA; Schema: public; Owner: afmuser
--

COPY public.forms_blocks_select_locales (label, default_value, id, _locale, _parent_id) FROM stdin;
\.


--
-- Data for Name: forms_blocks_select_options; Type: TABLE DATA; Schema: public; Owner: afmuser
--

COPY public.forms_blocks_select_options (_order, _parent_id, id, value) FROM stdin;
\.


--
-- Data for Name: forms_blocks_select_options_locales; Type: TABLE DATA; Schema: public; Owner: afmuser
--

COPY public.forms_blocks_select_options_locales (label, id, _locale, _parent_id) FROM stdin;
\.


--
-- Data for Name: forms_blocks_state; Type: TABLE DATA; Schema: public; Owner: afmuser
--

COPY public.forms_blocks_state (_order, _parent_id, _path, id, name, width, required, block_name) FROM stdin;
5	1	fields	69ef9ebfd1178513eb98f6d5	state	50	t	state
\.


--
-- Data for Name: forms_blocks_state_locales; Type: TABLE DATA; Schema: public; Owner: afmuser
--

COPY public.forms_blocks_state_locales (label, id, _locale, _parent_id) FROM stdin;
State	1	en	69ef9ebfd1178513eb98f6d5
\.


--
-- Data for Name: forms_blocks_text; Type: TABLE DATA; Schema: public; Owner: afmuser
--

COPY public.forms_blocks_text (_order, _parent_id, _path, id, name, width, required, block_name) FROM stdin;
1	1	fields	69ef9e1dd1178513eb98f6d0	firstname	50	t	firstname
2	1	fields	69ef9e36d1178513eb98f6d1	lastname	50	t	lastname
4	1	fields	69ef9ea1d1178513eb98f6d3	phonenumber	100	t	phonenumber
8	1	fields	69ef9f36d1178513eb98f6d9	competitionlevel	50	\N	competitionlevel
9	1	fields	69ef9f61d1178513eb98f6da	visastatus	50	\N	visastatus
10	1	fields	69ef9f94d1178513eb98f6dc	licensenumber	50	\N	licensenumber
\.


--
-- Data for Name: forms_blocks_text_locales; Type: TABLE DATA; Schema: public; Owner: afmuser
--

COPY public.forms_blocks_text_locales (label, default_value, id, _locale, _parent_id) FROM stdin;
First Name	Enter your first name	1	en	69ef9e1dd1178513eb98f6d0
Last Name	Enter your last name	2	en	69ef9e36d1178513eb98f6d1
Phone Number	Enter your phone number	3	en	69ef9ea1d1178513eb98f6d3
Competition Level	Highest level of competition partication	4	en	69ef9f36d1178513eb98f6d9
Visa Status	Enter your current visa status	5	en	69ef9f61d1178513eb98f6da
Racing License Number	Enter your legal racing license number	6	en	69ef9f94d1178513eb98f6dc
\.


--
-- Data for Name: forms_blocks_textarea; Type: TABLE DATA; Schema: public; Owner: afmuser
--

COPY public.forms_blocks_textarea (_order, _parent_id, _path, id, name, width, required, block_name) FROM stdin;
12	1	fields	69ef9fbed1178513eb98f6dd	explanation	100	\N	explanation
\.


--
-- Data for Name: forms_blocks_textarea_locales; Type: TABLE DATA; Schema: public; Owner: afmuser
--

COPY public.forms_blocks_textarea_locales (label, default_value, id, _locale, _parent_id) FROM stdin;
Cover Letter	Explain what interested you to join our team.	1	en	69ef9fbed1178513eb98f6dd
\.


--
-- Data for Name: forms_emails; Type: TABLE DATA; Schema: public; Owner: afmuser
--

COPY public.forms_emails (_order, _parent_id, id, email_to, cc, bcc, reply_to, email_from) FROM stdin;
\.


--
-- Data for Name: forms_emails_locales; Type: TABLE DATA; Schema: public; Owner: afmuser
--

COPY public.forms_emails_locales (subject, message, id, _locale, _parent_id) FROM stdin;
\.


--
-- Data for Name: forms_locales; Type: TABLE DATA; Schema: public; Owner: afmuser
--

COPY public.forms_locales (submit_button_label, confirmation_message, id, _locale, _parent_id) FROM stdin;
Send Application	{"root": {"type": "root", "format": "", "indent": 0, "version": 1, "children": [{"type": "paragraph", "format": "", "indent": 0, "version": 1, "children": [{"mode": "normal", "text": "Thank you for your interest in joining our team.", "type": "text", "style": "", "detail": 0, "format": 0, "version": 1}], "direction": null, "textStyle": "", "textFormat": 0}, {"type": "paragraph", "format": "", "indent": 0, "version": 1, "children": [{"mode": "normal", "text": "We received your application to join us.", "type": "text", "style": "", "detail": 0, "format": 0, "version": 1}], "direction": null, "textStyle": "", "textFormat": 0}, {"type": "paragraph", "format": "", "indent": 0, "version": 1, "children": [], "direction": null, "textStyle": "", "textFormat": 0}, {"type": "paragraph", "format": "", "indent": 0, "version": 1, "children": [{"mode": "normal", "text": "We will get back you at our earliest.", "type": "text", "style": "", "detail": 0, "format": 0, "version": 1}], "direction": null, "textStyle": "", "textFormat": 0}], "direction": null}}	1	en	1
\.


--
-- Data for Name: garages; Type: TABLE DATA; Schema: public; Owner: afmuser
--

COPY public.garages (id, name, alias, basics_identifiers_code, basics_tagline, basics_description, details_type, details_capacity, details_size_sq_m, details_accessibility, details_start_date, details_end_date, details_location, details_ownership_id, details_history, details_notes, assets_thumbnail_id, assets_cover_id, generate_slug, slug, updated_at, created_at) FROM stdin;
2	AF Motorsport Portimão Test Facility	afm-portimao-test-facility	AFM-PTF-001	Southern Testing Operations Base	Satellite facility maintained at Autódromo Internacional do Algarve for extended testing programs and southern Portugal operations. This leased garage space provides permanent infrastructure at Portimão, eliminating transport logistics for frequent testing and enabling immediate track access for development programs.\n	Permanent	2	85	Restricted	2024-06-01 17:00:00+05:30	\N	0101000020E6100000D9CEF753E39D42403108AC1C5A4421C0	5	{"root": {"type": "root", "format": "", "indent": 0, "version": 1, "children": [{"type": "paragraph", "format": "", "indent": 0, "version": 1, "children": [{"mode": "normal", "text": "The Portimão satellite facility was established in mid-2024 in response to increased testing demands at the Algarve circuit. Prior to this facility, each Portimão test required complete equipment transport from Estoril, adding signific", "type": "text", "style": "", "detail": 0, "format": 0, "version": 1}], "direction": null, "textStyle": "", "textFormat": 0}, {"type": "paragraph", "format": "", "indent": 0, "version": 1, "children": [{"mode": "normal", "text": "The facility operates on an annual lease arrangement and is utilized approximately twenty days per season for scheduled testing, driver development programs, and pre-event preparation before Portimão race weekends. The location has proven particularly valuable for winter testing when Estoril's climate can be less favorable.", "type": "text", "style": "", "detail": 0, "format": 0, "version": 1}], "direction": null, "textStyle": "", "textFormat": 0}], "direction": null}}	 Facility shared with partner team under storage agreement. Access coordinated through circuit management. Annual lease renewal June 1.\n	\N	\N	f	af-motorsport-portimo-test-facility	2026-04-10 10:29:52.727+05:30	2026-04-09 19:28:38.025+05:30
3	AF Motorsport Karting Base	afm-karting-base	AFM-KB-001	Karting Program Operations Center	Dedicated facility at Estoril Kartódromo supporting AF Motorsport's karting development programs, driver assessments, and corporate karting events. The facility provides kart preparation, storage, and trackside support infrastructure specifically configured for karting operations.	Permanent	6	45	Restricted	2023-09-01 17:00:00+05:30	\N	0101000020E61000000EBE30992A604340D3DEE00B93C922C0	7	{"root": {"type": "root", "format": "", "indent": 0, "version": 1, "children": [{"type": "paragraph", "format": "", "indent": 0, "version": 1, "children": [{"mode": "normal", "text": "The karting base was established in late 2023 as AF Motorsport formalized its driver development pathway through karting. The facility's location adjacent to the Estoril Kartódromo circuit enables efficient testing and training operations with immediate track access. The base supports the team's fleet of development karts and provides a professional environment for introducing young drivers to structured motorsport preparation.", "type": "text", "style": "", "detail": 0, "format": 0, "version": 1}], "direction": null, "textStyle": "", "textFormat": 0}, {"type": "paragraph", "format": "", "indent": 0, "version": 1, "children": [{"mode": "normal", "text": "The facility has become an important recruitment tool, allowing prospective drivers and their families to experience AF Motorsport's professional standards and development philosophy in an accessible format. Several current team drivers began their AF Motorsport relationship through assessment days conducted at this facility.", "type": "text", "style": "", "detail": 0, "format": 0, "version": 1}], "direction": null, "textStyle": "", "textFormat": 0}], "direction": null}}	Operates under Kartódromo regulations. Junior driver supervision protocols in place. Facility available for corporate event support.	\N	\N	f	af-motorsport-karting-base	2026-04-10 10:31:25.443+05:30	2026-04-09 19:28:55.27+05:30
5	AF Motorsport Estoril Workshop	afm-estoril-workshop	AFM-WS-001	Team Headquarters and Primary Operations Center	Main workshop facility located within the Autódromo do Estoril paddock complex serving as AF Motorsport's headquarters, race preparation center, and operational hub. The facility comprises three interconnected garage units totaling 180 square meters of workspace configured for vehicle preparation, engineering operations, parts storage, and team administration. The workshop's location within the circuit provides direct pit lane access and enables efficient testing operations with minimal logistical overhead.	Permanent	4	180	Restricted	2020-03-01 17:00:00+05:30	2026-04-10 17:00:00+05:30	0101000020E61000008048BF7D1D604340448B6CE7FBC922C0	7	{"root": {"type": "root", "format": "", "indent": 0, "version": 1, "children": [{"type": "paragraph", "format": "", "indent": 0, "version": 1, "children": [{"mode": "normal", "text": "The Estoril workshop was established in March 2020 as AF Motorsport's first permanent facility, marking the organization's transition from trackside-only operations to a fully professional team structure. The initial configuration comprised a single garage unit with basic preparation capability. Following competitive success and expanded programs, the facility underwent two significant expansions: in 2022, a second adjacent unit was acquired enabling separate preparation areas for primary and development cars; in 2024, a third unit was added to accommodate the expanded Porsche program and simulator installation.", "type": "text", "style": "", "detail": 0, "format": 0, "version": 1}], "direction": null, "textStyle": "", "textFormat": 0}], "direction": null}}	 Workshop operates under Autódromo do Estoril paddock regulations. Access restricted to team personnel and authorized visitors. Noise restrictions apply 22:00-08:00. Annual facility lease renewed December 1.	\N	\N	f	af-motorsport-estoril-workshop	2026-04-10 10:34:02.041+05:30	2026-04-09 19:31:42.17+05:30
1	AF Motorsport Trackside Garage	afm-trackside-garage	AFM-TS-001	Mobile Race Event Operations	Standardized trackside garage configuration deployed at race events across the Porsche Sprint Challenge Ibérica calendar and selected international competitions. This mobile operation transforms allocated circuit garage space into a fully functional AF Motorsport preparation facility, maintaining consistent workflow and professional presentation regardless of venue.	Temporary	2	60	Paddock	2024-03-15 17:00:00+05:30	2026-10-31 17:00:00+05:30	0101000020E6100000992A1895D4C922C01CEBE2361A604340	4	{"root": {"type": "root", "format": "", "indent": 0, "version": 1, "children": [{"type": "paragraph", "format": "", "indent": 0, "version": 1, "children": [], "direction": null, "textStyle": "", "textFormat": 0}, {"type": "paragraph", "format": "", "indent": 0, "version": 1, "children": [{"mode": "normal", "text": " The trackside garage configuration evolved from the team's early race experiences, with continuous refinement based on operational learnings. The current specification was developed during the 2024 season and standardized for the expanded 2025 Porsche program. Key developments include the custom tool cabinet system that dramatically reduces setup time at new venues and the integrated network architecture that enables seamless communication between trackside and Estoril-based engineering support.", "type": "text", "style": "", "detail": 0, "format": 0, "version": 1}], "direction": null, "textStyle": "", "textFormat": 0}, {"type": "paragraph", "format": "", "indent": 0, "version": 1, "children": [{"mode": "normal", "text": "The mobile operation is designed for rapid deployment, with the complete garage package transportable in the team's race transporter alongside the competition vehicles. Setup time from arrival to operational readiness is approximately four hours for a two-person crew. The standardized configuration ensures that drivers and engineers experience consistent working environment and tool locations at every event, reducing cognitive load during high-pressure race weekends.", "type": "text", "style": "", "detail": 0, "format": 0, "version": 1}], "direction": null, "textStyle": "", "textFormat": 0}, {"type": "paragraph", "format": "", "indent": 0, "version": 1, "children": [], "direction": null, "textStyle": "", "textFormat": 0}, {"type": "paragraph", "format": "", "indent": 0, "version": 1, "children": [], "direction": null, "textStyle": "", "textFormat": 0}], "direction": null}}	Configuration adapted per circuit allocation. Supplementary equipment added for endurance events. All equipment inventoried pre and post-event.	\N	\N	f	af-motorsport-trackside-garage	2026-04-10 11:01:42.069+05:30	2026-04-09 19:28:15.207+05:30
4	AF Motorsport Race Transporter	afm-race-transporter	AFM-TRANS-001	Mobile Team Headquarters	Custom-configured race transporter serving as mobile operations center, vehicle transport, and trackside support hub for AF Motorsport's European competition program. The transporter combines vehicle transport capacity for two Porsche Cup cars with integrated workshop, office, and hospitality functionality, enabling self-sufficient operation at circuits across the Iberian Peninsula and beyond.	Mobile	2	45	Paddock	2024-01-15 17:00:00+05:30	\N	0101000020E6100000448B6CE7FBC922C08048BF7D1D604340	4	{"root": {"type": "root", "format": "", "indent": 0, "version": 1, "children": [{"type": "paragraph", "format": "", "indent": 0, "version": 1, "children": [{"mode": "normal", "text": "The race transporter was commissioned in early 2024 as part of AF Motorsport's expansion to full European competition capability. The vehicle was specified following extensive analysis of team requirements and circuit logistics, with custom interior configuration completed by Portuguese motorsport vehicle specialists.", "type": "text", "style": "", "detail": 0, "format": 0, "version": 1}], "direction": null, "textStyle": "", "textFormat": 0}, {"type": "paragraph", "format": "", "indent": 0, "version": 1, "children": [{"mode": "normal", "text": "    ", "type": "text", "style": "", "detail": 0, "format": 0, "version": 1}], "direction": null, "textStyle": "", "textFormat": 0}, {"type": "paragraph", "format": "", "indent": 0, "version": 1, "children": [{"mode": "normal", "text": "    The transporter has supported the team's entire Porsche Sprint Challenge Ibérica campaign, covering approximately 15,000 kilometers annually across Portugal and Spain. The mobile operation capability has proven essential for maintaining consistent preparation standards across varying circuit facilities, with the integrated workshop enabling full service capability regardless of local infrastructure.", "type": "text", "style": "", "detail": 0, "format": 0, "version": 1}], "direction": null, "textStyle": "", "textFormat": 0}], "direction": null}}	Vehicle requires HGV license. ADR regulations apply for fuel transport. Annual technical inspection March. Generator hours logged for service scheduling.	\N	\N	f	af-motorsport-race-transporter	2026-04-10 10:32:42.906+05:30	2026-04-09 19:28:58.9+05:30
\.


--
-- Data for Name: garages_details_amenities_list; Type: TABLE DATA; Schema: public; Owner: afmuser
--

COPY public.garages_details_amenities_list (_order, _parent_id, id, name, description) FROM stdin;
1	2	69d7b05edaa821209e1e78b8	Vehicle Preparation Bay	Single fully equipped preparation bay with four-post lift and essential service equipment dedicated to test vehicle support.
2	2	69d7b06bdaa821209e1e78b9	Secure Parts Storage	Locked storage for test-specific components, spare parts inventory, and specialized testing equipment not required at Estoril headquarters.
3	2	69d7b07edaa821209e1e78ba	 Engineering Station	Compact engineering workspace with network connectivity to Estoril server infrastructure for seamless data integration.
1	3	69d7b0859d013f04e57f673e	Kart Preparation Stands	Three dedicated kart preparation stands with integrated tool storage and component organization specific to kart maintenance requirements.
1	4	69d7b04052a7810020809c0b	Vehicle Transport Bay	Main deck configured for secure transport of two Porsche 992 GT3 Cup cars with integrated lift system for upper vehicle position. Tie-down system engineered to Porsche Motorsport specifications.
2	4	69d7b05352a7810020809c0c	Workshop Area	Deployable awning creating covered workspace with integrated lighting, compressed air, and power distribution. Configured for trackside vehicle service and setup operations.
3	4	69d7b06452a7810020809c0d	Engineering Office	Climate-controlled upper deck office with dual workstations, server connectivity, large-format display for data and video analysis, and secure communications infrastructure.
4	4	69d7b07652a7810020809c0e	Parts Storage	Organized storage system for race weekend spare parts inventory, consumables, wheels, and tires. Inventory management system tracks consumption and reorder requirements.
5	4	69d7b08652a7810020809c0f	Hospitality Configuration	Deployable awning and furniture package creating professional hospitality area for partner guests, including catering capability and display screens for live timing and onboard footage.
1	5	69d7b0d99ea0d1ffeba680e0	Vehicle Preparation Bays	Two fully equipped vehicle preparation bays with four-post lifts, integrated lighting, and compressed air distribution. Each bay configured for complete vehicle service including setup changes, brake system work, and component replacement.
1	1	69d7affc6f284ea0674cde1f	Mobile Tool Cabinets	Custom-fabricated tool storage units configured for efficient trackside workflow. Cabinets organize specialized Porsche Cup tooling, setup equipment, and consumables in standardized locations replicated at every event.
2	1	69d7b0126f284ea0674cde20	Setup Equipment Package	 Complete vehicle setup equipment including digital ride height gauge, corner weight scales with leveling plates, alignment tools, and tire pressure management system. All equipment calibrated to workshop standards.
3	1	69d7b01f6f284ea0674cde21	Data and Video Infrastructure	Portable network infrastructure supporting real-time telemetry, video systems, and secure communication with remote engineering support. Includes backup connectivity options for circuits with limited infrastructure.
4	1	69d7b02d6f284ea0674cde22	Driver Support Station	Dedicated driver area within garage footprint including cooling system, hydration supplies, helmet storage, and debrief display for between-session analysis.
5	1	69d7b03e6f284ea0674cde23	Presentation Package	AF Motorsport branding package including garage backdrop, floor covering, and display elements that create professional team presentation at all venues.
\.


--
-- Data for Name: garages_locales; Type: TABLE DATA; Schema: public; Owner: afmuser
--

COPY public.garages_locales (seo_title, seo_image_id, seo_description, id, _locale, _parent_id) FROM stdin;
\.


--
-- Data for Name: garages_rels; Type: TABLE DATA; Schema: public; Owner: afmuser
--

COPY public.garages_rels (id, "order", parent_id, path, organizations_id, media_id, categories_id, tags_id) FROM stdin;
3	1	2	details.operators	4	\N	\N	\N
4	2	2	details.operators	7	\N	\N	\N
5	1	2	categories	\N	\N	2	\N
6	2	2	categories	\N	\N	6	\N
7	3	2	categories	\N	\N	11	\N
8	1	2	tags	\N	\N	\N	3
20	1	3	details.operators	5	\N	\N	\N
21	2	3	details.operators	7	\N	\N	\N
22	3	3	details.operators	4	\N	\N	\N
23	1	3	categories	\N	\N	4	\N
24	2	3	categories	\N	\N	6	\N
25	3	3	categories	\N	\N	11	\N
26	1	3	tags	\N	\N	\N	2
27	2	3	tags	\N	\N	\N	5
28	3	3	tags	\N	\N	\N	7
29	4	3	tags	\N	\N	\N	11
30	5	3	tags	\N	\N	\N	8
40	1	4	details.operators	5	\N	\N	\N
41	2	4	details.operators	7	\N	\N	\N
42	1	4	categories	\N	\N	4	\N
43	2	4	categories	\N	\N	5	\N
44	3	4	categories	\N	\N	6	\N
45	1	4	tags	\N	\N	\N	5
46	2	4	tags	\N	\N	\N	13
47	3	4	tags	\N	\N	\N	11
48	4	4	tags	\N	\N	\N	7
49	1	5	details.operators	7	\N	\N	\N
50	1	5	categories	\N	\N	2	\N
51	2	5	categories	\N	\N	6	\N
52	3	5	categories	\N	\N	8	\N
53	1	5	tags	\N	\N	\N	3
54	2	5	tags	\N	\N	\N	7
55	3	5	tags	\N	\N	\N	11
56	4	5	tags	\N	\N	\N	13
57	5	5	tags	\N	\N	\N	6
58	1	1	details.operators	5	\N	\N	\N
59	1	1	categories	\N	\N	3	\N
60	2	1	categories	\N	\N	5	\N
61	3	1	categories	\N	\N	10	\N
62	1	1	tags	\N	\N	\N	2
63	2	1	tags	\N	\N	\N	6
64	3	1	tags	\N	\N	\N	7
65	4	1	tags	\N	\N	\N	12
66	5	1	tags	\N	\N	\N	11
67	6	1	tags	\N	\N	\N	18
68	7	1	tags	\N	\N	\N	15
\.


--
-- Data for Name: header; Type: TABLE DATA; Schema: public; Owner: afmuser
--

COPY public.header (id, cta_enable, cta_label, cta_link_type, cta_link_new_tab, cta_link_url, cta_link_label, updated_at, created_at) FROM stdin;
1	t	Join us	custom	f	/opportunities	Join the Team	2026-04-26 16:46:08.551+05:30	2026-04-09 10:57:29.306+05:30
\.


--
-- Data for Name: header_nav_items; Type: TABLE DATA; Schema: public; Owner: afmuser
--

COPY public.header_nav_items (_order, _parent_id, id, label, link, visible) FROM stdin;
1	1	69d738c1bcec256e15dc90f9	Home	/	t
2	1	69e73de0ea9f7216132ad19e	Calendar	/calendar	t
3	1	69d738c1bcec256e15dc90fb	Competition	/competition	t
4	1	69d738c1bcec256e15dc90fa	Teams	/teams	t
5	1	69de4789dd28254f8f4ff87e	Opportunities	/opportunities	t
6	1	69d738c1bcec256e15dc90fe	Resources	/resources	t
7	1	69de47e1dd28254f8f4ff87f	Shop	/shop	t
\.


--
-- Data for Name: header_rels; Type: TABLE DATA; Schema: public; Owner: afmuser
--

COPY public.header_rels (id, "order", parent_id, path, pages_id) FROM stdin;
\.


--
-- Data for Name: header_utility_nav; Type: TABLE DATA; Schema: public; Owner: afmuser
--

COPY public.header_utility_nav (_order, _parent_id, id, label, link, visible) FROM stdin;
1	1	69d738c1bcec256e15dc9101	About	/about	t
2	1	69d738c1bcec256e15dc9102	Contact	/contact	t
3	1	69d738c1bcec256e15dc9100	Legal	/legal	t
\.


--
-- Data for Name: helmets; Type: TABLE DATA; Schema: public; Owner: afmuser
--

COPY public.helmets (id, name, alias, basics_tagline, basics_description, details_usage, details_concept, details_designer, details_inspiration, details_color, details_branding, details_style, details_material, details_year, assets_avatar_id, assets_thumbnail_id, assets_video_id, generate_slug, slug, updated_at, created_at) FROM stdin;
1	Arai GP-6 RC - André Fernandes 2024 Heritage	arai-gp6-rc-fernandes-2024	2024 Season - First Porsche Campaign	The helmet worn by André Fernandes during his debut Porsche Sprint Challenge Ibérica campaign in 2024. This helmet holds significant sentimental value as the lid used during the team's transition to Porsche Cup competition and the achievement of AF Motorsport's first podium finishes in the championship. The design represents the team's original visual identity and has been retired from active competition but preserved as part of the team's heritage collection.	Show	Rising Wave	JLF Designs UK	The 2024 design featured a rising wave motif symbolizing the team's ascent into Porsche competition. The design incorporated AF Motorsport's original navy and white color scheme with subtle silver accents. The graphics were intentionally simpler than the current design, reflecting the team's focused, foundational approach to its first Porsche campaign.	#1A2A3A	Prominent	Modern	Glossy	2024-02-10 17:00:00+05:30	\N	\N	\N	f	arai-gp-6-rc---andr-fernandes-2024-heritage	2026-04-10 10:37:53.857+05:30	2026-04-09 19:18:50.675+05:30
3	Arai SK-6 - AFM Passenger	arai-sk6-afm-passenger	Passenger Ride Experiences	Arai SK-6 helmet designated for passenger ride experiences, corporate guest hot laps, and media familiarization sessions. The SK-6 offers Arai's renowned protection standards in an accessible, easy-to-fit package suitable for the varying head shapes and sizes encountered with guest passengers. The helmet features Arai's quick-release visor system and comfortable interior suitable for shorter duration use.	Track	Guest Experience	Arai Factory Finish	Simple, professional appearance in AF Motorsport colors designed to photograph well and provide guests with an authentic motorsport experience without the complexity of full custom race helmet preparation.	#1A2A3A	Minimal	Classic	Glossy	2024-06-05 17:00:00+05:30	\N	\N	\N	f	arai-sk-6---afm-passenger	2026-04-10 10:38:43.681+05:30	2026-04-09 19:19:20.57+05:30
4	Bell KC7-CMR - AFM Karting Program	bell-kc7-cmr-afm-karting	Karting Development Program	Bell KC7-CMR karting-specific helmet maintained for AF Motorsport's driver development and karting programs. The KC7-CMR is purpose-designed for karting competition, featuring optimized ventilation for the high-exertion environment of kart racing, lightweight carbon composite construction, and a wide aperture for excellent peripheral vision essential in close-quarters karting competition.	Track	Youth Development	Bell Racing Factory	The helmet features Bell's factory competition finish in AF Motorsport colors, providing a professional appearance appropriate for young drivers in development programs. The design is intentionally clean and inspiring for aspiring racers.	#1A2A3A	Prominent	Modern	Glossy	2025-01-20 17:00:00+05:30	\N	\N	\N	f	bell-kc7-cmr---afm-karting-program	2026-04-10 10:38:57.429+05:30	2026-04-09 19:19:48.635+05:30
5	Stilo ST6 GT Composite - AFM Team Spare	stilo-st6-gt-afm-spare	Team Spare - Universal Fit Configuration	Stilo ST6 GT Composite helmet maintained as a team spare for driver coaching, passenger rides, and emergency replacement. The ST6 GT offers excellent value within the premium helmet segment, featuring Stilo's composite shell construction and comprehensive ventilation system. This helmet is configured with Stilo's WRC intercom system for seamless integration with the team's communication equipment.	Track	Team Equipment	Stilo Factory Design	The helmet features Stilo's standard competition design with AF Motorsport branding applied via high-quality vinyl graphics. The straightforward aesthetic reflects the helmet's utilitarian role while maintaining professional team appearance standards.	#1A1A1A	Minimal	Modern	Matte	2024-03-10 17:00:00+05:30	\N	\N	\N	f	stilo-st6-gt-composite---afm-team-spare	2026-04-10 10:39:17.325+05:30	2026-04-09 19:20:24.088+05:30
2	Arai GP-6 RC - André Fernandes Test	arai-gp6-rc-fernandes-test	Testing and Development Sessions	Secondary Arai GP-6 RC helmet used by André Fernandes for private testing, track days, and development sessions. This helmet provides identical safety performance and comfort to the primary race helmet while preserving the race lid's finish from the inevitable wear associated with frequent use. The simplified design maintains professional appearance while reducing the cost and lead time associated with complex custom paintwork.\n	Track	Clean Technical	Arai Factory Finish	The test helmet employs a clean, technical aesthetic that prioritizes function while maintaining AF Motorsport brand identity. The matte carbon base finish showcases the helmet's construction quality, while minimal team branding in durable vinyl maintains professional appearance without the vulnerability of custom paint during frequent handling.	#2C3E4C	Minimal	Modern	Matte	2024-09-15 17:00:00+05:30	\N	\N	\N	f	arai-gp-6-rc---andr-fernandes-test	2026-04-10 10:38:20.44+05:30	2026-04-09 19:19:06.575+05:30
6	Arai GP-6 RC - André Fernandes Primary	arai-gp6-rc-fernandes-primary	Race Day Helmet - Porsche Sprint Challenge Ibérica	Primary competition helmet worn by André Fernandes during Porsche Sprint Challenge Ibérica race events. This Arai GP-6 RC represents the pinnacle of Arai's motorsport helmet engineering, featuring the proprietary capping construction that provides exceptional shell strength while maintaining lightweight characteristics. The helmet carries André's signature design scheme developed in collaboration with helmet painter JLF Designs, incorporating AF Motorsport team colors and personal motifs that reflect his Portuguese heritage and racing philosophy.	Track	Portuguese Navigator	JLF Designs UK	The design draws from Portugal's maritime exploration heritage, incorporating compass rose elements and wave motifs rendered in AF Motorsport's signature navy and silver color palette. The gold accents reference Portugal's Age of Discovery while acknowledging achievement and aspiration in motorsport. The design intentionally balances aggressive racing aesthetics with elegant, timeless elements that photograph well and maintain visual impact at speed.	#1A2A3A	Prominent	Modern	Matte	2025-02-01 17:00:00+05:30	\N	\N	\N	f	arai-gp-6-rc---andr-fernandes-primary	2026-04-10 10:39:32.678+05:30	2026-04-09 19:20:32.609+05:30
\.


--
-- Data for Name: helmets_details_classifications_list; Type: TABLE DATA; Schema: public; Owner: afmuser
--

COPY public.helmets_details_classifications_list (_order, _parent_id, id, name, criteria, definition, description) FROM stdin;
1	1	69d7ae18af77aef9910e6af7	FIA 8860-2018 Homologation	Previous generation FIA helmet standard	 Certified for competition use during 2024 season	This helmet was homologated to FIA 8860-2018 standards, the applicable certification during the 2024 competition season. While superseded by 8859-2024 for current competition, the helmet remains a significant artifact of the team's competitive history.
1	2	69d7ae446f284ea0674cde1c	FIA 8859-2024 Homologation	Latest FIA helmet safety standard	Meets or exceeds all FIA 8859-2024 requirements	Full FIA 8859-2024 homologation with current certification valid through 2029.
1	3	69d7ae3a52a7810020809c06	FIA 8859-2024 Homologation	Current FIA helmet safety standard	Certified for track use	Full FIA 8859-2024 homologation ensuring guest safety meets professional motorsport standards.
1	4	69d7ae5c9d013f04e57f673b	CMR 2023 Homologation	CIK-FIA karting helmet standard	Certified for international karting competition	The Bell KC7-CMR meets CMR 2023 certification, the mandatory standard for CIK-FIA sanctioned karting events. This certification includes specific impact testing relevant to karting accident scenarios and mandatory visor security requirements.
1	5	69d7ae90daa821209e1e78b5	FIA 8859-2024 Homologation	 Current FIA helmet safety standard	Certified for all FIA-sanctioned competition	 Full FIA 8859-2024 homologation with current certification.
1	6	69d7ae8b9ea0d1ffeba680dc	FIA 8859-2024 Homologation	Latest FIA helmet safety standard	Meets or exceeds all FIA 8859-2024 requirements for competition use	The Arai GP-6 RC is homologated to FIA 8859-2024 standards, the most current and stringent helmet safety certification for motorsport competition. This certification includes enhanced impact absorption requirements, improved visor retention testing, and stricter penetration resistance compared to previous standards. The helmet carries the official FIA hologram and homologation label.
\.


--
-- Data for Name: helmets_details_manufacturers_list; Type: TABLE DATA; Schema: public; Owner: afmuser
--

COPY public.helmets_details_manufacturers_list (_order, _parent_id, id, name, description) FROM stdin;
1	1	69d7ae3faf77aef9910e6af8	Arai Helmet Ltd	Premium Japanese helmet manufacturer.
1	2	69d7ae646f284ea0674cde1d	Arai Helmet Ltd	 Premium Japanese helmet manufacturer with decades of motorsport heritage.
1	3	69d7ae5c52a7810020809c07	Arai Helmet Ltd	Premium Japanese helmet manufacturer
1	4	69d7ae839d013f04e57f673c	Bell Racing	Leading manufacturer of auto racing and karting helmets with extensive heritage in motorsport protection. Bell Racing helmets are worn by champions across Formula 1, IndyCar, NASCAR, and international karting
1	5	69d7aeb1daa821209e1e78b6	Stilo Srl	Italian manufacturer specializing in motorsport helmets and communication systems. Stilo helmets are widely used in rally, GT racing, and touring car competition for their excellent communication integration and competitive pricing.
1	6	69d7aeae9ea0d1ffeba680dd	Arai Helmet Ltd	Japanese helmet manufacturer renowned for hand-built construction and exceptional quality control. Arai's philosophy prioritizes protection through shell strength and impact energy management rather than lightweight construction alone. Each Arai helmet undergoes over 20 individual quality inspections during the manufacturing process.
\.


--
-- Data for Name: helmets_locales; Type: TABLE DATA; Schema: public; Owner: afmuser
--

COPY public.helmets_locales (seo_title, seo_image_id, seo_description, id, _locale, _parent_id) FROM stdin;
\.


--
-- Data for Name: helmets_rels; Type: TABLE DATA; Schema: public; Owner: afmuser
--

COPY public.helmets_rels (id, "order", parent_id, path, media_id, categories_id, tags_id) FROM stdin;
1	1	1	categories	\N	2	\N
2	2	1	categories	\N	6	\N
3	3	1	categories	\N	8	\N
4	4	1	categories	\N	1	\N
5	1	1	tags	\N	\N	4
6	2	1	tags	\N	\N	6
7	3	1	tags	\N	\N	7
8	4	1	tags	\N	\N	10
9	5	1	tags	\N	\N	11
10	6	1	tags	\N	\N	17
11	7	1	tags	\N	\N	12
12	8	1	tags	\N	\N	5
13	1	2	categories	\N	5	\N
14	2	2	categories	\N	8	\N
15	3	2	categories	\N	10	\N
16	1	2	tags	\N	\N	2
17	2	2	tags	\N	\N	5
18	3	2	tags	\N	\N	6
19	4	2	tags	\N	\N	8
20	5	2	tags	\N	\N	12
21	6	2	tags	\N	\N	10
22	1	3	categories	\N	3	\N
23	2	3	categories	\N	7	\N
24	3	3	categories	\N	11	\N
25	1	3	tags	\N	\N	3
26	2	3	tags	\N	\N	8
27	3	3	tags	\N	\N	11
28	4	3	tags	\N	\N	10
29	5	3	tags	\N	\N	21
30	6	3	tags	\N	\N	18
31	1	4	categories	\N	4	\N
32	2	4	categories	\N	6	\N
33	1	4	tags	\N	\N	4
34	2	4	tags	\N	\N	6
35	3	4	tags	\N	\N	14
36	4	4	tags	\N	\N	9
37	1	5	categories	\N	6	\N
38	2	5	categories	\N	7	\N
39	3	5	categories	\N	4	\N
40	1	5	tags	\N	\N	3
41	2	5	tags	\N	\N	6
42	3	5	tags	\N	\N	10
43	4	5	tags	\N	\N	13
44	1	6	categories	\N	6	\N
45	2	6	categories	\N	5	\N
46	3	6	categories	\N	10	\N
47	1	6	tags	\N	\N	3
48	2	6	tags	\N	\N	6
49	3	6	tags	\N	\N	11
50	4	6	tags	\N	\N	10
\.


--
-- Data for Name: hospitalities; Type: TABLE DATA; Schema: public; Owner: afmuser
--

COPY public.hospitalities (id, name, alias, basics_identifiers_code, basics_tagline, basics_description, details_type, details_status, details_access, details_capacity, details_price_per_guest, details_location, details_start_date, details_end_date, details_event_id, details_history, details_notes, assets_thumbnail_id, assets_cover_id, generate_slug, slug, updated_at, created_at) FROM stdin;
3	Portimão VIP Suite Experience 2026	 portimao-vip-suite-2026	HOSP-POR-2026-001	Luxury Hospitality at Portugal's Most Spectacular Circuit	The Portimão VIP Suite Experience delivers premium hospitality at the stunning Autódromo Internacional do Algarve during the Porsche Sprint Challenge Ibérica summer round. Guests enjoy climate-controlled suite comfort with panoramic circuit views, exceptional catering, and exclusive AF Motorsport team access at one of Europe's most dramatic racing venues.	vip_suite	available	public	30	595	0101000020E61000009A9999999999424000000000008055C0	2026-06-13 14:30:00+05:30	2026-06-14 23:30:00+05:30	2	{"root": {"type": "root", "format": "", "indent": 0, "version": 1, "children": [{"type": "paragraph", "format": "", "indent": 0, "version": 1, "children": [{"mode": "normal", "text": "The Portimão VIP Suite Experience was introduced in 2025 following strong demand for premium hospitality at the Algarve circuit. The unique characteristics of Portimão—dramatic elevation changes, challenging corners, and spectacular vistas—create an exceptional backdrop for VIP hospitality.", "type": "text", "style": "", "detail": 0, "format": 0, "version": 1}], "direction": null, "textStyle": "", "textFormat": 0}, {"type": "paragraph", "format": "", "indent": 0, "version": 1, "children": [{"mode": "normal", "text": "    ", "type": "text", "style": "", "detail": 0, "format": 0, "version": 1}], "direction": null, "textStyle": "", "textFormat": 0}, {"type": "paragraph", "format": "", "indent": 0, "version": 1, "children": [{"mode": "normal", "text": "    AF Motorsport's suite location provides panoramic views of the circuit's most dramatic sections, while the climate-controlled environment offers welcome relief from the Algarve summer heat. The 2026 experience has been enhanced with additional team integration including extended driver briefings and access to AF Motorsport's satellite facility within the paddock.", "type": "text", "style": "", "detail": 0, "format": 0, "version": 1}], "direction": null, "textStyle": "", "textFormat": 0}], "direction": null}}	Premium suite location with exceptional views of the circuit's signature elevation changes. Weekend packages available including Saturday and Sunday access. Partner and corporate group rates available.	\N	\N	f	portimo-vip-suite-experience-2026	2026-04-10 10:39:02.575+05:30	2026-04-10 09:53:21.172+05:30
1	AF Motorsport Garage Tour and Meet Experience	afm-garage-tour-meet	HOSP-GTM-2026-001	Behind-the-Scenes Access for True Motorsport Enthusiasts	The Garage Tour and Meet Experience provides focused behind-the-scenes access to AF Motorsport's race operations without the full hospitality investment. This experience is ideal for dedicated motorsport enthusiasts seeking authentic insight into professional race team operations and direct interaction with team personnel and drivers.	garage_tour	available	public	15	195	0101000020E6100000992A1895D4C922C01CEBE2361A604340	2026-03-28 16:30:00+05:30	2026-03-29 21:30:00+05:30	3	{"root": {"type": "root", "format": "", "indent": 0, "version": 1, "children": [{"type": "paragraph", "format": "", "indent": 0, "version": 1, "children": [{"mode": "normal", "text": "The Garage Tour and Meet Experience was developed in response to requests from fans and enthusiasts seeking more accessible engagement with AF Motorsport. The focused format concentrates on the elements guests consistently identify as most valuable: authentic garage access, technical insight, and driver interaction.", "type": "text", "style": "", "detail": 0, "format": 0, "version": 1}], "direction": null, "textStyle": "", "textFormat": 0}, {"type": "paragraph", "format": "", "indent": 0, "version": 1, "children": [{"mode": "normal", "text": "The experience has proven particularly popular with young motorsport enthusiasts, amateur competitors, and those considering motorsport career pathways. The smaller group size enables meaningful interaction and personalized attention from team personnel.", "type": "text", "style": "", "detail": 0, "format": 0, "version": 1}], "direction": null, "textStyle": "", "textFormat": 0}], "direction": null}}	Multiple tour times available throughout race weekend. Advance booking recommended as sessions frequently sell out. Custom tours available for corporate or educational groups.	\N	\N	f	af-motorsport-garage-tour-and-meet-experience	2026-04-10 10:39:54.365+05:30	2026-04-10 09:51:24.008+05:30
5	AF Motorsport Track Walk Experience	afm-track-walk-experience	HOSP-TRACK-2026-001	Walk the Circuit with Professional Racing Drivers	The Track Walk Experience provides a unique opportunity to walk the full Estoril circuit in the company of AF Motorsport drivers and engineers. Participants gain intimate understanding of the challenges and techniques of each corner while experiencing the circuit from the perspective of professional competitors.	track_walk	available	public	25	95	0101000020E6100000992A1895D4C922C01CEBE2361A604340	2026-03-27 22:30:00+05:30	2026-03-28 00:30:00+05:30	3	{"root": {"type": "root", "format": "", "indent": 0, "version": 1, "children": [{"type": "paragraph", "format": "", "indent": 0, "version": 1, "children": [{"mode": "normal", "text": "The Track Walk Experience was introduced in 2025 following positive feedback from partners who had joined informal circuit walks with team personnel. The structured experience provides deeper insight than typical fan track walks, with professional drivers explaining the specific techniques, reference points, and challenges of each corner.", "type": "text", "style": "", "detail": 0, "format": 0, "version": 1}], "direction": null, "textStyle": "", "textFormat": 0}, {"type": "paragraph", "format": "", "indent": 0, "version": 1, "children": [{"mode": "normal", "text": "    ", "type": "text", "style": "", "detail": 0, "format": 0, "version": 1}], "direction": null, "textStyle": "", "textFormat": 0}, {"type": "paragraph", "format": "", "indent": 0, "version": 1, "children": [{"mode": "normal", "text": "    The experience has proven particularly valuable for amateur drivers, track day enthusiasts, and those seeking to understand the technical aspects of circuit driving. The Thursday evening timing before race weekends allows participants to watch subsequent sessions with enhanced appreciation and understanding.", "type": "text", "style": "", "detail": 0, "format": 0, "version": 1}], "direction": null, "textStyle": "", "textFormat": 0}, {"type": "paragraph", "format": "", "indent": 0, "version": 1, "children": [], "direction": null, "textStyle": "", "textFormat": 0}], "direction": null}}	Thursday evening scheduling allows participants to apply learning to weekend viewing. Private track walks available for corporate groups. Weather-dependent activity with indoor alternative provided if conditions unsafe.	\N	\N	f	af-motorsport-track-walk-experience	2026-04-10 10:37:54.209+05:30	2026-04-10 09:59:07.591+05:30
4	Champagne Celebration Experience	champagne-celebration-experience	HOSP-CHAMP-2026-001	Celebrate AF Motorsport Success in Style	The Champagne Celebration Experience offers the ultimate conclusion to a race weekend—the opportunity to join AF Motorsport's podium celebration should the team achieve a top-three finish. This exclusive experience includes premium hospitality access with the added excitement of participating in the team's celebratory moment.	champagne_celebration	coming_soon	invite_only	10	295	0101000020E6100000992A1895D4C922C01CEBE2361A604340	2026-03-29 20:30:00+05:30	2026-03-29 22:30:00+05:30	\N	{"root": {"type": "root", "format": "", "indent": 0, "version": 1, "children": [{"type": "paragraph", "format": "", "indent": 0, "version": 1, "children": [{"mode": "normal", "text": "The Champagne Celebration Experience was conceived following the spontaneous and joyous celebrations of AF Motorsport's 2025 victories. Partners and guests who happened to be present for podium finishes described the experience as unforgettable, prompting the creation of a structured experience around these special moments.", "type": "text", "style": "", "detail": 0, "format": 0, "version": 1}], "direction": null, "textStyle": "", "textFormat": 0}, {"type": "paragraph", "format": "", "indent": 0, "version": 1, "children": [{"mode": "normal", "text": "    ", "type": "text", "style": "", "detail": 0, "format": 0, "version": 1}], "direction": null, "textStyle": "", "textFormat": 0}, {"type": "paragraph", "format": "", "indent": 0, "version": 1, "children": [{"mode": "normal", "text": "    The experience acknowledges the uncertainty inherent in motorsport—celebration cannot be guaranteed—but the anticipation and possibility create their own excitement. Guests who have participated in winning celebrations describe the experience as among their most memorable motorsport moments.", "type": "text", "style": "", "detail": 0, "format": 0, "version": 1}], "direction": null, "textStyle": "", "textFormat": 0}], "direction": null}}	Limited availability due to podium ceremony access restrictions. Experience includes full hospitality regardless of race outcome. Rain check policy applies for cancelled events.	\N	\N	f	champagne-celebration-experience	2026-04-10 10:38:40.725+05:30	2026-04-10 09:57:07.061+05:30
2	Estoril Paddock Club Experience 2026	estoril-paddock-club-2026	HOSP-EST-2026-001	Premium Race Weekend Hospitality at AF Motorsport's Home Circuit	The Estoril Paddock Club Experience offers the ultimate VIP hospitality package for the Porsche Sprint Challenge Ibérica season opener at Autódromo do Estoril. Guests enjoy premium trackside viewing, gourmet catering, exclusive team access, and behind-the-scenes experiences with AF Motorsport personnel throughout the race weekend. This comprehensive hospitality package provides an immersive motorsport experience at Portugal's most historic racing circuit.	paddock_club	available	public	40	495	0101000020E6100000992A1895D4C922C01CEBE2361A604340	2026-03-28 14:30:00+05:30	2026-03-29 23:30:00+05:30	2	{"root": {"type": "root", "format": "", "indent": 0, "version": 1, "children": [{"type": "paragraph", "format": "", "indent": 0, "version": 1, "children": [{"mode": "normal", "text": "The Estoril Paddock Club was introduced for the 2025 season opener and quickly established itself as AF Motorsport's premier hospitality offering. The inaugural event sold out within two weeks of announcement, with exceptional guest feedback highlighting the authentic team access and professional hospitality standards.", "type": "text", "style": "", "detail": 0, "format": 0, "version": 1}], "direction": null, "textStyle": "", "textFormat": 0}], "direction": null}}	Limited capacity of 40 guests per day. Early booking recommended as 2025 event sold out completely. Group discounts available for parties of 6 or more. Corporate branding opportunities available for partners.	\N	\N	f	estoril-paddock-club-experience-2026	2026-04-10 10:39:25.42+05:30	2026-04-10 09:51:36.555+05:30
\.


--
-- Data for Name: hospitalities_details_exclusions_list; Type: TABLE DATA; Schema: public; Owner: afmuser
--

COPY public.hospitalities_details_exclusions_list (_order, _parent_id, id, name, description) FROM stdin;
1	5	69d87c8140b9fa0a0f55b479	Circuit Admission	Event ticket not included. Track walk credential provides access only for scheduled walk.
1	4	69d87c0155eef4b438b5aedd	Podium Guarantee	Motorsport is unpredictable. Podium finish cannot be guaranteed. Experience value lies in anticipation and access regardless of outcome.
1	3	69d87ace4917f56e6c75e31e	Accommodation	Hotel accommodation not included. Recommended partner hotels available with preferred rates.
1	2	69d87ab869e146bab7877e03	Travel and Accommodation	Guests are responsible for their own travel arrangements to and from the circuit and accommodation if required.
1	1	69d87ab177a3d48442ffee05	Race Admission	Circuit entry ticket must be purchased separately unless included in event package.
\.


--
-- Data for Name: hospitalities_details_inclusions_list; Type: TABLE DATA; Schema: public; Owner: afmuser
--

COPY public.hospitalities_details_inclusions_list (_order, _parent_id, id, name, description) FROM stdin;
1	5	69d87c4d40b9fa0a0f55b477	Guided Circuit Walk	Complete walking tour of the 4.182-kilometer Estoril circuit with stops at each corner for detailed explanation.
2	5	69d87c6b40b9fa0a0f55b478	Driver Commentary	Professional driver explanation of racing line, braking points, turn-in references, and corner exit techniques.
1	4	69d87be055eef4b438b5aedc	Premium Race Day Hospitality	Full Paddock Club hospitality access throughout race day including all standard inclusions.
1	3	69d87ab44917f56e6c75e31d	Private VIP Suite Access	Exclusive access to climate-controlled suite with comfortable seating, HD television coverage, and panoramic circuit views.
1	2	69d87a9e69e146bab7877e02	Premium Trackside Viewing	Exclusive access to elevated viewing platform directly above AF Motorsport garage with uninterrupted views of main straight and Turn 1 complex.
1	1	69d87aa077a3d48442ffee04	Guided Garage Tour	45-minute guided tour of AF Motorsport garage with explanation of car preparation, setup, and race operations.
\.


--
-- Data for Name: hospitalities_details_requirements_list; Type: TABLE DATA; Schema: public; Owner: afmuser
--

COPY public.hospitalities_details_requirements_list (_order, _parent_id, id, name, description) FROM stdin;
1	5	69d87c9b40b9fa0a0f55b47a	Physical Capability	Participants must be capable of walking approximately 5 kilometers including elevation changes.
1	4	69d87c0d55eef4b438b5aede	Flexibility	Guests must be prepared for both celebratory and non-celebratory outcomes with equal enthusiasm.
1	3	69d87ada4917f56e6c75e31f	Identification	Government-issued photo ID required for circuit access credential collection.
1	2	69d87acb69e146bab7877e04	Age Restriction	Guests must be 18 years or older to attend unaccompanied. Younger guests welcome with parent or guardian supervision.
1	1	69d87ac477a3d48442ffee06	Age Requirement	Minimum age 12 years. Guests under 16 must be accompanied by adult.
\.


--
-- Data for Name: hospitalities_locales; Type: TABLE DATA; Schema: public; Owner: afmuser
--

COPY public.hospitalities_locales (seo_title, seo_image_id, seo_description, id, _locale, _parent_id) FROM stdin;
\.


--
-- Data for Name: hospitalities_rels; Type: TABLE DATA; Schema: public; Owner: afmuser
--

COPY public.hospitalities_rels (id, "order", parent_id, path, media_id, categories_id, tags_id) FROM stdin;
1	1	5	categories	\N	2	\N
2	2	5	categories	\N	3	\N
3	3	5	categories	\N	7	\N
4	1	5	tags	\N	\N	2
5	2	5	tags	\N	\N	5
6	3	5	tags	\N	\N	9
7	4	5	tags	\N	\N	11
8	5	5	tags	\N	\N	6
9	6	5	tags	\N	\N	7
10	7	5	tags	\N	\N	10
11	1	4	categories	\N	3	\N
12	1	4	tags	\N	\N	3
13	2	4	tags	\N	\N	7
14	3	4	tags	\N	\N	12
15	4	4	tags	\N	\N	6
16	5	4	tags	\N	\N	8
17	6	4	tags	\N	\N	4
18	1	3	categories	\N	3	\N
19	2	3	categories	\N	6	\N
20	3	3	categories	\N	9	\N
21	1	3	tags	\N	\N	2
22	2	3	tags	\N	\N	6
23	3	3	tags	\N	\N	9
24	4	3	tags	\N	\N	11
25	5	3	tags	\N	\N	13
26	6	3	tags	\N	\N	10
27	7	3	tags	\N	\N	7
28	1	2	categories	\N	8	\N
29	2	2	categories	\N	2	\N
30	3	2	categories	\N	5	\N
31	1	2	tags	\N	\N	4
32	2	2	tags	\N	\N	6
33	3	2	tags	\N	\N	7
34	4	2	tags	\N	\N	9
35	5	2	tags	\N	\N	12
36	6	2	tags	\N	\N	8
37	7	2	tags	\N	\N	10
38	1	1	categories	\N	3	\N
39	2	1	categories	\N	4	\N
40	3	1	categories	\N	9	\N
41	4	1	categories	\N	8	\N
42	1	1	tags	\N	\N	4
43	2	1	tags	\N	\N	8
44	3	1	tags	\N	\N	5
45	4	1	tags	\N	\N	9
46	5	1	tags	\N	\N	13
47	6	1	tags	\N	\N	3
48	7	1	tags	\N	\N	11
\.


--
-- Data for Name: identity; Type: TABLE DATA; Schema: public; Owner: afmuser
--

COPY public.identity (id, visual_logo_id, visual_logo_inverted_id, visual_wordmark_id, visual_favicon_id, visual_primary_colour, visual_secondary_colour, visual_guidelines_id, updated_at, created_at) FROM stdin;
1	\N	\N	\N	\N	#C0392B	#1A1A1A	\N	2026-04-09 10:57:15.982+05:30	2026-04-09 10:57:15.982+05:30
\.


--
-- Data for Name: identity_locales; Type: TABLE DATA; Schema: public; Owner: afmuser
--

COPY public.identity_locales (vision, mission, story, voice_description, sustainability_stance, id, _locale, _parent_id) FROM stdin;
We race to prove what is possible — on track, in the workshop, and in everything we build.	AF Motorsport competes at the highest level of Porsche racing while building a team, a culture, and a body of work that outlasts any single result. We develop drivers, engineer remarkable machines, and document everything with the honesty and depth it deserves.	{"root": {"type": "root", "format": "", "indent": 0, "version": 1, "children": [{"type": "paragraph", "format": "", "indent": 0, "version": 1, "children": [{"mode": "normal", "text": "AF Motorsport was born from a simple obsession: that racing is not just about speed, but about the relentless pursuit of perfection. Founded by a group of engineers and drivers who felt disconnected from the sterile nature of modern motorsport, we set out to build a team that values craft, culture, and storytelling as much as podiums. From our first garage in Stuttgart to the international stages of the Porsche Championship, our story is one of grit, innovation, and an unwavering commitment to the human element of racing.", "type": "text", "style": "", "detail": 0, "format": 0, "version": 1}], "direction": "ltr"}], "direction": "ltr"}}	AF Motorsport speaks with the confidence of a team that knows exactly what it is doing and the humility of one that never stops learning. The voice is cinematic but never theatrical. Precise but never cold. Human before anything else.	AF Motorsport is committed to reducing the environmental footprint of competitive motorsport without compromising performance. We invest in sustainable materials, responsible logistics, and long-term technical programs that push the boundaries of what clean racing can look like.	1	en	1
\.


--
-- Data for Name: identity_rels; Type: TABLE DATA; Schema: public; Owner: afmuser
--

COPY public.identity_rels (id, "order", parent_id, path, leaders_id) FROM stdin;
\.


--
-- Data for Name: identity_sustainability_initiative_names; Type: TABLE DATA; Schema: public; Owner: afmuser
--

COPY public.identity_sustainability_initiative_names (_order, _parent_id, id) FROM stdin;
1	1	69d738b3bcec256e15dc90f7
2	1	69d738b3bcec256e15dc90f8
\.


--
-- Data for Name: identity_sustainability_initiative_names_locales; Type: TABLE DATA; Schema: public; Owner: afmuser
--

COPY public.identity_sustainability_initiative_names_locales (name, description, id, _locale, _parent_id) FROM stdin;
Green Grid Initiative	Partnering with local grids to offset carbon emissions from transport.	1	en	69d738b3bcec256e15dc90f7
Recycled Composite Program	Developing chassis components from recycled carbon fiber waste.	2	en	69d738b3bcec256e15dc90f8
\.


--
-- Data for Name: identity_values; Type: TABLE DATA; Schema: public; Owner: afmuser
--

COPY public.identity_values (_order, _parent_id, id) FROM stdin;
1	1	69d738b3bcec256e15dc90ed
2	1	69d738b3bcec256e15dc90ee
3	1	69d738b3bcec256e15dc90ef
4	1	69d738b3bcec256e15dc90f0
5	1	69d738b3bcec256e15dc90f1
\.


--
-- Data for Name: identity_values_locales; Type: TABLE DATA; Schema: public; Owner: afmuser
--

COPY public.identity_values_locales (value, description, principle_name, id, _locale, _parent_id) FROM stdin;
Precision	We do not cut corners — in engineering, in storytelling, or in how we treat people.	Precision	1	en	69d738b3bcec256e15dc90ed
Relentlessness	Every setback is a data point. We keep going.	Relentlessness	2	en	69d738b3bcec256e15dc90ee
Honesty	We document the failures as clearly as the victories.	Honesty	3	en	69d738b3bcec256e15dc90ef
Craft	We believe that how you build something is as important as what you build.	Craft	4	en	69d738b3bcec256e15dc90f0
Community	Racing is nothing without the people who live it with you.	Community	5	en	69d738b3bcec256e15dc90f1
\.


--
-- Data for Name: identity_voice_tone_keywords; Type: TABLE DATA; Schema: public; Owner: afmuser
--

COPY public.identity_voice_tone_keywords (_order, _parent_id, id) FROM stdin;
1	1	69d738b3bcec256e15dc90f2
2	1	69d738b3bcec256e15dc90f3
3	1	69d738b3bcec256e15dc90f4
4	1	69d738b3bcec256e15dc90f5
5	1	69d738b3bcec256e15dc90f6
\.


--
-- Data for Name: identity_voice_tone_keywords_locales; Type: TABLE DATA; Schema: public; Owner: afmuser
--

COPY public.identity_voice_tone_keywords_locales (keyword, id, _locale, _parent_id) FROM stdin;
Intense	1	en	69d738b3bcec256e15dc90f2
Precise	2	en	69d738b3bcec256e15dc90f3
Human	3	en	69d738b3bcec256e15dc90f4
Cinematic	4	en	69d738b3bcec256e15dc90f5
Authentic	5	en	69d738b3bcec256e15dc90f6
\.


--
-- Data for Name: incidents; Type: TABLE DATA; Schema: public; Owner: afmuser
--

COPY public.incidents (id, name, alias, basics_description, details_date_time, details_story, details_location, assets_thumbnail_id, assets_video_id, generate_slug, slug, updated_at, created_at) FROM stdin;
4	Estoril Testing Off-Track Excursion 2025	estoril-test-off-track-2025	Minor off-track excursion during private testing at Autódromo do Estoril in preparation for the 2025 Porsche Sprint Challenge Ibérica season. No damage sustained and testing resumed following standard vehicle inspection.	2025-02-18 16:50:00+05:30	{"root": {"type": "root", "format": "", "indent": 0, "version": 1, "children": [{"type": "paragraph", "format": "", "indent": 0, "version": 1, "children": [{"mode": "normal", "text": "During a private test session at Estoril, Chassis 001 experienced a minor off-track moment at Turn 6 while exploring setup limits with experimental damper settings. The car ran wide onto the asphalt runoff area, completing a controlled stop without contact with barriers or damage to the vehicle.", "type": "text", "style": "", "detail": 0, "format": 0, "version": 1}], "direction": null, "textStyle": "", "textFormat": 0}], "direction": null}}	0101000020E6100000AA6054522760434061545227A0C922C0	\N	\N	f	estoril-testing-off-track-excursion-2025	2026-04-10 10:45:54.806+05:30	2026-04-10 09:20:44.914+05:30
2	Portimão Qualifying Red Flag Incident 2025	portimao-quali-red-flag-2025	 Session interruption during qualifying for the 2025 Portimão round due to a competitor incident at Turn 1. AF Motorsport not directly involved but affected by session timing and tire preparation disruption.\n	2025-06-14 16:05:00+05:30	{"root": {"type": "root", "format": "", "indent": 0, "version": 1, "children": [{"type": "paragraph", "format": "", "indent": 0, "version": 1, "children": [{"mode": "normal", "text": "During the qualifying session at Autódromo Internacional do Algarve, a competitor car experienced brake failure approaching Turn 1, resulting in a high-speed off-track excursion into the gravel trap. The session was red-flagged for barrier inspection and vehicle recovery.", "type": "text", "style": "", "detail": 0, "format": 0, "version": 1}], "direction": null, "textStyle": "", "textFormat": 0}, {"type": "paragraph", "format": "", "indent": 0, "version": 1, "children": [{"mode": "normal", "text": " Following standard safety protocols, the car returned to the pit lane for comprehensive inspection including suspension geometry verification, undertray examination, and tire condition assessment. No damage was identified and testing resumed within forty-five minutes.", "type": "text", "style": "", "detail": 0, "format": 0, "version": 1}], "direction": null, "textStyle": "", "textFormat": 0}, {"type": "paragraph", "format": "", "indent": 0, "version": 1, "children": [{"mode": "normal", "text": "The incident provided valuable data regarding the setup direction being evaluated and contributed to the team's understanding of the 992 GT3 Cup car's handling characteristics at Estoril. The off-track moment was correctly categorized as a learning opportunity within the controlled testing environment.", "type": "text", "style": "", "detail": 0, "format": 0, "version": 1}], "direction": null, "textStyle": "", "textFormat": 0}], "direction": null}}	0101000020E6100000AA6054522760434061545227A0C922C0	\N	\N	f	portimo-qualifying-red-flag-incident-2025	2026-04-10 10:46:41.785+05:30	2026-04-10 09:20:30.768+05:30
5	Barcelona Race 1 Contact Incident 2025	barcelona-race1-contact-2025	Minor contact during Race 1 of the 2025 Porsche Sprint Challenge Ibérica round at Circuit de Barcelona-Catalunya. The incident resulted in cosmetic damage only with no mechanical compromise or safety implications.	2025-04-26 20:15:00+05:30	{"root": {"type": "root", "format": "", "indent": 0, "version": 1, "children": [{"type": "paragraph", "format": "", "indent": 0, "version": 1, "children": [], "direction": null, "textStyle": "", "textFormat": 0}, {"type": "paragraph", "format": "", "indent": 0, "version": 1, "children": [{"mode": "normal", "text": "    During the opening lap of Race 1 at Barcelona, contact occurred between the AF Motorsport entry and a competitor's car at Turn 4 following an attempted overtaking maneuver. The contact was limited to wheel-to-wheel rubbing with no loss of control or position changes for either car.", "type": "text", "style": "", "detail": 0, "format": 0, "version": 1}], "direction": null, "textStyle": "", "textFormat": 0}, {"type": "paragraph", "format": "", "indent": 0, "version": 1, "children": [{"mode": "normal", "text": "Post-race inspection revealed minor cosmetic damage to the right-rear wheel arch and side skirt. No mechanical damage was sustained to suspension components, brake system, or drivetrain. The damage was repaired in the parc fermé period using approved materials and the car was cleared for Race 2 participation without penalty.", "type": "text", "style": "", "detail": 0, "format": 0, "version": 1}], "direction": null, "textStyle": "", "textFormat": 0}, {"type": "paragraph", "format": "", "indent": 0, "version": 1, "children": [], "direction": null, "textStyle": "", "textFormat": 0}, {"type": "paragraph", "format": "", "indent": 0, "version": 1, "children": [{"mode": "normal", "text": "The incident was reviewed by Race Control with no further action taken. The contact was classified as a racing incident with no driver found predominantly at fault. The experience contributed to driver development regarding wheel-to-wheel positioning in tight corner complexes.", "type": "text", "style": "", "detail": 0, "format": 0, "version": 1}], "direction": null, "textStyle": "", "textFormat": 0}, {"type": "paragraph", "format": "", "indent": 0, "version": 1, "children": [], "direction": null, "textStyle": "", "textFormat": 0}], "direction": null}}	0101000020E61000002FDD240681150240454772F90FC94440	\N	\N	f	barcelona-race-1-contact-incident-2025	2026-04-10 10:45:46.228+05:30	2026-04-10 09:20:58.506+05:30
3	Jerez Practice Electrical Issue 2025	jerez-practice-electrical-2025	Minor electrical system irregularity detected during Free Practice 1 at Circuito de Jerez. Issue identified and resolved without impact on subsequent sessions or competitive performance.\n	2025-07-11 15:15:00+05:30	{"root": {"type": "root", "format": "", "indent": 0, "version": 1, "children": [{"type": "paragraph", "format": "", "indent": 0, "version": 1, "children": [{"mode": "normal", "text": "During Free Practice 1 at Jerez, the Cosworth data system displayed intermittent communication errors with the Bosch ECU, resulting in data dropout during portions of the session. The issue did not affect vehicle performance or driver safety systems but compromised data collection for setup analysis.", "type": "text", "style": "", "detail": 0, "format": 0, "version": 1}], "direction": null, "textStyle": "", "textFormat": 0}, {"type": "paragraph", "format": "", "indent": 0, "version": 1, "children": [{"mode": "normal", "text": "    ", "type": "text", "style": "", "detail": 0, "format": 0, "version": 1}], "direction": null, "textStyle": "", "textFormat": 0}, {"type": "paragraph", "format": "", "indent": 0, "version": 1, "children": [{"mode": "normal", "text": "    Systematic diagnosis identified a loose connection at the data logger interface. The connection was secured and validated during the between-session service period. Full data functionality was restored for Free Practice 2 and all subsequent sessions.", "type": "text", "style": "", "detail": 0, "format": 0, "version": 1}], "direction": null, "textStyle": "", "textFormat": 0}, {"type": "paragraph", "format": "", "indent": 0, "version": 1, "children": [{"mode": "normal", "text": "    ", "type": "text", "style": "", "detail": 0, "format": 0, "version": 1}], "direction": null, "textStyle": "", "textFormat": 0}, {"type": "paragraph", "format": "", "indent": 0, "version": 1, "children": [{"mode": "normal", "text": "    The incident prompted a review of pre-session checklist procedures with additional verification steps added for data system connections. The quick diagnosis and resolution demonstrated the team's technical competence and the value of methodical troubleshooting protocols.", "type": "text", "style": "", "detail": 0, "format": 0, "version": 1}], "direction": null, "textStyle": "", "textFormat": 0}], "direction": null}}	0101000020E6100000DFE00B93A95A424000000000000020C0	\N	\N	f	jerez-practice-electrical-issue-2025	2026-04-10 10:46:26.287+05:30	2026-04-10 09:20:31.776+05:30
1	Estoril Finale Pit Stop Issue 2025	estoril-finale-pitstop-issue-2025	Delayed pit stop execution during a simulated race condition practice at the 2025 season finale weekend. The practice session incident identified procedural improvement opportunities without competitive impact.	2025-10-18 05:30:00+05:30	{"root": {"type": "root", "format": "", "indent": 0, "version": 1, "children": [{"type": "paragraph", "format": "", "indent": 0, "version": 1, "children": [{"mode": "normal", "text": " During a simulated pit stop practice session at the Estoril finale, a procedural delay occurred when the right-rear wheel nut experienced cross-threading during reinstallation. The issue required removal and reinstallation, extending the practice stop duration beyond target parameters.", "type": "text", "style": "", "detail": 0, "format": 0, "version": 1}], "direction": null, "textStyle": "", "textFormat": 0}, {"type": "paragraph", "format": "", "indent": 0, "version": 1, "children": [{"mode": "normal", "text": "    ", "type": "text", "style": "", "detail": 0, "format": 0, "version": 1}], "direction": null, "textStyle": "", "textFormat": 0}, {"type": "paragraph", "format": "", "indent": 0, "version": 1, "children": [{"mode": "normal", "text": "    Root cause analysis identified that wheel gun operator positioning had varied slightly from standard procedure, contributing to the misalignment. The incident occurred during practice with no competitive impact, providing valuable learning without consequence.", "type": "text", "style": "", "detail": 0, "format": 0, "version": 1}], "direction": null, "textStyle": "", "textFormat": 0}, {"type": "paragraph", "format": "", "indent": 0, "version": 1, "children": [{"mode": "normal", "text": "    ", "type": "text", "style": "", "detail": 0, "format": 0, "version": 1}], "direction": null, "textStyle": "", "textFormat": 0}, {"type": "paragraph", "format": "", "indent": 0, "version": 1, "children": [{"mode": "normal", "text": "    The experience prompted enhanced pit stop procedure documentation including visual alignment guides for wheel gun positioning. Additional practice repetitions were scheduled to reinforce correct technique and build crew consistency. The incident exemplified the team's commitment to identifying improvement opportunities in all operational areas.", "type": "text", "style": "", "detail": 0, "format": 0, "version": 1}], "direction": null, "textStyle": "", "textFormat": 0}], "direction": null}}	0101000020E61000008048BF7D1D604340448B6CE7FBC922C0	\N	\N	f	estoril-finale-pit-stop-issue-2025	2026-04-10 10:47:01.002+05:30	2026-04-10 09:20:11.573+05:30
6	Gabriela Correia Off-Track Murça 2026	gabriela-correia-offtrack-murca-2026	description: Off-track excursion for Gabriela Correia during practice at Rampa Porca de Murça 2026, resulting in minor damage and a remarkable sub-30-minute repair by AF Motorsport mechanics.	2026-03-28 16:00:00+05:30	{"root": {"type": "root", "format": "", "indent": 0, "version": 1, "children": [{"type": "paragraph", "format": "", "indent": 0, "version": 1, "children": [{"mode": "normal", "text": "During a practice run on the challenging Murça hillclimb course, Gabriela Correia had an off-track moment in the Porsche 991.2 GT3 Cup. The car left the road at a medium-speed right-hand corner, making light contact with the barriers before coming to rest in a gravel trap.", "type": "text", "style": "", "detail": 0, "format": 0, "version": 1}], "direction": null, "textStyle": "", "textFormat": 0}, {"type": "paragraph", "format": "", "indent": 0, "version": 1, "children": [{"mode": "normal", "text": "    ", "type": "text", "style": "", "detail": 0, "format": 0, "version": 1}], "direction": null, "textStyle": "", "textFormat": 0}, {"type": "paragraph", "format": "", "indent": 0, "version": 1, "children": [{"mode": "normal", "text": "    The incident resulted in damage to the front splitter, right-front suspension components, and bodywork. Initial assessment suggested the weekend might be over, but AF Motorsport's mechanics executed an extraordinary repair effort. Working with precision and urgency, the team replaced damaged components, realigned suspension geometry, and returned the car to competitive condition in under 30 minutes.", "type": "text", "style": "", "detail": 0, "format": 0, "version": 1}], "direction": null, "textStyle": "", "textFormat": 0}, {"type": "paragraph", "format": "", "indent": 0, "version": 1, "children": [{"mode": "normal", "text": "    ", "type": "text", "style": "", "detail": 0, "format": 0, "version": 1}], "direction": null, "textStyle": "", "textFormat": 0}, {"type": "paragraph", "format": "", "indent": 0, "version": 1, "children": [{"mode": "normal", "text": "    The repair demonstrated AF Motorsport's exceptional preparation standards, comprehensive spares inventory, and the skill and dedication of the mechanical team. Correia returned to complete the weekend's competitive runs, a testament to both her resilience and the team's capability.", "type": "text", "style": "", "detail": 0, "format": 0, "version": 1}], "direction": null, "textStyle": "", "textFormat": 0}], "direction": null}}	0101000020E6100000F9A067B3EAB344401B9E5E29CBD01DC0	\N	\N	f	gabriela-correia-off-track-mura-2026	2026-04-10 16:21:22.917+05:30	2026-04-10 16:21:22.917+05:30
7	Pipo Massa Race 2 Retirement Barcelona	pipo-massa-barcelona-retirement	Pipo Massa forced out of Race 2 at Barcelona Winter Series finale due to contact from another competitor, ending his weekend after Race 1 victory.	2026-03-15 19:45:00+05:30	{"root": {"type": "root", "format": "", "indent": 0, "version": 1, "children": [{"type": "paragraph", "format": "", "indent": 0, "version": 1, "children": [{"mode": "normal", "text": "Following the elation of his first European victory in Race 1, Pipo Massa's Barcelona weekend concluded prematurely in Race 2 when contact from a competitor forced his retirement from the event. The incident occurred at Turn 4, with another car making an over-optimistic overtaking attempt that resulted in wheel-to-wheel contact and suspension damage to the AF Motorsport Porsche.", "type": "text", "style": "", "detail": 0, "format": 0, "version": 1}], "direction": null, "textStyle": "", "textFormat": 0}, {"type": "paragraph", "format": "", "indent": 0, "version": 1, "children": [{"mode": "normal", "text": "    ", "type": "text", "style": "", "detail": 0, "format": 0, "version": 1}], "direction": null, "textStyle": "", "textFormat": 0}, {"type": "paragraph", "format": "", "indent": 0, "version": 1, "children": [{"mode": "normal", "text": "    The retirement was particularly disappointing given the momentum from the Race 1 victory and the strong pace demonstrated throughout the weekend. However, Pipo's response to the adversity demonstrated the maturity and professionalism that AF Motorsport values in its drivers.", "type": "text", "style": "", "detail": 0, "format": 0, "version": 1}], "direction": null, "textStyle": "", "textFormat": 0}, {"type": "paragraph", "format": "", "indent": 0, "version": 1, "children": [{"mode": "normal", "text": "    ", "type": "text", "style": "", "detail": 0, "format": 0, "version": 1}], "direction": null, "textStyle": "", "textFormat": 0}, {"type": "paragraph", "format": "", "indent": 0, "version": 1, "children": [{"mode": "normal", "text": "    Post-incident analysis focused on the many positives from the weekend—the victory, the wet-weather performance, and the continued development trajectory—rather than dwelling on an incident outside the team's control. The experience added another dimension to Pipo's racing education: managing the emotional swings inherent in motorsport competition.", "type": "text", "style": "", "detail": 0, "format": 0, "version": 1}], "direction": null, "textStyle": "", "textFormat": 0}], "direction": null}}	0101000020E6100000454772F90FC944402FDD240681150240	\N	\N	f	pipo-massa-race-2-retirement-barcelona	2026-04-10 16:23:24.673+05:30	2026-04-10 16:23:24.673+05:30
\.


--
-- Data for Name: incidents_locales; Type: TABLE DATA; Schema: public; Owner: afmuser
--

COPY public.incidents_locales (seo_title, seo_image_id, seo_description, id, _locale, _parent_id) FROM stdin;
\.


--
-- Data for Name: incidents_rels; Type: TABLE DATA; Schema: public; Owner: afmuser
--

COPY public.incidents_rels (id, "order", parent_id, path, cars_id, drivers_id, media_id, categories_id, tags_id) FROM stdin;
13	1	5	details.cars	1	\N	\N	\N	\N
14	1	5	details.drivers	\N	1	\N	\N	\N
15	1	5	categories	\N	\N	\N	1	\N
16	2	5	categories	\N	\N	\N	4	\N
17	1	5	tags	\N	\N	\N	\N	2
18	2	5	tags	\N	\N	\N	\N	5
19	3	5	tags	\N	\N	\N	\N	10
20	1	4	details.cars	2	\N	\N	\N	\N
21	1	4	details.drivers	\N	2	\N	\N	\N
22	1	4	categories	\N	\N	\N	1	\N
23	1	4	tags	\N	\N	\N	\N	4
24	2	4	tags	\N	\N	\N	\N	6
28	1	3	categories	\N	\N	\N	4	\N
29	2	3	categories	\N	\N	\N	3	\N
30	3	3	categories	\N	\N	\N	10	\N
31	1	3	tags	\N	\N	\N	\N	4
32	2	3	tags	\N	\N	\N	\N	11
33	1	2	details.cars	2	\N	\N	\N	\N
34	2	2	details.cars	5	\N	\N	\N	\N
35	1	2	details.drivers	\N	1	\N	\N	\N
36	2	2	details.drivers	\N	3	\N	\N	\N
37	1	2	categories	\N	\N	\N	2	\N
38	2	2	categories	\N	\N	\N	7	\N
39	3	2	categories	\N	\N	\N	10	\N
40	1	2	tags	\N	\N	\N	\N	2
41	2	2	tags	\N	\N	\N	\N	6
42	3	2	tags	\N	\N	\N	\N	9
43	4	2	tags	\N	\N	\N	\N	5
44	1	1	details.cars	1	\N	\N	\N	\N
45	1	1	details.drivers	\N	2	\N	\N	\N
46	1	1	categories	\N	\N	\N	7	\N
47	2	1	categories	\N	\N	\N	13	\N
48	3	1	categories	\N	\N	\N	4	\N
49	1	1	tags	\N	\N	\N	\N	3
50	2	1	tags	\N	\N	\N	\N	6
51	3	1	tags	\N	\N	\N	\N	10
52	4	1	tags	\N	\N	\N	\N	12
53	1	6	details.cars	1	\N	\N	\N	\N
54	2	6	details.cars	6	\N	\N	\N	\N
55	1	6	details.drivers	\N	1	\N	\N	\N
56	1	6	categories	\N	\N	\N	20	\N
57	2	6	categories	\N	\N	\N	5	\N
58	1	6	tags	\N	\N	\N	\N	11
59	2	6	tags	\N	\N	\N	\N	18
60	3	6	tags	\N	\N	\N	\N	17
61	1	7	details.cars	3	\N	\N	\N	\N
62	1	7	details.drivers	\N	2	\N	\N	\N
63	1	7	categories	\N	\N	\N	1	\N
64	2	7	categories	\N	\N	\N	9	\N
65	3	7	categories	\N	\N	\N	15	\N
66	4	7	categories	\N	\N	\N	24	\N
67	1	7	tags	\N	\N	\N	\N	13
68	2	7	tags	\N	\N	\N	\N	18
69	3	7	tags	\N	\N	\N	\N	2
70	4	7	tags	\N	\N	\N	\N	1
\.


--
-- Data for Name: individuals; Type: TABLE DATA; Schema: public; Owner: afmuser
--

COPY public.individuals (id, first_name, last_name, alias, basics_type, basics_description, basics_is_contact, basics_gender, basics_pronouns, assets_avatar_id, assets_thumbnail_id, generate_slug, slug, updated_at, created_at) FROM stdin;
6	Miguel 	 Santos	miguel-santos	mentor	Former Portuguese Formula 3 champion and Porsche Carrera Cup veteran serving as driver mentor and senior coach for AF Motorsport's driver development programs. Miguel brings over twenty-five years of competitive motorsport experience including championship success at national and European levels. His coaching methodology emphasizes the integration of technical understanding with instinctive driving feel, developed through his own career progression from karting through formula cars to GT competition.	t	Male	he/him	\N	\N	t	\N	2026-04-10 10:24:45.698+05:30	2026-04-09 19:27:09.154+05:30
5	Ricardo Oliveira	Oliveira	ricardo-oliveira	consultant	Freelance motorsport data engineer providing specialized data analysis and performance modeling services to AF Motorsport. Ricardo's expertise spans telemetry analysis, lap time simulation, tire modeling, and competitor performance benchmarking. He works remotely during race weekends, providing real-time analytical support and post-event deep analysis to identify performance opportunities and validate setup direction.	t	Male	he/him	\N	\N	f	ricardo-oliveira	2026-04-10 10:25:05.139+05:30	2026-04-09 19:25:05.156+05:30
4	Mariana	Costa	mariana-costa	consultant	Sports nutritionist specializing in motorsport-specific nutritional strategies for driver performance and endurance. Mariana develops personalized nutrition plans addressing the unique demands of racing including hydration management in high-temperature cockpit environments, sustained energy maintenance through extended sessions, and recovery optimization between races and test days. She provides race weekend support including catering guidance and real-time nutritional adjustments.	t	Female	she/her	\N	\N	f	mariana-costa	2026-04-10 10:25:27.046+05:30	2026-04-09 19:24:46.091+05:30
3	Tom Harris	Harris	tom-harris	guest	British driver coach with extensive experience in Porsche Cup categories across Europe. Tom provides specialized coaching support during selected events and test days, bringing specific expertise in Porsche 992 GT3 Cup car technique and circuit-specific knowledge from his work with Carrera Cup and Sprint Challenge competitors in multiple championships. His coaching style emphasizes video analysis and data overlay techniques.	t	Male	he/him	\N	\N	t	\N	2026-04-10 10:25:56.586+05:30	2026-04-09 19:24:17.732+05:30
2	João	Silva	joao-silva	advisor	Simulator systems specialist responsible for maintaining and operating AF Motorsport's simulator platform. João manages the hardware configuration, software updates, and vehicle model correlation for the team's simulation environment. He works closely with drivers and engineers to ensure simulator sessions translate effectively to on-track performance, managing the technical aspects of the simulation toolchain.	t	Male	he/him	\N	\N	t	\N	2026-04-10 10:26:32.73+05:30	2026-04-09 19:24:12.042+05:30
1	Dr. Sofia 	Almeida	dr-sofia-almeida	consultant	Clinical and performance psychologist specializing in elite motorsport mental preparation and resilience training. Dr. Almeida holds a doctorate in sports psychology from the University of Lisbon and has worked with Olympic athletes and professional racing drivers across multiple disciplines. Her practice focuses on developing the psychological skills essential for high-pressure performance including focus maintenance, emotional regulation, stress management, and post-setback recovery protocols.	t	Female	she/her	\N	\N	f	dr-sofia-almeida	2026-04-10 10:26:59.17+05:30	2026-04-09 19:23:45.569+05:30
\.


--
-- Data for Name: individuals_locales; Type: TABLE DATA; Schema: public; Owner: afmuser
--

COPY public.individuals_locales (seo_title, seo_image_id, seo_description, id, _locale, _parent_id) FROM stdin;
\.


--
-- Data for Name: individuals_rels; Type: TABLE DATA; Schema: public; Owner: afmuser
--

COPY public.individuals_rels (id, "order", parent_id, path, categories_id, tags_id) FROM stdin;
1	1	6	categories	3	\N
2	2	6	categories	8	\N
3	3	6	categories	10	\N
4	1	6	tags	\N	2
5	2	6	tags	\N	7
6	3	6	tags	\N	10
7	4	6	tags	\N	13
8	5	6	tags	\N	9
9	6	6	tags	\N	8
10	1	5	categories	8	\N
11	2	5	categories	5	\N
12	3	5	categories	2	\N
13	1	5	tags	\N	11
14	2	5	tags	\N	8
15	3	5	tags	\N	5
16	4	5	tags	\N	2
17	5	5	tags	\N	1
18	6	5	tags	\N	10
19	1	4	categories	8	\N
20	2	4	categories	4	\N
21	3	4	categories	9	\N
22	1	4	tags	\N	8
23	2	4	tags	\N	7
24	3	4	tags	\N	4
25	4	4	tags	\N	2
26	5	4	tags	\N	10
27	6	4	tags	\N	9
28	1	3	categories	2	\N
29	2	3	categories	6	\N
30	3	3	categories	10	\N
31	1	3	tags	\N	2
32	2	3	tags	\N	7
33	3	3	tags	\N	10
34	4	3	tags	\N	1
35	5	3	tags	\N	11
36	6	3	tags	\N	12
37	1	2	categories	2	\N
38	2	2	categories	5	\N
39	3	2	categories	9	\N
40	1	2	tags	\N	5
41	2	2	tags	\N	7
42	3	2	tags	\N	2
43	4	2	tags	\N	11
44	5	2	tags	\N	9
45	6	2	tags	\N	10
46	1	1	categories	1	\N
47	2	1	categories	5	\N
48	3	1	categories	9	\N
49	4	1	categories	11	\N
50	5	1	categories	13	\N
51	1	1	tags	\N	2
52	2	1	tags	\N	4
53	3	1	tags	\N	7
54	4	1	tags	\N	11
55	5	1	tags	\N	9
56	6	1	tags	\N	6
\.


--
-- Data for Name: initiatives; Type: TABLE DATA; Schema: public; Owner: afmuser
--

COPY public.initiatives (id, name, alias, basics_tagline, basics_mission, basics_description, details_start_date, details_end_date, details_locations, assets_thumbnail_id, assets_candid_id, assets_cover_id, generate_slug, slug, updated_at, created_at) FROM stdin;
5	Estoril Youth Motorsport Engagement 2026	estoril-youth-engagement-2026	Inspiring the Next Generation of Motorsport Enthusiasts	To introduce young people from the Cascais and greater Lisb	The Estoril Youth Motorsport Engagement Program partners with local schools and youth organizations to provide structured motorsport exposure for young people aged 12 to 18. The program includes circuit visits, career awareness sessions, and introductory karting experiences designed to broaden awareness of motorsport opportunities.	2026-03-01 17:00:00+05:30	2026-11-30 17:00:00+05:30	0101000020E6100000992A1895D4C922C01CEBE2361A604340	\N	\N	\N	f	estoril-youth-motorsport-engagement-2026	2026-04-10 10:36:13.596+05:30	2026-04-10 09:29:53.666+05:30
4	Portuguese Motorsport Heritage Project 2026	portuguese-motorsport-heritage-2026	Preserving and Celebrating Portugal's Racing Legacy	To document, preserve, and promote Portuguese motorsport heritage through archival activities, educational content, and community engagement initiatives.	The Portuguese Motorsport Heritage Project is a collaborative initiative with Autódromo do Estoril and the Portuguese motorsport community to preserve the history and celebrate the achievements of Portuguese racing. Activities include oral history collection, archival digitization, and heritage displays at motorsport events.	2026-04-01 17:00:00+05:30	2026-04-08 17:00:00+05:30	0101000020E61000001CEBE2361A604340992A1895D4C922C0	\N	\N	\N	f	portuguese-motorsport-heritage-project-2026	2026-04-10 10:36:41.637+05:30	2026-04-10 09:27:00.217+05:30
3	AF Motorsport Driver Academy 2026	afm-driver-academy-2026	Developing the Next Generation of Portuguese Racing Talent	To identify, develop, and progress promising Portuguese driving talent through structured motorsport education, professional coaching, and competitive opportunities within AF Motorsport's racing programs.	The AF Motorsport Driver Academy provides a comprehensive development pathway for young Portuguese drivers transitioning from karting to car racing. The program combines on-track instruction, data analysis education, physical preparation, and professional development to prepare drivers for competitive GT and formula car opportunities.	2026-01-15 17:00:00+05:30	2026-12-15 17:00:00+05:30	0101000020E61000008048BF7D1D604340448B6CE7FBC922C0	\N	\N	\N	f	af-motorsport-driver-academy-2026	2026-04-10 10:37:06.15+05:30	2026-04-10 09:26:55.908+05:30
2	AF Motorsport Carbon Reduction Program 2026	afm-carbon-reduction-2026	Minimizing Motorsport's Environmental Footprint	To systematically reduce AF Motorsport's carbon emissions and environmental impact while advocating for sustainable practices within the motorsport community.	The Carbon Reduction Program implements measurable sustainability initiatives across AF Motorsport's operations including logistics optimization, renewable energy adoption, waste reduction, and carbon offsetting. The program establishes baseline measurement and annual improvement targets.	2026-01-01 17:00:00+05:30	2026-04-10 17:00:00+05:30	0101000020E61000008048BF7D1D604340448B6CE7FBC922C0	\N	\N	\N	f	af-motorsport-carbon-reduction-program-2026	2026-04-10 10:37:33.114+05:30	2026-04-10 09:26:46.784+05:30
1	AF Motorsport Women in Motorsport 2026	afm-women-in-motorsport-2026	Creating Pathways for Female Participation in Motorsport	To actively encourage and support female participation in motorsport through targeted outreach, mentorship programs, and inclusive team culture development.	The Women in Motorsport Initiative encompasses AF Motorsport's commitment to increasing female representation across all areas of team operation including driving, engineering, mechanics, and leadership roles. The program includes scholarship opportunities, mentorship connections, and partnership with organizations advancing women in motorsport.	2026-01-01 17:00:00+05:30	2026-04-15 17:00:00+05:30	0101000020E61000008048BF7D1D604340448B6CE7FBC922C0	\N	\N	\N	f	af-motorsport-women-in-motorsport-2026	2026-04-10 10:38:24.667+05:30	2026-04-10 09:26:29.11+05:30
\.


--
-- Data for Name: initiatives_details_expectations_list; Type: TABLE DATA; Schema: public; Owner: afmuser
--

COPY public.initiatives_details_expectations_list (_order, _parent_id, id, name, criteria, statement, type) FROM stdin;
1	5	69d875b54917f56e6c75e313	 Career Awareness	Participants demonstrate increased understanding of motorsport career pathways beyond driving roles	Students will gain exposure to the diverse career opportunities within motorsport including engineering, mechanics, operations, and commercial roles.	\N
1	4	69d874ce40b9fa0a0f55b454	Heritage Documentation	Completion of oral history interviews with significant Portuguese motorsport figures	The project will document personal accounts and memories that might otherwise be lost to future generations.	\N
2	4	69d874e940b9fa0a0f55b455	Public Engagement	Heritage displays at major Estoril events reaching broad audience	Motorsport heritage content will be accessible to event attendees, enhancing appreciation of Portuguese racing history.	\N
3	4	69d8750940b9fa0a0f55b456	Digital Archive	Creation of accessible digital repository for Portuguese motorsport historical materials	Digitized photographs, documents, and recordings will be preserved and made accessible for research and education.	\N
1	3	69d874f069e146bab7877df7	Technical Understanding	Demonstrated comprehension of vehicle dynamics principles and ability to communicate setup feedback effectively	Academy drivers will develop the technical vocabulary and understanding necessary to contribute meaningfully to engineering discussions and setup development.	\N
1	2	69d874f755eef4b438b5aecd	Emissions Reduction	Fifteen percent reduction in team travel emissions compared to 2025 baseline	Optimized logistics planning and transport consolidation will reduce the carbon footprint of team operations.	\N
1	1	69d874d877a3d48442ffedf7	Increased Female Participation	Measurable increase in female applicants for team positions and development programs	The initiative aims to achieve increased female representation across team roles through proactive outreach and inclusive recruitment practices.	\N
\.


--
-- Data for Name: initiatives_locales; Type: TABLE DATA; Schema: public; Owner: afmuser
--

COPY public.initiatives_locales (seo_title, seo_image_id, seo_description, id, _locale, _parent_id) FROM stdin;
\.


--
-- Data for Name: initiatives_rels; Type: TABLE DATA; Schema: public; Owner: afmuser
--

COPY public.initiatives_rels (id, "order", parent_id, path, media_id, categories_id, tags_id) FROM stdin;
1	1	5	categories	\N	4	\N
2	2	5	categories	\N	7	\N
3	3	5	categories	\N	10	\N
4	1	5	tags	\N	\N	2
5	2	5	tags	\N	\N	5
6	3	5	tags	\N	\N	8
7	4	5	tags	\N	\N	9
8	5	5	tags	\N	\N	11
9	6	5	tags	\N	\N	10
10	7	5	tags	\N	\N	12
11	8	5	tags	\N	\N	16
12	9	5	tags	\N	\N	19
13	1	4	categories	\N	5	\N
14	2	4	categories	\N	8	\N
15	3	4	categories	\N	11	\N
16	4	4	categories	\N	10	\N
17	1	4	tags	\N	\N	2
18	2	4	tags	\N	\N	6
19	3	4	tags	\N	\N	9
20	4	4	tags	\N	\N	8
21	5	4	tags	\N	\N	10
22	6	4	tags	\N	\N	11
23	7	4	tags	\N	\N	14
24	8	4	tags	\N	\N	15
25	9	4	tags	\N	\N	16
26	1	3	categories	\N	3	\N
27	2	3	categories	\N	8	\N
28	3	3	categories	\N	9	\N
29	1	3	tags	\N	\N	2
30	2	3	tags	\N	\N	7
31	3	3	tags	\N	\N	9
32	4	3	tags	\N	\N	10
33	5	3	tags	\N	\N	11
34	6	3	tags	\N	\N	12
35	7	3	tags	\N	\N	8
36	8	3	tags	\N	\N	13
37	1	2	categories	\N	4	\N
38	2	2	categories	\N	7	\N
39	3	2	categories	\N	9	\N
40	4	2	categories	\N	11	\N
41	1	2	tags	\N	\N	4
42	2	2	tags	\N	\N	5
43	3	2	tags	\N	\N	9
44	4	2	tags	\N	\N	10
45	5	2	tags	\N	\N	8
46	6	2	tags	\N	\N	12
47	7	2	tags	\N	\N	11
48	8	2	tags	\N	\N	15
49	9	2	tags	\N	\N	13
50	1	1	categories	\N	6	\N
51	2	1	categories	\N	10	\N
52	3	1	categories	\N	8	\N
53	4	1	categories	\N	9	\N
54	5	1	categories	\N	13	\N
55	1	1	tags	\N	\N	4
56	2	1	tags	\N	\N	6
57	3	1	tags	\N	\N	10
58	4	1	tags	\N	\N	9
59	5	1	tags	\N	\N	11
60	6	1	tags	\N	\N	5
61	7	1	tags	\N	\N	12
62	8	1	tags	\N	\N	15
63	9	1	tags	\N	\N	14
64	10	1	tags	\N	\N	17
65	11	1	tags	\N	\N	8
\.


--
-- Data for Name: interviews; Type: TABLE DATA; Schema: public; Owner: afmuser
--

COPY public.interviews (id, name, alias, basics_identifiers_code, basics_tagline, basics_description, basics_summary, details_format, details_language, details_duration, details_recorded_date, details_published_date, details_status, details_access, details_interviewer_id, details_interviewee_id, details_session_id, details_location, details_notes, assets_thumbnail_id, assets_cover_id, assets_video_id, assets_audio_id, generate_slug, slug, updated_at, created_at) FROM stdin;
4	AF Motorsport Team Feature Interview 2025	afm-team-feature-2025	INT-2025-007	Inside AF Motorsport's Porsche Program	Feature interview with key AF Motorsport personnel including André Fernandes, Technical Director Miguel Costa, and Sporting Director Ricardo Santos. The discussion provided comprehensive insight into the team's operation and the collaborative approach underpinning competitive success.	This team feature brought together AF Motorsport's leadership to discuss the organization's first Porsche campaign. Each leader contributed perspective on their area of responsibility, collectively illustrating how the team's integrated approach to competition, technical preparation, and operational execution produces results.	panel	Portuguese	720	2025-09-20 05:30:00+05:30	2025-09-25 05:30:00+05:30	published	public	4	1	2	0101000020E61000008048BF7D1D6043407D3F355EBAC922C0	Comprehensive team feature highlighting collaborative approach and professional standards.	\N	\N	\N	\N	f	af-motorsport-team-feature-interview-2025	2026-04-10 10:44:08.952+05:30	2026-04-09 21:31:37.385+05:30
3	André Fernandes 2026 Season Preview Interview	fernandes-2026-season-preview	INT-2026-001	Ambitions for Second Porsche Campaign	Pre-season interview with André Fernandes discussing AF Motorsport's preparation and objectives for the 2026 Porsche Sprint Challenge Ibérica championship. The conversation covered off-season developments, expanded program plans, and championship ambitions.	In this pre-season media engagement, André Fernandes outlined AF Motorsport's enhanced 2026 program including the expanded two-car operation, technical developments, and championship objectives. The interview addressed lessons learned from the debut season and the team's evolution as a Porsche competitor.	one_on_one	Portuguese	380	2026-02-15 05:30:00+05:30	2026-02-20 05:30:00+05:30	published	public	2	3	4	0101000020E61000008048BF7D1D6043407D3F355EBAC922C0	Positive preview coverage. Focus on team growth and championship ambitions.	\N	\N	\N	\N	f	andr-fernandes-2026-season-preview-interview	2026-04-10 10:44:22.546+05:30	2026-04-09 21:26:50.976+05:30
2	André Fernandes Championship Podium Reflection 2025	fernandes-championship-podium-2025	INT-2025-008	Season Review and Championship Achievement	End-of-season interview with André Fernandes following confirmation of third place in the 2025 Porsche Sprint Challenge Ibérica championship standings. The conversation reflected on the debut Porsche campaign and the team's achievement in securing a championship podium position.	Following the Portimão season finale, André Fernandes discussed AF Motorsport's debut Porsche season, reflecting on key moments including the Estoril victory, the challenges of adapting to new machinery and circuits, and the significance of securing third place in the championship against established Porsche competitors.	press_conference	Portuguese	520	2025-10-19 05:30:00+05:30	2025-10-20 05:30:00+05:30	published	public	2	3	2	0101000020E610000012143FC6DC9D4240151DC9E53F4421C0	Comprehensive season review covering entire campaign. Positive media coverage across Portuguese motorsport outlets.	\N	\N	\N	\N	f	andr-fernandes-championship-podium-reflection-2025	2026-04-10 10:44:43.313+05:30	2026-04-09 21:23:08.994+05:30
1	André Fernandes Estoril Victory Interview 2025	fernandes-estoril-victory-interview-2025	INT-2025-001	First Porsche Victory Reaction	Post-race interview with André Fernandes following AF Motorsport's maiden Porsche victory at the 2025 Estoril season opener. The interview captured the immediate reaction to the team's breakthrough achievement in its debut Porsche campaign.	Following the Race 2 victory at Estoril, André Fernandes spoke with championship media about the significance of winning in AF Motorsport's first Porsche event, the execution of the race-winning overtake, and the validation the result provided for the team's preparation and methodology.	pit_lane	Portuguese	240	2025-03-23 05:30:00+05:30	2025-03-23 05:30:00+05:30	published	public	\N	1	1	0101000020E61000001CEBE2361A604340992A1895D4C922C0	First victory interview of AF Motorsport's Porsche era. Strong emotional response reflecting significance of achievement.	\N	\N	\N	\N	f	andr-fernandes-estoril-victory-interview-2025	2026-04-10 10:45:19.095+05:30	2026-04-09 21:20:19.834+05:30
5	Felipe Massa Barcelona Family Racing Interview	felipe-massa-barcelona-interview	INT-2026-002	Racing with His Son - A Special Moment	Formula 1 vice-champion Felipe Massa discusses the unique experience of competing alongside his son Pipo with AF Motorsport at the Barcelona Winter Series finale.	In this emotional interview, Felipe Massa shares his feelings about racing with Pipo, the significance of the AF Motorsport environment for his son's development, and his perspective on balancing paternal pride with professional expectations. The conversation captures a special family moment within the context of competitive motorsport.	pit_lane	English	185	2026-03-14 18:30:00+05:30	2026-03-15 00:00:00+05:30	published	public	1	3	7	0101000020E6100000295C8FC2F5C8444082E2C798BB160240	Emotional interview resonating strongly with fans worldwide. High engagement across social platforms. Authentic capture of family milestone in professional racing context.	\N	\N	\N	\N	f	felipe-massa-barcelona-family-racing-interview	2026-04-10 16:41:46.432+05:30	2026-04-10 16:41:46.432+05:30
6	André Fernandes Barcelona Preview Interview	andre-fernandes-barcelona-preview	INT-2026-003	Why This Weekend Matters	AF Motorsport Team Principal and driver André Fernandes explains the significance of the Barcelona Winter Series weekend for the organization's continued development and competitive ambitions.	André Fernandes outlines the team's objectives for Barcelona, discusses the importance of the Massa family entry for AF Motorsport's profile and credibility, and provides insight into the continued development of the team's competitive program across multiple series. The interview captures the strategic thinking behind AF Motorsport's growth.	remote	English	245	2026-03-12 15:30:00+05:30	2026-03-13 14:30:00+05:30	published	public	3	4	3	0101000020E61000008048BF7D1D604340448B6CE7FBC922C0	Strategic preview content building anticipation for Barcelona weekend. Strong partner engagement with interview content.	\N	\N	\N	\N	f	andr-fernandes-barcelona-preview-interview	2026-04-10 16:44:15.638+05:30	2026-04-10 16:44:15.637+05:30
7	Pipo Massa Post-Weekend Reflection Interview	pipo-massa-barcelona-reflection	INT-2026-004	Honest Words After an Intense Day	Young Brazilian driver Pipo Massa shares candid reflections following an intense weekend at Barcelona—the elation of his first European victory and the disappointment of a Race 2 retirement.	In this authentic and unfiltered interview, Pipo Massa discusses the emotional rollercoaster of the Barcelona weekend. He reflects on the satisfaction of his breakthrough victory, the frustration of the Race 2 incident, and the valuable lessons learned from both experiences. The conversation reveals a young driver maturing rapidly and embracing the complete motorsport experience.	pit_lane	English	155	2026-03-15 21:30:00+05:30	2026-03-16 01:30:00+05:30	published	public	5	2	2	0101000020E6100000295C8FC2F5C8444082E2C798BB160240	Authentic content resonating strongly with fans. Human portrayal of young driver's development journey. High engagement and positive sentiment.	\N	\N	\N	\N	f	pipo-massa-post-weekend-reflection-interview	2026-04-10 16:46:56.781+05:30	2026-04-10 16:46:56.781+05:30
\.


--
-- Data for Name: interviews_details_tags_list; Type: TABLE DATA; Schema: public; Owner: afmuser
--

COPY public.interviews_details_tags_list (_order, _parent_id, id, name) FROM stdin;
1	4	69d7cd2bbc5c815571baa44a	Team Feature
2	4	69d7cd33bc5c815571baa44b	Behind the Scenes
3	4	69d7cd3cbc5c815571baa44c	2025 Season
1	3	69d7cbfdbc5c815571baa447	2026 Season
2	3	69d7cc02bc5c815571baa448	Season Preview
3	3	69d7cc0ebc5c815571baa449	Team Development
1	2	69d7cb35bc5c815571baa443	Championship
2	2	69d7cb3dbc5c815571baa444	Season Review
3	2	69d7cb45bc5c815571baa445	Podium
4	2	69d7cb51bc5c815571baa446	2025 Season
1	1	69d7ca96bc5c815571baa440	Victory
2	1	69d7caa1bc5c815571baa441	Estoril
3	1	69d7caa5bc5c815571baa442	2025 Season
1	5	69d8d9950415d56e15dbd659	Felipe Massa
2	5	69d8d99f0415d56e15dbd65a	Pipo Massa
3	5	69d8d9a80415d56e15dbd65b	Father and Son
4	5	69d8d9af0415d56e15dbd65c	Barcelona
5	5	69d8d9b70415d56e15dbd65d	Family in Motorsport
\.


--
-- Data for Name: interviews_locales; Type: TABLE DATA; Schema: public; Owner: afmuser
--

COPY public.interviews_locales (seo_title, seo_image_id, seo_description, id, _locale, _parent_id) FROM stdin;
\.


--
-- Data for Name: interviews_rels; Type: TABLE DATA; Schema: public; Owner: afmuser
--

COPY public.interviews_rels (id, "order", parent_id, path, media_id, categories_id, tags_id) FROM stdin;
1	1	4	categories	\N	1	\N
2	2	4	categories	\N	4	\N
3	1	4	tags	\N	\N	3
4	2	4	tags	\N	\N	6
5	3	4	tags	\N	\N	9
6	1	3	categories	\N	2	\N
7	2	3	categories	\N	6	\N
8	3	3	categories	\N	7	\N
9	1	3	tags	\N	\N	1
10	2	3	tags	\N	\N	5
11	3	3	tags	\N	\N	4
12	1	2	categories	\N	1	\N
13	2	2	categories	\N	3	\N
14	3	2	categories	\N	2	\N
15	1	2	tags	\N	\N	2
16	2	2	tags	\N	\N	6
17	3	2	tags	\N	\N	7
18	4	2	tags	\N	\N	8
19	1	1	categories	\N	2	\N
20	2	1	categories	\N	5	\N
21	1	1	tags	\N	\N	1
22	2	1	tags	\N	\N	6
23	3	1	tags	\N	\N	9
24	1	5	tags	\N	\N	1
25	2	5	tags	\N	\N	2
26	1	6	tags	\N	\N	8
27	2	6	tags	\N	\N	7
28	3	6	tags	\N	\N	5
29	4	6	tags	\N	\N	70
30	5	6	tags	\N	\N	71
31	1	7	tags	\N	\N	54
32	2	7	tags	\N	\N	57
33	3	7	tags	\N	\N	5
34	4	7	tags	\N	\N	72
35	5	7	tags	\N	\N	73
\.


--
-- Data for Name: leaders; Type: TABLE DATA; Schema: public; Owner: afmuser
--

COPY public.leaders (id, first_name, middle_name, last_name, alias, basics_nickname, basics_title, basics_gender, basics_nationality_id, basics_birth_date, basics_debut_date, basics_retirement_date, details_vision, details_mission, details_quote, details_biography, details_history, assets_avatar_id, assets_cover_id, generate_slug, slug, updated_at, created_at) FROM stdin;
2	Ricardo	Jorge	Santos	ricardo-santosRick	Rick	Sporting Director	Male	4	1982-11-12 17:00:00+05:30	2021-06-01 17:00:00+05:30	\N	To establish AF Motorsport's trackside operations as the most professional and effective in Iberian Porsche competition, providing drivers with optimal conditions for performance.	Direct all trackside and competitive operations including race strategy, sporting regulation compliance, and driver management during events.	Calm minds make fast decisions.	{"root": {"type": "root", "format": "", "indent": 0, "version": 1, "children": [{"type": "paragraph", "format": "", "indent": 0, "version": 1, "children": [{"mode": "normal", "text": "Ricardo Santos joined AF Motorsport in 2021 as Sporting Director, bringing extensive experience from national and international motorsport competition. His background includes race engineering roles in Portuguese GT championships and operational management positions with event organizing bodies.", "type": "text", "style": "", "detail": 0, "format": 0, "version": 1}], "direction": null, "textStyle": "", "textFormat": 0}, {"type": "paragraph", "format": "", "indent": 0, "version": 1, "children": [{"mode": "normal", "text": "    ", "type": "text", "style": "", "detail": 0, "format": 0, "version": 1}], "direction": null, "textStyle": "", "textFormat": 0}, {"type": "paragraph", "format": "", "indent": 0, "version": 1, "children": [{"mode": "normal", "text": "    As Sporting Director, Ricardo oversees all trackside operations during race events including strategy formulation, pit wall communications, and regulatory compliance. His calm demeanor and methodical approach provide stability during high-pressure competitive situations.", "type": "text", "style": "", "detail": 0, "format": 0, "version": 1}], "direction": null, "textStyle": "", "textFormat": 0}, {"type": "paragraph", "format": "", "indent": 0, "version": 1, "children": [{"mode": "normal", "text": "    ", "type": "text", "style": "", "detail": 0, "format": 0, "version": 1}], "direction": null, "textStyle": "", "textFormat": 0}, {"type": "paragraph", "format": "", "indent": 0, "version": 1, "children": [{"mode": "normal", "text": "    Ricardo's comprehensive understanding of sporting regulations across multiple championships ensures AF Motorsport maximizes competitive opportunity within regulatory frameworks while maintaining exemplary compliance standards.", "type": "text", "style": "", "detail": 0, "format": 0, "version": 1}], "direction": null, "textStyle": "", "textFormat": 0}], "direction": null}}	Prior to joining AF Motorsport, Ricardo served as race engineer for Portuguese GT teams and held operational roles with national championship organizers. This dual perspective provides valuable insight into both competitive and regulatory aspects of motorsport.\n    \n    Ricardo's approach to sporting direction emphasizes preparation and clear communication. Race strategies are developed collaboratively with drivers and engineers, with contingencies established for likely scenarios. This preparation enables decisive execution when split-second decisions are required.	\N	\N	t	\N	2026-04-10 10:27:43.252+05:30	2026-04-09 20:47:58.664+05:30
1	André	Miguel	Fernandes	andre-fernandes	AF	Team Principal and Founder	Male	238	1995-08-15 17:00:00+05:30	2020-03-01 17:00:00+05:30	\N	To establish AF Motorsport as the benchmark for professional independent motorsport organizations in Iberia, demonstrating that meticulous preparation, driver development focus, and commercial professionalism can achieve sustained competitive success.	Lead AF Motorsport's competitive and commercial development while maintaining active driving role. Build organizational capability through strategic partnerships, personnel development, and operational excellence.	Performance through preparation. Speed through precision.	{"root": {"type": "root", "format": "", "indent": 0, "version": 1, "children": [{"type": "paragraph", "format": "", "indent": 0, "version": 1, "children": [{"mode": "normal", "text": "André Fernandes founded AF Motorsport in 2020, transitioning from successful national competitor to team principal while maintaining an active driving career. His dual role combines organizational leadership with direct competitive involvement, providing unique perspective on all aspects of team operations.", "type": "text", "style": "", "detail": 0, "format": 0, "version": 1}], "direction": null, "textStyle": "", "textFormat": 0}, {"type": "paragraph", "format": "", "indent": 0, "version": 1, "children": [{"mode": "normal", "text": "    ", "type": "text", "style": "", "detail": 0, "format": 0, "version": 1}], "direction": null, "textStyle": "", "textFormat": 0}, {"type": "paragraph", "format": "", "indent": 0, "version": 1, "children": [{"mode": "normal", "text": "    Under André's leadership, AF Motorsport has developed from trackside-only operations to a fully professional organization with permanent Estoril facilities, multi-car Porsche program, and comprehensive driver development pathway. The team's competitive achievements include multiple race victories and championship podiums in Porsche Sprint Challenge Ibérica competition.", "type": "text", "style": "", "detail": 0, "format": 0, "version": 1}], "direction": null, "textStyle": "", "textFormat": 0}, {"type": "paragraph", "format": "", "indent": 0, "version": 1, "children": [{"mode": "normal", "text": "    ", "type": "text", "style": "", "detail": 0, "format": 0, "version": 1}], "direction": null, "textStyle": "", "textFormat": 0}, {"type": "paragraph", "format": "", "indent": 0, "version": 1, "children": [{"mode": "normal", "text": "    André's leadership philosophy emphasizes continuous improvement, attention to detail, and the development of people as the foundation of sustained competitive success. This approach has cultivated strong relationships with technical partners, commercial sponsors, and the broader motorsport community.", "type": "text", "style": "", "detail": 0, "format": 0, "version": 1}], "direction": null, "textStyle": "", "textFormat": 0}], "direction": null}}	Prior to founding AF Motorsport, André Fernandes competed successfully in Portuguese national championships including touring car and GT categories. This competitive experience informed the operational standards and preparation philosophy that define AF Motorsport's approach.\n    \n    The decision to establish a professional team organization reflected recognition that sustained competitive success requires excellence across all operational dimensions. The Estoril workshop facility, technical partnerships, and personnel development programs were established to create the infrastructure necessary for long-term achievement.\n    \n    The transition to Porsche competition in 2025 represented the culmination of this developmental approach, with AF Motorsport immediately demonstrating competitiveness at the Iberian championship level.	\N	\N	t	\N	2026-04-27 22:51:28.335+05:30	2026-04-09 20:45:42.929+05:30
4	Sofia	Isabel	Martins	sofia-martins	Sof	Commercial Director	Female	15	1989-09-18 17:00:00+05:30	2023-01-10 17:00:00+05:30	\N	vision: To establish AF Motorsport as the premier commercial platform in Iberian motorsport, delivering exceptional value to partners while building sustainable organizational growth.	Lead all commercial operations including partnership development, sponsor activation, hospitality programs, and brand strategy. Cultivate long-term relationships that benefit both team and partners.	Partnerships built on value endure beyond results.	{"root": {"type": "root", "format": "", "indent": 0, "version": 1, "children": [{"type": "paragraph", "format": "", "indent": 0, "version": 1, "children": [{"mode": "normal", "text": "Sofia Martins leads AF Motorsport's commercial operations, bringing extensive experience in sports marketing and partnership development from previous roles with Portuguese sports organizations and agencies.", "type": "text", "style": "", "detail": 0, "format": 0, "version": 1}], "direction": null, "textStyle": "", "textFormat": 0}, {"type": "paragraph", "format": "", "indent": 0, "version": 1, "children": [], "direction": null, "textStyle": "", "textFormat": 0}, {"type": "paragraph", "format": "", "indent": 0, "version": 1, "children": [{"mode": "normal", "text": "As Commercial Director, Sofia manages the complete partnership lifecycle from initial engagement through activation and renewal. Her strategic approach focuses on understanding partner objectives and delivering measurable value through authentic motorsport engagement.", "type": "text", "style": "", "detail": 0, "format": 0, "version": 1}], "direction": null, "textStyle": "", "textFormat": 0}, {"type": "paragraph", "format": "", "indent": 0, "version": 1, "children": [{"mode": "normal", "text": "    ", "type": "text", "style": "", "detail": 0, "format": 0, "version": 1}], "direction": null, "textStyle": "", "textFormat": 0}, {"type": "paragraph", "format": "", "indent": 0, "version": 1, "children": [{"mode": "normal", "text": "    Sofia's leadership has professionalized AF Motorsport's commercial operations, establishing systems and processes that enable sustainable growth and professional partner relationships.", "type": "text", "style": "", "detail": 0, "format": 0, "version": 1}], "direction": null, "textStyle": "", "textFormat": 0}], "direction": null}}	  Sofia's background includes commercial roles with Portuguese Olympic Committee partners and sports marketing agencies serving major Portuguese brands. This experience informs her understanding of partnership dynamics and value creation.\n    \n    Since joining AF Motorsport, Sofia has developed the commercial infrastructure including partnership packages, activation programs, and reporting systems that demonstrate return on investment. Her work has attracted and retained partners essential to the team's growth.	\N	\N	f	sofia-martins	2026-04-10 10:26:47.098+05:30	2026-04-09 20:56:55.104+05:30
3	Miguel	Ângelo	Costa	Mig	Mig	Technical Director	Male	8	1985-04-23 17:00:00+05:30	2022-02-15 17:00:00+05:30	2026-04-16 17:00:00+05:30	To develop AF Motorsport's technical capability to championship-winning standard through systematic improvement, knowledge capture, and engineering excellence.	Lead all technical operations including vehicle preparation, setup development, data analysis, and performance optimization. Manage engineering personnel and technical partnerships.	Data informs. Understanding decides.	{"root": {"type": "root", "format": "", "indent": 0, "version": 1, "children": [{"type": "paragraph", "format": "", "indent": 0, "version": 1, "children": [{"mode": "normal", "text": "Miguel Costa leads AF Motorsport's technical operations, overseeing vehicle preparation, engineering methodology, and performance development. His background combines formal engineering education with extensive practical motorsport experience.", "type": "text", "style": "", "detail": 0, "format": 0, "version": 1}], "direction": null, "textStyle": "", "textFormat": 0}, {"type": "paragraph", "format": "", "indent": 0, "version": 1, "children": [{"mode": "normal", "text": "    ", "type": "text", "style": "", "detail": 0, "format": 0, "version": 1}], "direction": null, "textStyle": "", "textFormat": 0}, {"type": "paragraph", "format": "", "indent": 0, "version": 1, "children": [{"mode": "normal", "text": "    As Technical Director, Miguel manages the engineering team, technical partnerships, and the continuous development of AF Motorsport's technical capability. His systematic approach to setup development and performance optimization has been fundamental to the team's competitive progression.", "type": "text", "style": "", "detail": 0, "format": 0, "version": 1}], "direction": null, "textStyle": "", "textFormat": 0}, {"type": "paragraph", "format": "", "indent": 0, "version": 1, "children": [{"mode": "normal", "text": "    ", "type": "text", "style": "", "detail": 0, "format": 0, "version": 1}], "direction": null, "textStyle": "", "textFormat": 0}, {"type": "paragraph", "format": "", "indent": 0, "version": 1, "children": [{"mode": "normal", "text": "    Miguel's leadership has established the data-driven methodology that characterizes AF Motorsport's engineering approach, balancing analytical rigor with the practical realities of trackside operation.", "type": "text", "style": "", "detail": 0, "format": 0, "version": 1}], "direction": null, "textStyle": "", "textFormat": 0}], "direction": null}}	Miguel's motorsport career began in karting before transitioning to engineering roles in national formula car championships. His experience spans single-seaters, touring cars, and GT racing, providing broad technical perspective.\n    \n    Since joining AF Motorsport, Miguel has developed the technical infrastructure including data acquisition systems, setup methodologies, and engineering processes. His work has been instrumental in the team's successful transition to Porsche competition.	\N	\N	t	\N	2026-04-10 10:27:17.104+05:30	2026-04-09 20:50:18.354+05:30
\.


--
-- Data for Name: leaders_details_principles_list; Type: TABLE DATA; Schema: public; Owner: afmuser
--

COPY public.leaders_details_principles_list (_order, _parent_id, id, name, description, statement, application, rationale) FROM stdin;
1	4	69d7c4b1bc5c815571baa439	Authentic Value Creates Lasting Partnerships	Successful commercial relationships are built on genuine value exchange rather than transactional arrangements.	We don't sell logo placement. We create meaningful connections between partners and the motorsport community.	Partnership programs tailored to partner objectives with measurable outcomes and transparent reporting.	Sustainable commercial growth requires relationships that benefit all parties beyond immediate financial exchange.
1	3	69d7c379bc5c815571baa438	Data Informs, Instinct Executes	Analytical rigor provides the foundation for informed decision-making. Ultimately, racing demands human judgment applied to complex situations.	We embrace data without surrendering to it. Telemetry guides us; it does not drive for us.	Comprehensive data analysis informs setup direction and driver development. Final decisions incorporate driver feedback and competitive context.	Optimal performance emerges from the synthesis of analytical understanding and human judgment.
1	2	69d7c30fbc5c815571baa437	Preparation Enables Decisive Action	Effective race strategy requires comprehensive pre-event preparation. Decisions made under pressure are only as good as the analysis supporting them.	We make our difficult decisions before the race starts. What remains is execution.	Detailed pre-event strategy sessions covering all likely scenarios. Clear decision protocols established before arriving at circuit.	Race conditions demand rapid decisions. Preparation ensures those decisions are informed rather than reactive.
1	1	69d7c240bc5c815571baa432	Preparation Precedes Performance	Competitive outcomes are determined long before lights out. Victory is forged in workshop preparation, engineering analysis, and simulator sessions.	We never confuse effort with effectiveness. Every hour of preparation must translate to measurable competitive advantage.	All team operations from vehicle preparation to driver development follow documented procedures ensuring consistent quality and continuous improvement.	Motorsport success correlates directly with preparation quality. Teams that prepare thoroughly create conditions for performance to emerge.
2	1	69d7c25cbc5c815571baa433	People Development Drives Progress	Organizational capability is built through investment in people. Developing talent at all levels creates sustainable competitive advantage.	We measure success not solely through silverware but through careers launched, skills developed, and potential realized.	Structured development programs for drivers, mechanics, and engineers with clear progression pathways and mentorship support.	Motorsport organizations ultimately succeed or fail based on the quality and commitment of their people.
\.


--
-- Data for Name: leaders_details_socials_list; Type: TABLE DATA; Schema: public; Owner: afmuser
--

COPY public.leaders_details_socials_list (_order, _parent_id, id, platform, username, description) FROM stdin;
1	4	69d7c511bc5c815571baa43b	LinkedIn	sofia-martins-motorsport	Professional network and commercial partnership engagement
1	1	69d7c28cbc5c815571baa436	LinkedIn	andre-fernandes-motorsport	Professional network and industry engagement
\.


--
-- Data for Name: leaders_details_websites_list; Type: TABLE DATA; Schema: public; Owner: afmuser
--

COPY public.leaders_details_websites_list (_order, _parent_id, id, name, path, description) FROM stdin;
1	4	69d7c4debc5c815571baa43a	sofia martins	www.sofia-martins@rider.com	Professional network and commercial partnership engagement
1	1	69d7c27bbc5c815571baa434	Team Profile	https://www.afmotorsport.com/team/andre-fernandes	Official team principal profile and leadership philosophy
\.


--
-- Data for Name: leaders_locales; Type: TABLE DATA; Schema: public; Owner: afmuser
--

COPY public.leaders_locales (seo_title, seo_image_id, seo_description, id, _locale, _parent_id) FROM stdin;
\.


--
-- Data for Name: leaders_rels; Type: TABLE DATA; Schema: public; Owner: afmuser
--

COPY public.leaders_rels (id, "order", parent_id, path, designations_id, awards_id, media_id, categories_id, tags_id) FROM stdin;
204	1	1	details.designations	2	\N	\N	\N	\N
205	1	1	details.awards	\N	5	\N	\N	\N
206	1	1	categories	\N	\N	\N	2	\N
207	2	1	categories	\N	\N	\N	7	\N
208	1	1	tags	\N	\N	\N	\N	3
209	2	1	tags	\N	\N	\N	\N	7
210	3	1	tags	\N	\N	\N	\N	10
211	4	1	tags	\N	\N	\N	\N	11
212	5	1	tags	\N	\N	\N	\N	14
213	6	1	tags	\N	\N	\N	\N	8
214	7	1	tags	\N	\N	\N	\N	12
215	8	1	tags	\N	\N	\N	\N	15
216	9	1	tags	\N	\N	\N	\N	5
217	10	1	tags	\N	\N	\N	\N	18
15	1	4	details.designations	3	\N	\N	\N	\N
16	1	4	details.awards	\N	2	\N	\N	\N
17	1	4	categories	\N	\N	\N	2	\N
18	2	4	categories	\N	\N	\N	6	\N
19	3	4	categories	\N	\N	\N	8	\N
20	4	4	categories	\N	\N	\N	9	\N
21	1	4	tags	\N	\N	\N	\N	3
22	2	4	tags	\N	\N	\N	\N	6
23	3	4	tags	\N	\N	\N	\N	7
24	4	4	tags	\N	\N	\N	\N	10
25	5	4	tags	\N	\N	\N	\N	8
26	6	4	tags	\N	\N	\N	\N	11
27	7	4	tags	\N	\N	\N	\N	15
28	8	4	tags	\N	\N	\N	\N	17
29	9	4	tags	\N	\N	\N	\N	13
30	1	3	details.designations	4	\N	\N	\N	\N
31	1	3	details.awards	\N	3	\N	\N	\N
32	1	3	categories	\N	\N	\N	3	\N
33	2	3	categories	\N	\N	\N	8	\N
34	3	3	categories	\N	\N	\N	10	\N
35	4	3	categories	\N	\N	\N	9	\N
36	1	3	tags	\N	\N	\N	\N	2
37	2	3	tags	\N	\N	\N	\N	6
38	3	3	tags	\N	\N	\N	\N	8
39	4	3	tags	\N	\N	\N	\N	10
40	5	3	tags	\N	\N	\N	\N	11
41	6	3	tags	\N	\N	\N	\N	16
42	7	3	tags	\N	\N	\N	\N	17
43	8	3	tags	\N	\N	\N	\N	15
44	9	3	tags	\N	\N	\N	\N	18
45	1	2	details.designations	1	\N	\N	\N	\N
46	1	2	details.awards	\N	4	\N	\N	\N
47	1	2	categories	\N	\N	\N	3	\N
48	2	2	categories	\N	\N	\N	7	\N
49	3	2	categories	\N	\N	\N	10	\N
50	4	2	categories	\N	\N	\N	12	\N
51	1	2	tags	\N	\N	\N	\N	2
52	2	2	tags	\N	\N	\N	\N	6
53	3	2	tags	\N	\N	\N	\N	9
54	4	2	tags	\N	\N	\N	\N	13
55	5	2	tags	\N	\N	\N	\N	8
56	6	2	tags	\N	\N	\N	\N	11
57	7	2	tags	\N	\N	\N	\N	14
58	8	2	tags	\N	\N	\N	\N	15
59	9	2	tags	\N	\N	\N	\N	12
218	11	1	tags	\N	\N	\N	\N	6
219	12	1	tags	\N	\N	\N	\N	2
\.


--
-- Data for Name: media; Type: TABLE DATA; Schema: public; Owner: afmuser
--

COPY public.media (id, alt, caption, updated_at, created_at, url, thumbnail_u_r_l, filename, mime_type, filesize, width, height, focal_x, focal_y) FROM stdin;
1		\N	2026-04-09 15:35:42.345+05:30	2026-04-09 15:35:42.345+05:30	/api/media/file/1-removebg-preview.png	\N	1-removebg-preview.png	image/png	145530	465	536	50	50
2	\N	\N	2026-04-09 15:36:24.751+05:30	2026-04-09 15:36:24.75+05:30	/api/media/file/1_1_-removebg-preview.png	\N	1_1_-removebg-preview.png	image/png	140382	465	536	50	50
3	\N	\N	2026-04-09 15:36:59.831+05:30	2026-04-09 15:36:59.831+05:30	/api/media/file/1_1_-removebg-preview-1.png	\N	1_1_-removebg-preview-1.png	image/png	140382	465	536	50	50
4	\N	\N	2026-04-09 15:48:31.885+05:30	2026-04-09 15:48:31.885+05:30	/api/media/file/2-removebg-preview.png	\N	2-removebg-preview.png	image/png	183309	454	549	50	50
5	\N	\N	2026-04-09 15:48:49.129+05:30	2026-04-09 15:48:49.129+05:30	/api/media/file/2_1_-removebg-preview.png	\N	2_1_-removebg-preview.png	image/png	193972	454	549	50	50
6	\N	\N	2026-04-09 15:53:30.425+05:30	2026-04-09 15:53:30.418+05:30	/api/media/file/3-removebg-preview.png	\N	3-removebg-preview.png	image/png	130436	456	547	50	50
7	\N	\N	2026-04-09 15:53:53.58+05:30	2026-04-09 15:53:53.58+05:30	/api/media/file/3_1_-removebg-preview.png	\N	3_1_-removebg-preview.png	image/png	95887	456	547	50	50
8	\N	\N	2026-04-09 15:59:11.664+05:30	2026-04-09 15:59:11.664+05:30	/api/media/file/4-removebg-preview.png	\N	4-removebg-preview.png	image/png	205183	443	563	50	50
9	\N	\N	2026-04-09 15:59:37.968+05:30	2026-04-09 15:59:37.968+05:30	/api/media/file/4-removebg-preview-1.png	\N	4-removebg-preview-1.png	image/png	205183	443	563	50	50
10	\N	\N	2026-04-09 15:59:59.349+05:30	2026-04-09 15:59:59.349+05:30	/api/media/file/4-removebg-preview-2.png	\N	4-removebg-preview-2.png	image/png	205183	443	563	50	50
11	\N	\N	2026-04-09 16:01:08.318+05:30	2026-04-09 16:01:08.317+05:30	/api/media/file/5-removebg-preview.png	\N	5-removebg-preview.png	image/png	115128	451	554	50	50
12	\N	\N	2026-04-09 16:01:27.707+05:30	2026-04-09 16:01:27.707+05:30	/api/media/file/5_1_-removebg-preview.png	\N	5_1_-removebg-preview.png	image/png	100669	451	554	50	50
13	\N	\N	2026-04-09 16:02:05.745+05:30	2026-04-09 16:02:05.745+05:30	/api/media/file/5-removebg-preview-1.png	\N	5-removebg-preview-1.png	image/png	115128	451	554	50	50
14	\N	\N	2026-04-09 16:02:40.606+05:30	2026-04-09 16:02:40.606+05:30	/api/media/file/5-removebg-preview-2.png	\N	5-removebg-preview-2.png	image/png	115128	451	554	50	50
15	\N	\N	2026-04-09 16:03:07.031+05:30	2026-04-09 16:03:07.031+05:30	/api/media/file/5-removebg-preview-3.png	\N	5-removebg-preview-3.png	image/png	115128	451	554	50	50
16	\N	\N	2026-04-09 16:03:57.016+05:30	2026-04-09 16:03:57.016+05:30	/api/media/file/2_1_-removebg-preview-1.png	\N	2_1_-removebg-preview-1.png	image/png	193972	454	549	50	50
17	\N	\N	2026-04-09 16:31:59.038+05:30	2026-04-09 16:31:59.038+05:30	/api/media/file/white_tshirt1.png	\N	white_tshirt1.png	image/png	183309	454	549	50	50
18	\N	\N	2026-04-09 16:32:11.574+05:30	2026-04-09 16:32:11.574+05:30	/api/media/file/white_tshirt2.png	\N	white_tshirt2.png	image/png	193972	454	549	50	50
19	\N	\N	2026-04-09 16:32:39.258+05:30	2026-04-09 16:32:39.258+05:30	/api/media/file/white_tshirt2-1.png	\N	white_tshirt2-1.png	image/png	193972	454	549	50	50
20	\N	\N	2026-04-09 16:33:02.991+05:30	2026-04-09 16:33:02.991+05:30	/api/media/file/green_tshirt1.png	\N	green_tshirt1.png	image/png	130436	456	547	50	50
21	\N	\N	2026-04-09 16:33:52.871+05:30	2026-04-09 16:33:52.87+05:30	/api/media/file/green_tshirt1-1.png	\N	green_tshirt1-1.png	image/png	130436	456	547	50	50
22	No image	\N	2026-04-09 16:36:01.412+05:30	2026-04-09 16:36:01.412+05:30	/api/media/file/green_tshirt1-2.png	\N	green_tshirt1-2.png	image/png	130436	456	547	50	50
23	No image	\N	2026-04-09 16:36:25.511+05:30	2026-04-09 16:36:25.511+05:30	/api/media/file/green_tshirt2.png	\N	green_tshirt2.png	image/png	95887	456	547	50	50
24	No image	\N	2026-04-09 16:37:02.861+05:30	2026-04-09 16:37:02.861+05:30	/api/media/file/green_tshirt1-3.png	\N	green_tshirt1-3.png	image/png	130436	456	547	50	50
25	No image	\N	2026-04-09 16:37:40.579+05:30	2026-04-09 16:37:40.579+05:30	/api/media/file/green_tshirt2-1.png	\N	green_tshirt2-1.png	image/png	95887	456	547	50	50
26	\N	\N	2026-04-09 16:38:15.278+05:30	2026-04-09 16:38:15.278+05:30	/api/media/file/green_tshirt2-2.png	\N	green_tshirt2-2.png	image/png	95887	456	547	50	50
27	No image	\N	2026-04-09 16:39:28.532+05:30	2026-04-09 16:39:28.532+05:30	/api/media/file/fullsleeve_tshirt1.png	\N	fullsleeve_tshirt1.png	image/png	115128	451	554	50	50
28	No image	\N	2026-04-09 16:40:32.91+05:30	2026-04-09 16:40:32.91+05:30	/api/media/file/asf_bag.png	\N	asf_bag.png	image/png	205183	443	563	50	50
29	No image	\N	2026-04-09 16:42:11.081+05:30	2026-04-09 16:42:11.081+05:30	/api/media/file/black_tshirt1.png	\N	black_tshirt1.png	image/png	140382	465	536	50	50
30	\N	\N	2026-04-09 18:49:08.674+05:30	2026-04-09 18:49:08.674+05:30	/api/media/file/29-4000x2670.jpg	\N	29-4000x2670.jpg	image/jpeg	2126411	4000	2670	50	50
31	\N	\N	2026-04-09 18:49:35.626+05:30	2026-04-09 18:49:35.626+05:30	/api/media/file/4.jpg	\N	4.jpg	image/jpeg	31387	367	267	50	50
32	\N	\N	2026-04-09 18:50:14.224+05:30	2026-04-09 18:50:14.224+05:30	/api/media/file/1.jpg	\N	1.jpg	image/jpeg	2126411	4000	2670	50	50
33	\N	\N	2026-04-10 16:56:35.235+05:30	2026-04-10 16:56:35.235+05:30	/api/media/file/_-1jpg	\N	_-1jpg	application/octet-stream	7990075	\N	\N	\N	\N
34	\N	\N	2026-04-10 16:59:02.443+05:30	2026-04-10 16:59:02.443+05:30	/api/media/file/_-20.jpg	\N	_-20.jpg	image/jpeg	7259566	2832	4240	50	50
35	\N	\N	2026-04-10 17:00:12.463+05:30	2026-04-10 17:00:12.463+05:30	/api/media/file/_-21.jpg	\N	_-21.jpg	image/jpeg	3945367	2588	3875	50	50
36	\N	\N	2026-04-10 17:00:52.029+05:30	2026-04-10 17:00:52.029+05:30	/api/media/file/_-22.jpg	\N	_-22.jpg	image/jpeg	6559339	2832	4240	50	50
37	\N	\N	2026-04-10 17:01:22.703+05:30	2026-04-10 17:01:22.703+05:30	/api/media/file/_-25.jpg	\N	_-25.jpg	image/jpeg	4815814	2832	4240	50	50
38	\N	\N	2026-04-10 17:03:19.503+05:30	2026-04-10 17:03:19.503+05:30	/api/media/file/SCHEDULE-BAR.jpg	\N	SCHEDULE-BAR.jpg	image/jpeg	784228	1080	1350	50	50
39	\N	\N	2026-04-10 17:03:58.582+05:30	2026-04-10 17:03:58.582+05:30	/api/media/file/SCHEDULE-FRI13.jpg	\N	SCHEDULE-FRI13.jpg	image/jpeg	885387	1080	1920	50	50
40	\N	\N	2026-04-10 17:04:31.858+05:30	2026-04-10 17:04:31.858+05:30	/api/media/file/SCHEDULE-SAT14.jpg	\N	SCHEDULE-SAT14.jpg	image/jpeg	895885	1080	1920	50	50
41	\N	\N	2026-04-10 17:04:43.826+05:30	2026-04-10 17:04:43.825+05:30	/api/media/file/SCHEDULE-SUN15.jpg	\N	SCHEDULE-SUN15.jpg	image/jpeg	910535	1080	1920	50	50
43	Pit crew performing fast tire change during race	{"root": {"type": "root", "format": "", "indent": 0, "version": 1, "children": [{"type": "paragraph", "format": "", "indent": 0, "version": 1, "children": [{"mode": "normal", "text": "Seconds matter. Precision wins.", "type": "text", "style": "", "detail": 0, "format": 0, "version": 1}], "direction": null, "textStyle": "", "textFormat": 0}, {"type": "paragraph", "format": "", "indent": 0, "version": 1, "children": [], "direction": null, "textStyle": "", "textFormat": 0}], "direction": null}}	2026-04-10 17:10:50.617+05:30	2026-04-10 17:07:48.864+05:30	/api/media/file/_-6.jpg	\N	_-6.jpg	image/jpeg	4804494	2467	3693	50	50
42	Racing team preparing car in pit lane before race	{"root": {"type": "root", "format": "", "indent": 0, "version": 1, "children": [{"type": "paragraph", "format": "", "indent": 0, "version": 1, "children": [{"mode": "normal", "text": "Getting ready to chase the finish line", "type": "text", "style": "", "detail": 0, "format": 0, "version": 1}], "direction": null, "textStyle": "", "textFormat": 0}], "direction": null}}	2026-04-10 17:11:21.344+05:30	2026-04-10 17:07:24.365+05:30	/api/media/file/_-5.jpg	\N	_-5.jpg	image/jpeg	4449091	2467	3693	50	50
44	Race car speeding on track with team branding	{"root": {"type": "root", "format": "", "indent": 0, "version": 1, "children": [{"type": "paragraph", "format": "", "indent": 0, "version": 1, "children": [{"mode": "normal", "text": "Full throttle. No limits.", "type": "text", "style": "", "detail": 0, "format": 0, "version": 1}], "direction": null, "textStyle": "", "textFormat": 0}], "direction": null}}	2026-04-10 17:14:42.978+05:30	2026-04-10 17:14:42.978+05:30	/api/media/file/_-14.jpg	\N	_-14.jpg	image/jpeg	2689535	2089	3127	50	50
45	Racing team celebrating podium victory	{"root": {"type": "root", "format": "", "indent": 0, "version": 1, "children": [{"type": "paragraph", "format": "", "indent": 0, "version": 1, "children": [{"mode": "normal", "text": "Hard work. Fast laps. Big wins.", "type": "text", "style": "", "detail": 0, "format": 0, "version": 1}], "direction": null, "textStyle": "", "textFormat": 0}], "direction": null}}	2026-04-10 17:15:15.406+05:30	2026-04-10 17:15:15.406+05:30	/api/media/file/_-24.jpg	\N	_-24.jpg	image/jpeg	5324345	2832	4240	50	50
46	Engineers analyzing race data in garage	{"root": {"type": "root", "format": "", "indent": 0, "version": 1, "children": [{"type": "paragraph", "format": "", "indent": 0, "version": 1, "children": [{"mode": "normal", "text": "Where strategy meets speed.", "type": "text", "style": "", "detail": 0, "format": 0, "version": 1}], "direction": null, "textStyle": "", "textFormat": 0}, {"type": "paragraph", "format": "", "indent": 0, "version": 1, "children": [], "direction": null, "textStyle": "", "textFormat": 0}], "direction": null}}	2026-04-10 17:17:10.816+05:30	2026-04-10 17:17:10.816+05:30	/api/media/file/_-31.jpg	\N	_-31.jpg	image/jpeg	25128882	4672	7008	50	50
47	Driver standing with team beside race car	{"root": {"type": "root", "format": "", "indent": 0, "version": 1, "children": [{"type": "paragraph", "format": "", "indent": 0, "version": 1, "children": [{"mode": "normal", "text": "One team. One goal.", "type": "text", "style": "", "detail": 0, "format": 0, "version": 1}], "direction": null, "textStyle": "", "textFormat": 0}], "direction": null}}	2026-04-10 17:17:42.263+05:30	2026-04-10 17:17:42.262+05:30	/api/media/file/_-32.jpg	\N	_-32.jpg	image/jpeg	23292023	4672	7008	50	50
48	Pit crew signaling driver during race	{"root": {"type": "root", "format": "", "indent": 0, "version": 1, "children": [{"type": "paragraph", "format": "", "indent": 0, "version": 1, "children": [{"mode": "normal", "text": "Communication is everything.", "type": "text", "style": "", "detail": 0, "format": 0, "version": 1}], "direction": null, "textStyle": "", "textFormat": 0}], "direction": null}}	2026-04-10 17:18:34.718+05:30	2026-04-10 17:18:34.718+05:30	/api/media/file/_-35.jpg	\N	_-35.jpg	image/jpeg	11376383	3609	5413	50	50
49	Race car entering pit stop area	{"root": {"type": "root", "format": "", "indent": 0, "version": 1, "children": [{"type": "paragraph", "format": "", "indent": 0, "version": 1, "children": [{"mode": "normal", "text": "In for seconds. Out for victory.", "type": "text", "style": "", "detail": 0, "format": 0, "version": 1}], "direction": null, "textStyle": "", "textFormat": 0}], "direction": null}}	2026-04-10 17:19:41.146+05:30	2026-04-10 17:19:41.146+05:30	/api/media/file/FELIPE-MASSA-POSTER.jpg	\N	FELIPE-MASSA-POSTER.jpg	image/jpeg	1045643	1080	1350	50	50
50	Team members pushing race car in garage	{"root": {"type": "root", "format": "", "indent": 0, "version": 1, "children": [{"type": "paragraph", "format": "", "indent": 0, "version": 1, "children": [{"mode": "normal", "text": "Every push counts.", "type": "text", "style": "", "detail": 0, "format": 0, "version": 1}], "direction": null, "textStyle": "", "textFormat": 0}], "direction": null}}	2026-04-10 17:21:12.615+05:30	2026-04-10 17:21:12.615+05:30	/api/media/file/first%20round%20sunday-2.jpg	\N	first round sunday-2.jpg	image/jpeg	24649404	7008	4672	50	50
51	Racing team group photo with car	{"root": {"type": "root", "format": "", "indent": 0, "version": 1, "children": [{"type": "paragraph", "format": "", "indent": 0, "version": 1, "children": [{"mode": "normal", "text": "Driven by teamwork.", "type": "text", "style": "", "detail": 0, "format": 0, "version": 1}], "direction": null, "textStyle": "", "textFormat": 0}], "direction": null}}	2026-04-10 17:21:53.667+05:30	2026-04-10 17:21:53.667+05:30	/api/media/file/first%20round%20sunday-8.jpg	\N	first round sunday-8.jpg	image/jpeg	27666452	4672	7008	50	50
52	Close-up of race car wheel during pit stop	{"root": {"type": "root", "format": "", "indent": 0, "version": 1, "children": [{"type": "paragraph", "format": "", "indent": 0, "version": 1, "children": [{"mode": "normal", "text": "Precision in every move.", "type": "text", "style": "", "detail": 0, "format": 0, "version": 1}], "direction": null, "textStyle": "", "textFormat": 0}], "direction": null}}	2026-04-10 17:22:26.114+05:30	2026-04-10 17:22:26.114+05:30	/api/media/file/first%20round%20sunday-13.jpg	\N	first round sunday-13.jpg	image/jpeg	18287625	4275	6413	50	50
53	Driver wearing helmet before entering race car	{"root": {"type": "root", "format": "", "indent": 0, "version": 1, "children": [{"type": "paragraph", "format": "", "indent": 0, "version": 1, "children": [{"mode": "normal", "text": "Focus mode: activated.", "type": "text", "style": "", "detail": 0, "format": 0, "version": 1}], "direction": null, "textStyle": "", "textFormat": 0}], "direction": null}}	2026-04-10 17:22:55.755+05:30	2026-04-10 17:22:55.755+05:30	/api/media/file/first%20round%20sunday-14.jpg	\N	first round sunday-14.jpg	image/jpeg	22785471	4672	7008	50	50
54	Race car accelerating at starting line	{"root": {"type": "root", "format": "", "indent": 0, "version": 1, "children": [{"type": "paragraph", "format": "", "indent": 0, "version": 1, "children": [{"mode": "normal", "text": "The race begins here.", "type": "text", "style": "", "detail": 0, "format": 0, "version": 1}], "direction": null, "textStyle": "", "textFormat": 0}], "direction": null}}	2026-04-10 17:24:48.046+05:30	2026-04-10 17:24:48.046+05:30	/api/media/file/first%20round%20sunday-15.jpg	\N	first round sunday-15.jpg	image/jpeg	22426295	4672	7008	50	50
55	Team celebrating after successful race	{"root": {"type": "root", "format": "", "indent": 0, "version": 1, "children": [{"type": "paragraph", "format": "", "indent": 0, "version": 1, "children": [{"mode": "normal", "text": "Victory feels better together.", "type": "text", "style": "", "detail": 0, "format": 0, "version": 1}], "direction": null, "textStyle": "", "textFormat": 0}], "direction": null}}	2026-04-10 17:25:25.958+05:30	2026-04-10 17:25:25.958+05:30	/api/media/file/first%20round%20sunday-17.jpg	\N	first round sunday-17.jpg	image/jpeg	21998468	4672	7008	50	50
56	Mechanic adjusting engine components	{"root": {"type": "root", "format": "", "indent": 0, "version": 1, "children": [{"type": "paragraph", "format": "", "indent": 0, "version": 1, "children": [{"mode": "normal", "text": "Built for performance.", "type": "text", "style": "", "detail": 0, "format": 0, "version": 1}], "direction": null, "textStyle": "", "textFormat": 0}], "direction": null}}	2026-04-10 17:25:57.313+05:30	2026-04-10 17:25:57.312+05:30	/api/media/file/first%20round%20sunday-18.jpg	\N	first round sunday-18.jpg	image/jpeg	22539624	7008	4672	50	50
57	Racing team discussing strategy before race	{"root": {"type": "root", "format": "", "indent": 0, "version": 1, "children": [{"type": "paragraph", "format": "", "indent": 0, "version": 1, "children": [{"mode": "normal", "text": "Plan smart. Race fast.", "type": "text", "style": "", "detail": 0, "format": 0, "version": 1}], "direction": null, "textStyle": "", "textFormat": 0}], "direction": null}}	2026-04-10 17:26:27.121+05:30	2026-04-10 17:26:27.121+05:30	/api/media/file/first%20round%20sunday-19.jpg	\N	first round sunday-19.jpg	image/jpeg	21401293	4672	7008	50	50
58	Race car drifting through corner on track	{"root": {"type": "root", "format": "", "indent": 0, "version": 1, "children": [{"type": "paragraph", "format": "", "indent": 0, "version": 1, "children": [{"mode": "normal", "text": "Mastering every turn.", "type": "text", "style": "", "detail": 0, "format": 0, "version": 1}], "direction": null, "textStyle": "", "textFormat": 0}], "direction": null}}	2026-04-10 17:27:52.59+05:30	2026-04-10 17:27:52.59+05:30	/api/media/file/first%20round%20sunday-20.jpg	\N	first round sunday-20.jpg	image/jpeg	21243451	4672	7008	50	50
59	Pit crew member holding tire during race	{"root": {"type": "root", "format": "", "indent": 0, "version": 1, "children": [{"type": "paragraph", "format": "", "indent": 0, "version": 1, "children": [{"mode": "normal", "text": "Ready in a heartbeat.", "type": "text", "style": "", "detail": 0, "format": 0, "version": 1}], "direction": null, "textStyle": "", "textFormat": 0}], "direction": null}}	2026-04-10 17:28:53.029+05:30	2026-04-10 17:28:27.772+05:30	/api/media/file/first%20round%20sunday-24.jpg	\N	first round sunday-24.jpg	image/jpeg	19990632	4672	7008	50	50
60	Racing team under night race lights	{"root": {"type": "root", "format": "", "indent": 0, "version": 1, "children": [{"type": "paragraph", "format": "", "indent": 0, "version": 1, "children": [{"mode": "normal", "text": "Speed never sleeps.", "type": "text", "style": "", "detail": 0, "format": 0, "version": 1}], "direction": null, "textStyle": "", "textFormat": 0}, {"type": "paragraph", "format": "", "indent": 0, "version": 1, "children": [], "direction": null, "textStyle": "", "textFormat": 0}], "direction": null}}	2026-04-10 17:29:27.423+05:30	2026-04-10 17:29:27.423+05:30	/api/media/file/first%20round%20sunday-25.jpg	\N	first round sunday-25.jpg	image/jpeg	22790891	4672	7008	50	50
61	Driver celebrating inside car after race	{"root": {"type": "root", "format": "", "indent": 0, "version": 1, "children": [{"type": "paragraph", "format": "", "indent": 0, "version": 1, "children": [{"mode": "normal", "text": "Mission accomplished.", "type": "text", "style": "", "detail": 0, "format": 0, "version": 1}], "direction": null, "textStyle": "", "textFormat": 0}], "direction": null}}	2026-04-10 17:30:02.755+05:30	2026-04-10 17:30:02.755+05:30	/api/media/file/first%20round%20sunday-31.jpg	\N	first round sunday-31.jpg	image/jpeg	16876670	4672	7008	50	50
62	Team refueling race car during pit stop	{"root": {"type": "root", "format": "", "indent": 0, "version": 1, "children": [{"type": "paragraph", "format": "", "indent": 0, "version": 1, "children": [{"mode": "normal", "text": "Fueling the drive to win.", "type": "text", "style": "", "detail": 0, "format": 0, "version": 1}], "direction": null, "textStyle": "", "textFormat": 0}], "direction": null}}	2026-04-10 17:32:06.676+05:30	2026-04-10 17:32:06.676+05:30	/api/media/file/POSTER-BAR.jpg	\N	POSTER-BAR.jpg	image/jpeg	944181	1080	1350	50	50
63	Race car with smoke during burnout	{"root": {"type": "root", "format": "", "indent": 0, "version": 1, "children": [{"type": "paragraph", "format": "", "indent": 0, "version": 1, "children": [{"mode": "normal", "text": "Power unleashed.", "type": "text", "style": "", "detail": 0, "format": 0, "version": 1}], "direction": null, "textStyle": "", "textFormat": 0}], "direction": null}}	2026-04-10 17:32:40.801+05:30	2026-04-10 17:32:40.801+05:30	/api/media/file/segunda%20tanda-9.jpg	\N	segunda tanda-9.jpg	image/jpeg	7304196	2832	4240	50	50
64	Crew chief giving instructions via headset	{"root": {"type": "root", "format": "", "indent": 0, "version": 1, "children": [{"type": "paragraph", "format": "", "indent": 0, "version": 1, "children": [{"mode": "normal", "text": "Leading every lap.", "type": "text", "style": "", "detail": 0, "format": 0, "version": 1}], "direction": null, "textStyle": "", "textFormat": 0}], "direction": null}}	2026-04-10 17:33:19.988+05:30	2026-04-10 17:33:19.988+05:30	/api/media/file/segunda%20tanda-11.jpg	\N	segunda tanda-11.jpg	image/jpeg	7604656	2832	4240	50	50
65	Racing team logo on car body	{"root": {"type": "root", "format": "", "indent": 0, "version": 1, "children": [{"type": "paragraph", "format": "", "indent": 0, "version": 1, "children": [{"mode": "normal", "text": "Pride in every detail.", "type": "text", "style": "", "detail": 0, "format": 0, "version": 1}], "direction": null, "textStyle": "", "textFormat": 0}], "direction": null}}	2026-04-10 17:33:54.042+05:30	2026-04-10 17:33:54.042+05:30	/api/media/file/segunda%20tanda-13.jpg	\N	segunda tanda-13.jpg	image/jpeg	4407439	2563	3837	50	50
66	Race car speeding down straight track section	{"root": {"type": "root", "format": "", "indent": 0, "version": 1, "children": [{"type": "paragraph", "format": "", "indent": 0, "version": 1, "children": [{"mode": "normal", "text": "Speed that speaks for itself.", "type": "text", "style": "", "detail": 0, "format": 0, "version": 1}], "direction": null, "textStyle": "", "textFormat": 0}], "direction": null}}	2026-04-10 17:39:42.747+05:30	2026-04-10 17:39:42.747+05:30	/api/media/file/_3.jpg	\N	_3.jpg	image/jpeg	5853312	2832	4240	50	50
67	Motorbike racer leaning into sharp corner	{"root": {"type": "root", "format": "", "indent": 0, "version": 1, "children": [{"type": "paragraph", "format": "", "indent": 0, "version": 1, "children": [{"mode": "normal", "text": "Lean. Grip. Go.", "type": "text", "style": "", "detail": 0, "format": 0, "version": 1}], "direction": null, "textStyle": "", "textFormat": 0}], "direction": null}}	2026-04-10 17:40:13.623+05:30	2026-04-10 17:40:13.623+05:30	/api/media/file/_4.jpg	\N	_4.jpg	image/jpeg	6877985	2832	4240	50	50
68	Race start with multiple cars accelerating	{"root": {"type": "root", "format": "", "indent": 0, "version": 1, "children": [{"type": "paragraph", "format": "", "indent": 0, "version": 1, "children": [{"mode": "normal", "text": "Where the race begins", "type": "text", "style": "", "detail": 0, "format": 0, "version": 1}], "direction": null, "textStyle": "", "textFormat": 0}], "direction": null}}	2026-04-10 17:40:42.556+05:30	2026-04-10 17:40:42.556+05:30	/api/media/file/_7.jpg	\N	_7.jpg	image/jpeg	11198408	3402	6048	50	50
69	Close finish between two race cars	{"root": {"type": "root", "format": "", "indent": 0, "version": 1, "children": [{"type": "paragraph", "format": "", "indent": 0, "version": 1, "children": [{"mode": "normal", "text": "Neck and neck till the end.", "type": "text", "style": "", "detail": 0, "format": 0, "version": 1}], "direction": null, "textStyle": "", "textFormat": 0}], "direction": null}}	2026-04-10 17:42:15.378+05:30	2026-04-10 17:42:15.378+05:30	/api/media/file/_-3.jpg	\N	_-3.jpg	image/jpeg	4096697	2421	3624	50	50
70	Race car drifting around corner	{"root": {"type": "root", "format": "", "indent": 0, "version": 1, "children": [{"type": "paragraph", "format": "", "indent": 0, "version": 1, "children": [{"mode": "normal", "text": "Controlled chaos.", "type": "text", "style": "", "detail": 0, "format": 0, "version": 1}], "direction": null, "textStyle": "", "textFormat": 0}], "direction": null}}	2026-04-10 17:42:49.626+05:30	2026-04-10 17:42:49.625+05:30	/api/media/file/_-7.jpg	\N	_-7.jpg	image/jpeg	5007295	2533	3792	50	50
71	Dirt track race with cars kicking up dust	{"root": {"type": "root", "format": "", "indent": 0, "version": 1, "children": [{"type": "paragraph", "format": "", "indent": 0, "version": 1, "children": [{"mode": "normal", "text": "Racing beyond limits.", "type": "text", "style": "", "detail": 0, "format": 0, "version": 1}], "direction": null, "textStyle": "", "textFormat": 0}], "direction": null}}	2026-04-10 17:43:27.027+05:30	2026-04-10 17:43:27.027+05:30	/api/media/file/_-8.jpg	\N	_-8.jpg	image/jpeg	11595528	3464	5196	50	50
72	Night race with cars under bright lights	{"root": {"type": "root", "format": "", "indent": 0, "version": 1, "children": [{"type": "paragraph", "format": "", "indent": 0, "version": 1, "children": [{"mode": "normal", "text": "Lighting up the track.", "type": "text", "style": "", "detail": 0, "format": 0, "version": 1}], "direction": null, "textStyle": "", "textFormat": 0}, {"type": "paragraph", "format": "", "indent": 0, "version": 1, "children": [], "direction": null, "textStyle": "", "textFormat": 0}], "direction": null}}	2026-04-10 17:44:53.8+05:30	2026-04-10 17:44:53.8+05:30	/api/media/file/_-15.jpg	\N	_-15.jpg	image/jpeg	2592154	2431	3640	50	50
73	Driver inside cockpit during race	{"root": {"type": "root", "format": "", "indent": 0, "version": 1, "children": [{"type": "paragraph", "format": "", "indent": 0, "version": 1, "children": [{"mode": "normal", "text": "Eyes on victory.", "type": "text", "style": "", "detail": 0, "format": 0, "version": 1}], "direction": null, "textStyle": "", "textFormat": 0}], "direction": null}}	2026-04-10 17:45:31.538+05:30	2026-04-10 17:45:31.537+05:30	/api/media/file/_-23.jpg	\N	_-23.jpg	image/jpeg	5105164	2490	3728	50	50
74	Race car overtaking another on track	{"root": {"type": "root", "format": "", "indent": 0, "version": 1, "children": [{"type": "paragraph", "format": "", "indent": 0, "version": 1, "children": [{"mode": "normal", "text": "Timing is everything.", "type": "text", "style": "", "detail": 0, "format": 0, "version": 1}], "direction": null, "textStyle": "", "textFormat": 0}], "direction": null}}	2026-04-10 17:46:13.937+05:30	2026-04-10 17:46:13.937+05:30	/api/media/file/_-26.jpg	\N	_-26.jpg	image/jpeg	4945946	2490	3728	50	50
75	Motorcycle race pack riding closely together	{"root": {"type": "root", "format": "", "indent": 0, "version": 1, "children": [{"type": "paragraph", "format": "", "indent": 0, "version": 1, "children": [{"mode": "normal", "text": "Speed in formation.", "type": "text", "style": "", "detail": 0, "format": 0, "version": 1}], "direction": null, "textStyle": "", "textFormat": 0}], "direction": null}}	2026-04-10 17:47:30.382+05:30	2026-04-10 17:47:30.382+05:30	/api/media/file/_-27.jpg	\N	_-27.jpg	image/jpeg	5785312	2832	4240	50	50
76	Race car burnout creating smoke	{"root": {"type": "root", "format": "", "indent": 0, "version": 1, "children": [{"type": "paragraph", "format": "", "indent": 0, "version": 1, "children": [{"mode": "normal", "text": "Feel the power.", "type": "text", "style": "", "detail": 0, "format": 0, "version": 1}], "direction": null, "textStyle": "", "textFormat": 0}], "direction": null}}	2026-04-10 17:48:09.855+05:30	2026-04-10 17:48:09.855+05:30	/api/media/file/_-28.jpg	\N	_-28.jpg	image/jpeg	5172783	2732	4090	50	50
77	Aerial view of race track with cars	{"root": {"type": "root", "format": "", "indent": 0, "version": 1, "children": [{"type": "paragraph", "format": "", "indent": 0, "version": 1, "children": [{"mode": "normal", "text": "The bigger picture of speed.", "type": "text", "style": "", "detail": 0, "format": 0, "version": 1}], "direction": null, "textStyle": "", "textFormat": 0}], "direction": null}}	2026-04-10 17:48:55.555+05:30	2026-04-10 17:48:55.555+05:30	/api/media/file/_-29.jpg	\N	_-29.jpg	image/jpeg	6965983	2781	4163	50	50
78	Rally car racing through muddy terrain	{"root": {"type": "root", "format": "", "indent": 0, "version": 1, "children": [{"type": "paragraph", "format": "", "indent": 0, "version": 1, "children": [{"mode": "normal", "text": "Conquer every surface.", "type": "text", "style": "", "detail": 0, "format": 0, "version": 1}], "direction": null, "textStyle": "", "textFormat": 0}, {"type": "paragraph", "format": "", "indent": 0, "version": 1, "children": [], "direction": null, "textStyle": "", "textFormat": 0}], "direction": null}}	2026-04-10 17:50:21.676+05:30	2026-04-10 17:50:21.676+05:30	/api/media/file/_-42.jpg	\N	_-42.jpg	image/jpeg	3621666	2832	4240	50	50
79	Formula-style car navigating tight corner	{"root": {"type": "root", "format": "", "indent": 0, "version": 1, "children": [{"type": "paragraph", "format": "", "indent": 0, "version": 1, "children": [{"mode": "normal", "text": "Precision at high speed.", "type": "text", "style": "", "detail": 0, "format": 0, "version": 1}], "direction": null, "textStyle": "", "textFormat": 0}], "direction": null}}	2026-04-10 17:51:04.383+05:30	2026-04-10 17:51:04.383+05:30	/api/media/file/_-43.jpg	\N	_-43.jpg	image/jpeg	4076963	2832	4240	50	50
80	Race cars lined up on starting grid	{"root": {"type": "root", "format": "", "indent": 0, "version": 1, "children": [{"type": "paragraph", "format": "", "indent": 0, "version": 1, "children": [{"mode": "normal", "text": "Ready. Set. Race.", "type": "text", "style": "", "detail": 0, "format": 0, "version": 1}], "direction": null, "textStyle": "", "textFormat": 0}], "direction": null}}	2026-04-10 17:51:33.781+05:30	2026-04-10 17:51:33.781+05:30	/api/media/file/_-44.jpg	\N	_-44.jpg	image/jpeg	3987233	2832	4240	50	50
81	Driver celebrating after crossing finish line	{"root": {"type": "root", "format": "", "indent": 0, "version": 1, "children": [{"type": "paragraph", "format": "", "indent": 0, "version": 1, "children": [{"mode": "normal", "text": "Victory unlocked.", "type": "text", "style": "", "detail": 0, "format": 0, "version": 1}], "direction": null, "textStyle": "", "textFormat": 0}], "direction": null}}	2026-04-10 17:52:59.23+05:30	2026-04-10 17:52:59.23+05:30	/api/media/file/2%20corregida.jpg	\N	2 corregida.jpg	image/jpeg	4844263	2832	4240	50	50
82	High-speed crash barrier near race track	{"root": {"type": "root", "format": "", "indent": 0, "version": 1, "children": [{"type": "paragraph", "format": "", "indent": 0, "version": 1, "children": [{"mode": "normal", "text": "Risk meets adrenaline.", "type": "text", "style": "", "detail": 0, "format": 0, "version": 1}], "direction": null, "textStyle": "", "textFormat": 0}], "direction": null}}	2026-04-10 17:59:13.799+05:30	2026-04-10 17:59:13.799+05:30	/api/media/file/CUARTA%20TANDA%20DOMINGO-3.jpg	\N	CUARTA TANDA DOMINGO-3.jpg	image/jpeg	23176294	4672	7008	50	50
83	Race car tire marks on track surface	{"root": {"type": "root", "format": "", "indent": 0, "version": 1, "children": [{"type": "paragraph", "format": "", "indent": 0, "version": 1, "children": [{"mode": "normal", "text": "Stories written in rubber.", "type": "text", "style": "", "detail": 0, "format": 0, "version": 1}], "direction": null, "textStyle": "", "textFormat": 0}, {"type": "paragraph", "format": "", "indent": 0, "version": 1, "children": [], "direction": null, "textStyle": "", "textFormat": 0}], "direction": null}}	2026-04-10 17:59:54.344+05:30	2026-04-10 17:59:54.343+05:30	/api/media/file/first%20round%20sunday-35.jpg	\N	first round sunday-35.jpg	image/jpeg	19678843	4672	7008	50	50
84	Wet track race with water spray behind cars	{"root": {"type": "root", "format": "", "indent": 0, "version": 1, "children": [{"type": "paragraph", "format": "", "indent": 0, "version": 1, "children": [{"mode": "normal", "text": "Racing through the storm.", "type": "text", "style": "", "detail": 0, "format": 0, "version": 1}], "direction": null, "textStyle": "", "textFormat": 0}], "direction": null}}	2026-04-10 18:01:14.025+05:30	2026-04-10 18:01:14.025+05:30	/api/media/file/first%20round%20sunday%20v2-5.jpg	\N	first round sunday v2-5.jpg	image/jpeg	21918109	4267	6401	50	50
85	Pit lane view during active race	{"root": {"type": "root", "format": "", "indent": 0, "version": 1, "children": [{"type": "paragraph", "format": "", "indent": 0, "version": 1, "children": [{"mode": "normal", "text": "Where seconds define outcomes.", "type": "text", "style": "", "detail": 0, "format": 0, "version": 1}], "direction": null, "textStyle": "", "textFormat": 0}], "direction": null}}	2026-04-10 18:01:43.517+05:30	2026-04-10 18:01:43.517+05:30	/api/media/file/first%20round%20sunday%20v2-7.jpg	\N	first round sunday v2-7.jpg	image/jpeg	26869201	4672	7008	50	50
86	Close-up of racing helmet visor reflection	{"root": {"type": "root", "format": "", "indent": 0, "version": 1, "children": [{"type": "paragraph", "format": "", "indent": 0, "version": 1, "children": [{"mode": "normal", "text": "Focus beyond the track.", "type": "text", "style": "", "detail": 0, "format": 0, "version": 1}], "direction": null, "textStyle": "", "textFormat": 0}], "direction": null}}	2026-04-10 18:02:21.568+05:30	2026-04-10 18:02:21.568+05:30	/api/media/file/first%20round%20sunday%20v2-9.jpg	\N	first round sunday v2-9.jpg	image/jpeg	22022980	4672	7008	50	50
87	Headshot	\N	2026-04-11 20:29:45.199+05:30	2026-04-11 20:29:45.199+05:30	/api/media/file/first%20round%20sunday-3.jpg	\N	first round sunday-3.jpg	image/jpeg	24024321	7008	4672	50	50
88	\N	\N	2026-04-25 17:49:27.681+05:30	2026-04-25 17:49:27.681+05:30	/api/media/file/first%20round%20sunday-4.jpg	\N	first round sunday-4.jpg	image/jpeg	23946306	7008	4672	50	50
89	\N	\N	2026-04-25 17:50:21.608+05:30	2026-04-25 17:50:21.607+05:30	/api/media/file/first%20round%20sunday-5.jpg	\N	first round sunday-5.jpg	image/jpeg	23946306	7008	4672	50	50
90	\N	\N	2026-04-25 17:51:46.628+05:30	2026-04-25 17:51:46.628+05:30	/api/media/file/first%20round%20sunday-6.jpg	\N	first round sunday-6.jpg	image/jpeg	24024321	7008	4672	50	50
91	\N	\N	2026-04-25 17:59:42.051+05:30	2026-04-25 17:59:42.051+05:30	/api/media/file/TERCERA%20TANDA%20SA%CC%81BADO-6.jpg	\N	TERCERA TANDA SÁBADO-6.jpg	image/jpeg	12913648	4339	6508	50	50
92	\N	\N	2026-04-25 18:04:23.975+05:30	2026-04-25 18:04:23.975+05:30	/api/media/file/SEGUNDA%20TANDA%20DOMINGO-4.jpg	\N	SEGUNDA TANDA DOMINGO-4.jpg	image/jpeg	15955873	4672	7008	50	50
93	\N	\N	2026-04-25 18:10:09.227+05:30	2026-04-25 18:10:09.227+05:30	/api/media/file/FELIPE-MASSA-POSTER-1.jpg	\N	FELIPE-MASSA-POSTER-1.jpg	image/jpeg	1045643	1080	1350	50	50
94	\N	\N	2026-04-25 18:32:16.213+05:30	2026-04-25 18:32:16.213+05:30	/api/media/file/SCHEDULE-BAR-1.jpg	\N	SCHEDULE-BAR-1.jpg	image/jpeg	784228	1080	1350	50	50
\.


--
-- Data for Name: meetups; Type: TABLE DATA; Schema: public; Owner: afmuser
--

COPY public.meetups (id, name, alias, basics_description, details_format, details_access, details_start_date, details_end_date, details_locations, details_notes, assets_thumbnail_id, assets_cover_id, assets_video_id, generate_slug, slug, updated_at, created_at) FROM stdin;
6	PSCI Estoril Paddock Meet 2026	psci-estoril-paddock-meet-2026	Informal paddock gathering for Porsche Sprint Challenge Ibérica competitors, teams, and officials during the Estoril season opener weekend. The meetup provides networking opportunity and social engagement within the championship community.	in_person	private	2026-03-29 01:00:00+05:30	2026-03-29 03:30:00+05:30	0101000020E6100000992A1895D4C922C01CEBE2361A604340	Championship-organized gathering. All competitors and team personnel welcome.	\N	\N	\N	f	psci-estoril-paddock-meet-2026	2026-04-10 10:33:24.719+05:30	2026-04-10 09:27:38.689+05:30
5	Porsche Motorsport Ibérica Team Briefing 2026	porsche-iberica-team-briefing-2026	Mandatory pre-season briefing for all Porsche Sprint Challenge Ibérica teams covering championship regulations, technical updates, sporting procedures, and operational requirements for the 2026 season.	hybrid	private	2026-02-20 15:30:00+05:30	2026-02-20 21:30:00+05:30	0101000020E61000003D0AD7A3703DE23F295C8FC2F5C84440	Remote attendance available for team personnel unable to attend in person. Mandatory for all championship entrants.	\N	\N	\N	f	porsche-motorsport-ibrica-team-briefing-2026	2026-04-10 10:33:56.61+05:30	2026-04-10 09:24:11.487+05:30
3	Portuguese Motorsport Networking Evening 2026	portuguese-motorsport-networking-2026	Quarterly networking event bringing together Portuguese motorsport professionals including team personnel, circuit management, federation representatives, and industry partners. The gathering facilitates relationship building and knowledge sharing within the national motorsport community.	in_person	invite_only	2026-04-16 00:30:00+05:30	2026-04-16 04:30:00+05:30	0101000020E61000004DF38E53745C434065AA6054524722C0	Rotating venue across Portuguese motorsport hubs. AF Motorsport represented by leadership team.	\N	\N	\N	f	portuguese-motorsport-networking-evening-2026	2026-04-10 10:35:01.556+05:30	2026-04-10 09:23:42.824+05:30
1	AF Motorsport Driver Development Seminar 2026	afm-driver-seminar-2026	Educational seminar for AF Motorsport development drivers covering technical understanding, data analysis fundamentals, physical preparation, and media training. The seminar provides comprehensive development curriculum beyond on-track instruction.	in_person	private	2026-03-15 14:30:00+05:30	2026-03-15 22:30:00+05:30	0101000020E61000008048BF7D1D604340448B6CE7FBC922C0	Full day program with lunch provided. Attendance mandatory for development program drivers.	\N	\N	\N	f	af-motorsport-driver-development-seminar-2026	2026-04-10 10:35:48.32+05:30	2026-04-10 09:22:41.345+05:30
7	AF Motorsport Pre-Murça Team Gathering	afm-pre-murca-gathering-2026	Intimate friends and family gathering at AF Motorsport's Estoril warehouse before the team's departure for Rampa Porca de Murça 2026. A special moment of team unity, shared purpose, and anticipation before the hillclimb challenge.	in_person	private	2026-03-27 23:30:00+05:30	2026-03-28 02:30:00+05:30	0101000020E61000008048BF7D1D604340448B6CE7FBC922C0	Private gathering strengthening team bonds before challenging Murça hillclimb. Drivers, mechanics, engineers, and families all present. Shared meal and informal briefing created positive atmosphere for weekend ahead.	\N	\N	\N	f	af-motorsport-pre-mura-team-gathering	2026-04-10 16:46:02.338+05:30	2026-04-10 16:46:02.338+05:30
4	AF Motorsport 2026 Season Launch	afm-2026-season-launch	Exclusive season launch event for partners, media, and VIP guests unveiling AF Motorsport's 2026 competitive program. The event features the official reveal of the team's 2026 livery, driver announcements, and season objectives presentation.	in_person	invite_only	2026-02-28 23:30:00+05:30	2026-03-01 03:30:00+05:30	0101000020E61000008048BF7D1D604340448B6CE7FBC922C0	Catering provided. Professional photography and video coverage arranged. Media interviews scheduled from 17:30.	\N	\N	\N	f	af-motorsport-2026-season-launch	2026-04-14 01:44:35.763+05:30	2026-04-10 09:23:55.768+05:30
2	AF Motorsport Partner Track Day 2026	afm-partner-trackday-meetup-2026	Exclusive track day event for AF Motorsport partners and their guests featuring passenger rides in Porsche Cup cars, professional driving instruction, and behind-the-scenes team access. The event strengthens partner relationships through authentic motorsport engagement.	in_person	invite_only	2026-05-20 14:30:00+05:30	2026-05-20 22:30:00+05:30	0101000020E61000001CEBE2361A604340992A1895D4C922C0	Full day program including lunch and evening reception. Safety briefing mandatory for all participants.	\N	\N	\N	f	af-motorsport-partner-track-day-2026	2026-04-14 01:44:49.1+05:30	2026-04-10 09:23:39.762+05:30
\.


--
-- Data for Name: meetups_locales; Type: TABLE DATA; Schema: public; Owner: afmuser
--

COPY public.meetups_locales (seo_title, seo_image_id, seo_description, id, _locale, _parent_id) FROM stdin;
\.


--
-- Data for Name: meetups_rels; Type: TABLE DATA; Schema: public; Owner: afmuser
--

COPY public.meetups_rels (id, "order", parent_id, path, organizations_id, leaders_id, individuals_id, drivers_id, members_id, media_id, categories_id, tags_id) FROM stdin;
57	1	6	details.hosts.organizations	4	\N	\N	\N	\N	\N	\N	\N
58	1	6	details.hosts.leaders	\N	2	\N	\N	\N	\N	\N	\N
59	1	6	details.hosts.individuals	\N	\N	2	\N	\N	\N	\N	\N
60	1	6	details.attendees.drivers	\N	\N	\N	1	\N	\N	\N	\N
61	1	6	details.attendees.members	\N	\N	\N	\N	1	\N	\N	\N
62	1	6	details.attendees.leaders	\N	2	\N	\N	\N	\N	\N	\N
63	1	6	details.attendees.individuals	\N	\N	2	\N	\N	\N	\N	\N
64	1	6	details.attendees.organizations	2	\N	\N	\N	\N	\N	\N	\N
65	1	6	categories	\N	\N	\N	\N	\N	\N	3	\N
66	2	6	categories	\N	\N	\N	\N	\N	\N	6	\N
67	3	6	categories	\N	\N	\N	\N	\N	\N	9	\N
68	4	6	categories	\N	\N	\N	\N	\N	\N	12	\N
69	1	6	tags	\N	\N	\N	\N	\N	\N	\N	2
70	2	6	tags	\N	\N	\N	\N	\N	\N	\N	6
71	3	6	tags	\N	\N	\N	\N	\N	\N	\N	7
72	4	6	tags	\N	\N	\N	\N	\N	\N	\N	9
73	5	6	tags	\N	\N	\N	\N	\N	\N	\N	11
74	6	6	tags	\N	\N	\N	\N	\N	\N	\N	13
75	7	6	tags	\N	\N	\N	\N	\N	\N	\N	17
76	8	6	tags	\N	\N	\N	\N	\N	\N	\N	16
77	1	5	details.hosts.organizations	4	\N	\N	\N	\N	\N	\N	\N
78	1	5	details.hosts.leaders	\N	1	\N	\N	\N	\N	\N	\N
79	1	5	details.hosts.individuals	\N	\N	6	\N	\N	\N	\N	\N
80	1	5	details.attendees.drivers	\N	\N	\N	1	\N	\N	\N	\N
81	1	5	details.attendees.members	\N	\N	\N	\N	2	\N	\N	\N
82	1	5	details.attendees.leaders	\N	1	\N	\N	\N	\N	\N	\N
83	1	5	details.attendees.individuals	\N	\N	6	\N	\N	\N	\N	\N
84	1	5	details.attendees.organizations	5	\N	\N	\N	\N	\N	\N	\N
85	1	5	categories	\N	\N	\N	\N	\N	\N	2	\N
86	2	5	categories	\N	\N	\N	\N	\N	\N	7	\N
87	3	5	categories	\N	\N	\N	\N	\N	\N	6	\N
88	4	5	categories	\N	\N	\N	\N	\N	\N	9	\N
89	5	5	categories	\N	\N	\N	\N	\N	\N	12	\N
90	1	5	tags	\N	\N	\N	\N	\N	\N	\N	2
91	2	5	tags	\N	\N	\N	\N	\N	\N	\N	6
92	3	5	tags	\N	\N	\N	\N	\N	\N	\N	8
93	4	5	tags	\N	\N	\N	\N	\N	\N	\N	11
94	5	5	tags	\N	\N	\N	\N	\N	\N	\N	9
95	6	5	tags	\N	\N	\N	\N	\N	\N	\N	14
96	7	5	tags	\N	\N	\N	\N	\N	\N	\N	13
97	8	5	tags	\N	\N	\N	\N	\N	\N	\N	16
98	9	5	tags	\N	\N	\N	\N	\N	\N	\N	10
118	1	3	details.hosts.organizations	5	\N	\N	\N	\N	\N	\N	\N
119	1	3	details.hosts.leaders	\N	2	\N	\N	\N	\N	\N	\N
120	1	3	details.hosts.individuals	\N	\N	3	\N	\N	\N	\N	\N
121	1	3	details.attendees.drivers	\N	\N	\N	2	\N	\N	\N	\N
122	1	3	details.attendees.members	\N	\N	\N	\N	2	\N	\N	\N
123	1	3	details.attendees.leaders	\N	2	\N	\N	\N	\N	\N	\N
124	1	3	details.attendees.individuals	\N	\N	3	\N	\N	\N	\N	\N
125	1	3	details.attendees.organizations	4	\N	\N	\N	\N	\N	\N	\N
126	1	3	categories	\N	\N	\N	\N	\N	\N	4	\N
127	2	3	categories	\N	\N	\N	\N	\N	\N	8	\N
128	3	3	categories	\N	\N	\N	\N	\N	\N	10	\N
129	4	3	categories	\N	\N	\N	\N	\N	\N	11	\N
130	1	3	tags	\N	\N	\N	\N	\N	\N	\N	3
131	2	3	tags	\N	\N	\N	\N	\N	\N	\N	7
132	3	3	tags	\N	\N	\N	\N	\N	\N	\N	10
133	4	3	tags	\N	\N	\N	\N	\N	\N	\N	9
134	5	3	tags	\N	\N	\N	\N	\N	\N	\N	13
135	6	3	tags	\N	\N	\N	\N	\N	\N	\N	12
136	7	3	tags	\N	\N	\N	\N	\N	\N	\N	16
137	8	3	tags	\N	\N	\N	\N	\N	\N	\N	15
138	9	3	tags	\N	\N	\N	\N	\N	\N	\N	4
166	1	1	details.hosts.organizations	5	\N	\N	\N	\N	\N	\N	\N
167	1	1	details.hosts.leaders	\N	3	\N	\N	\N	\N	\N	\N
168	1	1	details.hosts.individuals	\N	\N	2	\N	\N	\N	\N	\N
169	1	1	details.attendees.drivers	\N	\N	\N	1	\N	\N	\N	\N
170	1	1	details.attendees.members	\N	\N	\N	\N	3	\N	\N	\N
171	1	1	details.attendees.leaders	\N	1	\N	\N	\N	\N	\N	\N
172	1	1	details.attendees.individuals	\N	\N	1	\N	\N	\N	\N	\N
173	1	1	details.attendees.organizations	2	\N	\N	\N	\N	\N	\N	\N
174	1	1	categories	\N	\N	\N	\N	\N	\N	3	\N
175	2	1	categories	\N	\N	\N	\N	\N	\N	5	\N
176	3	1	categories	\N	\N	\N	\N	\N	\N	8	\N
177	4	1	categories	\N	\N	\N	\N	\N	\N	11	\N
178	1	1	tags	\N	\N	\N	\N	\N	\N	\N	1
179	2	1	tags	\N	\N	\N	\N	\N	\N	\N	5
180	3	1	tags	\N	\N	\N	\N	\N	\N	\N	8
181	4	1	tags	\N	\N	\N	\N	\N	\N	\N	10
182	5	1	tags	\N	\N	\N	\N	\N	\N	\N	7
183	6	1	tags	\N	\N	\N	\N	\N	\N	\N	12
184	7	1	tags	\N	\N	\N	\N	\N	\N	\N	13
185	8	1	tags	\N	\N	\N	\N	\N	\N	\N	14
186	9	1	tags	\N	\N	\N	\N	\N	\N	\N	15
187	1	7	details.hosts.organizations	2	\N	\N	\N	\N	\N	\N	\N
188	2	7	details.hosts.organizations	7	\N	\N	\N	\N	\N	\N	\N
189	1	7	details.hosts.leaders	\N	1	\N	\N	\N	\N	\N	\N
190	2	7	details.hosts.leaders	\N	4	\N	\N	\N	\N	\N	\N
191	1	7	details.hosts.individuals	\N	\N	1	\N	\N	\N	\N	\N
192	2	7	details.hosts.individuals	\N	\N	3	\N	\N	\N	\N	\N
193	3	7	details.hosts.individuals	\N	\N	5	\N	\N	\N	\N	\N
194	1	7	details.attendees.drivers	\N	\N	\N	1	\N	\N	\N	\N
195	1	7	details.attendees.members	\N	\N	\N	\N	1	\N	\N	\N
196	1	7	details.attendees.leaders	\N	1	\N	\N	\N	\N	\N	\N
197	1	7	details.attendees.individuals	\N	\N	1	\N	\N	\N	\N	\N
198	1	7	details.attendees.organizations	2	\N	\N	\N	\N	\N	\N	\N
199	1	7	categories	\N	\N	\N	\N	\N	\N	12	\N
200	2	7	categories	\N	\N	\N	\N	\N	\N	6	\N
201	1	7	tags	\N	\N	\N	\N	\N	\N	\N	7
202	2	7	tags	\N	\N	\N	\N	\N	\N	\N	36
203	3	7	tags	\N	\N	\N	\N	\N	\N	\N	35
204	1	4	details.hosts.organizations	4	\N	\N	\N	\N	\N	\N	\N
205	1	4	details.hosts.leaders	\N	2	\N	\N	\N	\N	\N	\N
206	1	4	details.hosts.individuals	\N	\N	3	\N	\N	\N	\N	\N
207	1	4	details.attendees.drivers	\N	\N	\N	2	\N	\N	\N	\N
208	2	4	details.attendees.drivers	\N	\N	\N	7	\N	\N	\N	\N
209	1	4	details.attendees.members	\N	\N	\N	\N	3	\N	\N	\N
210	1	4	details.attendees.leaders	\N	2	\N	\N	\N	\N	\N	\N
211	1	4	details.attendees.individuals	\N	\N	3	\N	\N	\N	\N	\N
212	1	4	details.attendees.organizations	4	\N	\N	\N	\N	\N	\N	\N
213	1	4	categories	\N	\N	\N	\N	\N	\N	4	\N
214	2	4	categories	\N	\N	\N	\N	\N	\N	8	\N
215	1	4	tags	\N	\N	\N	\N	\N	\N	\N	3
216	2	4	tags	\N	\N	\N	\N	\N	\N	\N	8
217	3	4	tags	\N	\N	\N	\N	\N	\N	\N	10
218	4	4	tags	\N	\N	\N	\N	\N	\N	\N	12
219	5	4	tags	\N	\N	\N	\N	\N	\N	\N	13
220	6	4	tags	\N	\N	\N	\N	\N	\N	\N	9
221	7	4	tags	\N	\N	\N	\N	\N	\N	\N	16
222	8	4	tags	\N	\N	\N	\N	\N	\N	\N	17
223	9	4	tags	\N	\N	\N	\N	\N	\N	\N	18
224	1	2	details.hosts.organizations	5	\N	\N	\N	\N	\N	\N	\N
225	2	2	details.hosts.organizations	2	\N	\N	\N	\N	\N	\N	\N
226	1	2	details.hosts.leaders	\N	3	\N	\N	\N	\N	\N	\N
227	2	2	details.hosts.leaders	\N	4	\N	\N	\N	\N	\N	\N
228	1	2	details.hosts.individuals	\N	\N	3	\N	\N	\N	\N	\N
229	2	2	details.hosts.individuals	\N	\N	6	\N	\N	\N	\N	\N
230	3	2	details.hosts.individuals	\N	\N	4	\N	\N	\N	\N	\N
231	4	2	details.hosts.individuals	\N	\N	2	\N	\N	\N	\N	\N
232	1	2	details.attendees.drivers	\N	\N	\N	2	\N	\N	\N	\N
233	2	2	details.attendees.drivers	\N	\N	\N	4	\N	\N	\N	\N
234	3	2	details.attendees.drivers	\N	\N	\N	7	\N	\N	\N	\N
235	1	2	details.attendees.members	\N	\N	\N	\N	2	\N	\N	\N
236	2	2	details.attendees.members	\N	\N	\N	\N	4	\N	\N	\N
237	1	2	details.attendees.leaders	\N	2	\N	\N	\N	\N	\N	\N
238	1	2	details.attendees.individuals	\N	\N	2	\N	\N	\N	\N	\N
239	1	2	details.attendees.organizations	4	\N	\N	\N	\N	\N	\N	\N
240	2	2	details.attendees.organizations	2	\N	\N	\N	\N	\N	\N	\N
241	1	2	categories	\N	\N	\N	\N	\N	\N	4	\N
242	2	2	categories	\N	\N	\N	\N	\N	\N	3	\N
243	3	2	categories	\N	\N	\N	\N	\N	\N	7	\N
244	1	2	tags	\N	\N	\N	\N	\N	\N	\N	2
245	2	2	tags	\N	\N	\N	\N	\N	\N	\N	7
246	3	2	tags	\N	\N	\N	\N	\N	\N	\N	8
247	4	2	tags	\N	\N	\N	\N	\N	\N	\N	9
248	5	2	tags	\N	\N	\N	\N	\N	\N	\N	12
249	6	2	tags	\N	\N	\N	\N	\N	\N	\N	10
250	7	2	tags	\N	\N	\N	\N	\N	\N	\N	18
251	8	2	tags	\N	\N	\N	\N	\N	\N	\N	11
\.


--
-- Data for Name: members; Type: TABLE DATA; Schema: public; Owner: afmuser
--

COPY public.members (id, first_name, middle_name, last_name, alias, basics_nickname, basics_description, basics_gender, basics_pronouns, basics_nationality_id, basics_birth_date, basics_joining_date, basics_retirement_date, details_duties, assets_avatar_id, assets_cover_id, generate_slug, slug, updated_at, created_at) FROM stdin;
3	Pedro	Miguel	Oliveira	pedro-oliveira	Ped	Data engineer responsible for telemetry analysis, performance modeling, and competitor benchmarking. Specializes in translating complex data into actionable performance insights for drivers and engineers.	Male	he/him	204	1995-11-08 17:00:00+05:30	2023-06-15 17:00:00+05:30	2026-04-08 17:00:00+05:30	Analyze telemetry data from all sessions to identify performance opportunities. Maintain vehicle performance models and simulation tools. Provide real-time analytical support during race events. Conduct competitor analysis and performance benchmarking. Prepare post-event data reports with actionable recommendations.	\N	\N	f	pedro-oliveira	2026-04-10 11:30:51.761+05:30	2026-04-09 21:03:19.332+05:30
5	Tiago	Alexandre	Ferreira	tiago-ferreira	Tiga	Number one mechanic supporting lead mechanic on primary car preparation and service. Specialist in gearbox and drivetrain systems with particular expertise in Porsche sequential transmissions.	Male	he/him	172	1993-12-05 17:00:00+05:30	2022-01-15 17:00:00+05:30	\N	duties: Support lead mechanic in all vehicle preparation and trackside service operations. Primary responsibility for gearbox and drivetrain maintenance including pre-event inspection and post-event service. Assist with setup changes and component replacement during race events. Maintain specialized tooling and equipment for drivetrain service.	\N	\N	f	tiago-ferreira	2026-04-10 11:31:23.851+05:30	2026-04-09 21:09:40.097+05:30
4	Ana	Sofia	Ribeiro	ana-ribeiro	Ana	Team coordinator managing logistics, administration, and event operations. Ensures smooth functioning of all non-technical team activities and serves as primary contact for championship administration.	Female	she/her	38	1990-04-30 17:00:00+05:30	2022-03-01 17:00:00+05:30	\N	duties: Manage event logistics including entry administration, credential coordination, travel arrangements, and accommodation. Maintain team documentation including licenses, certifications, and regulatory compliance records. Coordinate with championship organizers and circuit management. Support commercial operations including partner hospitality and guest programs.	\N	\N	f	ana-ribeiro	2026-04-10 11:31:55.473+05:30	2026-04-09 21:06:20.347+05:30
2	Rui	Manuel	Costa	rui-costa	Rui	Race engineer for AF Motorsport's primary Porsche 992 GT3 Cup entry. Responsible for setup optimization, data analysis, and driver performance support. Background in mechanical engineering with motorsport specialization.	Male	he/him	172	1992-07-22 17:00:00+05:30	2023-02-01 17:00:00+05:30	\N	Manage all engineering aspects of primary race car including setup development, data analysis, tire management strategy, and driver performance optimization. Lead pre and post-session engineering debriefs. Collaborate with Technical Director on development direction and performance improvements. Maintain engineering documentation and setup database.	\N	\N	f	rui-costa	2026-04-10 11:32:37.5+05:30	2026-04-09 21:00:15.095+05:30
1	João	Pedro	Silva	joao-silva-member	JPS	Senior mechanic responsible for Porsche 992 GT3 Cup car preparation and trackside service operations. Over fifteen years of motorsport mechanical experience across national and international championships.	Male	he/him	38	1988-03-15 17:00:00+05:30	2021-01-10 17:00:00+05:30	\N	Lead all mechanical operations on primary race car including pre-event preparation, trackside service, setup changes, and post-event maintenance. Supervise mechanic crew during race events and manage workshop workflow between events. Responsible for parts inventory management and quality control of all mechanical work.	\N	\N	f	joao-silva-member	2026-04-10 11:33:04.488+05:30	2026-04-09 20:50:21.3+05:30
\.


--
-- Data for Name: members_details_addresses_list; Type: TABLE DATA; Schema: public; Owner: afmuser
--

COPY public.members_details_addresses_list (_order, _parent_id, id, name, label, description, location) FROM stdin;
1	3	69d7c68cbc5c815571baa43d	Remote Office	Primary Workplace	Remote working location with event attendance	0101000020E61000004DF38E53745C434065AA6054524722C0
1	5	69d7c7febc5c815571baa43f	Workshop Location	Primary Workplace	AF Motorsport Estoril workshop facility	0101000020E61000008048BF7D1D604340448B6CE7FBC922C0
1	4	69d7c73abc5c815571baa43e	Workshop Location	Primary Workplace	AF Motorsport Estoril workshop facility	0101000020E61000008048BF7D1D604340448B6CE7FBC922C0
1	2	69d7c5c7bc5c815571baa43c	Workshop Location	Primary Workplace	AF Motorsport Estoril workshop facility	0101000020E61000008048BF7D1D604340448B6CE7FBC922C0
1	1	69d7c39b52a7810020809c23	Workshop Location	Primary Workplace	AF Motorsport Estoril workshop facility	0101000020E61000008048BF7D1D604340448B6CE7FBC922C0
\.


--
-- Data for Name: members_locales; Type: TABLE DATA; Schema: public; Owner: afmuser
--

COPY public.members_locales (seo_title, seo_image_id, seo_description, id, _locale, _parent_id) FROM stdin;
\.


--
-- Data for Name: members_rels; Type: TABLE DATA; Schema: public; Owner: afmuser
--

COPY public.members_rels (id, "order", parent_id, path, skills_id, trainings_id, categories_id, tags_id) FROM stdin;
184	1	3	details.skills	3	\N	\N	\N
185	2	3	details.skills	4	\N	\N	\N
186	1	3	details.trainings	\N	4	\N	\N
187	2	3	details.trainings	\N	5	\N	\N
188	3	3	details.trainings	\N	2	\N	\N
189	1	3	categories	\N	\N	1	\N
190	2	3	categories	\N	\N	3	\N
191	3	3	categories	\N	\N	10	\N
192	1	3	tags	\N	\N	\N	2
193	2	3	tags	\N	\N	\N	6
194	3	3	tags	\N	\N	\N	12
195	4	3	tags	\N	\N	\N	10
196	5	3	tags	\N	\N	\N	7
197	6	3	tags	\N	\N	\N	9
198	7	3	tags	\N	\N	\N	13
199	1	5	details.skills	4	\N	\N	\N
200	1	5	details.trainings	\N	2	\N	\N
201	2	5	details.trainings	\N	3	\N	\N
202	3	5	details.trainings	\N	4	\N	\N
203	4	5	details.trainings	\N	5	\N	\N
204	1	5	categories	\N	\N	2	\N
205	2	5	categories	\N	\N	5	\N
206	3	5	categories	\N	\N	10	\N
207	1	5	tags	\N	\N	\N	3
208	2	5	tags	\N	\N	\N	9
209	3	5	tags	\N	\N	\N	12
210	4	5	tags	\N	\N	\N	6
211	5	5	tags	\N	\N	\N	10
212	6	5	tags	\N	\N	\N	11
213	1	4	details.skills	5	\N	\N	\N
214	2	4	details.skills	6	\N	\N	\N
215	3	4	details.skills	3	\N	\N	\N
216	4	4	details.skills	2	\N	\N	\N
217	1	4	details.trainings	\N	2	\N	\N
218	2	4	details.trainings	\N	3	\N	\N
219	3	4	details.trainings	\N	4	\N	\N
220	1	4	categories	\N	\N	3	\N
221	2	4	categories	\N	\N	7	\N
222	3	4	categories	\N	\N	10	\N
223	1	4	tags	\N	\N	\N	1
224	2	4	tags	\N	\N	\N	5
225	3	4	tags	\N	\N	\N	10
226	4	4	tags	\N	\N	\N	13
227	5	4	tags	\N	\N	\N	8
228	6	4	tags	\N	\N	\N	9
229	1	2	details.skills	2	\N	\N	\N
230	2	2	details.skills	3	\N	\N	\N
231	1	2	details.trainings	\N	2	\N	\N
232	2	2	details.trainings	\N	4	\N	\N
233	1	2	categories	\N	\N	1	\N
234	2	2	categories	\N	\N	6	\N
235	3	2	categories	\N	\N	9	\N
236	4	2	categories	\N	\N	11	\N
237	1	2	tags	\N	\N	\N	2
238	2	2	tags	\N	\N	\N	5
239	3	2	tags	\N	\N	\N	7
240	4	2	tags	\N	\N	\N	12
241	5	2	tags	\N	\N	\N	14
242	6	2	tags	\N	\N	\N	9
243	1	1	details.skills	1	\N	\N	\N
244	2	1	details.skills	3	\N	\N	\N
245	1	1	details.trainings	\N	5	\N	\N
246	2	1	details.trainings	\N	2	\N	\N
247	1	1	categories	\N	\N	2	\N
248	2	1	categories	\N	\N	6	\N
249	3	1	categories	\N	\N	10	\N
250	4	1	categories	\N	\N	12	\N
251	1	1	tags	\N	\N	\N	2
252	2	1	tags	\N	\N	\N	9
253	3	1	tags	\N	\N	\N	6
254	4	1	tags	\N	\N	\N	12
255	5	1	tags	\N	\N	\N	11
256	6	1	tags	\N	\N	\N	10
257	7	1	tags	\N	\N	\N	5
\.


--
-- Data for Name: onboardings; Type: TABLE DATA; Schema: public; Owner: afmuser
--

COPY public.onboardings (id, name, alias, basics_identifiers_code, basics_description, details_type, details_format, details_status, details_start_date, details_end_date, details_assigned_to_id, details_assigned_by_id, details_feedback, details_notes, assets_completion_certificate_id, assets_thumbnail_id, assets_cover_id, generate_slug, slug, updated_at, created_at) FROM stdin;
5	Technical Partner Onboarding - KW Suspensions	partner-onboarding-kw-2026	ONB-2026-005	Orientation program for KW Suspensions technical representative supporting AF Motorsport's 2026 program. The onboarding ensures effective integration of partner technical support with team operations and communication protocols.	partner	hybrid	active	2026-02-10 17:00:00+05:30	2026-02-20 17:00:00+05:30	2	5		Program designed to maximize value of technical partnership through clear communication and operational integration.	\N	\N	\N	f	technical-partner-onboarding---kw-suspensions	2026-04-10 10:35:50.523+05:30	2026-04-10 09:54:54.423+05:30
4	Driver Academy Onboarding - 2026 Cohort	academy-onboarding-2026-001	ONB-2026-004	Structured onboarding program for young drivers selected for the 2026 AF Motorsport Junior Driver Academy. The program establishes foundation for successful academy participation including expectations, resources, and development pathway understanding.	driver	hybrid	active	2026-02-01 17:00:00+05:30	2026-02-28 17:00:00+05:30	2	3		Parent or guardian participation required for drivers under 18. Program includes both driver and family orientation elements.	\N	\N	\N	f	driver-academy-onboarding---2026-cohort	2026-04-10 10:36:07.632+05:30	2026-04-10 09:53:01.651+05:30
3	Race Engineer Onboarding - Miguel Santos	race-engineer-onboarding-2026-001	ONB-2026-001	Structured onboarding program for new Race Engineer joining AF Motorsport's Porsche Sprint Challenge Ibérica program. The onboarding ensures comprehensive integration into team operations, technical systems, and engineering methodology ahead of assuming trackside responsibility.	member	in_person	active	2026-02-15 17:00:00+05:30	2026-03-15 17:00:00+05:30	2	2		Onboarding timeline aligned with pre-season testing schedule to ensure operational readiness for Estoril season opener.	\N	\N	\N	f	race-engineer-onboarding---miguel-santos	2026-04-10 10:36:20.387+05:30	2026-04-10 09:47:22.507+05:30
2	Number One Mechanic Onboarding - Carlos Ferreira	mechanic-onboarding-2026-001	ONB-2026-002	Comprehensive onboarding program for Number One Mechanic joining AF Motorsport's mechanical team. The program ensures full competency in team preparation standards, workshop procedures, and trackside service protocols for Porsche 992 GT3 Cup operations.	member	in_person	active	2026-02-01 17:00:00+05:30	2026-02-28 17:00:00+05:30	1	2		Onboarding includes supervised practical assessment during pre-season workshop preparation activities.	\N	\N	\N	f	number-one-mechanic-onboarding---carlos-ferreira	2026-04-10 10:36:43.256+05:30	2026-04-10 09:47:08.625+05:30
1	Commercial Coordinator Onboarding - Sofia Almeida	commercial-onboarding-2026-001	ONB-2026-003	 Structured onboarding program for Commercial and Partnership Coordinator joining AF Motorsport's commercial team. The program ensures comprehensive understanding of partner relationships, activation commitments, and commercial operations ahead of season commencement.	member	in_person	active	2026-02-01 17:00:00+05:30	2026-02-28 17:00:00+05:30	2	2		Onboarding includes introduction to all active partners and familiarization with activation plans for 2026 season.\n	\N	\N	\N	f	commercial-coordinator-onboarding---sofia-almeida	2026-04-10 10:37:05.785+05:30	2026-04-10 09:46:59.35+05:30
\.


--
-- Data for Name: onboardings_locales; Type: TABLE DATA; Schema: public; Owner: afmuser
--

COPY public.onboardings_locales (seo_title, seo_image_id, seo_description, id, _locale, _parent_id) FROM stdin;
\.


--
-- Data for Name: onboardings_rels; Type: TABLE DATA; Schema: public; Owner: afmuser
--

COPY public.onboardings_rels (id, "order", parent_id, path, media_id, categories_id, tags_id) FROM stdin;
1	1	5	categories	\N	1	\N
2	2	5	categories	\N	5	\N
3	1	5	tags	\N	\N	4
4	2	5	tags	\N	\N	5
5	3	5	tags	\N	\N	7
6	4	5	tags	\N	\N	9
7	5	5	tags	\N	\N	10
8	6	5	tags	\N	\N	11
9	1	4	categories	\N	3	\N
10	2	4	categories	\N	6	\N
11	3	4	categories	\N	8	\N
12	1	4	tags	\N	\N	3
13	2	4	tags	\N	\N	5
14	3	4	tags	\N	\N	9
15	4	4	tags	\N	\N	8
16	5	4	tags	\N	\N	10
17	1	3	categories	\N	3	\N
18	1	3	tags	\N	\N	3
19	2	3	tags	\N	\N	7
20	3	3	tags	\N	\N	10
21	4	3	tags	\N	\N	5
22	1	2	categories	\N	6	\N
23	2	2	categories	\N	5	\N
24	1	2	tags	\N	\N	3
25	2	2	tags	\N	\N	4
26	3	2	tags	\N	\N	6
27	4	2	tags	\N	\N	8
28	5	2	tags	\N	\N	11
29	6	2	tags	\N	\N	13
30	7	2	tags	\N	\N	12
31	8	2	tags	\N	\N	15
32	9	2	tags	\N	\N	7
33	1	1	categories	\N	4	\N
34	2	1	categories	\N	6	\N
35	3	1	categories	\N	7	\N
36	4	1	categories	\N	8	\N
37	1	1	tags	\N	\N	4
38	2	1	tags	\N	\N	7
39	3	1	tags	\N	\N	6
40	4	1	tags	\N	\N	10
41	5	1	tags	\N	\N	11
42	6	1	tags	\N	\N	12
43	7	1	tags	\N	\N	8
\.


--
-- Data for Name: onboardings_traits_checklist_list; Type: TABLE DATA; Schema: public; Owner: afmuser
--

COPY public.onboardings_traits_checklist_list (_order, _parent_id, id, task, required, completed, due_date) FROM stdin;
1	5	69d87b5840b9fa0a0f55b473	Complete confidentiality and facility access documentation	t	t	2026-02-10 17:00:00+05:30
2	5	69d87b6a40b9fa0a0f55b474	Team introduction and key personnel meeting	t	t	2026-02-12 17:00:00+05:30
1	4	69d87aec55eef4b438b5aed9	Complete enrollment documentation and medical clearance	t	t	2026-02-01 17:00:00+05:30
1	3	69d8799e69e146bab7877e00	Complete employment documentation and team policies acknowledgment	t	t	2026-02-15 17:00:00+05:30
1	2	69d879864917f56e6c75e31a	Complete employment documentation and safety induction	t	t	2026-02-01 17:00:00+05:30
1	1	69d8792877a3d48442ffee01	Complete employment documentation and confidentiality agreement	t	t	2026-02-01 17:00:00+05:30
\.


--
-- Data for Name: onboardings_traits_modules_list; Type: TABLE DATA; Schema: public; Owner: afmuser
--

COPY public.onboardings_traits_modules_list (_order, _parent_id, id, name, duration, type, content) FROM stdin;
1	5	69d87b7b40b9fa0a0f55b475	AF Motorsport Technical Overview	2 hours	presentation	Orientation to team technical infrastructure, engineering methodology, and current development priorities.
1	4	69d87b0155eef4b438b5aeda	Academy Program Overview	2 hours	presentation	Comprehensive introduction to academy structure, curriculum, expectations, and development pathway opportunities.
1	3	69d879ae69e146bab7877e01	Team Culture and Values	2 hours	presentation	Introduction to AF Motorsport history, philosophy, and organizational culture. Overview of team values and professional expectations.
1	2	69d8799e4917f56e6c75e31b	Workshop Safety and Procedures	3 hours	hands_on	Comprehensive workshop safety orientation including equipment operation, hazardous materials handling, and emergency procedures.
1	1	69d8799e77a3d48442ffee02	AF Motorsport Brand and Values	2 hours	presentation	Comprehensive orientation to team identity, brand positioning, values, and commercial philosophy.
\.


--
-- Data for Name: onboardings_traits_quizzes_list; Type: TABLE DATA; Schema: public; Owner: afmuser
--

COPY public.onboardings_traits_quizzes_list (_order, _parent_id, id, question, answer, explanation) FROM stdin;
1	5	69d87b9d40b9fa0a0f55b476	What is the primary technical contact and escalation path for damper-related issues requiring urgent attention?	Race Engineer for immediate trackside issues, Technical Director for development matters, Commercial Director for partnership scope questions.	Clear communication pathways ensure efficient issue resolution and appropriate stakeholder involvement.
1	4	69d87b2455eef4b438b5aedb	What are the five core values of AF Motorsport that all academy drivers are expected to demonstrate?	Preparation, Respect, Continuous Improvement, Team Above Individual, Professional Conduct.	These values define the behavioral expectations and cultural foundation of participation in AF Motorsport programs.
1	3	69d8791969e146bab7877dff	Describe the primary setup parameters affecting high-speed understeer in the Porsche 992 GT3 Cup car.	Rear wing angle reduction, front ride height increase, or rear spring rate reduction depending on specific corner phase and circuit characteristics.	The 992 GT3 Cup responds to multiple setup adjustments for high-speed balance. Understanding the specific phase of understeer and the circuit context determines optimal adjustment path.
1	2	69d879c24917f56e6c75e31c	What is the correct torque sequence and specification for Porsche 992 GT3 Cup wheel installation?	 Cross-pattern sequence to 160 Nm, verify with second pass, mark fastener position per team protocol.	Proper torque sequence ensures even load distribution and prevents brake disc distortion. Second verification and marking are mandatory safety procedures.
1	1	69d879bc77a3d48442ffee03	Describe the tiered partner structure and key differences in activation rights between levels.	Title Partner receives primary brand placement and exclusive category rights. Technical Partners receive product association and technical content. Official Partners receive brand association and hospitality access. Activation rights scale accordingly.	Understanding partner tier structure ensures appropriate delivery of contracted benefits and prevents rights conflicts.
\.


--
-- Data for Name: orders; Type: TABLE DATA; Schema: public; Owner: afmuser
--

COPY public.orders (id, shipping_address_title, shipping_address_first_name, shipping_address_last_name, shipping_address_company, shipping_address_address_line1, shipping_address_address_line2, shipping_address_city, shipping_address_state, shipping_address_postal_code, shipping_address_country, shipping_address_phone, customer_id, customer_email, status, amount, currency, updated_at, created_at) FROM stdin;
\.


--
-- Data for Name: orders_items; Type: TABLE DATA; Schema: public; Owner: afmuser
--

COPY public.orders_items (_order, _parent_id, id, product_id, variant_id, quantity) FROM stdin;
\.


--
-- Data for Name: orders_rels; Type: TABLE DATA; Schema: public; Owner: afmuser
--

COPY public.orders_rels (id, "order", parent_id, path, transactions_id) FROM stdin;
\.


--
-- Data for Name: organizations; Type: TABLE DATA; Schema: public; Owner: afmuser
--

COPY public.organizations (id, name, alias, basics_identifiers_code, basics_tagline, basics_description, basics_type, basics_industry, details_history, details_founded, details_merged, details_rebranded, details_defunct, details_prestige, details_impact, assets_logo_id, assets_alt_logo_id, generate_slug, slug, updated_at, created_at) FROM stdin;
6	 OMP Racing SpA	omp-racing	OMP-001	Technical Apparel Partner	Italian manufacturer of premium motorsport safety equipment and technical apparel. OMP supplies AF Motorsport with race suits, gloves, boots, and team wear, providing FIA-homologated safety equipment essential for competition participation.	Suppliers	Telecommunications	\N	1973-05-15 17:00:00+05:30	2008-04-09 17:00:00+05:30	2009-05-02 17:00:00+05:30	2026-05-02 17:00:00+05:30	Prestigious	Major	\N	\N	f	-omp-racing-spa	2026-04-10 10:28:52.424+05:30	2026-04-09 19:34:42.49+05:30
4	Federação Portuguesa de Automobilismo e Karting	fpak	FPAK-001	National Sporting Authority	The national sporting authority for automobile racing and karting in Portugal, recognized by the Fédération Internationale de l'Automobile. FPAK governs all aspects of motorsport within Portugal including competition licensing, event sanctioning, and sporting regulations enforcement.	Government	Automotive	{"root": {"type": "root", "format": "", "indent": 0, "version": 1, "children": [{"type": "paragraph", "format": "", "indent": 0, "version": 1, "children": [{"mode": "normal", "text": "Founded in 1992 and headquartered in Fichtenberg, Germany, KW has established itself as a premier manufacturer of suspension systems for both road and motorsport applications. The company's motorsport division produces competition dampers for categories including GT3, GT4, TCR, and single-make Porsche championships worldwide.", "type": "text", "style": "", "detail": 0, "format": 0, "version": 1}, {"type": "linebreak", "version": 1}, {"type": "linebreak", "version": 1}, {"mode": "normal", "text": "KW's partnership with Porsche Motorsport represents a significant technical collaboration, with the Competition variant of the 992 GT3 Cup damper developed specifically for the demands of Porsche one-make racing. The dampers feature independent adjustment for high-speed and low-speed compression and rebound, enabling fine-tuning of vehicle dynamics to suit circuit characteristics and driver preference.", "type": "text", "style": "", "detail": 0, "format": 0, "version": 1}], "direction": null, "textStyle": "", "textFormat": 0}], "direction": null}}	1992-09-01 17:00:00+05:30	2012-04-09 17:00:00+05:30	2014-01-08 17:00:00+05:30	2020-07-28 17:00:00+05:30	Prestigious	Major	\N	\N	f	federao-portuguesa-de-automobilismo-e-karting	2026-04-10 10:29:27.33+05:30	2026-04-09 19:34:19.559+05:30
2	KW automotive GmbH	kw-suspensions	KW-001	Suspension Technical Partner	German manufacturer of high-performance suspension systems and the official damper supplier to Porsche Motorsport for the 992 GT3 Cup car. KW provides the adjustable competition dampers fitted to AF Motorsport's Porsche Cup cars, along with technical support and setup guidance.	Suppliers	Betting & Gambling	{"root": {"type": "root", "format": "", "indent": 0, "version": 1, "children": [{"type": "paragraph", "format": "", "indent": 0, "version": 1, "children": [{"mode": "normal", "text": "Founded in 1992 and headquartered in Fichtenberg, Germany, KW has established itself as a premier manufacturer of suspension systems for both road and motorsport applications. The company's motorsport division produces competition dampers for categories including GT3, GT4, TCR, and single-make Porsche championships worldwide.", "type": "text", "style": "", "detail": 0, "format": 0, "version": 1}], "direction": null, "textStyle": "", "textFormat": 0}, {"type": "paragraph", "format": "", "indent": 0, "version": 1, "children": [{"mode": "normal", "text": "    ", "type": "text", "style": "", "detail": 0, "format": 0, "version": 1}], "direction": null, "textStyle": "", "textFormat": 0}, {"type": "paragraph", "format": "", "indent": 0, "version": 1, "children": [{"mode": "normal", "text": "KW's partnership with Porsche Motorsport represents a significant technical collaboration, with the Competition variant of the 992 GT3 Cup damper developed specifically for the demands of Porsche one-make racing. The dampers feature independent adjustment for high-speed and low-speed compression and rebound, enabling fine-tuning of vehicle dynamics to suit circuit characteristics and driver preference.", "type": "text", "style": "", "detail": 0, "format": 0, "version": 1}], "direction": null, "textStyle": "", "textFormat": 0}], "direction": null}}	1992-09-01 17:00:00+05:30	2007-04-01 17:00:00+05:30	2009-04-09 17:00:00+05:30	2017-04-09 17:00:00+05:30	Prestigious	Major	\N	\N	f	kw-automotive-gmbh	2026-04-10 10:30:24.544+05:30	2026-04-09 19:33:42.285+05:30
7	 Porsche Motorsport	porsche-motorsport	PORSCHE-MS	Manufacturer and Technical Partner	The motorsport division of Porsche AG, responsible for the development, production, and support of Porsche competition vehicles including the 992 GT3 Cup car campaigned by AF Motorsport. Porsche Motorsport provides technical support, parts supply, and championship organization for Porsche one-make series worldwide.	Manufacturers	Energy & Utilities	{"root": {"type": "root", "format": "", "indent": 0, "version": 1, "children": [{"type": "paragraph", "format": "", "indent": 0, "version": 1, "children": [{"mode": "normal", "text": " Porsche's motorsport heritage spans over seven decades, with achievements including 19 overall victories at the 24 Hours of Le Mans, numerous World Sportscar Championships, and continuous involvement in top-level GT racing. The Porsche Motorsport division, headquartered in Weissach, Germany, operates one of the most comprehensive customer racing programs in motorsport, supporting private teams competing with Porsche machinery across global championships.", "type": "text", "style": "", "detail": 0, "format": 0, "version": 1}], "direction": null, "textStyle": "", "textFormat": 0}], "direction": null}}	1952-01-01 17:00:00+05:30	\N	\N	\N	Iconic	Profound	\N	\N	f	-porsche-motorsport	2026-04-10 10:27:47.648+05:30	2026-04-09 19:35:30.59+05:30
5	Autódromo do Estoril	circuito-estoril	ESTORIL-001	Home Circuit and Facility Partner	Management organization operating the Autódromo do Estoril complex, AF Motorsport's home circuit and workshop location. The circuit provides essential infrastructure including garage facilities, track access for testing, and event hosting capability.	Organizers	Automotive	{"root": {"type": "root", "format": "", "indent": 0, "version": 1, "children": [{"type": "paragraph", "format": "", "indent": 0, "version": 1, "children": [{"mode": "normal", "text": "Autódromo do Estoril opened in 1972 and rapidly established itself as Portugal's premier motorsport facility. The circuit hosted the Formula 1 Portuguese Grand Prix from 1984 to 1996, MotoGP from 2000 to 2012, and continues to host major international events including the FIM Superbike World Championship and European Le Mans Series.", "type": "text", "style": "", "detail": 0, "format": 0, "version": 1}], "direction": null, "textStyle": "", "textFormat": 0}, {"type": "paragraph", "format": "", "indent": 0, "version": 1, "children": [{"mode": "normal", "text": "The facility has undergone continuous development to maintain international standards, with recent investments including circuit resurfacing, expanded runoff areas, and modernized paddock infrastructure. The circuit remains central to Portuguese motorsport culture and provides essential facilities for teams based at the venue.", "type": "text", "style": "", "detail": 0, "format": 0, "version": 1}], "direction": null, "textStyle": "", "textFormat": 0}], "direction": null}}	1972-06-17 17:00:00+05:30	2020-04-09 17:00:00+05:30	2026-04-09 17:00:00+05:30	2026-04-09 17:00:00+05:30	Established	Major	\N	\N	f	autdromo-do-estoril	2026-04-10 10:29:07.142+05:30	2026-04-09 19:34:29.608+05:30
\.


--
-- Data for Name: organizations_details_benefits_list; Type: TABLE DATA; Schema: public; Owner: afmuser
--

COPY public.organizations_details_benefits_list (_order, _parent_id, id, name, description, type) FROM stdin;
1	7	69d7b2099ea0d1ffeba680e1	Technical Support	Direct access to Porsche Motorsport engineering support including trackside parts and technical assistance at championship events.	technical
1	6	69d7b1a26f284ea0674cde24	Safety Equipment Supply	 Provision of FIA-homologated race suits, gloves, boots, and underwear meeting all current safety standards.	product_supply
2	6	69d7b1c26f284ea0674cde25	Custom Design Service	Custom suit design and manufacturing incorporating AF Motorsport colors and partner branding within FIA regulations.	design
1	5	69d7b1b89d013f04e57f673f	Workshop Facilities	Permanent garage units providing operational headquarters and vehicle preparation space.	facility
1	4	69d7b1a052a7810020809c10	Damper Supply and Service	Provision of Porsche Motorsport-specification KW Competition dampers with factory service and rebuild capability.	product_supply
2	4	69d7b1b452a7810020809c11	Technical Support	Setup guidance and technical consultation for damper optimization at varying circuit types.	technical
1	2	69d7b155af77aef9910e6afa	Damper Supply and Service	Provision of Porsche Motorsport-specification KW Competition dampers with factory service and rebuild capability.	product_supply
2	2	69d7b16daf77aef9910e6afb	Technical Support	Setup guidance and technical consultation for damper optimization at varying circuit types.	technical
\.


--
-- Data for Name: organizations_details_socials_list; Type: TABLE DATA; Schema: public; Owner: afmuser
--

COPY public.organizations_details_socials_list (_order, _parent_id, id, platform, username, description) FROM stdin;
1	7	69d7b2319ea0d1ffeba680e3	Instagram	porsche.motorsport	Official Porsche Motorsport Instagram featuring global racing content and behind-the-scenes coverage.
1	6	69d7b2026f284ea0674cde27	Instagram	ompracing	OMP Racing Instagram featuring product launches and athlete content.
1	5	69d7b1f09d013f04e57f6741	Instagram	circuitoestoril	Circuit Instagram with event coverage and facility updates.
1	4	69d7b1e852a7810020809c14	Instagram	kw_suspensions	KW Suspensions Instagram with product and motorsport content.
1	2	69d7b1acaf77aef9910e6afe	Instagram	kw_suspensions	KW Suspensions Instagram with product and motorsport content.
\.


--
-- Data for Name: organizations_details_websites_list; Type: TABLE DATA; Schema: public; Owner: afmuser
--

COPY public.organizations_details_websites_list (_order, _parent_id, id, name, path, description) FROM stdin;
1	7	69d7b21a9ea0d1ffeba680e2	Porsche Motorsport Official	https://motorsports.porsche.com	Official Porsche Motorsport website with technical information, championship news, and customer racing resources.
1	6	69d7b1e26f284ea0674cde26	OMP Racing Officia	https://www.ompracing.com	Official OMP Racing website with product catalog and technical information.
1	5	69d7b1d89d013f04e57f6740	Circuito Estoril Official	https://www.circuito-estoril.pt	Official circuit website with event calendar and facility information.
1	4	69d7b1ca52a7810020809c12	KW Suspensions Official	https://www.kwsuspensions.com	Official KW website with product information and motorsport applications.
1	2	69d7b17faf77aef9910e6afc	KW Suspensions Official	https://www.kwsuspensions.com	Official KW website with product information and motorsport applications.
\.


--
-- Data for Name: organizations_locales; Type: TABLE DATA; Schema: public; Owner: afmuser
--

COPY public.organizations_locales (seo_title, seo_image_id, seo_description, id, _locale, _parent_id) FROM stdin;
\.


--
-- Data for Name: organizations_rels; Type: TABLE DATA; Schema: public; Owner: afmuser
--

COPY public.organizations_rels (id, "order", parent_id, path, categories_id, tags_id) FROM stdin;
1	1	7	categories	2	\N
2	2	7	categories	5	\N
3	3	7	categories	8	\N
4	1	7	tags	\N	3
5	2	7	tags	\N	8
6	3	7	tags	\N	6
7	4	7	tags	\N	12
8	5	7	tags	\N	14
9	6	7	tags	\N	5
10	7	7	tags	\N	9
11	1	6	categories	1	\N
12	2	6	categories	4	\N
13	1	6	tags	\N	4
14	2	6	tags	\N	7
15	3	6	tags	\N	10
16	4	6	tags	\N	6
17	5	6	tags	\N	11
18	6	6	tags	\N	13
19	1	5	categories	5	\N
20	1	5	tags	\N	3
21	2	5	tags	\N	7
22	3	5	tags	\N	10
23	4	5	tags	\N	8
24	5	5	tags	\N	11
25	6	5	tags	\N	5
26	1	4	categories	4	\N
27	2	4	categories	6	\N
28	3	4	categories	8	\N
29	4	4	categories	9	\N
30	1	4	tags	\N	2
31	2	4	tags	\N	5
32	3	4	tags	\N	8
33	4	4	tags	\N	10
34	5	4	tags	\N	11
35	1	2	categories	2	\N
36	2	2	categories	4	\N
37	3	2	categories	8	\N
38	1	2	tags	\N	4
39	2	2	tags	\N	6
40	3	2	tags	\N	8
41	4	2	tags	\N	10
42	5	2	tags	\N	11
43	6	2	tags	\N	13
44	7	2	tags	\N	12
\.


--
-- Data for Name: pages; Type: TABLE DATA; Schema: public; Owner: afmuser
--

COPY public.pages (id, generate_slug, slug, updated_at, created_at) FROM stdin;
\.


--
-- Data for Name: pages_locales; Type: TABLE DATA; Schema: public; Owner: afmuser
--

COPY public.pages_locales (seo_title, seo_image_id, seo_description, id, _locale, _parent_id) FROM stdin;
\.


--
-- Data for Name: pages_rels; Type: TABLE DATA; Schema: public; Owner: afmuser
--

COPY public.pages_rels (id, "order", parent_id, path, categories_id, tags_id) FROM stdin;
\.


--
-- Data for Name: payload_kv; Type: TABLE DATA; Schema: public; Owner: afmuser
--

COPY public.payload_kv (id, key, data) FROM stdin;
\.


--
-- Data for Name: payload_locked_documents; Type: TABLE DATA; Schema: public; Owner: afmuser
--

COPY public.payload_locked_documents (id, global_slug, updated_at, created_at) FROM stdin;
486	\N	2026-04-15 01:12:28.864+05:30	2026-04-15 00:39:58.76+05:30
400	\N	2026-04-10 11:05:11.53+05:30	2026-04-10 11:04:58.735+05:30
425	\N	2026-04-10 11:32:37.462+05:30	2026-04-10 11:32:37.462+05:30
470	\N	2026-04-10 18:02:25.49+05:30	2026-04-10 17:59:18.047+05:30
\.


--
-- Data for Name: payload_locked_documents_rels; Type: TABLE DATA; Schema: public; Owner: afmuser
--

COPY public.payload_locked_documents_rels (id, "order", parent_id, path, series_id, seasons_id, events_id, sessions_id, entries_id, results_id, points_id, circuits_id, championships_id, races_id, teams_id, drivers_id, leaders_id, members_id, individuals_id, organizations_id, users_id, meetups_id, initiatives_id, trainings_id, vacancies_id, onboardings_id, hospitalities_id, awards_id, celebrations_id, interviews_id, incidents_id, cars_id, helmets_id, suits_id, garages_id, media_id, designations_id, skills_id, statuses_id, regulations_id, policies_id, statements_id, slides_id, pages_id, categories_id, tags_id, countries_id, plans_id, timelines_id, programs_id, forms_id, form_submissions_id, addresses_id, variants_id, variant_types_id, variant_options_id, products_id, carts_id, orders_id, transactions_id, search_id, payload_mcp_api_keys_id) FROM stdin;
849	\N	425	document	\N	\N	\N	\N	\N	\N	\N	\N	\N	\N	\N	\N	\N	2	\N	\N	\N	\N	\N	\N	\N	\N	\N	\N	\N	\N	\N	\N	\N	\N	\N	\N	\N	\N	\N	\N	\N	\N	\N	\N	\N	\N	\N	\N	\N	\N	\N	\N	\N	\N	\N	\N	\N	\N	\N	\N	\N	\N
850	\N	425	user	\N	\N	\N	\N	\N	\N	\N	\N	\N	\N	\N	\N	\N	\N	\N	\N	1	\N	\N	\N	\N	\N	\N	\N	\N	\N	\N	\N	\N	\N	\N	\N	\N	\N	\N	\N	\N	\N	\N	\N	\N	\N	\N	\N	\N	\N	\N	\N	\N	\N	\N	\N	\N	\N	\N	\N	\N	\N
799	\N	400	document	\N	\N	\N	\N	\N	\N	\N	\N	\N	\N	\N	\N	\N	\N	\N	\N	\N	\N	\N	\N	\N	\N	\N	\N	\N	\N	\N	\N	\N	\N	\N	\N	9	\N	\N	\N	\N	\N	\N	\N	\N	\N	\N	\N	\N	\N	\N	\N	\N	\N	\N	\N	\N	\N	\N	\N	\N	\N
800	\N	400	user	\N	\N	\N	\N	\N	\N	\N	\N	\N	\N	\N	\N	\N	\N	\N	\N	1	\N	\N	\N	\N	\N	\N	\N	\N	\N	\N	\N	\N	\N	\N	\N	\N	\N	\N	\N	\N	\N	\N	\N	\N	\N	\N	\N	\N	\N	\N	\N	\N	\N	\N	\N	\N	\N	\N	\N	\N	\N
939	\N	470	document	\N	\N	\N	\N	\N	\N	\N	\N	\N	\N	\N	\N	\N	\N	\N	\N	\N	\N	\N	5	\N	\N	\N	\N	\N	\N	\N	\N	\N	\N	\N	\N	\N	\N	\N	\N	\N	\N	\N	\N	\N	\N	\N	\N	\N	\N	\N	\N	\N	\N	\N	\N	\N	\N	\N	\N	\N	\N
940	\N	470	user	\N	\N	\N	\N	\N	\N	\N	\N	\N	\N	\N	\N	\N	\N	\N	\N	1	\N	\N	\N	\N	\N	\N	\N	\N	\N	\N	\N	\N	\N	\N	\N	\N	\N	\N	\N	\N	\N	\N	\N	\N	\N	\N	\N	\N	\N	\N	\N	\N	\N	\N	\N	\N	\N	\N	\N	\N	\N
965	\N	486	document	\N	\N	\N	\N	\N	\N	\N	\N	2	\N	\N	\N	\N	\N	\N	\N	\N	\N	\N	\N	\N	\N	\N	\N	\N	\N	\N	\N	\N	\N	\N	\N	\N	\N	\N	\N	\N	\N	\N	\N	\N	\N	\N	\N	\N	\N	\N	\N	\N	\N	\N	\N	\N	\N	\N	\N	\N	\N
966	\N	486	user	\N	\N	\N	\N	\N	\N	\N	\N	\N	\N	\N	\N	\N	\N	\N	\N	1	\N	\N	\N	\N	\N	\N	\N	\N	\N	\N	\N	\N	\N	\N	\N	\N	\N	\N	\N	\N	\N	\N	\N	\N	\N	\N	\N	\N	\N	\N	\N	\N	\N	\N	\N	\N	\N	\N	\N	\N	\N
\.


--
-- Data for Name: payload_mcp_api_keys; Type: TABLE DATA; Schema: public; Owner: afmuser
--

COPY public.payload_mcp_api_keys (id, user_id, label, description, series_find, series_create, series_update, series_delete, seasons_find, seasons_create, seasons_update, seasons_delete, events_find, events_create, events_update, events_delete, sessions_find, sessions_create, sessions_update, sessions_delete, entries_find, entries_create, entries_update, entries_delete, results_find, results_create, results_update, results_delete, points_find, points_create, points_update, points_delete, circuits_find, circuits_create, circuits_update, circuits_delete, championships_find, championships_create, championships_update, championships_delete, races_find, races_create, races_update, races_delete, teams_find, teams_create, teams_update, teams_delete, drivers_find, drivers_create, drivers_update, drivers_delete, leaders_find, leaders_create, leaders_update, leaders_delete, members_find, members_create, members_update, members_delete, individuals_find, individuals_create, individuals_update, individuals_delete, organizations_find, organizations_create, organizations_update, organizations_delete, users_find, users_create, users_update, users_delete, meetups_find, meetups_create, meetups_update, meetups_delete, initiatives_find, initiatives_create, initiatives_update, initiatives_delete, trainings_find, trainings_create, trainings_update, trainings_delete, vacancies_find, vacancies_create, vacancies_update, vacancies_delete, onboardings_find, onboardings_create, onboardings_update, onboardings_delete, hospitalities_find, hospitalities_create, hospitalities_update, hospitalities_delete, awards_find, awards_create, awards_update, awards_delete, celebrations_find, celebrations_create, celebrations_update, celebrations_delete, interviews_find, interviews_create, interviews_update, interviews_delete, incidents_find, incidents_create, incidents_update, incidents_delete, cars_find, cars_create, cars_update, cars_delete, helmets_find, helmets_create, helmets_update, helmets_delete, suits_find, suits_create, suits_update, suits_delete, garages_find, garages_create, garages_update, garages_delete, media_find, media_create, media_update, media_delete, designations_find, designations_create, designations_update, designations_delete, skills_find, skills_create, skills_update, skills_delete, statuses_find, statuses_create, statuses_update, statuses_delete, regulations_find, regulations_create, regulations_update, regulations_delete, policies_find, policies_create, policies_update, policies_delete, statements_find, statements_create, statements_update, statements_delete, slides_find, slides_create, slides_update, slides_delete, pages_find, pages_create, pages_update, pages_delete, categories_find, categories_create, categories_update, categories_delete, tags_find, tags_create, tags_update, tags_delete, countries_find, countries_create, countries_update, countries_delete, plans_find, plans_create, plans_update, plans_delete, timelines_find, timelines_create, timelines_update, timelines_delete, programs_find, programs_create, programs_update, programs_delete, header_find, header_update, footer_find, footer_update, identity_find, identity_update, announcements_find, announcements_update, questions_find, questions_update, socials_find, socials_update, updated_at, created_at, enable_a_p_i_key, api_key, api_key_index) FROM stdin;
1	1	Admin MCP Key	\N	f	f	f	f	f	f	f	f	f	f	f	f	f	f	f	f	f	f	f	f	f	f	f	f	f	f	f	f	f	f	f	f	f	f	f	f	f	f	f	f	f	f	f	f	f	f	f	f	f	f	f	f	f	f	f	f	f	f	f	f	f	f	f	f	f	f	f	f	f	f	f	f	f	f	f	f	f	f	f	f	f	f	f	f	f	f	f	f	f	f	f	f	f	f	f	f	f	f	f	f	f	f	f	f	f	f	f	f	f	f	f	f	f	f	f	f	f	f	f	f	f	f	f	f	f	f	f	f	f	f	f	f	f	f	f	f	f	f	f	f	f	f	f	f	f	f	f	f	f	f	f	f	f	f	f	f	f	f	f	f	f	f	f	f	f	f	f	f	f	t	t	f	f	f	f	f	f	f	f	f	f	f	f	f	t	t	t	t	t	t	t	t	t	t	t	t	2026-04-09 09:44:55.767+05:30	2026-04-09 09:44:55.766+05:30	t	a551d52fd2a7495959a15baa2d390f85c80ad555f0f939b9d10e1017367a47c8ffdc85678e5ecd62e0cee49477b32addd70c2ed6	48f60745edc7079ee054c8b9cb0c827d3e03c81b1ca0aa0d2c66df704d0f9da5
\.


--
-- Data for Name: payload_migrations; Type: TABLE DATA; Schema: public; Owner: afmuser
--

COPY public.payload_migrations (id, name, batch, updated_at, created_at) FROM stdin;
1	20260409_040922	1	2026-04-09 09:39:35.272+05:30	2026-04-09 09:39:35.271+05:30
\.


--
-- Data for Name: payload_preferences; Type: TABLE DATA; Schema: public; Owner: afmuser
--

COPY public.payload_preferences (id, key, value, updated_at, created_at) FROM stdin;
1	collection-orders	{"limit": 10, "columns": [{"active": true, "accessor": "id"}, {"active": true, "accessor": "createdAt"}, {"active": true, "accessor": "total"}, {"active": true, "accessor": "currency"}, {"active": true, "accessor": "items"}]}	2026-04-09 09:40:27.237+05:30	2026-04-09 09:40:27.237+05:30
2	collection-carts	{"limit": 10, "columns": [{"active": true, "accessor": "id"}, {"active": true, "accessor": "createdAt"}, {"active": true, "accessor": "total"}, {"active": true, "accessor": "currency"}, {"active": true, "accessor": "items"}]}	2026-04-09 09:40:27.338+05:30	2026-04-09 09:40:27.338+05:30
3	collection-addresses	{"limit": 10, "columns": [{"active": true, "accessor": "id"}]}	2026-04-09 09:40:27.408+05:30	2026-04-09 09:40:27.408+05:30
29	collection-awards	{"limit": 10}	2026-04-10 09:40:03.697+05:30	2026-04-09 09:43:54.384+05:30
6	collection-seasons	{"limit": 10}	2026-04-15 14:08:21.573+05:30	2026-04-09 09:42:03.233+05:30
14	collection-championships	{"limit": 10}	2026-04-21 19:10:42.773+05:30	2026-04-09 09:42:57.945+05:30
8	collection-payload-mcp-api-keys	{}	2026-04-09 09:42:20.592+05:30	2026-04-09 09:42:20.592+05:30
13	collection-circuits	{"limit": 10}	2026-04-10 11:27:32.556+05:30	2026-04-09 09:42:55.368+05:30
7	collection-events	{"limit": 10}	2026-04-25 18:10:42.979+05:30	2026-04-09 09:42:04.965+05:30
21	collection-organizations	{"limit": 50}	2026-04-25 18:12:50.012+05:30	2026-04-09 09:43:17.652+05:30
72	collection-sessions-10	{"fields": {"_index-2": {"tabIndex": 2}}}	2026-04-10 10:16:17.434+05:30	2026-04-09 20:13:10.423+05:30
48	collection-categories	{"limit": 10}	2026-04-10 10:06:03.029+05:30	2026-04-09 09:46:21.599+05:30
235	collection-helmets-3	{"fields": {"_index-2": {"tabIndex": 1}}}	2026-04-10 10:59:29.401+05:30	2026-04-10 10:59:29.402+05:30
37	collection-designations	{"limit": 10}	2026-04-09 18:34:01.893+05:30	2026-04-09 09:44:39.536+05:30
52	collection-programs	{"limit": 10}	2026-04-10 10:47:37.956+05:30	2026-04-09 09:46:56.23+05:30
74	collection-points-5	{"fields": {"_index-2": {"tabIndex": 0}}}	2026-04-10 10:59:44.764+05:30	2026-04-09 20:24:48.085+05:30
239	collection-suits-1	{"fields": {"_index-2": {"tabIndex": 1}}}	2026-04-10 11:00:24.678+05:30	2026-04-10 11:00:24.679+05:30
26	collection-vacancies	{"limit": 10}	2026-04-10 09:47:41.354+05:30	2026-04-09 09:43:44.105+05:30
22	collection-users	{}	2026-04-09 09:43:20.526+05:30	2026-04-09 09:43:20.526+05:30
27	collection-onboardings	{"limit": 10}	2026-04-10 09:51:45.068+05:30	2026-04-09 09:43:47.596+05:30
28	collection-hospitalities	{"limit": 10}	2026-04-10 09:55:45.716+05:30	2026-04-09 09:43:50.419+05:30
9	collection-sessions	{"limit": 10}	2026-04-10 10:18:40.091+05:30	2026-04-09 09:42:27.018+05:30
55	collection-transactions	{"limit": 10}	2026-04-10 10:52:37.495+05:30	2026-04-09 10:24:55.598+05:30
242	collection-individuals-3	{"fields": {"_index-3": {"tabIndex": 1}}}	2026-04-10 11:30:22.001+05:30	2026-04-10 11:30:22.002+05:30
41	collection-statements	{"limit": 10}	2026-04-10 11:11:53.36+05:30	2026-04-09 09:44:57.53+05:30
76	collection-awards-1	{"fields": {"_index-2": {"tabIndex": 1}}}	2026-04-10 10:11:18.269+05:30	2026-04-09 21:13:11.206+05:30
31	collection-interviews	{}	2026-04-09 09:44:02.654+05:30	2026-04-09 09:44:02.654+05:30
33	collection-helmets	{}	2026-04-09 09:44:20.182+05:30	2026-04-09 09:44:20.182+05:30
5	collection-cars	{"limit": 10}	2026-04-10 15:59:12.697+05:30	2026-04-09 09:41:44.516+05:30
83	collection-series-3	{"fields": {"_index-2": {"tabIndex": 0}}}	2026-04-10 10:53:55.561+05:30	2026-04-10 09:34:04.558+05:30
25	collection-trainings	{"limit": 10}	2026-04-10 10:11:24.309+05:30	2026-04-09 09:43:39.737+05:30
39	collection-statuses	{"limit": 10}	2026-04-10 11:09:33.206+05:30	2026-04-09 09:44:48.744+05:30
81	collection-meetups-1	{"fields": {"_index-2": {"tabIndex": 1}}}	2026-04-10 10:55:42.161+05:30	2026-04-10 09:23:28.666+05:30
30	collection-celebrations	{"limit": 10}	2026-04-10 16:11:29.753+05:30	2026-04-09 09:43:59.409+05:30
12	collection-points	{"limit": 10}	2026-04-10 09:58:08.967+05:30	2026-04-09 09:42:52.858+05:30
32	collection-incidents	{"limit": 10}	2026-04-10 16:20:08.616+05:30	2026-04-09 09:44:06.879+05:30
42	collection-policies	{}	2026-04-09 09:45:18.429+05:30	2026-04-09 09:45:18.429+05:30
11	collection-results	{"limit": 10}	2026-04-10 16:33:34.556+05:30	2026-04-09 09:42:50.811+05:30
85	collection-series-5	{"fields": {"_index-2": {"tabIndex": 1}}}	2026-04-10 11:23:49.524+05:30	2026-04-10 09:35:39.69+05:30
45	collection-pages	{}	2026-04-09 09:46:01.992+05:30	2026-04-09 09:46:01.992+05:30
46	collection-forms	{}	2026-04-09 09:46:09.039+05:30	2026-04-09 09:46:09.039+05:30
47	collection-form-submissions	{}	2026-04-09 09:46:13.802+05:30	2026-04-09 09:46:13.802+05:30
193	collection-events-2	{"fields": {"_index-2": {"tabIndex": 0}}}	2026-04-10 10:57:07.928+05:30	2026-04-10 10:14:57.552+05:30
77	collection-events-5	{"fields": {"_index-2": {"tabIndex": 0}}}	2026-04-10 11:25:02.388+05:30	2026-04-10 09:00:46.593+05:30
250	collection-results-9	{"fields": {"_index-2": {"tabIndex": 1}}}	2026-04-10 17:36:40.662+05:30	2026-04-10 17:36:27.319+05:30
257	collection-events-6	{"fields": {"_index-2": {"tabIndex": 1}}}	2026-04-13 07:30:57.138+05:30	2026-04-13 07:30:57.139+05:30
18	collection-leaders	{"limit": 10}	2026-04-10 10:26:49.673+05:30	2026-04-09 09:43:07.75+05:30
34	collection-suits	{"limit": 10}	2026-04-10 10:41:44.886+05:30	2026-04-09 09:44:25.529+05:30
35	collection-garages	{"limit": 10}	2026-04-10 10:42:26.15+05:30	2026-04-09 09:44:29.605+05:30
43	collection-slides	{"limit": 10}	2026-04-10 10:42:51.831+05:30	2026-04-09 09:45:40.94+05:30
40	collection-regulations	{"limit": 10}	2026-04-09 18:48:16.415+05:30	2026-04-09 09:44:52.857+05:30
57	collection-products-4	{"fields": {"gallery": {"collapsed": []}, "_index-1": {"tabIndex": 1}}}	2026-04-09 16:47:09.168+05:30	2026-04-09 15:18:19.449+05:30
58	collection-products-5	{"fields": {"gallery": {"collapsed": []}, "_index-1": {"tabIndex": 1}}}	2026-04-09 16:47:16.905+05:30	2026-04-09 15:48:36.052+05:30
4	collection-series	{"limit": 10}	2026-04-09 20:29:01.408+05:30	2026-04-09 09:40:32.463+05:30
60	collection-products-8	{"fields": {"_index-1": {"tabIndex": 1}}}	2026-04-09 16:50:31.68+05:30	2026-04-09 16:47:23.801+05:30
19	collection-members	{"limit": 10}	2026-04-09 23:59:23.727+05:30	2026-04-09 09:43:12.39+05:30
16	collection-teams	{"limit": 10}	2026-04-09 18:07:35.31+05:30	2026-04-09 09:43:03.265+05:30
17	collection-drivers	{"limit": 10}	2026-04-09 18:12:12.39+05:30	2026-04-09 09:43:05.39+05:30
15	collection-races	{"limit": 10}	2026-04-09 18:14:40.071+05:30	2026-04-09 09:43:00.025+05:30
51	collection-timelines	{"limit": 10}	2026-04-10 00:36:11.568+05:30	2026-04-09 09:46:43.841+05:30
38	collection-skills	{"limit": 10}	2026-04-10 09:12:47.621+05:30	2026-04-09 09:44:43.8+05:30
79	nav	{"groups": {"Entities": {"open": true}, "Metadata": {"open": true}, "Operations": {"open": true}, "Collections": {"open": false}}}	2026-04-10 09:16:20.631+05:30	2026-04-10 09:16:20.632+05:30
23	collection-meetups	{"limit": 10}	2026-04-10 09:23:35.342+05:30	2026-04-09 09:43:27.944+05:30
50	collection-plans	{"limit": 10}	2026-04-10 09:27:42.567+05:30	2026-04-09 09:46:34.823+05:30
24	collection-initiatives	{"limit": 10}	2026-04-10 09:28:57.26+05:30	2026-04-09 09:43:35.134+05:30
62	collection-search	{"limit": 10}	2026-04-09 18:27:59.915+05:30	2026-04-09 18:27:56.659+05:30
54	collection-products	{"sort": "-_status", "limit": 10, "columns": [{"active": true, "accessor": "title"}, {"active": true, "accessor": "enableVariants"}, {"active": true, "accessor": "_status"}, {"active": false, "accessor": "id"}, {"active": false, "accessor": "description"}, {"active": false, "accessor": "gallery"}, {"active": false, "accessor": "layout"}, {"active": false, "accessor": "inventory"}, {"active": false, "accessor": "variantTypes"}, {"active": false, "accessor": "priceInUSDEnabled"}, {"active": false, "accessor": "priceInUSD"}, {"active": false, "accessor": "relatedProducts"}, {"active": false, "accessor": "meta.overview"}, {"active": false, "accessor": "meta.title"}, {"active": false, "accessor": "meta.image"}, {"active": false, "accessor": "meta.description"}, {"active": false, "accessor": "meta.preview"}, {"active": false, "accessor": "categories"}, {"active": false, "accessor": "slug"}, {"active": false, "accessor": "updatedAt"}, {"active": false, "accessor": "createdAt"}, {"active": false, "accessor": "deletedAt"}]}	2026-04-09 16:33:39.169+05:30	2026-04-09 09:47:05.55+05:30
197	collection-interviews-1	{"fields": {"_index-2": {"tabIndex": 1}}}	2026-04-14 01:40:26.187+05:30	2026-04-10 10:15:35.576+05:30
64	collection-skills-2	{"fields": {"_index-2": {"tabIndex": 0}}}	2026-04-09 18:42:48.917+05:30	2026-04-09 18:42:44.933+05:30
73	collection-points-1	{"fields": {"_index-2": {"tabIndex": 1}}}	2026-04-10 11:00:23.525+05:30	2026-04-09 20:20:37.515+05:30
86	collection-seasons-1	{"fields": {"_index-2": {"tabIndex": 1}}}	2026-04-10 11:13:45.94+05:30	2026-04-10 09:36:19.188+05:30
270	collection-results-7	{"fields": {"_index-2": {"tabIndex": 1}}}	2026-04-21 16:18:03.547+05:30	2026-04-21 16:18:03.549+05:30
61	collection-products-7	{"fields": {"_index-1": {"tabIndex": 1}}}	2026-04-09 16:48:43.335+05:30	2026-04-09 16:48:43.336+05:30
59	collection-products-6	{"fields": {"gallery": {"collapsed": []}, "_index-1": {"tabIndex": 1}}}	2026-04-09 16:49:11.579+05:30	2026-04-09 16:06:34.598+05:30
84	collection-series-4	{"fields": {"_index-2": {"tabIndex": 1}}}	2026-04-10 11:24:10.731+05:30	2026-04-10 09:34:45.697+05:30
78	collection-celebrations-6	{"fields": {"_index-2": {"tabIndex": 2}}}	2026-04-25 18:27:44.24+05:30	2026-04-10 09:03:36.002+05:30
240	collection-designations-7	{"fields": {"_index-2": {"tabIndex": 0}}}	2026-04-10 11:06:20.775+05:30	2026-04-10 11:05:49.887+05:30
181	collection-helmets-5	{"fields": {"_index-2": {"tabIndex": 1}}}	2026-04-10 10:10:45.565+05:30	2026-04-10 10:10:45.565+05:30
243	collection-drivers-7	{"fields": {"_index-4": {"tabIndex": 2}, "details.socials.list": {"collapsed": []}, "details.websites.list": {"collapsed": []}, "details.addresses.list": {"collapsed": []}}}	2026-04-25 21:07:41.893+05:30	2026-04-10 15:06:19.061+05:30
102	collection-members-1	{"fields": {"_index-4": {"tabIndex": 2}, "details.addresses.list": {"collapsed": ["69d7c39b52a7810020809c23"]}}}	2026-04-25 21:09:14.639+05:30	2026-04-10 09:46:34.498+05:30
251	collection-races-9	{"fields": {"_index-2": {"tabIndex": 2}}}	2026-04-10 17:38:20.017+05:30	2026-04-10 17:38:20.018+05:30
69	collection-series-2	{"fields": {"_index-2": {"tabIndex": 0}}}	2026-04-10 10:54:04.91+05:30	2026-04-09 19:54:56.282+05:30
68	collection-series-1	{"fields": {"_index-2": {"tabIndex": 1}}}	2026-04-21 16:19:56.772+05:30	2026-04-09 19:42:25.916+05:30
157	collection-celebrations-5	{"fields": {"_index-2": {"tabIndex": 1}}}	2026-04-13 07:44:07.343+05:30	2026-04-10 10:02:21.699+05:30
71	collection-sessions-6	{"fields": {"_index-2": {"tabIndex": 2}}}	2026-04-10 10:17:56.677+05:30	2026-04-09 20:08:48.915+05:30
277	collection-cars-6	{"fields": {"_index-2": {"tabIndex": 2}}}	2026-04-25 21:11:53.527+05:30	2026-04-25 21:11:53.528+05:30
93	collection-teams-1	{"fields": {"_index-2": {"tabIndex": 2}}}	2026-04-27 20:29:22.328+05:30	2026-04-10 09:38:28.51+05:30
236	collection-helmets-1	{"fields": {"_index-2": {"tabIndex": 0}}}	2026-04-13 07:51:55.384+05:30	2026-04-10 10:59:43.505+05:30
96	collection-leaders-2	{"fields": {"_index-4": {"tabIndex": 1}}}	2026-04-10 10:01:30.445+05:30	2026-04-10 09:41:20.833+05:30
82	collection-plans-1	{"fields": {"_index-2": {"tabIndex": 3}}}	2026-04-10 09:30:03.58+05:30	2026-04-10 09:30:02.662+05:30
222	collection-entries-2	{"fields": {"_index-2": {"tabIndex": 2}}}	2026-04-19 03:44:15.692+05:30	2026-04-10 10:20:24.118+05:30
178	collection-initiatives-3	{"fields": {"_index-2": {"tabIndex": 1}, "details.expectations.list": {"collapsed": []}}}	2026-04-13 08:25:22.964+05:30	2026-04-10 10:10:20.487+05:30
90	collection-sessions-4	{"fields": {"_index-2": {"tabIndex": 2}}}	2026-04-10 10:18:30.411+05:30	2026-04-10 09:38:09.526+05:30
80	collection-incidents-2	{"fields": {"_index-2": {"tabIndex": 1}}}	2026-04-13 08:45:38.64+05:30	2026-04-10 09:20:35.595+05:30
103	collection-members-2	{"fields": {"_index-4": {"tabIndex": 1}, "details.addresses.list": {"collapsed": ["69d7c5c7bc5c815571baa43c"]}}}	2026-04-13 08:50:38.227+05:30	2026-04-10 09:47:28.875+05:30
89	collection-seasons-3	{"fields": {"_index-2": {"tabIndex": 0}}}	2026-04-10 10:55:22.975+05:30	2026-04-10 09:37:52.386+05:30
107	collection-individuals-1	{"fields": {"_index-3": {"tabIndex": 1}}}	2026-04-10 09:48:22.734+05:30	2026-04-10 09:48:22.735+05:30
88	collection-seasons-2	{"fields": {"_index-2": {"tabIndex": 1}}}	2026-04-10 10:56:17.346+05:30	2026-04-10 09:37:47.631+05:30
108	collection-individuals-2	{"fields": {"_index-3": {"tabIndex": 1}}}	2026-04-10 09:48:31.306+05:30	2026-04-10 09:48:31.307+05:30
200	collection-incidents-5	{"fields": {"_index-2": {"tabIndex": 1}}}	2026-04-10 10:56:18.01+05:30	2026-04-10 10:16:23.336+05:30
110	collection-organizations-6	{"fields": {"_index-2": {"tabIndex": 1}}}	2026-04-10 09:48:58.687+05:30	2026-04-10 09:48:58.688+05:30
105	collection-members-4	{"fields": {"_index-4": {"tabIndex": 0}}}	2026-04-10 10:02:00.548+05:30	2026-04-10 09:47:50.033+05:30
278	collection-interviews-5	{"fields": {"_index-2": {"tabIndex": 1}}}	2026-04-27 23:01:25.525+05:30	2026-04-27 23:00:40.829+05:30
87	collection-events-1	{"fields": {"_index-2": {"tabIndex": 1}}}	2026-04-21 16:29:06.177+05:30	2026-04-10 09:36:55.153+05:30
161	collection-individuals-6	{"fields": {"_index-3": {"tabIndex": 0}}}	2026-05-02 09:02:14.856+05:30	2026-04-10 10:02:41.161+05:30
104	collection-members-3	{"fields": {"_index-4": {"tabIndex": 2}, "details.addresses.list": {"collapsed": ["69d7c68cbc5c815571baa43d"]}}}	2026-04-21 14:49:08.093+05:30	2026-04-10 09:47:37.652+05:30
174	collection-cars-4	{"fields": {"_index-2": {"tabIndex": 1}, "details.classifications.list": {"collapsed": ["69d7ad549ea0d1ffeba680da"]}}}	2026-04-10 10:57:11.151+05:30	2026-04-10 10:09:34.38+05:30
109	collection-organizations-2	{"fields": {"_index-2": {"tabIndex": 1}}}	2026-04-10 10:08:03.738+05:30	2026-04-10 09:48:41.475+05:30
145	collection-initiatives-1	{"fields": {"_index-2": {"tabIndex": 2}, "details.expectations.list": {"collapsed": []}}}	2026-04-25 21:10:00.21+05:30	2026-04-10 09:59:45.627+05:30
155	collection-onboardings-5	{"fields": {"_index-2": {"tabIndex": 3}, "traits.modules.list": {"collapsed": []}, "traits.quizzes.list": {"collapsed": []}, "traits.checklist.list": {"collapsed": []}}}	2026-04-25 21:10:24.139+05:30	2026-04-10 10:01:44.502+05:30
274	collection-drivers-10	{"fields": {"_index-4": {"tabIndex": 1}, "details.addresses.list": {"collapsed": ["69d8c7326eb1e12b56fbdbc1"]}}}	2026-04-28 08:58:01.042+05:30	2026-04-25 17:54:36.025+05:30
113	collection-results-3	{"fields": {"_index-2": {"tabIndex": 1}}}	2026-04-10 11:13:11.738+05:30	2026-04-10 09:49:42.689+05:30
92	collection-entries-1	{"fields": {"_index-2": {"tabIndex": 1}}}	2026-04-10 10:20:32.95+05:30	2026-04-10 09:38:19.892+05:30
159	collection-celebrations-3	{"fields": {"_index-2": {"tabIndex": 1}}}	2026-04-10 10:13:46.754+05:30	2026-04-10 10:02:35.009+05:30
95	collection-awards-5	{"fields": {"_index-2": {"tabIndex": 1}}}	2026-04-10 10:53:41.529+05:30	2026-04-10 09:40:14.488+05:30
201	collection-sessions-9	{"fields": {"_index-2": {"tabIndex": 2}}}	2026-04-10 10:16:28.859+05:30	2026-04-10 10:16:26.845+05:30
162	collection-celebrations-2	{"fields": {"_index-2": {"tabIndex": 1}}}	2026-04-10 10:14:04.049+05:30	2026-04-10 10:02:44.773+05:30
244	collection-drivers-8	{"fields": {"_index-4": {"tabIndex": 1}, "details.websites.list": {"collapsed": []}, "details.addresses.list": {"collapsed": []}}}	2026-04-10 15:07:48.26+05:30	2026-04-10 15:07:08.572+05:30
167	collection-cars-5	{"fields": {"_index-2": {"tabIndex": 0}, "details.classifications.list": {"collapsed": ["69d7ad3e52a7810020809c02"]}}}	2026-04-21 15:27:25.916+05:30	2026-04-10 10:03:04.197+05:30
106	collection-members-5	{"fields": {"_index-4": {"tabIndex": 0}, "details.addresses.list": {"collapsed": ["69d7c7febc5c815571baa43f"]}}}	2026-04-10 10:01:50.446+05:30	2026-04-10 09:48:03.539+05:30
186	collection-seasons-5	{"fields": {"_index-2": {"tabIndex": 2}}}	2026-04-19 00:03:20.23+05:30	2026-04-10 10:12:52.551+05:30
175	collection-initiatives-4	{"fields": {"_index-2": {"tabIndex": 1}, "details.expectations.list": {"collapsed": []}}}	2026-04-10 10:56:25.319+05:30	2026-04-10 10:09:51.61+05:30
160	collection-points-4	{"fields": {"_index-2": {"tabIndex": 0}}}	2026-04-10 10:59:53.946+05:30	2026-04-10 10:02:39.021+05:30
228	collection-points-2	{"fields": {"_index-2": {"tabIndex": 0}}}	2026-04-10 11:00:17.767+05:30	2026-04-10 10:25:13.771+05:30
177	collection-cars-2	{"fields": {"_index-2": {"tabIndex": 1}}}	2026-04-10 10:10:06.075+05:30	2026-04-10 10:10:06.076+05:30
180	collection-initiatives-2	{"fields": {"_index-2": {"tabIndex": 0}, "details.expectations.list": {"collapsed": []}}}	2026-04-10 10:57:17.659+05:30	2026-04-10 10:10:36.165+05:30
225	collection-results-2	{"fields": {"_index-2": {"tabIndex": 0}}}	2026-04-10 10:57:55.832+05:30	2026-04-10 10:21:03.521+05:30
66	collection-skills-5	{"fields": {"_index-2": {"tabIndex": 1}, "details.features.list": {"collapsed": ["69d7a5e852a7810020809bfa"]}, "details.specifications.list": {"collapsed": ["69d7a5af52a7810020809bf9"]}}}	2026-04-10 11:07:33.067+05:30	2026-04-09 18:43:24.068+05:30
151	collection-trainings-5	{"fields": {"_index-2": {"tabIndex": 2}, "details.expectations.list": {"collapsed": []}, "details.specifications.list": {"collapsed": []}}}	2026-04-10 16:56:54.144+05:30	2026-04-10 10:00:45.539+05:30
97	collection-leaders-3	{"fields": {"_index-4": {"tabIndex": 1}, "details.websites.list": {"collapsed": []}, "details.principles.list": {"collapsed": []}}}	2026-04-10 10:04:29.455+05:30	2026-04-10 09:41:50.263+05:30
171	collection-organizations-4	{"fields": {"_index-2": {"tabIndex": 1}}}	2026-04-10 10:07:13.776+05:30	2026-04-10 10:07:13.777+05:30
252	collection-races-8	{"fields": {"_index-2": {"tabIndex": 1}}}	2026-04-21 16:13:31.306+05:30	2026-04-10 17:41:26.008+05:30
149	collection-trainings-4	{"fields": {"_index-2": {"tabIndex": 2}, "details.expectations.list": {"collapsed": []}, "details.specifications.list": {"collapsed": []}}}	2026-04-10 16:59:35.956+05:30	2026-04-10 10:00:35.412+05:30
198	collection-garages-4	{"fields": {"_index-2": {"tabIndex": 1}}}	2026-04-10 10:15:57.418+05:30	2026-04-10 10:15:57.418+05:30
184	collection-trainings-2	{"fields": {"_index-2": {"tabIndex": 2}, "details.expectations.list": {"collapsed": []}, "details.specifications.list": {"collapsed": []}}}	2026-04-10 17:00:28.974+05:30	2026-04-10 10:12:07.422+05:30
146	collection-trainings-1	{"fields": {"_index-2": {"tabIndex": 2}, "details.expectations.list": {"collapsed": []}, "details.specifications.list": {"collapsed": []}}}	2026-04-10 17:01:12.658+05:30	2026-04-10 10:00:02.361+05:30
182	collection-helmets-4	{"fields": {"_index-2": {"tabIndex": 1}, "details.classifications.list": {"collapsed": ["69d7ae5c9d013f04e57f673b"]}}}	2026-04-10 10:10:55.396+05:30	2026-04-10 10:10:51.584+05:30
165	collection-points-9	{"fields": {"_index-2": {"tabIndex": 0}}}	2026-04-10 10:58:33.336+05:30	2026-04-10 10:02:56.856+05:30
112	collection-entries-4	{"fields": {"_index-2": {"tabIndex": 1}}}	2026-04-13 07:31:43.301+05:30	2026-04-10 09:49:31.176+05:30
150	collection-points-8	{"fields": {"_index-2": {"tabIndex": 1}}}	2026-04-21 16:17:51.015+05:30	2026-04-10 10:00:36.212+05:30
258	collection-plans-2	{"fields": {"_index-2": {"tabIndex": 2}}}	2026-04-13 07:41:12.097+05:30	2026-04-13 07:41:01.436+05:30
185	collection-suits-5	{"fields": {"_index-2": {"tabIndex": 1}}}	2026-04-13 07:49:33.73+05:30	2026-04-10 10:12:50.22+05:30
183	collection-skills-4	{"fields": {"_index-2": {"tabIndex": 1}, "details.features.list": {"collapsed": []}, "details.specifications.list": {"collapsed": ["69d7a593daa821209e1e78a9", "69d7a5d7daa821209e1e78aa"]}}}	2026-04-10 10:11:05.578+05:30	2026-04-10 10:10:59.426+05:30
65	collection-skills-3	{"fields": {"_index-2": {"tabIndex": 1}, "details.features.list": {"collapsed": []}, "details.specifications.list": {"collapsed": ["69d7a5a69d013f04e57f6734"]}}}	2026-04-10 10:11:23.898+05:30	2026-04-09 18:43:18.752+05:30
271	collection-sessions-14	{"fields": {"_index-2": {"tabIndex": 2}}}	2026-04-21 16:29:56.812+05:30	2026-04-21 16:29:17.254+05:30
179	collection-helmets-6	{"fields": {"_index-2": {"tabIndex": 1}, "details.manufacturers.list": {"collapsed": []}, "details.classifications.list": {"collapsed": []}}}	2026-04-10 10:12:38.696+05:30	2026-04-10 10:10:28.71+05:30
187	collection-suits-3	{"fields": {"_index-2": {"tabIndex": 1}}}	2026-04-10 10:12:58.996+05:30	2026-04-10 10:12:58.997+05:30
116	collection-points-6	{"fields": {"_index-2": {"tabIndex": 1}}}	2026-04-10 10:59:34.915+05:30	2026-04-10 09:49:55.189+05:30
140	collection-meetups-2	{"fields": {"_index-2": {"tabIndex": 1}}}	2026-04-14 01:44:41.315+05:30	2026-04-10 09:58:50.27+05:30
135	collection-awards-4	{"fields": {"_index-2": {"tabIndex": 0}}}	2026-04-10 10:53:50.89+05:30	2026-04-10 09:58:26.496+05:30
128	collection-points-3	{"fields": {"_index-2": {"tabIndex": 1}}}	2026-04-10 11:00:12.367+05:30	2026-04-10 09:56:47.015+05:30
142	collection-meetups-4	{"fields": {"_index-2": {"tabIndex": 2}}}	2026-04-27 20:28:32.052+05:30	2026-04-10 09:59:14.316+05:30
118	collection-circuits-6	{"fields": {"_index-2": {"tabIndex": 1}}}	2026-04-10 11:26:52.678+05:30	2026-04-10 09:50:30.659+05:30
137	collection-awards-3	{"fields": {"_index-2": {"tabIndex": 1}}}	2026-04-10 10:53:55.271+05:30	2026-04-10 09:58:39.245+05:30
100	collection-drivers-3	{"fields": {"_index-4": {"tabIndex": 2}, "details.socials.list": {"collapsed": []}, "details.websites.list": {"collapsed": []}, "details.addresses.list": {"collapsed": []}}}	2026-04-25 21:07:13.889+05:30	2026-04-10 09:44:46.671+05:30
143	collection-meetups-5	{"fields": {"_index-2": {"tabIndex": 2}}}	2026-04-25 21:09:55.186+05:30	2026-04-10 09:59:23.678+05:30
98	collection-leaders-4	{"fields": {"_index-4": {"tabIndex": 0}, "details.socials.list": {"collapsed": ["69d7c511bc5c815571baa43b"]}, "details.websites.list": {"collapsed": ["69d7c4debc5c815571baa43a"]}, "details.principles.list": {"collapsed": ["69d7c4b1bc5c815571baa439"]}}}	2026-04-27 22:51:00.577+05:30	2026-04-10 09:42:12.752+05:30
99	collection-drivers-2	{"fields": {"_index-4": {"tabIndex": 0}, "details.socials.list": {"collapsed": []}, "details.websites.list": {"collapsed": ["69d7bf8d52a7810020809c1a"]}, "details.addresses.list": {"collapsed": ["69d7bf9e52a7810020809c1b"]}}}	2026-04-10 11:14:58.425+05:30	2026-04-10 09:43:44.869+05:30
126	collection-championships-5	{"fields": {"_index-2": {"tabIndex": 2}}}	2026-04-21 16:08:56.439+05:30	2026-04-10 09:55:24.073+05:30
119	collection-circuits-3	{"fields": {"_index-2": {"tabIndex": 1}}}	2026-04-10 11:29:51.594+05:30	2026-04-10 09:50:45.793+05:30
139	collection-awards-2	{"fields": {"_index-2": {"tabIndex": 1}}}	2026-04-10 10:54:13.642+05:30	2026-04-10 09:58:47.611+05:30
125	collection-championships-4	{"fields": {"_index-2": {"tabIndex": 2}}}	2026-04-10 11:03:41.961+05:30	2026-04-10 09:54:24.883+05:30
170	collection-organizations-7	{"fields": {"_index-2": {"tabIndex": 1}}}	2026-05-02 09:54:23.131+05:30	2026-04-10 10:06:40.004+05:30
279	collection-series-6	{"fields": {"_index-2": {"tabIndex": 1}}}	2026-05-02 09:54:35.536+05:30	2026-05-02 09:54:35.537+05:30
188	collection-seasons-4	{"fields": {"_index-2": {"tabIndex": 0}}}	2026-04-21 16:22:35.002+05:30	2026-04-10 10:13:02.789+05:30
164	collection-celebrations-1	{"fields": {"_index-2": {"tabIndex": 0}}}	2026-04-10 10:55:18.943+05:30	2026-04-10 10:02:50.062+05:30
205	collection-sessions-8	{"fields": {"_index-2": {"tabIndex": 2}}}	2026-04-10 10:17:44.069+05:30	2026-04-10 10:17:13.972+05:30
111	collection-sessions-12	{"fields": {"_index-2": {"tabIndex": 1}}}	2026-04-21 16:29:02.17+05:30	2026-04-10 09:49:23.446+05:30
115	collection-events-4	{"fields": {"_index-2": {"tabIndex": 0}}}	2026-04-10 10:56:49.768+05:30	2026-04-10 09:49:51.878+05:30
224	collection-results-4	{"fields": {"_index-2": {"tabIndex": 0}}}	2026-04-10 10:57:41.897+05:30	2026-04-10 10:20:48.228+05:30
130	collection-teams-6	{"fields": {"_index-2": {"tabIndex": 2}}}	2026-04-10 17:19:55.183+05:30	2026-04-10 09:57:39.162+05:30
132	collection-teams-5	{"fields": {"_index-2": {"tabIndex": 2}}}	2026-04-10 17:20:40.019+05:30	2026-04-10 09:58:10.83+05:30
176	collection-cars-3	{"fields": {"_index-2": {"tabIndex": 1}}}	2026-04-10 10:58:25.967+05:30	2026-04-10 10:09:53.101+05:30
136	collection-teams-3	{"fields": {"_index-2": {"tabIndex": 2}}}	2026-04-10 17:27:18.33+05:30	2026-04-10 09:58:38.799+05:30
138	collection-teams-2	{"fields": {"_index-2": {"tabIndex": 2}}}	2026-04-10 17:31:27.407+05:30	2026-04-10 09:58:44.773+05:30
63	collection-skills-1	{"fields": {"_index-2": {"tabIndex": 0}, "details.features.list": {"collapsed": ["69d7a6169ea0d1ffeba680d6"]}, "details.specifications.list": {"collapsed": []}}}	2026-04-10 11:08:40.67+05:30	2026-04-09 18:41:03.174+05:30
141	collection-meetups-3	{"fields": {"_index-2": {"tabIndex": 0}}}	2026-04-10 11:24:29.375+05:30	2026-04-10 09:58:59.772+05:30
253	collection-races-7	{"fields": {"_index-2": {"tabIndex": 2}}}	2026-04-10 17:44:16.605+05:30	2026-04-10 17:44:16.606+05:30
131	collection-races-3	{"fields": {"_index-2": {"tabIndex": 2}}}	2026-04-10 18:00:44.07+05:30	2026-04-10 09:57:40.342+05:30
129	collection-races-2	{"fields": {"_index-2": {"tabIndex": 2}}}	2026-04-10 18:03:14.706+05:30	2026-04-10 09:57:22.509+05:30
20	collection-individuals	{"limit": 10}	2026-04-10 10:03:54.439+05:30	2026-04-09 09:43:15.483+05:30
120	collection-circuits-1	{"fields": {"_index-2": {"tabIndex": 0}, "details.renovated.list": {"collapsed": []}}}	2026-04-15 04:50:28.661+05:30	2026-04-10 09:51:11.142+05:30
127	collection-races-1	{"fields": {"_index-2": {"tabIndex": 2}}}	2026-04-10 18:05:12.479+05:30	2026-04-10 09:55:49.511+05:30
122	collection-championships-2	{"fields": {"_index-2": {"tabIndex": 2}}}	2026-04-15 05:01:58.826+05:30	2026-04-10 09:52:38.673+05:30
124	collection-championships-3	{"fields": {"_index-2": {"tabIndex": 1}}}	2026-04-13 07:32:30.277+05:30	2026-04-10 09:54:02.059+05:30
123	collection-championships-1	{"fields": {"_index-2": {"tabIndex": 1}}}	2026-04-15 12:57:02.98+05:30	2026-04-10 09:53:30.772+05:30
245	collection-awards-6	{"fields": {"_index-2": {"tabIndex": 1}}}	2026-04-13 07:44:00.744+05:30	2026-04-10 16:27:20.915+05:30
114	collection-seasons-6	{"fields": {"_index-2": {"tabIndex": 1}}}	2026-04-15 14:08:19.842+05:30	2026-04-10 09:49:44.225+05:30
117	collection-circuits-4	{"fields": {"_index-2": {"tabIndex": 2}}}	2026-04-19 05:14:22.494+05:30	2026-04-10 09:50:01.999+05:30
101	collection-drivers-4	{"fields": {"_index-4": {"tabIndex": 1}, "details.socials.list": {"collapsed": []}, "details.websites.list": {"collapsed": []}, "details.addresses.list": {"collapsed": []}}}	2026-04-13 08:50:54.024+05:30	2026-04-10 09:45:03.774+05:30
144	collection-meetups-6	{"fields": {"_index-2": {"tabIndex": 2}}}	2026-04-21 15:07:33.656+05:30	2026-04-10 09:59:37.565+05:30
134	collection-teams-4	{"fields": {"_index-2": {"tabIndex": 2}}}	2026-04-21 15:13:35.823+05:30	2026-04-10 09:58:22.283+05:30
158	collection-celebrations-4	{"fields": {"_index-2": {"tabIndex": 1}}}	2026-04-21 15:18:56.771+05:30	2026-04-10 10:02:27.918+05:30
210	collection-incidents-4	{"fields": {"_index-2": {"tabIndex": 0}}}	2026-04-10 10:56:27.363+05:30	2026-04-10 10:17:49.934+05:30
156	collection-onboardings-4	{"fields": {"_index-2": {"tabIndex": 1}, "traits.modules.list": {"collapsed": []}, "traits.quizzes.list": {"collapsed": []}, "traits.checklist.list": {"collapsed": []}}}	2026-04-23 09:51:53.43+05:30	2026-04-10 10:01:58.934+05:30
216	collection-incidents-1	{"fields": {"_index-2": {"tabIndex": 1}}}	2026-04-10 10:56:48.517+05:30	2026-04-10 10:18:58.236+05:30
189	collection-garages-5	{"fields": {"_index-2": {"tabIndex": 1}, "details.amenities.list": {"collapsed": []}}}	2026-04-10 10:32:49.906+05:30	2026-04-10 10:13:05.393+05:30
246	collection-timelines-3	{"fields": {"_index-2": {"tabIndex": 3}}}	2026-04-10 17:02:45.862+05:30	2026-04-10 17:02:45.863+05:30
254	collection-races-6	{"fields": {"_index-2": {"tabIndex": 2}}}	2026-04-10 17:46:59.558+05:30	2026-04-10 17:46:59.558+05:30
194	collection-interviews-3	{"fields": {"_index-2": {"tabIndex": 1}, "details.tags.list": {"collapsed": ["69d7cbfdbc5c815571baa447", "69d7cc02bc5c815571baa448", "69d7cc0ebc5c815571baa449"]}}}	2026-04-14 01:40:15.509+05:30	2026-04-10 10:15:02.225+05:30
213	collection-hospitalities-3	{"fields": {"_index-2": {"tabIndex": 1}, "details.exclusions.list": {"collapsed": []}, "details.inclusions.list": {"collapsed": ["69d87ab44917f56e6c75e31d"]}, "details.requirements.list": {"collapsed": []}}}	2026-04-14 19:15:40.417+05:30	2026-04-10 10:18:09.833+05:30
152	collection-vacancies-2	{"fields": {"_index-2": {"tabIndex": 1}, "details.positions.list": {"collapsed": []}, "details.expectations.list": {"collapsed": []}, "details.specifications.list": {"collapsed": ["69d7fed87b3fb53a83a6afd1", "69d7fee27b3fb53a83a6afd2"]}}}	2026-04-23 09:53:08.943+05:30	2026-04-10 10:01:09.588+05:30
202	collection-slides-6	{"fields": {"_index-2": {"tabIndex": 0}, "traits.tags.list": {"collapsed": []}}}	2026-04-10 11:13:17.706+05:30	2026-04-10 10:16:27.146+05:30
272	collection-plans-3	{"fields": {"_index-2": {"tabIndex": 1}, "traits.deliverables.list": {"collapsed": ["69d8767155eef4b438b5aecf"]}}}	2026-04-21 16:39:54.318+05:30	2026-04-21 16:38:54.666+05:30
75	collection-drivers-1	{"fields": {"_index-4": {"tabIndex": 2}, "details.socials.list": {"collapsed": []}, "details.websites.list": {"collapsed": []}, "details.addresses.list": {"collapsed": []}}}	2026-04-25 18:03:17.986+05:30	2026-04-09 20:34:54.111+05:30
168	collection-onboardings-1	{"fields": {"_index-2": {"tabIndex": 2}, "traits.modules.list": {"collapsed": []}, "traits.quizzes.list": {"collapsed": []}, "traits.checklist.list": {"collapsed": []}}}	2026-04-10 11:03:16.555+05:30	2026-04-10 10:03:04.388+05:30
163	collection-onboardings-3	{"fields": {"_index-2": {"tabIndex": 1}, "traits.modules.list": {"collapsed": []}, "traits.quizzes.list": {"collapsed": []}, "traits.checklist.list": {"collapsed": []}}}	2026-04-13 08:25:34.547+05:30	2026-04-10 10:02:49.513+05:30
192	collection-events-3	{"fields": {"_index-2": {"tabIndex": 2}}}	2026-04-10 11:13:33.106+05:30	2026-04-10 10:14:44.086+05:30
203	collection-slides-5	{"fields": {"_index-2": {"tabIndex": 0}, "traits.tags.list": {"collapsed": ["69d7aa6e9ea0d1ffeba680d7"]}}}	2026-04-10 11:13:33.485+05:30	2026-04-10 10:16:48.392+05:30
173	collection-initiatives-5	{"fields": {"_index-2": {"tabIndex": 1}, "details.expectations.list": {"collapsed": ["69d875b54917f56e6c75e313"]}}}	2026-04-21 16:43:04.16+05:30	2026-04-10 10:09:33.588+05:30
191	collection-interviews-4	{"fields": {"_index-2": {"tabIndex": 0}, "details.tags.list": {"collapsed": ["69d7cd2bbc5c815571baa44a", "69d7cd33bc5c815571baa44b", "69d7cd3cbc5c815571baa44c"]}}}	2026-04-13 08:44:34.308+05:30	2026-04-10 10:14:30.86+05:30
209	collection-hospitalities-4	{"fields": {"_index-2": {"tabIndex": 2}, "details.exclusions.list": {"collapsed": []}, "details.inclusions.list": {"collapsed": []}, "details.requirements.list": {"collapsed": []}}}	2026-04-21 16:45:17.273+05:30	2026-04-10 10:17:48.448+05:30
204	collection-slides-4	{"fields": {"_index-2": {"tabIndex": 0}, "traits.tags.list": {"collapsed": []}}}	2026-04-10 11:13:46.479+05:30	2026-04-10 10:17:01.819+05:30
208	collection-slides-2	{"fields": {"_index-2": {"tabIndex": 1}}}	2026-04-10 10:17:45.308+05:30	2026-04-10 10:17:45.308+05:30
207	collection-hospitalities-5	{"fields": {"_index-2": {"tabIndex": 1}, "details.exclusions.list": {"collapsed": []}, "details.inclusions.list": {"collapsed": []}, "details.requirements.list": {"collapsed": []}}}	2026-04-10 11:06:22.375+05:30	2026-04-10 10:17:27.535+05:30
206	collection-slides-3	{"fields": {"_index-2": {"tabIndex": 2}, "traits.tags.list": {"collapsed": []}}}	2026-04-10 11:13:58.563+05:30	2026-04-10 10:17:24.971+05:30
241	locale	"en"	2026-04-10 11:09:45.04+05:30	2026-04-10 11:09:31.993+05:30
196	collection-sessions-13	{"fields": {"_index-2": {"tabIndex": 3}}}	2026-04-19 00:03:30.34+05:30	2026-04-10 10:15:32.431+05:30
148	collection-vacancies-1	{"fields": {"_index-2": {"tabIndex": 1}, "details.positions.list": {"collapsed": []}, "details.expectations.list": {"collapsed": []}, "details.specifications.list": {"collapsed": []}}}	2026-04-10 11:02:05.604+05:30	2026-04-10 10:00:33.507+05:30
212	collection-sessions-5	{"fields": {"_index-2": {"tabIndex": 2}}}	2026-04-10 10:18:13.047+05:30	2026-04-10 10:18:09.503+05:30
91	collection-programs-3	{"fields": {"_index-2": {"tabIndex": 0}, "traits.curriculum.list": {"collapsed": []}, "traits.eligibility.list": {"collapsed": ["69d8779f4917f56e6c75e316"]}}}	2026-04-21 14:57:18.745+05:30	2026-04-10 09:38:14.035+05:30
195	collection-interviews-2	{"fields": {"_index-2": {"tabIndex": 1}, "details.tags.list": {"collapsed": ["69d7cb35bc5c815571baa443", "69d7cb3dbc5c815571baa444", "69d7cb45bc5c815571baa445", "69d7cb51bc5c815571baa446"]}}}	2026-04-10 10:15:27.722+05:30	2026-04-10 10:15:22.179+05:30
199	collection-sessions-11	{"fields": {"_index-2": {"tabIndex": 2}}}	2026-04-10 10:16:03.585+05:30	2026-04-10 10:16:01.139+05:30
153	collection-vacancies-3	{"fields": {"_index-2": {"tabIndex": 1}, "details.positions.list": {"collapsed": []}, "details.expectations.list": {"collapsed": []}, "details.specifications.list": {"collapsed": []}}}	2026-04-21 15:09:39.488+05:30	2026-04-10 10:01:27.805+05:30
211	collection-incidents-3	{"fields": {"_index-2": {"tabIndex": 1}}}	2026-04-21 15:17:39.878+05:30	2026-04-10 10:17:58.766+05:30
263	global-header	{"fields": {"navItems": {"collapsed": []}}}	2026-04-21 17:08:27.339+05:30	2026-04-14 19:32:49.835+05:30
265	collection-circuits-1	{"fields": {"_index-2": {"tabIndex": 1}, "details.renovated.list": {"collapsed": []}}}	2026-04-15 04:50:25.023+05:30	2026-04-15 04:47:43.625+05:30
169	collection-hospitalities-1	{"fields": {"_index-2": {"tabIndex": 1}, "details.exclusions.list": {"collapsed": ["69d87ab177a3d48442ffee05"]}, "details.inclusions.list": {"collapsed": ["69d87aa077a3d48442ffee04"]}, "details.requirements.list": {"collapsed": []}}}	2026-04-10 10:18:47.219+05:30	2026-04-10 10:03:22.352+05:30
266	collection-events-8	{"fields": {"_index-2": {"tabIndex": 2}}}	2026-04-19 00:03:25.834+05:30	2026-04-19 00:03:25.835+05:30
237	collection-suits-4	{"fields": {"_index-2": {"tabIndex": 0}}}	2026-04-21 15:43:12.415+05:30	2026-04-10 11:00:00.206+05:30
154	collection-vacancies-5	{"fields": {"_index-2": {"tabIndex": 1}, "details.positions.list": {"collapsed": []}, "details.expectations.list": {"collapsed": []}, "details.specifications.list": {"collapsed": []}}}	2026-04-27 23:40:47.603+05:30	2026-04-10 10:01:35.4+05:30
229	collection-garages-1	{"fields": {"_index-2": {"tabIndex": 1}, "details.amenities.list": {"collapsed": []}}}	2026-04-10 10:30:17.565+05:30	2026-04-10 10:27:39.635+05:30
36	collection-media	{"sort": "-mimeType", "limit": 10, "columns": [{"active": true, "accessor": "filename"}, {"active": true, "accessor": "alt"}, {"active": true, "accessor": "caption"}, {"active": true, "accessor": "updatedAt"}, {"active": false, "accessor": "id"}, {"active": false, "accessor": "createdAt"}, {"active": false, "accessor": "url"}, {"active": false, "accessor": "thumbnailURL"}, {"active": true, "accessor": "mimeType"}, {"active": false, "accessor": "filesize"}, {"active": false, "accessor": "width"}, {"active": false, "accessor": "height"}]}	2026-04-10 10:41:43.87+05:30	2026-04-09 09:44:33.261+05:30
133	collection-races-4	{"fields": {"_index-2": {"tabIndex": 2}}}	2026-04-10 17:52:27.899+05:30	2026-04-10 09:58:14.175+05:30
234	collection-drivers-6	{"fields": {"_index-4": {"tabIndex": 2}, "details.socials.list": {"collapsed": ["69d8896540b9fa0a0f55b485"]}, "details.websites.list": {"collapsed": ["69d8890a40b9fa0a0f55b483"]}, "details.addresses.list": {"collapsed": ["69d8890740b9fa0a0f55b482", "69d8892740b9fa0a0f55b484"]}}}	2026-04-25 17:48:42.408+05:30	2026-04-10 10:57:24.635+05:30
70	collection-results-1	{"fields": {"_index-2": {"tabIndex": 1}}}	2026-04-10 10:58:11.644+05:30	2026-04-09 20:04:15.202+05:30
53	nav	{"open": true, "groups": {"Entities": {"open": true}, "Metadata": {"open": true}, "Operations": {"open": true}, "Collections": {"open": true}, "Competition": {"open": true}}}	2026-04-25 17:57:22.306+05:30	2026-04-09 09:47:04.366+05:30
67	collection-circuits-2	{"fields": {"_index-2": {"tabIndex": 1}, "details.renovated.list": {"collapsed": []}}}	2026-04-13 07:32:17.052+05:30	2026-04-09 19:09:54.111+05:30
166	collection-onboardings-2	{"fields": {"_index-2": {"tabIndex": 0}, "traits.modules.list": {"collapsed": ["69d8799e4917f56e6c75e31b"]}, "traits.quizzes.list": {"collapsed": ["69d879c24917f56e6c75e31c"]}, "traits.checklist.list": {"collapsed": ["69d879864917f56e6c75e31a"]}}}	2026-04-21 15:00:38.469+05:30	2026-04-10 10:02:58.161+05:30
259	collection-incidents-6	{"fields": {"_index-2": {"tabIndex": 1}}}	2026-04-13 07:44:56.232+05:30	2026-04-13 07:44:56.232+05:30
247	collection-timelines-2	{"fields": {"_index-2": {"tabIndex": 3}}}	2026-04-25 18:32:50.934+05:30	2026-04-10 17:03:37.115+05:30
261	collection-programs-1	{"fields": {"_index-2": {"tabIndex": 0}}}	2026-04-21 15:11:49.784+05:30	2026-04-13 08:34:45.273+05:30
49	collection-tags	{"sort": "-updatedAt", "limit": 10, "columns": [{"active": true, "accessor": "name"}, {"active": true, "accessor": "type"}, {"active": true, "accessor": "updatedAt"}, {"active": false, "accessor": "id"}, {"active": false, "accessor": "basics.description"}, {"active": false, "accessor": "basics.context"}, {"active": false, "accessor": "seo.overview"}, {"active": false, "accessor": "seo.title"}, {"active": false, "accessor": "seo.image"}, {"active": false, "accessor": "seo.description"}, {"active": false, "accessor": "seo.preview"}, {"active": false, "accessor": "slug"}, {"active": false, "accessor": "categories"}, {"active": false, "accessor": "tags"}, {"active": false, "accessor": "createdAt"}]}	2026-04-10 11:12:12.855+05:30	2026-04-09 09:46:29.085+05:30
233	collection-drivers-5	{"fields": {"_index-4": {"tabIndex": 1}, "assets.gallery.list": {"collapsed": ["69ecb3cfd7a7722283844a07"]}, "details.socials.list": {"collapsed": []}, "details.websites.list": {"collapsed": ["69d8879a40b9fa0a0f55b47e"]}, "details.addresses.list": {"collapsed": ["69d8873d40b9fa0a0f55b47b", "69d8876640b9fa0a0f55b47c"]}}}	2026-05-03 05:29:15.611+05:30	2026-04-10 10:54:41.822+05:30
44	collection-countries	{"sort": "-updatedAt", "limit": 100, "columns": [{"active": true, "accessor": "name"}, {"active": true, "accessor": "code"}, {"active": true, "accessor": "updatedAt"}, {"active": false, "accessor": "id"}, {"active": false, "accessor": "basics.flag"}, {"active": false, "accessor": "basics.description"}, {"active": false, "accessor": "seo.overview"}, {"active": false, "accessor": "seo.title"}, {"active": false, "accessor": "seo.image"}, {"active": false, "accessor": "seo.description"}, {"active": false, "accessor": "seo.preview"}, {"active": false, "accessor": "slug"}, {"active": false, "accessor": "categories"}, {"active": false, "accessor": "tags"}, {"active": false, "accessor": "createdAt"}]}	2026-04-10 11:20:43.038+05:30	2026-04-09 09:45:46.869+05:30
215	collection-sessions-3	{"fields": {"_index-2": {"tabIndex": 2}}}	2026-04-10 10:19:00.346+05:30	2026-04-10 10:18:57.34+05:30
10	collection-entries	{"limit": 10}	2026-04-19 00:09:08.971+05:30	2026-04-09 09:42:48.714+05:30
238	collection-suits-2	{"fields": {"_index-2": {"tabIndex": 1}}}	2026-04-10 11:00:17.646+05:30	2026-04-10 11:00:17.648+05:30
232	collection-races-5	{"fields": {"_index-2": {"tabIndex": 2}}}	2026-04-10 17:49:49.943+05:30	2026-04-10 10:33:25.324+05:30
226	collection-points-10	{"fields": {"_index-2": {"tabIndex": 1}}}	2026-04-10 11:26:03.112+05:30	2026-04-10 10:21:25.02+05:30
255	collection-meetups-7	{"fields": {"_index-2": {"tabIndex": 2}}}	2026-04-10 18:24:39.518+05:30	2026-04-10 18:24:39.519+05:30
223	collection-results-5	{"fields": {"_index-2": {"tabIndex": 1}}}	2026-04-13 07:31:50.13+05:30	2026-04-10 10:20:38.962+05:30
269	collection-interviews-6	{"fields": {"_index-2": {"tabIndex": 1}}}	2026-04-21 15:18:24.058+05:30	2026-04-21 15:18:24.059+05:30
94	collection-leaders-1	{"fields": {"_index-4": {"tabIndex": 1}, "details.websites.list": {"collapsed": ["69d7c27bbc5c815571baa434"]}, "details.principles.list": {"collapsed": ["69d7c240bc5c815571baa432", "69d7c25cbc5c815571baa433"]}}}	2026-04-27 22:52:42.019+05:30	2026-04-10 09:38:43.462+05:30
121	collection-circuits-5	{"fields": {"_index-2": {"tabIndex": 3}, "details.renovated.list": {"collapsed": ["69d7aba052a7810020809bfe", "69d7abb852a7810020809bff", "69d7abdd52a7810020809c00"]}}}	2026-04-21 16:33:51.688+05:30	2026-04-10 09:52:17.923+05:30
262	collection-celebrations-8	{"fields": {"_index-2": {"tabIndex": 1}}}	2026-04-14 01:35:19.83+05:30	2026-04-14 01:35:19.219+05:30
248	collection-timelines-1	{"fields": {"_index-2": {"tabIndex": 1}, "traits.events.list": {"collapsed": ["69d8767c77a3d48442ffedf9"]}, "traits.milestones.list": {"collapsed": ["69d8766077a3d48442ffedf8"]}}}	2026-04-21 16:38:18.719+05:30	2026-04-10 17:04:20.765+05:30
260	collection-helmets-2	{"fields": {"_index-2": {"tabIndex": 0}, "details.manufacturers.list": {"collapsed": []}, "details.classifications.list": {"collapsed": []}}}	2026-04-23 09:56:35.817+05:30	2026-04-13 07:49:16.013+05:30
267	collection-drivers-9	{"fields": {"_index-4": {"tabIndex": 2}}}	2026-04-25 21:07:47.497+05:30	2026-04-21 14:41:51.197+05:30
214	collection-hospitalities-2	{"fields": {"_index-2": {"tabIndex": 2}, "details.exclusions.list": {"collapsed": []}, "details.inclusions.list": {"collapsed": []}, "details.requirements.list": {"collapsed": []}}}	2026-04-25 21:10:29.128+05:30	2026-04-10 10:18:26.326+05:30
217	collection-sessions-2	{"fields": {"_index-2": {"tabIndex": 2}}}	2026-04-10 10:19:13.386+05:30	2026-04-10 10:19:11.037+05:30
147	collection-trainings-3	{"fields": {"_index-2": {"tabIndex": 1}, "details.expectations.list": {"collapsed": []}, "details.specifications.list": {"collapsed": []}}}	2026-04-21 14:41:39.468+05:30	2026-04-10 10:00:24.432+05:30
218	collection-sessions-1	{"fields": {"_index-2": {"tabIndex": 2}}}	2026-04-10 10:19:30.415+05:30	2026-04-10 10:19:27.333+05:30
249	collection-teams-7	{"fields": {"_index-2": {"tabIndex": 2}}}	2026-04-10 17:06:41.396+05:30	2026-04-10 17:06:41.397+05:30
256	collection-interviews-7	{"fields": {"_index-2": {"tabIndex": 2}}}	2026-04-10 18:26:19.486+05:30	2026-04-10 18:26:19.486+05:30
230	collection-garages-2	{"fields": {"_index-2": {"tabIndex": 1}}}	2026-04-10 10:29:21.21+05:30	2026-04-10 10:29:21.211+05:30
220	collection-entries-5	{"fields": {"_index-2": {"tabIndex": 0}}}	2026-04-10 11:13:07.324+05:30	2026-04-10 10:19:50.259+05:30
172	collection-cars-1	{"fields": {"_index-2": {"tabIndex": 1}, "details.specifications.list": {"collapsed": []}, "details.classifications.list": {"collapsed": []}}}	2026-04-10 10:58:16.384+05:30	2026-04-10 10:08:13.971+05:30
273	collection-programs-4	{"fields": {"_index-2": {"tabIndex": 1}}}	2026-04-23 09:50:24.601+05:30	2026-04-23 09:50:21.352+05:30
227	collection-points-7	{"fields": {"_index-2": {"tabIndex": 0}}}	2026-04-13 07:32:06.187+05:30	2026-04-10 10:23:08.797+05:30
268	collection-celebrations-7	{"fields": {"_index-2": {"tabIndex": 1}}}	2026-04-21 14:50:06.29+05:30	2026-04-21 14:50:06.291+05:30
190	collection-vacancies-4	{"fields": {"_index-2": {"tabIndex": 0}, "details.positions.list": {"collapsed": ["69d87a3155eef4b438b5aed8"]}, "details.expectations.list": {"collapsed": ["69d87a1155eef4b438b5aed7"]}, "details.specifications.list": {"collapsed": ["69d879f855eef4b438b5aed6"]}}}	2026-04-10 11:00:56.744+05:30	2026-04-10 10:13:38.662+05:30
231	collection-garages-3	{"fields": {"_index-2": {"tabIndex": 1}, "details.amenities.list": {"collapsed": ["69d7b0859d013f04e57f673e"]}}}	2026-04-21 15:36:59.493+05:30	2026-04-10 10:30:32.129+05:30
221	collection-entries-3	{"fields": {"_index-2": {"tabIndex": 0}}}	2026-04-21 16:17:15.256+05:30	2026-04-10 10:20:14.358+05:30
219	collection-entries-6	{"fields": {"_index-2": {"tabIndex": 2}}}	2026-04-25 21:03:46.675+05:30	2026-04-10 10:19:38.698+05:30
275	collection-drivers-11	{"fields": {"_index-4": {"tabIndex": 2}}}	2026-04-25 21:08:35.93+05:30	2026-04-25 21:08:35.931+05:30
276	collection-cars-7	{"fields": {"_index-2": {"tabIndex": 2}}}	2026-04-25 21:11:45.058+05:30	2026-04-25 21:11:45.059+05:30
264	global-footer	{"fields": {"columns": {"collapsed": ["69e76455a1cd019ada83511d", "69d738d6bcec256e15dc9108", "69d738d6bcec256e15dc910e", "69d738d6bcec256e15dc911a", "69d738d6bcec256e15dc9114"]}, "columns.0.links": {"collapsed": ["69d738d6bcec256e15dc9103", "69e764afa1cd019ada83511f", "69e764d1a1cd019ada835120"]}, "columns.1.links": {"collapsed": ["69e76502a1cd019ada835121", "69d738d6bcec256e15dc9104", "69e762f7a1cd019ada83511b", "69e76515a1cd019ada835122", "69e76302a1cd019ada83511c", "69e76538a1cd019ada835123"]}, "columns.2.links": {"collapsed": ["69d738d6bcec256e15dc9109", "69d738d6bcec256e15dc910a", "69d738d6bcec256e15dc910b"]}, "columns.3.links": {"collapsed": ["69d738d6bcec256e15dc9116", "69d738d6bcec256e15dc9115", "69d738d6bcec256e15dc9117", "69d738d6bcec256e15dc9118"]}, "columns.4.links": {"collapsed": ["69de4d1ddd28254f8f4ff880", "69d738d6bcec256e15dc910f", "69d738d6bcec256e15dc9110", "69d738d6bcec256e15dc9111", "69d738d6bcec256e15dc9112"]}, "columns.5.links": {"collapsed": ["69d738d6bcec256e15dc911b", "69d738d6bcec256e15dc911c", "69d738d6bcec256e15dc911d", "69e76648a1cd019ada835124", "69e76661a1cd019ada835125", "69d738d6bcec256e15dc911e"]}}}	2026-04-26 14:59:52.454+05:30	2026-04-14 19:48:51.126+05:30
\.


--
-- Data for Name: payload_preferences_rels; Type: TABLE DATA; Schema: public; Owner: afmuser
--

COPY public.payload_preferences_rels (id, "order", parent_id, path, users_id, payload_mcp_api_keys_id) FROM stdin;
1	\N	1	user	1	\N
2	\N	2	user	1	\N
3	\N	3	user	1	\N
8	\N	8	user	1	\N
1714	\N	153	user	1	\N
1717	\N	261	user	1	\N
1475	\N	184	user	1	\N
777	\N	72	user	1	\N
1592	\N	213	user	1	\N
190	\N	37	user	1	\N
1817	\N	271	user	1	\N
1722	\N	211	user	1	\N
1494	\N	251	user	1	\N
22	\N	22	user	1	\N
1497	\N	254	user	1	\N
1376	\N	192	user	1	\N
783	\N	201	user	1	\N
1287	\N	240	user	1	\N
1377	\N	203	user	1	\N
1500	\N	131	user	1	\N
31	\N	31	user	1	\N
1514	\N	257	user	1	\N
33	\N	33	user	1	\N
1289	\N	207	user	1	\N
1520	\N	112	user	1	\N
1524	\N	67	user	1	\N
1381	\N	86	user	1	\N
42	\N	42	user	1	\N
1382	\N	204	user	1	\N
45	\N	45	user	1	\N
46	\N	46	user	1	\N
47	\N	47	user	1	\N
1735	\N	167	user	1	\N
309	\N	26	user	1	\N
1036	\N	89	user	1	\N
123	\N	54	user	1	\N
195	\N	64	user	1	\N
1534	\N	157	user	1	\N
312	\N	107	user	1	\N
313	\N	108	user	1	\N
315	\N	110	user	1	\N
1387	\N	206	user	1	\N
204	\N	40	user	1	\N
2148	\N	142	user	1	\N
2151	\N	98	user	1	\N
2154	\N	94	user	1	\N
138	\N	57	user	1	\N
139	\N	58	user	1	\N
2160	\N	154	user	1	\N
143	\N	61	user	1	\N
144	\N	59	user	1	\N
747	\N	195	user	1	\N
146	\N	60	user	1	\N
2165	\N	161	user	1	\N
2170	\N	170	user	1	\N
149	\N	16	user	1	\N
150	\N	17	user	1	\N
151	\N	15	user	1	\N
1319	\N	241	user	1	\N
1084	\N	225	user	1	\N
1570	\N	80	user	1	\N
220	\N	4	user	1	\N
1645	\N	265	user	1	\N
223	\N	19	user	1	\N
1648	\N	122	user	1	\N
1649	\N	123	user	1	\N
227	\N	51	user	1	\N
839	\N	208	user	1	\N
1588	\N	194	user	1	\N
1415	\N	85	user	1	\N
767	\N	199	user	1	\N
1089	\N	70	user	1	\N
1657	\N	10	user	1	\N
989	\N	35	user	1	\N
1098	\N	165	user	1	\N
1354	\N	49	user	1	\N
238	\N	38	user	1	\N
1420	\N	141	user	1	\N
862	\N	90	user	1	\N
1660	\N	117	user	1	\N
243	\N	79	user	1	\N
866	\N	9	user	1	\N
1667	\N	147	user	1	\N
248	\N	23	user	1	\N
185	\N	62	user	1	\N
1779	\N	270	user	1	\N
250	\N	50	user	1	\N
251	\N	24	user	1	\N
1121	\N	74	user	1	\N
1004	\N	95	user	1	\N
341	\N	27	user	1	\N
254	\N	82	user	1	\N
1008	\N	135	user	1	\N
872	\N	169	user	1	\N
1368	\N	202	user	1	\N
1679	\N	104	user	1	\N
880	\N	218	user	1	\N
1436	\N	118	user	1	\N
1439	\N	119	user	1	\N
1017	\N	139	user	1	\N
1149	\N	228	user	1	\N
1700	\N	166	user	1	\N
1809	\N	111	user	1	\N
1459	\N	244	user	1	\N
1465	\N	11	user	1	\N
359	\N	28	user	1	\N
286	\N	29	user	1	\N
2021	\N	156	user	1	\N
2029	\N	260	user	1	\N
2045	\N	234	user	1	\N
2054	\N	75	user	1	\N
2057	\N	21	user	1	\N
2060	\N	219	user	1	\N
2064	\N	275	user	1	\N
2067	\N	145	user	1	\N
2072	\N	277	user	1	\N
380	\N	12	user	1	\N
1151	\N	73	user	1	\N
1591	\N	140	user	1	\N
1152	\N	239	user	1	\N
1473	\N	149	user	1	\N
1044	\N	88	user	1	\N
668	\N	159	user	1	\N
1045	\N	200	user	1	\N
1476	\N	146	user	1	\N
1711	\N	144	user	1	\N
1047	\N	175	user	1	\N
1824	\N	121	user	1	\N
587	\N	182	user	1	\N
1723	\N	269	user	1	\N
594	\N	183	user	1	\N
678	\N	162	user	1	\N
921	\N	18	user	1	\N
600	\N	76	user	1	\N
1049	\N	210	user	1	\N
603	\N	65	user	1	\N
1829	\N	248	user	1	\N
1484	\N	130	user	1	\N
1487	\N	136	user	1	\N
1836	\N	272	user	1	\N
1745	\N	231	user	1	\N
951	\N	229	user	1	\N
1056	\N	216	user	1	\N
1057	\N	115	user	1	\N
1167	\N	190	user	1	\N
1498	\N	232	user	1	\N
1062	\N	193	user	1	\N
1501	\N	129	user	1	\N
1504	\N	255	user	1	\N
642	\N	187	user	1	\N
1754	\N	237	user	1	\N
1064	\N	174	user	1	\N
1066	\N	180	user	1	\N
1296	\N	66	user	1	\N
1852	\N	209	user	1	\N
1299	\N	63	user	1	\N
1417	\N	84	user	1	\N
2149	\N	93	user	1	\N
878	\N	217	user	1	\N
1521	\N	223	user	1	\N
891	\N	92	user	1	\N
1312	\N	39	user	1	\N
1432	\N	226	user	1	\N
1770	\N	252	user	1	\N
1437	\N	13	user	1	\N
1081	\N	224	user	1	\N
971	\N	189	user	1	\N
2163	\N	274	user	1	\N
1441	\N	242	user	1	\N
1774	\N	221	user	1	\N
1090	\N	172	user	1	\N
987	\N	36	user	1	\N
991	\N	43	user	1	\N
2171	\N	279	user	1	\N
1786	\N	68	user	1	\N
999	\N	55	user	1	\N
1009	\N	137	user	1	\N
1010	\N	83	user	1	\N
1013	\N	69	user	1	\N
1460	\N	5	user	1	\N
1463	\N	32	user	1	\N
1095	\N	176	user	1	\N
1546	\N	236	user	1	\N
1550	\N	178	user	1	\N
1646	\N	120	user	1	\N
1651	\N	114	user	1	\N
1220	\N	148	user	1	\N
1654	\N	186	user	1	\N
1656	\N	196	user	1	\N
1116	\N	235	user	1	\N
1658	\N	222	user	1	\N
1118	\N	116	user	1	\N
2024	\N	152	user	1	\N
1254	\N	125	user	1	\N
1811	\N	87	user	1	\N
1680	\N	268	user	1	\N
1571	\N	103	user	1	\N
1585	\N	262	user	1	\N
1589	\N	197	user	1	\N
2050	\N	53	user	1	\N
2058	\N	78	user	1	\N
2061	\N	100	user	1	\N
2065	\N	102	user	1	\N
2070	\N	214	user	1	\N
463	\N	96	user	1	\N
1477	\N	246	user	1	\N
1480	\N	249	user	1	\N
468	\N	106	user	1	\N
1485	\N	132	user	1	\N
1390	\N	99	user	1	\N
471	\N	105	user	1	\N
1720	\N	134	user	1	\N
562	\N	177	user	1	\N
1724	\N	158	user	1	\N
1488	\N	138	user	1	\N
1035	\N	164	user	1	\N
1413	\N	44	user	1	\N
1493	\N	250	user	1	\N
1423	\N	77	user	1	\N
577	\N	181	user	1	\N
1496	\N	253	user	1	\N
1040	\N	81	user	1	\N
1847	\N	173	user	1	\N
1499	\N	133	user	1	\N
1502	\N	127	user	1	\N
1505	\N	256	user	1	\N
1853	\N	263	user	1	\N
944	\N	230	user	1	\N
2144	\N	264	user	1	\N
1762	\N	126	user	1	\N
604	\N	25	user	1	\N
1652	\N	6	user	1	\N
837	\N	205	user	1	\N
1655	\N	266	user	1	\N
1239	\N	168	user	1	\N
1461	\N	30	user	1	\N
1348	\N	41	user	1	\N
512	\N	20	user	1	\N
2159	\N	278	user	1	\N
847	\N	71	user	1	\N
628	\N	179	user	1	\N
1522	\N	227	user	1	\N
518	\N	97	user	1	\N
1470	\N	151	user	1	\N
1525	\N	124	user	1	\N
522	\N	48	user	1	\N
1529	\N	258	user	1	\N
527	\N	171	user	1	\N
1778	\N	150	user	1	\N
852	\N	212	user	1	\N
530	\N	109	user	1	\N
1533	\N	245	user	1	\N
1536	\N	259	user	1	\N
1539	\N	185	user	1	\N
1131	\N	160	user	1	\N
2018	\N	14	user	1	\N
1361	\N	220	user	1	\N
761	\N	198	user	1	\N
875	\N	215	user	1	\N
1365	\N	113	user	1	\N
1551	\N	163	user	1	\N
2020	\N	273	user	1	\N
988	\N	34	user	1	\N
2189	\N	233	user	1	\N
997	\N	52	user	1	\N
1142	\N	128	user	1	\N
1569	\N	191	user	1	\N
1690	\N	91	user	1	\N
1148	\N	238	user	1	\N
1573	\N	101	user	1	\N
1795	\N	188	user	1	\N
2056	\N	7	user	1	\N
2059	\N	247	user	1	\N
2062	\N	243	user	1	\N
2063	\N	267	user	1	\N
2066	\N	143	user	1	\N
2069	\N	155	user	1	\N
2071	\N	276	user	1	\N
\.


--
-- Data for Name: plans; Type: TABLE DATA; Schema: public; Owner: afmuser
--

COPY public.plans (id, name, alias, basics_identifiers_code, basics_tagline, basics_description, details_vision, details_mission, details_scope, details_status, details_priority, details_start_date, details_end_date, details_budget, details_currency, details_assigned_to_id, details_notes, assets_thumbnail_id, assets_cover_id, generate_slug, slug, updated_at, created_at) FROM stdin;
4	AF Motorsport Facility Development Plan 2026	afm-facility-development-2026	PLAN-2026-005	Infrastructure Enhancement for Sustained Growth	Strategic plan for development of AF Motorsport's physical infrastructure including Estoril workshop enhancement, Portimão satellite facility optimization, and equipment acquisition program. The plan supports expanded operational capability and professional presentation standards.	To develop AF Motorsport's physical infrastructure to a standard befitting a championship-contending professional motorsport organization, supporting current operational requirements while enabling future growth.	Execute prioritized facility and equipment improvements that enhance operational efficiency, professional presentation, and technical capability within established budget parameters.	departmental	in_progress	medium	2026-01-01 17:00:00+05:30	2026-12-31 17:00:00+05:30	35000	EUR	2	Facility development plan coordinated with Estoril circuit management regarding workshop expansion possibilities.	\N	\N	f	af-motorsport-facility-development-plan-2026	2026-04-10 10:45:31.706+05:30	2026-04-10 09:35:49.482+05:30
3	AF Motorsport Commercial Partnership Plan 2026	afm-commercial-partnership-2026	PLAN-2026-004	Sustainable Commercial Growth Strategy	Comprehensive commercial strategy addressing partnership development, sponsor activation, hospitality programming, and brand development for the 2026 season. The plan establishes framework for delivering exceptional partner value while building sustainable commercial foundation.	To establish AF Motorsport as the premier commercial platform in Iberian motorsport, delivering measurable value to partners while building sustainable organizational growth.	Develop and execute professional commercial strategy that attracts quality partners, delivers exceptional activation experiences, and demonstrates clear return on investment through comprehensive reporting and relationship management.	organizational	approved	high	2025-11-01 17:00:00+05:30	2026-12-31 17:00:00+05:30	28000	EUR	2	Commercial plan approved by leadership November 2025. Monthly review of partnership delivery and new business development activities.	\N	\N	f	af-motorsport-commercial-partnership-plan-2026	2026-04-10 10:45:58.311+05:30	2026-04-10 09:33:52.509+05:30
2	AF Motorsport Technical Development Plan 2026	afm-technical-development-2026	PLAN-2026-002	Engineering Excellence and Performance Optimization	Structured technical development program addressing vehicle performance, setup methodology, data analysis capability, and engineering process improvement for the 2026 season. The plan establishes systematic approach to extracting maximum performance from the Porsche 992 GT3 Cup platform.	To develop AF Motorsport's technical capability to championship-winning standard through systematic improvement, knowledge capture, and engineering methodology refinement.	Implement structured development processes that translate data analysis into setup improvements, optimize vehicle performance for each circuit characteristic, and build comprehensive technical knowledge base for sustained competitive advantage.	departmental	in_progress	high	2026-01-01 17:00:00+05:30	2026-12-31 17:00:00+05:30	45000	EUR	2	Technical development plan aligned with championship campaign objectives. Regular progress reviews integrated with race event schedule.	\N	\N	f	afm-technical-development-2026	2026-04-10 10:46:24.332+05:30	2026-04-10 00:26:40.088+05:30
1	AF Motorsport 2026 Championship Campaign Plan	afm-2026-championship-plan	PLAN-2026-001	Strategic Roadmap for Porsche Sprint Challenge Ibérica Title Challenge	Comprehensive operational and competitive plan for AF Motorsport's 2026 Porsche Sprint Challenge Ibérica championship campaign. The plan encompasses all aspects of the season from pre-season preparation through championship conclusion, establishing objectives, resource allocation, and performance targets.	To establish AF Motorsport as a consistent championship contender in the Porsche Sprint Challenge Ibérica series, competing for race victories at every event and finishing within the top three of the overall championship standings.	Execute a professional, data-driven championship campaign that maximizes competitive performance while maintaining exemplary operational standards and partner value delivery across all six rounds of the 2026 season.	championship	approved	critical	2026-01-05 17:00:00+05:30	2026-10-31 17:00:00+05:30	185000	EUR	1	Plan approved by team leadership January 2026. Quarterly review milestones established for progress assessment and adjustment.	\N	\N	f	af-motorsport-2026-championship-campaign-plan	2026-04-10 10:46:50.217+05:30	2026-04-10 00:08:47.985+05:30
\.


--
-- Data for Name: plans_locales; Type: TABLE DATA; Schema: public; Owner: afmuser
--

COPY public.plans_locales (seo_title, seo_image_id, seo_description, id, _locale, _parent_id) FROM stdin;
\.


--
-- Data for Name: plans_rels; Type: TABLE DATA; Schema: public; Owner: afmuser
--

COPY public.plans_rels (id, "order", parent_id, path, plans_id, media_id, categories_id, tags_id) FROM stdin;
4	1	4	details.dependencies	1	\N	\N	\N
5	1	4	categories	\N	\N	3	\N
6	2	4	categories	\N	\N	6	\N
7	3	4	categories	\N	\N	8	\N
8	4	4	categories	\N	\N	5	\N
9	1	4	tags	\N	\N	\N	3
10	2	4	tags	\N	\N	\N	5
11	3	4	tags	\N	\N	\N	7
12	4	4	tags	\N	\N	\N	9
13	5	4	tags	\N	\N	\N	10
14	6	4	tags	\N	\N	\N	8
15	7	4	tags	\N	\N	\N	12
16	8	4	tags	\N	\N	\N	13
17	9	4	tags	\N	\N	\N	16
18	1	3	details.dependencies	2	\N	\N	\N
19	1	3	categories	\N	\N	3	\N
20	2	3	categories	\N	\N	6	\N
21	3	3	categories	\N	\N	8	\N
22	4	3	categories	\N	\N	10	\N
23	1	3	tags	\N	\N	\N	2
24	2	3	tags	\N	\N	\N	6
25	3	3	tags	\N	\N	\N	8
26	4	3	tags	\N	\N	\N	10
27	5	3	tags	\N	\N	\N	7
28	6	3	tags	\N	\N	\N	15
29	7	3	tags	\N	\N	\N	12
30	8	3	tags	\N	\N	\N	5
31	9	3	tags	\N	\N	\N	13
32	10	3	tags	\N	\N	\N	16
33	1	2	details.dependencies	1	\N	\N	\N
34	1	2	categories	\N	\N	5	\N
35	2	2	categories	\N	\N	9	\N
36	3	2	categories	\N	\N	10	\N
37	4	2	categories	\N	\N	11	\N
38	5	2	categories	\N	\N	13	\N
39	1	2	tags	\N	\N	\N	3
40	2	2	tags	\N	\N	\N	5
41	3	2	tags	\N	\N	\N	8
42	4	2	tags	\N	\N	\N	9
43	5	2	tags	\N	\N	\N	11
44	6	2	tags	\N	\N	\N	10
45	7	2	tags	\N	\N	\N	7
46	8	2	tags	\N	\N	\N	6
47	9	2	tags	\N	\N	\N	12
48	1	1	categories	\N	\N	6	\N
49	2	1	categories	\N	\N	8	\N
50	3	1	categories	\N	\N	9	\N
51	4	1	categories	\N	\N	10	\N
52	5	1	categories	\N	\N	11	\N
53	1	1	tags	\N	\N	\N	2
54	2	1	tags	\N	\N	\N	7
55	3	1	tags	\N	\N	\N	6
56	4	1	tags	\N	\N	\N	10
57	5	1	tags	\N	\N	\N	8
58	6	1	tags	\N	\N	\N	5
59	7	1	tags	\N	\N	\N	11
60	8	1	tags	\N	\N	\N	13
61	9	1	tags	\N	\N	\N	9
62	10	1	tags	\N	\N	\N	12
\.


--
-- Data for Name: plans_traits_deliverables_list; Type: TABLE DATA; Schema: public; Owner: afmuser
--

COPY public.plans_traits_deliverables_list (_order, _parent_id, id, name, type, description) FROM stdin;
1	4	69d8766140b9fa0a0f55b45a	Facility Documentation	document	Updated documentation of workshop layout, equipment inventory, and operational procedures.
2	4	69d8767b40b9fa0a0f55b45b	Equipment Acquisition Log	document	Comprehensive record of equipment acquisitions with specifications, costs, and maintenance schedules.
1	3	69d8767155eef4b438b5aecf	Partnership Packages	document	Comprehensive partnership documentation outlining rights, benefits, and activation opportunities at all levels.
1	2	69d7f5b47b3fb53a83a6afad	Setup Reference Documentation	document	Comprehensive setup guide documenting baseline configurations and adjustment procedures for all championship circuits.
2	2	69d7f5bf7b3fb53a83a6afae	Data Analysis Protocols	document	Standardized data analysis procedures ensuring consistent performance evaluation and opportunity identification.
3	2	69d7f5d07b3fb53a83a6afaf	Technical Partnership Reports	document	Quarterly technical reports for key partners including KW and P21 documenting development activities and outcomes.
1	1	69d7f1757b3fb53a83a6af9e	Race Event Reports	document	Comprehensive post-event reports for each championship round including performance analysis, technical summary, and commercial partner updates.
2	1	69d7f1937b3fb53a83a6af9f	Partner Activation Documentation	media	Professional photography and video content capturing partner branding and activation throughout the season for partner reporting and future commercial use.
3	1	69d7f1a77b3fb53a83a6afa0	Season Performance Analysis	document	End-of-season comprehensive analysis document covering all technical, sporting, and commercial aspects of the campaign.
\.


--
-- Data for Name: plans_traits_kpis_list; Type: TABLE DATA; Schema: public; Owner: afmuser
--

COPY public.plans_traits_kpis_list (_order, _parent_id, id, name, target, unit) FROM stdin;
1	4	69d876d740b9fa0a0f55b45f	Equipment Reliability	Zero session impact from equipment failure	incidents
2	4	69d876e940b9fa0a0f55b460	Budget Adherence	Within 5% of planned expenditure	percentage variance
1	3	69d876a755eef4b438b5aed1	Partner Retention Rate	90	percentage
1	2	69d7f6067b3fb53a83a6afb2	Setup Optimization Time	Reduction of 25%	improvement
2	2	69d7f6117b3fb53a83a6afb3	Qualifying Performance	Average within 0.3s of pole	seconds
3	2	69d7f61b7b3fb53a83a6afb4	Technical DNF Rate	0	failures
1	1	69d7f1ec7b3fb53a83a6afa4	Championship Position	Top 3 Overall	position
2	1	69d7f1f77b3fb53a83a6afa5	Race Victories	6	podiums
3	1	69d7f20f7b3fb53a83a6afa6	Finish Rate	95	percentage
4	1	69d7f21f7b3fb53a83a6afa7	Partner Satisfaction Score	4.5	rating out of 5
\.


--
-- Data for Name: plans_traits_milestones_list; Type: TABLE DATA; Schema: public; Owner: afmuser
--

COPY public.plans_traits_milestones_list (_order, _parent_id, id, name, due_date, description) FROM stdin;
1	4	69d8760c40b9fa0a0f55b457	Workshop Layout Optimization Complete	2026-02-15 17:00:00+05:30	Reconfiguration of Estoril workshop layout improving workflow efficiency and creating dedicated engineering workspace.
2	4	69d8762840b9fa0a0f55b458	Simulator Hardware Upgrade	2026-03-01 17:00:00+05:30	Installation of upgraded simulator motion hardware and visual system enhancing driver development capability.
3	4	69d8763f40b9fa0a0f55b459	Portimão Facility Equipment Upgrade	2026-05-15 17:00:00+05:30	Enhancement of Portimão satellite facility with additional equipment reducing transport requirements between venues.
1	3	69d8765355eef4b438b5aece	2026 Partnership Portfolio Confirmed	2026-02-15 17:00:00+05:30	Final confirmation of all partnership agreements for 2026 season with contracts executed and activation planning underway.
1	2	69d7f5767b3fb53a83a6afa9	Setup Database Framework Complete	2026-02-15 17:00:00+05:30	Establishment of structured setup database capturing all configuration parameters with circuit-specific optimization references.
2	2	69d7f5817b3fb53a83a6afaa	Damper Characterization Complete	2026-02-28 17:00:00+05:30	Completion of KW damper dyno characterization establishing baseline performance curves and adjustment sensitivity mapping.
3	2	69d7f5907b3fb53a83a6afab	Circuit-Specific Setup Optimization	2026-03-15 17:00:00+05:30	Development of optimized baseline setups for each championship circuit based on historical data and simulation analysis.
4	2	69d7f5a27b3fb53a83a6afac	Mid-Season Development Review	2026-07-20 17:00:00+05:30	Comprehensive review of technical performance and development progress with identified improvements for second half of season.
1	1	69d7f1207b3fb53a83a6af98	Pre-Season Testing Complete	2026-02-28 17:00:00+05:30	Completion of all scheduled pre-season testing including Estoril winter program and Portimão validation sessions. Full systems verification and baseline setup establishment.
2	1	69d7f1317b3fb53a83a6af99	Season Opener Estoril	2026-03-29 17:00:00+05:30	Successful completion of Estoril season opener with both cars classified and points scored. Target of minimum one podium finish across the weekend.
3	1	69d7f1487b3fb53a83a6af9a	Mid-Season Review	2026-07-15 17:00:00+05:30	Comprehensive mid-season performance review following Jerez round. Assessment of championship position, setup development progress, and resource allocation for remainder of season.
4	1	69d7f1527b3fb53a83a6af9b	Championship Finale	2026-10-25 17:00:00+05:30	Completion of Portimão season finale with championship objectives achieved. Final classification target of top three overall.
\.


--
-- Data for Name: plans_traits_risks_list; Type: TABLE DATA; Schema: public; Owner: afmuser
--

COPY public.plans_traits_risks_list (_order, _parent_id, id, name, likelihood, impact, mitigation) FROM stdin;
1	4	69d8769040b9fa0a0f55b45c	Budget Overrun	medium	medium	Phased implementation approach with priority-based spending. Multiple supplier quotes obtained for major acquisitions.
2	4	69d8769940b9fa0a0f55b45d	Operational Disruption	low	low	Improvements scheduled outside peak competition periods. Temporary arrangements planned for any workspace unavailability.
1	3	69d8768355eef4b438b5aed0	Partner Non-Renewal	medium	high	Proactive relationship management throughout season. Regular communication of value delivered. Early renewal discussions.
1	2	69d7f5de7b3fb53a83a6afb0	Correlation Issues	medium	medium	Regular validation of simulation and data analysis tools against track performance. Multiple data sources cross-referenced.
2	2	69d7f5ee7b3fb53a83a6afb1	Resource Constraints	medium	medium	Prioritized development activities focused on highest-impact areas. External specialist support engaged for specific projects.
1	1	69d7f1b87b3fb53a83a6afa1	Budget Overrun	medium	high	Monthly budget tracking with variance reporting. Contingency reserve of fifteen percent maintained for unforeseen costs.
2	1	69d7f1c87b3fb53a83a6afa2	Technical Reliability Issues	low	high	Adherence to Porsche Motorsport maintenance schedules. Comprehensive spares inventory maintained. Pre-event system verification protocols.
3	1	69d7f1dc7b3fb53a83a6afa3	Driver Injury or Unavailability	low	critical	Maintain relationships with qualified replacement drivers. Physical preparation program for primary driver. Insurance coverage for key personnel.
\.


--
-- Data for Name: points; Type: TABLE DATA; Schema: public; Owner: afmuser
--

COPY public.points (id, name, alias, basics_description, details_scale, details_value, details_before, details_after, details_delta, details_condition, details_adjustment, details_impact, details_notes, generate_slug, slug, updated_at, created_at) FROM stdin;
10	André Fernandes - Portimão 2025 Race 2 Championship Points	fernandes-portimao-2025-r2-points	Championship points awarded to André Fernandes for fourth place finish in Race 2 at Portimão during the 2025 Porsche Sprint Challenge Ibérica season.	standard	13	62	75	13	4	0	Added consistent points to championship tally despite challenging grid position from second qualifying time.	13 points awarded for fourth place finish. No bonus points applied.	f	andr-fernandes---portimo-2025-race-2-championship-points	2026-04-10 10:33:05.972+05:30	2026-04-10 10:02:20.047+05:30
9	André Fernandes - Portimão 2025 Race 1 Championship Points	fernandes-portimao-2025-r1-points	Championship points awarded to André Fernandes for second place finish in Race 1 at Portimão during the 2025 Porsche Sprint Challenge Ibérica season.\n	standard	20	42	62	20	2	0	Solidified championship top five position. Maintained momentum following Estoril victory.	20 points awarded for second place finish. No bonus points applied.	f	andr-fernandes---portimo-2025-race-1-championship-points	2026-04-10 10:33:19.259+05:30	2026-04-10 10:02:07.803+05:30
8	André Fernandes - 2025 PSCI Championship Total	fernandes-2025-championship-total	Aggregate championship points total for André Fernandes following completion of the 2025 Porsche Sprint Challenge Ibérica season. This total determined final championship classification.	standard	164	0	164	164	1	0	Third place in final 2025 Porsche Sprint Challenge Ibérica championship standings. Highest championship finish for AF Motorsport in debut Porsche campaign.	Total comprises points from twelve races across six championship rounds. Includes three victories, six additional podium finishes, and three fastest lap bonus points.	f	andr-fernandes---2025-psci-championship-total	2026-04-10 10:33:29.864+05:30	2026-04-09 20:27:33.454+05:30
7	André Fernandes - Estoril Finale 2025 Race 2 Championship Points	fernandes-estoril-finale-2025-r2-points	Championship points awarded to André Fernandes for victory and fastest lap in Race 2 of the 2025 Porsche Sprint Challenge Ibérica season finale at Estoril.	standard	26	138	164	26	1	1	Secured third place in final 2025 championship standings. Maximum points from final race completed successful debut Porsche campaign.	25 points for victory plus 1 bonus point for fastest race lap. Final points tally of 164 secured championship bronze position.	f	andr-fernandes---estoril-finale-2025-race-2-championship-points	2026-04-10 10:33:42.891+05:30	2026-04-09 20:26:39.594+05:30
6	André Fernandes - Estoril Finale 2025 Race 1 Championship Points	fernandes-estoril-finale-2025-r1-points	Championship points awarded to André Fernandes for second place finish in Race 1 of the 2025 Porsche Sprint Challenge Ibérica season finale at Estoril.	standard	20	118	138	20	2	0	Maintained championship podium position entering final race. Reduced gap to second place in standings.	20 points awarded for second place finish.	f	andr-fernandes---estoril-finale-2025-race-1-championship-points	2026-04-10 10:33:54.395+05:30	2026-04-09 20:25:46.346+05:30
5	André Fernandes - Barcelona 2025 Race 2 Points	fernandes-barcelona-2025-r2-points	Championship points awarded to André Fernandes for third place finish and fastest lap in Race 2 at Barcelona during the 2025 Porsche Sprint Challenge Ibérica season.	standard	17	72	89	17	3	1	Maintained championship position with podium finish and fastest lap bonus. Crucial points following difficult Race 1.	16 points for third place plus 1 bonus point for fastest race lap.	f	andr-fernandes---barcelona-2025-race-2-points	2026-04-10 10:34:07.805+05:30	2026-04-09 20:24:46.247+05:30
4	André Fernandes - Portimão 2025 Race 1 Points	fernandes-portimao-2025-r1-points	Championship points awarded to André Fernandes for second place finish in Race 1 at Portimão during the 2025 Porsche Sprint Challenge Ibérica season.	standard	20	42	62	20	2	0	Solidified championship top five position. Maintained momentum following Estoril victory.	20 points awarded for second place finish. No bonus points applied.	f	andr-fernandes---portimo-2025-race-1-points	2026-04-10 10:34:20.575+05:30	2026-04-09 20:23:29.135+05:30
3	Estoril 2025 Race 2 Championship Points	fernandes-estoril-2025-r2-points	Championship points awarded to André Fernandes for victory in Race 2 at Estoril during the 2025 Porsche Sprint Challenge Ibérica season. Includes bonus point for fastest race lap.	standard	26	16	42	26	1	1	Victory and fastest lap bonus elevated championship position significantly. Moved into championship top five following opening weekend.	25 points for victory plus 1 bonus point for fastest race lap. Maximum points haul for single race.	f	estoril-2025-race-2-championship-points	2026-04-10 10:34:30.832+05:30	2026-04-09 20:22:34.496+05:30
2	André Fernandes - Estoril 2025 Race 1 Points	fernandes-estoril-2025-r1-points	Championship points awarded to André Fernandes for third place finish in Race 1 at Estoril during the 2025 Porsche Sprint Challenge Ibérica season.	standard	16	0	16	16	3	0	Secured first championship points of the 2025 season. Established baseline championship position following season opener.	Points awarded per standard scale for third place finish. No bonus points applied.	f	andr-fernandes---estoril-2025-race-1-points	2026-04-10 10:34:44.725+05:30	2026-04-09 20:21:39.015+05:30
1	PSCI Championship Points System	psci-points-system	Official points allocation system for the Porsche Sprint Challenge Ibérica championship as defined in the series sporting regulations. Points are awarded to the top fifteen classified finishers in each race, with additional bonus points available for pole position and fastest race lap.	standard	26	18	40	26	1	1	Determines championship classification across all rounds. Consistent points structure rewards both race wins and consistent finishing positions throughout the season.	Points system identical to international Porsche one-make series standards. Double points may be applied at season finale per championship regulations.	f	psci-championship-points-system---standard-scale	2026-04-10 10:34:58.767+05:30	2026-04-09 20:20:35.557+05:30
\.


--
-- Data for Name: points_locales; Type: TABLE DATA; Schema: public; Owner: afmuser
--

COPY public.points_locales (seo_title, seo_image_id, seo_description, id, _locale, _parent_id) FROM stdin;
\.


--
-- Data for Name: points_rels; Type: TABLE DATA; Schema: public; Owner: afmuser
--

COPY public.points_rels (id, "order", parent_id, path, categories_id, tags_id) FROM stdin;
1	1	10	categories	2	\N
2	2	10	categories	6	\N
3	1	10	tags	\N	3
4	1	9	categories	6	\N
5	2	9	categories	5	\N
6	1	9	tags	\N	2
7	2	9	tags	\N	6
8	3	9	tags	\N	8
9	1	8	categories	2	\N
10	2	8	categories	5	\N
11	1	8	tags	\N	3
12	2	8	tags	\N	7
13	3	8	tags	\N	6
14	1	7	categories	4	\N
15	2	7	categories	3	\N
16	1	7	tags	\N	5
17	2	7	tags	\N	10
18	3	7	tags	\N	11
19	1	6	categories	2	\N
20	2	6	categories	7	\N
21	3	6	categories	4	\N
22	1	6	tags	\N	1
23	2	6	tags	\N	4
24	3	6	tags	\N	5
25	1	5	categories	4	\N
26	2	5	categories	6	\N
27	1	5	tags	\N	4
28	2	5	tags	\N	3
29	1	4	categories	2	\N
30	2	4	categories	7	\N
31	1	4	tags	\N	3
32	2	4	tags	\N	5
33	3	4	tags	\N	7
34	1	3	categories	4	\N
35	2	3	categories	8	\N
36	1	3	tags	\N	2
37	2	3	tags	\N	4
38	3	3	tags	\N	5
39	1	2	categories	3	\N
40	1	2	tags	\N	3
41	2	2	tags	\N	9
42	1	1	categories	2	\N
43	2	1	categories	7	\N
44	1	1	tags	\N	5
45	2	1	tags	\N	7
46	3	1	tags	\N	10
\.


--
-- Data for Name: policies; Type: TABLE DATA; Schema: public; Owner: afmuser
--

COPY public.policies (id, name, alias, basics_description, basics_privacy, basics_cookies, basics_version, basics_effective_date, basics_last_reviewed, basics_document_id, generate_slug, slug, updated_at, created_at) FROM stdin;
\.


--
-- Data for Name: policies_locales; Type: TABLE DATA; Schema: public; Owner: afmuser
--

COPY public.policies_locales (seo_title, seo_image_id, seo_description, id, _locale, _parent_id) FROM stdin;
\.


--
-- Data for Name: policies_rels; Type: TABLE DATA; Schema: public; Owner: afmuser
--

COPY public.policies_rels (id, "order", parent_id, path, categories_id, tags_id) FROM stdin;
\.


--
-- Data for Name: products; Type: TABLE DATA; Schema: public; Owner: afmuser
--

COPY public.products (id, title, description, inventory, enable_variants, price_in_u_s_d_enabled, price_in_u_s_d, generate_slug, slug, updated_at, created_at, deleted_at, _status) FROM stdin;
7	AF Black Bag	{"root": {"type": "root", "format": "", "indent": 0, "version": 1, "children": [{"type": "paragraph", "format": "", "indent": 0, "version": 1, "children": [{"mode": "normal", "text": "Gently used, minor signs of wear consistent with casual use.", "type": "text", "style": "", "detail": 0, "format": 0, "version": 1}], "direction": null, "textStyle": "", "textFormat": 0}], "direction": null}}	4	\N	t	5500	f	af-black-bag	2026-04-10 10:48:40.996+05:30	2026-04-09 15:54:25.542+05:30	\N	published
8	AFS Block T-shirt	{"root": {"type": "root", "format": "", "indent": 0, "version": 1, "children": [{"type": "paragraph", "format": "", "indent": 0, "version": 1, "children": [{"mode": "normal", "text": "The ", "type": "text", "style": "", "detail": 0, "format": 0, "version": 1}, {"mode": "normal", "text": "ASF AND FERNA DK (E17 / VDE3)", "type": "text", "style": "", "detail": 0, "format": 1, "version": 1}, {"mode": "normal", "text": " is a large-format product inspired by the Porsche GT3R. While not a one-of-a-kind piece, its worldwide availability is limited. The product features a two-dimensional design structure, making it suitable for flat mounting, display, or printed applications. Part of the ASF series, it balances scale, precision, and visual impact.", "type": "text", "style": "", "detail": 0, "format": 0, "version": 1}], "direction": null, "textStyle": "", "textFormat": 0}], "direction": null}}	10	f	t	9900	f	afs-block-t-shirt	2026-04-10 10:49:01.275+05:30	2026-04-09 16:00:26.554+05:30	\N	published
6	AF Green and Black T-shirt	{"root": {"type": "root", "format": "", "indent": 0, "version": 1, "children": [{"type": "paragraph", "format": "", "indent": 0, "version": 1, "children": [{"mode": "normal", "text": "The ", "type": "text", "style": "", "detail": 0, "format": 0, "version": 1}, {"mode": "normal", "text": "ASF AND FERNA DK (E17 / VDE3)", "type": "text", "style": "", "detail": 0, "format": 1, "version": 1}, {"mode": "normal", "text": " is a large-format product inspired by the Porsche GT3R. While not a one-of-a-kind piece, its worldwide availability is limited. The product features a two-dimensional design structure, making it suitable for flat mounting, display, or printed applications. Part of the ASF series, it balances scale, precision, and visual impact", "type": "text", "style": "", "detail": 0, "format": 0, "version": 1}], "direction": null, "textStyle": "", "textFormat": 0}], "direction": null}}	7	\N	t	1900	f	af-green-and-black-t-shirt	2026-04-10 10:49:15.765+05:30	2026-04-09 15:49:09.29+05:30	\N	published
4	ASF AND FERNA DK	{"root": {"type": "root", "format": "", "indent": 0, "version": 1, "children": [{"type": "paragraph", "format": "", "indent": 0, "version": 1, "children": [{"mode": "normal", "text": "The product is identified primarily as ", "type": "text", "style": "", "detail": 0, "format": 0, "version": 1}, {"mode": "normal", "text": "ASF AND FERNA DK", "type": "text", "style": "", "detail": 0, "format": 1, "version": 1}, {"mode": "normal", "text": ", with multiple associated codes and design references. It appears to be a specialized item, potentially in the automotive, scale model, or high-performance parts category, given the ", "type": "text", "style": "", "detail": 0, "format": 0, "version": 1}, {"mode": "normal", "text": "PORSCHE GT3R", "type": "text", "style": "", "detail": 0, "format": 1, "version": 1}, {"mode": "normal", "text": " reference.", "type": "text", "style": "", "detail": 0, "format": 0, "version": 1}], "direction": null, "textStyle": "", "textFormat": 0}], "direction": null}}	5	\N	t	1200	f	asf-and-ferna-dk	2026-04-10 10:49:29.665+05:30	2026-04-09 15:18:10.761+05:30	\N	published
5	AF Green T-shirt	{"root": {"type": "root", "format": "", "indent": 0, "version": 1, "children": [{"type": "paragraph", "format": "", "indent": 0, "version": 1, "children": [{"mode": "normal", "text": "The ", "type": "text", "style": "", "detail": 0, "format": 0, "version": 1}, {"mode": "normal", "text": "ASF AND FERNA DK (E17 / VDE3)", "type": "text", "style": "", "detail": 0, "format": 1, "version": 1}, {"mode": "normal", "text": " is a large-format product inspired by the Porsche GT3R. While not a one-of-a-kind piece, its worldwide availability is limited. The product features a two-dimensional design structure, making it suitable for flat mounting, display, or printed applications. Part of the ASF series, it balances scale, precision, and visual impact", "type": "text", "style": "", "detail": 0, "format": 0, "version": 1}], "direction": null, "textStyle": "", "textFormat": 0}, {"type": "paragraph", "format": "", "indent": 0, "version": 1, "children": [], "direction": null, "textStyle": "", "textFormat": 0}], "direction": null}}	5	\N	t	2500	f	green-	2026-04-10 10:50:04.932+05:30	2026-04-09 15:46:13.065+05:30	\N	published
\.


--
-- Data for Name: products_blocks_content; Type: TABLE DATA; Schema: public; Owner: afmuser
--

COPY public.products_blocks_content (_order, _parent_id, _path, id, block_name) FROM stdin;
\.


--
-- Data for Name: products_blocks_content_columns; Type: TABLE DATA; Schema: public; Owner: afmuser
--

COPY public.products_blocks_content_columns (_order, _parent_id, id, size, rich_text, enable_link, link_type, link_new_tab, link_url, link_label, link_appearance) FROM stdin;
\.


--
-- Data for Name: products_blocks_cta; Type: TABLE DATA; Schema: public; Owner: afmuser
--

COPY public.products_blocks_cta (_order, _parent_id, _path, id, rich_text, block_name) FROM stdin;
\.


--
-- Data for Name: products_blocks_cta_links; Type: TABLE DATA; Schema: public; Owner: afmuser
--

COPY public.products_blocks_cta_links (_order, _parent_id, id, link_type, link_new_tab, link_url, link_label, link_appearance) FROM stdin;
\.


--
-- Data for Name: products_blocks_media_block; Type: TABLE DATA; Schema: public; Owner: afmuser
--

COPY public.products_blocks_media_block (_order, _parent_id, _path, id, media_id, block_name) FROM stdin;
\.


--
-- Data for Name: products_gallery; Type: TABLE DATA; Schema: public; Owner: afmuser
--

COPY public.products_gallery (_order, _parent_id, id, image_id, variant_option_id) FROM stdin;
1	7	69d77f5a53d7f7feeee66218	28	\N
1	8	69d77fe00dc6832899024b27	27	\N
1	6	69d77d7ae5151655d9ae2983	24	\N
1	4	69d7797cd55b30a3ef39d0c9	17	\N
2	4	69d77a17d55b30a3ef39d0cd	19	\N
1	5	69d77cedd55b30a3ef39d0ce	29	\N
\.


--
-- Data for Name: products_locales; Type: TABLE DATA; Schema: public; Owner: afmuser
--

COPY public.products_locales (meta_title, meta_image_id, meta_description, id, _locale, _parent_id) FROM stdin;
\N	\N	\N	34	en	7
\N	\N	\N	35	es	7
\N	\N	\N	36	pt	7
\N	\N	\N	37	en	8
\N	\N	\N	38	es	8
\N	\N	\N	39	pt	8
\N	\N	\N	40	en	6
\N	\N	\N	41	es	6
\N	\N	\N	42	pt	6
\N	\N	\N	43	en	4
\N	\N	\N	44	es	4
\N	\N	\N	45	pt	4
\N	\N	\N	46	en	5
\N	\N	\N	47	es	5
\N	\N	\N	48	pt	5
\.


--
-- Data for Name: products_rels; Type: TABLE DATA; Schema: public; Owner: afmuser
--

COPY public.products_rels (id, "order", parent_id, path, pages_id, variant_types_id, products_id, categories_id) FROM stdin;
1	1	7	categories	\N	\N	\N	2
2	1	8	categories	\N	\N	\N	22
3	1	6	categories	\N	\N	\N	25
4	1	4	categories	\N	\N	\N	18
5	1	5	categories	\N	\N	\N	25
\.


--
-- Data for Name: programs; Type: TABLE DATA; Schema: public; Owner: afmuser
--

COPY public.programs (id, name, alias, basics_identifiers_code, basics_tagline, basics_description, details_objective, details_type, details_status, details_duration, details_start_date, details_end_date, details_budget, details_outcomes, details_notes, assets_thumbnail_id, assets_cover_id, generate_slug, slug, updated_at, created_at) FROM stdin;
5	AF Motorsport Community Engagement Program 2026	afm-community-engagement-2026	AFM-COMM-2026-001	Connecting Motorsport with Local Community	The Community Engagement Program encompasses AF Motorsport's initiatives to connect with and contribute to the local Cascais and greater Lisbon community. Activities include school visits, youth motorsport exposure events, charity partnerships, and community-focused programming at race events.	To build positive community relationships, inspire youth interest in motorsport and STEM careers, and demonstrate AF Motorsport's commitment to being a responsible and engaged member of the local community.	outreach	active	ongoing	2026-01-15 17:00:00+05:30	2026-12-15 17:00:00+05:30	8500	Documented community engagement metrics including school visits completed, youth participants reached, and positive community feedback. Enhanced team reputation and local support base.	Program activities coordinated with Autódromo do Estoril community initiatives where possible to maximize impact and resource efficiency.\n	\N	\N	f	af-motorsport-community-engagement-program-2026	2026-04-10 10:47:35.877+05:30	2026-04-10 09:42:17.822+05:30
3	AF Motorsport Corporate Experience Program 2026	afm-corporate-experience-2026	AFM-CORP-2026-001	Authentic Motorsport Engagement for Business Partners	The Corporate Experience Program delivers premium motorsport experiences for AF Motorsport partners and their guests, providing authentic engagement with professional racing operations. The program offers tiered experience packages from trackside hospitality to hands-on driving opportunities in team equipment.	To strengthen partner relationships through exceptional motorsport experiences that demonstrate appreciation for partner support while creating memorable engagement opportunities that deepen commercial relationships.	outreach	active	ongoing	2026-03-01 17:00:00+05:30	2026-10-31 17:00:00+05:30	18500	High partner satisfaction ratings, documented repeat partner engagement, and positive feedback contributing to partnership renewal discussions for subsequent seasons.	Experience packages customizable to partner preferences and guest requirements. Safety briefing and appropriate equipment provided for all driving activities.	\N	\N	f	af-motorsport-corporate-experience-program-2026	2026-04-10 10:48:25.205+05:30	2026-04-10 09:38:11.582+05:30
1	AF Motorsport Technical Internship Program 2026	afm-technical-internship-2026	AFM-INTERN-2026-001	Developing the Next Generation of Motorsport Engineers	The Technical Internship Program provides structured work experience for engineering students and recent graduates seeking motorsport careers. Interns gain hands-on experience in vehicle preparation, data analysis, and trackside operations while contributing to AF Motorsport's competitive programs.	To provide meaningful professional development opportunities for emerging engineering talent while building AF Motorsport's talent pipeline and contributing additional analytical and operational capability to the team's activities.	development	active	months	2026-03-01 17:00:00+05:30	2026-10-31 17:00:00+05:30	12000	Interns completing program with documented motorsport experience, professional references, and enhanced employability within motorsport industry. AF Motorsport benefits from additional resource capacity and talent identification opportunity.	Program accommodates two interns per season with rotating focus areas. Academic credit arrangements available through partner institutions.\n	\N	\N	f	af-motorsport-technical-internship-program-2026	2026-04-10 10:49:09.693+05:30	2026-04-10 09:37:19.699+05:30
4	Porsche Motorsport Customer Racing Support Program 2026	porsche-customer-support-2026	PSCI-SUPPORT-2026-001	Manufacturer Support for Championship Competitors	The Porsche Motorsport Customer Racing Support Program provides technical assistance, parts supply, and operational support to teams competing in the Porsche Sprint Challenge Ibérica championship. The program ensures consistent standards and competitive parity across all entrants.	To support professional competition standards across the Porsche Sprint Challenge Ibérica championship through provision of technical expertise, parts availability, and operational guidance to all participating teams.	competitive	active	ongoing	2026-02-01 17:00:00+05:30	2026-11-15 17:00:00+05:30	8500	Consistent technical standards across championship, timely parts availability for all competitors, and professional competitive environment supporting the series' reputation and growth.	Program delivered by Porsche Motorsport Ibérica in coordination with Porsche Motorsport headquarters in Weissach. Mandatory participation for all championship entrants.	\N	\N	f	porsche-motorsport-customer-racing-support-program-2026	2026-04-10 10:47:59.93+05:30	2026-04-10 09:41:03.831+05:30
2	AF Motorsport Junior Driver Academy 2026	afm-junior-academy-2026	AFM-ACAD-2026-001	Building the Foundation for Portuguese Racing Excellence	The AF Motorsport Junior Driver Academy is a comprehensive development program designed for young drivers transitioning from karting to car racing. The program combines professional coaching, technical education, simulator training, and competitive opportunities to prepare the next generation of Portuguese racing talent for successful motorsport careers.	To identify, develop, and progress promising young Portuguese drivers through structured motorsport education and competitive experience, creating a sustainable talent pipeline for AF Motorsport's racing programs and the broader motorsport industry.	academy	active	months	2026-02-01 17:00:00+05:30	2026-11-30 17:00:00+05:30	42000	Successful program graduates demonstrating improved technical understanding, consistent lap time performance, and professional conduct ready for progression to competitive car racing opportunities.	Program limited to six drivers per intake to ensure individual attention and quality coaching. Selection based on karting performance, attitude assessment, and potential evaluation.	\N	\N	f	af-motorsport-junior-driver-academy-2026	2026-04-10 10:48:48.269+05:30	2026-04-10 09:38:00.972+05:30
\.


--
-- Data for Name: programs_locales; Type: TABLE DATA; Schema: public; Owner: afmuser
--

COPY public.programs_locales (seo_title, seo_image_id, seo_description, id, _locale, _parent_id) FROM stdin;
\.


--
-- Data for Name: programs_rels; Type: TABLE DATA; Schema: public; Owner: afmuser
--

COPY public.programs_rels (id, "order", parent_id, path, leaders_id, drivers_id, organizations_id, media_id, categories_id, tags_id) FROM stdin;
26	1	5	details.mentors	2	\N	\N	\N	\N	\N
27	1	5	details.participants	\N	2	\N	\N	\N	\N
28	1	5	details.partners	\N	\N	5	\N	\N	\N
29	1	5	details.sponsors	\N	\N	4	\N	\N	\N
30	1	5	categories	\N	\N	\N	\N	4	\N
31	2	5	categories	\N	\N	\N	\N	5	\N
32	1	5	tags	\N	\N	\N	\N	\N	2
33	2	5	tags	\N	\N	\N	\N	\N	6
34	3	5	tags	\N	\N	\N	\N	\N	8
35	4	5	tags	\N	\N	\N	\N	\N	10
36	5	5	tags	\N	\N	\N	\N	\N	9
37	6	5	tags	\N	\N	\N	\N	\N	11
38	7	5	tags	\N	\N	\N	\N	\N	12
39	1	4	details.mentors	1	\N	\N	\N	\N	\N
40	1	4	details.participants	\N	2	\N	\N	\N	\N
41	1	4	details.partners	\N	\N	5	\N	\N	\N
42	1	4	details.sponsors	\N	\N	2	\N	\N	\N
43	1	4	categories	\N	\N	\N	\N	3	\N
44	2	4	categories	\N	\N	\N	\N	6	\N
45	3	4	categories	\N	\N	\N	\N	8	\N
46	4	4	categories	\N	\N	\N	\N	10	\N
47	1	4	tags	\N	\N	\N	\N	\N	3
48	2	4	tags	\N	\N	\N	\N	\N	7
49	3	4	tags	\N	\N	\N	\N	\N	8
50	4	4	tags	\N	\N	\N	\N	\N	10
51	5	4	tags	\N	\N	\N	\N	\N	9
52	6	4	tags	\N	\N	\N	\N	\N	6
53	7	4	tags	\N	\N	\N	\N	\N	13
54	8	4	tags	\N	\N	\N	\N	\N	12
55	9	4	tags	\N	\N	\N	\N	\N	14
56	1	3	details.mentors	1	\N	\N	\N	\N	\N
57	1	3	details.participants	\N	2	\N	\N	\N	\N
58	1	3	details.partners	\N	\N	2	\N	\N	\N
59	1	3	details.sponsors	\N	\N	2	\N	\N	\N
60	1	3	categories	\N	\N	\N	\N	3	\N
61	2	3	categories	\N	\N	\N	\N	6	\N
62	3	3	categories	\N	\N	\N	\N	10	\N
63	4	3	categories	\N	\N	\N	\N	8	\N
64	1	3	tags	\N	\N	\N	\N	\N	3
65	2	3	tags	\N	\N	\N	\N	\N	7
66	3	3	tags	\N	\N	\N	\N	\N	8
67	4	3	tags	\N	\N	\N	\N	\N	10
68	5	3	tags	\N	\N	\N	\N	\N	9
69	6	3	tags	\N	\N	\N	\N	\N	12
70	7	3	tags	\N	\N	\N	\N	\N	13
71	8	3	tags	\N	\N	\N	\N	\N	5
72	1	2	details.mentors	2	\N	\N	\N	\N	\N
73	1	2	details.participants	\N	2	\N	\N	\N	\N
74	1	2	details.partners	\N	\N	5	\N	\N	\N
75	1	2	details.sponsors	\N	\N	4	\N	\N	\N
76	1	2	categories	\N	\N	\N	\N	5	\N
77	2	2	categories	\N	\N	\N	\N	6	\N
78	3	2	categories	\N	\N	\N	\N	8	\N
79	1	2	tags	\N	\N	\N	\N	\N	4
80	2	2	tags	\N	\N	\N	\N	\N	8
81	3	2	tags	\N	\N	\N	\N	\N	9
82	4	2	tags	\N	\N	\N	\N	\N	10
83	5	2	tags	\N	\N	\N	\N	\N	11
84	6	2	tags	\N	\N	\N	\N	\N	7
85	7	2	tags	\N	\N	\N	\N	\N	12
86	1	1	details.mentors	2	\N	\N	\N	\N	\N
87	2	1	details.mentors	4	\N	\N	\N	\N	\N
88	1	1	details.participants	\N	2	\N	\N	\N	\N
89	2	1	details.participants	\N	1	\N	\N	\N	\N
90	1	1	details.partners	\N	\N	4	\N	\N	\N
91	2	1	details.partners	\N	\N	2	\N	\N	\N
92	3	1	details.partners	\N	\N	7	\N	\N	\N
93	1	1	details.sponsors	\N	\N	7	\N	\N	\N
94	2	1	details.sponsors	\N	\N	4	\N	\N	\N
95	1	1	categories	\N	\N	\N	\N	4	\N
96	2	1	categories	\N	\N	\N	\N	9	\N
97	1	1	tags	\N	\N	\N	\N	\N	4
98	2	1	tags	\N	\N	\N	\N	\N	7
99	3	1	tags	\N	\N	\N	\N	\N	11
100	4	1	tags	\N	\N	\N	\N	\N	8
101	5	1	tags	\N	\N	\N	\N	\N	10
102	6	1	tags	\N	\N	\N	\N	\N	6
103	7	1	tags	\N	\N	\N	\N	\N	12
104	8	1	tags	\N	\N	\N	\N	\N	15
105	9	1	tags	\N	\N	\N	\N	\N	13
\.


--
-- Data for Name: programs_traits_curriculum_list; Type: TABLE DATA; Schema: public; Owner: afmuser
--

COPY public.programs_traits_curriculum_list (_order, _parent_id, id, module_name, duration, deliverable) FROM stdin;
1	5	69d8789f55eef4b438b5aed3	School Visit Program	Half-day sessions	Educational presentation and interactive motorsport exposure for students
1	4	69d8783940b9fa0a0f55b463	School Visit Program	Half-day sessions	Educational presentation and interactive motorsport exposure for students
2	4	69d8784e40b9fa0a0f55b464	Estoril Circuit Tour Experience	2 hours	Behind-the-scenes circuit and team facility tour for community groups
3	4	69d8786040b9fa0a0f55b465	Youth Karting Introduction	Half-day sessions	Introductory karting experience for selected youth participants
1	3	69d877b54917f56e6c75e317	Welcome and Safety Briefing	45 minutes	Signed safety acknowledgment and equipment fitting
1	2	69d877a969e146bab7877dfb	Vehicle Dynamics Fundamentals	16 hours	Written assessment and practical application demonstration
1	1	69d8777c77a3d48442ffedfb	Workshop Operations and Safety	2 weeks	Demonstrated competency in workshop procedures and safety protocols
\.


--
-- Data for Name: programs_traits_eligibility_list; Type: TABLE DATA; Schema: public; Owner: afmuser
--

COPY public.programs_traits_eligibility_list (_order, _parent_id, id, criteria, value, description) FROM stdin;
1	5	69d8788355eef4b438b5aed2	Partner Organization Status	Registered educational or charitable organization	Program partnerships limited to registered schools, educational institutions, and recognized charitable organizations.
1	4	69d8780e40b9fa0a0f55b461	Partner Organization Status	Registered educational or charitable organization	Program partnerships limited to registered schools, educational institutions, and recognized charitable organizations.
2	4	69d8782740b9fa0a0f55b462	Geographic Focus	Cascais and greater Lisbon region	Priority given to organizations within AF Motorsport's local community footprint.
1	3	69d8779f4917f56e6c75e316	Partner Status	Active AF Motorsport partner	Program access limited to confirmed AF Motorsport partners and their designated guests as defined in partnership agreements.
1	2	69d8778d69e146bab7877dfa	Age Range	14-18 years	Drivers must be between fourteen and eighteen years of age at program commencement to align with car racing license eligibility and development pathway timing.
1	1	69d8776377a3d48442ffedfa	Academic Status	Engineering student or recent graduate	Current enrollment in or recent completion of relevant engineering degree program including mechanical, automotive, or motorsport engineering.
\.


--
-- Data for Name: questions; Type: TABLE DATA; Schema: public; Owner: afmuser
--

COPY public.questions (id, updated_at, created_at) FROM stdin;
1	2026-04-09 10:58:20.732+05:30	2026-04-09 10:58:20.732+05:30
\.


--
-- Data for Name: questions_categories; Type: TABLE DATA; Schema: public; Owner: afmuser
--

COPY public.questions_categories (_order, _parent_id, id, visible) FROM stdin;
1	1	69d738f4bcec256e15dc912b	t
2	1	69d738f4bcec256e15dc912f	t
3	1	69d738f4bcec256e15dc9132	t
4	1	69d738f4bcec256e15dc9136	t
5	1	69d738f4bcec256e15dc913b	t
\.


--
-- Data for Name: questions_categories_items; Type: TABLE DATA; Schema: public; Owner: afmuser
--

COPY public.questions_categories_items (_order, _parent_id, id, related_page) FROM stdin;
1	69d738f4bcec256e15dc912b	69d738f4bcec256e15dc9127	/about
2	69d738f4bcec256e15dc912b	69d738f4bcec256e15dc9128	/championships
3	69d738f4bcec256e15dc912b	69d738f4bcec256e15dc9129	/contact
4	69d738f4bcec256e15dc912b	69d738f4bcec256e15dc912a	/contact
1	69d738f4bcec256e15dc912f	69d738f4bcec256e15dc912c	/drivers
2	69d738f4bcec256e15dc912f	69d738f4bcec256e15dc912d	/leaders
3	69d738f4bcec256e15dc912f	69d738f4bcec256e15dc912e	/tribe/culture-code
1	69d738f4bcec256e15dc9132	69d738f4bcec256e15dc9130	/cars
2	69d738f4bcec256e15dc9132	69d738f4bcec256e15dc9131	/craft/engineering-philosophy
1	69d738f4bcec256e15dc9136	69d738f4bcec256e15dc9133	/careers
2	69d738f4bcec256e15dc9136	69d738f4bcec256e15dc9134	/operations/programs
3	69d738f4bcec256e15dc9136	69d738f4bcec256e15dc9135	/contact
1	69d738f4bcec256e15dc913b	69d738f4bcec256e15dc9137	/store
2	69d738f4bcec256e15dc913b	69d738f4bcec256e15dc9138	/legal/returns
3	69d738f4bcec256e15dc913b	69d738f4bcec256e15dc9139	/store
4	69d738f4bcec256e15dc913b	69d738f4bcec256e15dc913a	/legal/payments
\.


--
-- Data for Name: questions_categories_items_locales; Type: TABLE DATA; Schema: public; Owner: afmuser
--

COPY public.questions_categories_items_locales (question, answer, id, _locale, _parent_id) FROM stdin;
What is AF Motorsport?	{"root": {"type": "root", "format": "", "indent": 0, "version": 1, "children": [{"type": "paragraph", "format": "", "indent": 0, "version": 1, "children": [{"mode": "normal", "text": "AF Motorsport is a competitive racing team that participates primarily in Porsche championship series. Beyond the racing, we document the team, the machines, and the stories that define us.", "type": "text", "style": "", "detail": 0, "format": 0, "version": 1}], "direction": "ltr"}], "direction": "ltr"}}	1	en	69d738f4bcec256e15dc9127
Which championships do you compete in?	{"root": {"type": "root", "format": "", "indent": 0, "version": 1, "children": [{"type": "paragraph", "format": "", "indent": 0, "version": 1, "children": [{"mode": "normal", "text": "We compete primarily in Porsche racing series. Visit the Championships section to follow our series, seasons, and race results in full.", "type": "text", "style": "", "detail": 0, "format": 0, "version": 1}], "direction": "ltr"}], "direction": "ltr"}}	2	en	69d738f4bcec256e15dc9128
Where is AF Motorsport based?	{"root": {"type": "root", "format": "", "indent": 0, "version": 1, "children": [{"type": "paragraph", "format": "", "indent": 0, "version": 1, "children": [{"mode": "normal", "text": "—", "type": "text", "style": "", "detail": 0, "format": 0, "version": 1}], "direction": "ltr"}], "direction": "ltr"}}	3	en	69d738f4bcec256e15dc9129
How do I contact the team?	{"root": {"type": "root", "format": "", "indent": 0, "version": 1, "children": [{"type": "paragraph", "format": "", "indent": 0, "version": 1, "children": [{"mode": "normal", "text": "Use our contact page to reach the team directly.", "type": "text", "style": "", "detail": 0, "format": 0, "version": 1}], "direction": "ltr"}], "direction": "ltr"}}	4	en	69d738f4bcec256e15dc912a
How can I learn about the drivers?	{"root": {"type": "root", "format": "", "indent": 0, "version": 1, "children": [{"type": "paragraph", "format": "", "indent": 0, "version": 1, "children": [{"mode": "normal", "text": "Visit the Drivers section to explore every driver as a complete human story — not just a racing CV.", "type": "text", "style": "", "detail": 0, "format": 0, "version": 1}], "direction": "ltr"}], "direction": "ltr"}}	5	en	69d738f4bcec256e15dc912c
Who leads AF Motorsport?	{"root": {"type": "root", "format": "", "indent": 0, "version": 1, "children": [{"type": "paragraph", "format": "", "indent": 0, "version": 1, "children": [{"mode": "normal", "text": "Meet the leaders who build and direct the team in the Leaders section.", "type": "text", "style": "", "detail": 0, "format": 0, "version": 1}], "direction": "ltr"}], "direction": "ltr"}}	6	en	69d738f4bcec256e15dc912d
What is the Culture Code?	{"root": {"type": "root", "format": "", "indent": 0, "version": 1, "children": [{"type": "paragraph", "format": "", "indent": 0, "version": 1, "children": [{"mode": "normal", "text": "The Culture Code is the soul of AF Motorsport — the values, rituals, and human identity of the team.", "type": "text", "style": "", "detail": 0, "format": 0, "version": 1}], "direction": "ltr"}], "direction": "ltr"}}	7	en	69d738f4bcec256e15dc912e
What cars does AF Motorsport race?	{"root": {"type": "root", "format": "", "indent": 0, "version": 1, "children": [{"type": "paragraph", "format": "", "indent": 0, "version": 1, "children": [{"mode": "normal", "text": "Visit the Cars section to explore every machine we have ever fielded — full specifications, history, and the stories behind each build.", "type": "text", "style": "", "detail": 0, "format": 0, "version": 1}], "direction": "ltr"}], "direction": "ltr"}}	8	en	69d738f4bcec256e15dc9130
What is your engineering philosophy?	{"root": {"type": "root", "format": "", "indent": 0, "version": 1, "children": [{"type": "paragraph", "format": "", "indent": 0, "version": 1, "children": [{"mode": "normal", "text": "Our engineering philosophy is documented in full in the Engineering Philosophy section.", "type": "text", "style": "", "detail": 0, "format": 0, "version": 1}], "direction": "ltr"}], "direction": "ltr"}}	9	en	69d738f4bcec256e15dc9131
How do I join the AF Motorsport team?	{"root": {"type": "root", "format": "", "indent": 0, "version": 1, "children": [{"type": "paragraph", "format": "", "indent": 0, "version": 1, "children": [{"mode": "normal", "text": "Explore open roles, training programs, and upcoming meetups in the Careers and Operations sections.", "type": "text", "style": "", "detail": 0, "format": 0, "version": 1}], "direction": "ltr"}], "direction": "ltr"}}	10	en	69d738f4bcec256e15dc9133
Do you offer training programs?	{"root": {"type": "root", "format": "", "indent": 0, "version": 1, "children": [{"type": "paragraph", "format": "", "indent": 0, "version": 1, "children": [{"mode": "normal", "text": "Yes. Visit the Operations section to see all current development programs and how to apply.", "type": "text", "style": "", "detail": 0, "format": 0, "version": 1}], "direction": "ltr"}], "direction": "ltr"}}	11	en	69d738f4bcec256e15dc9134
How can my company partner with AF Motorsport?	{"root": {"type": "root", "format": "", "indent": 0, "version": 1, "children": [{"type": "paragraph", "format": "", "indent": 0, "version": 1, "children": [{"mode": "normal", "text": "Contact us directly to discuss partnership opportunities.", "type": "text", "style": "", "detail": 0, "format": 0, "version": 1}], "direction": "ltr"}], "direction": "ltr"}}	12	en	69d738f4bcec256e15dc9135
How do I place an order?	{"root": {"type": "root", "format": "", "indent": 0, "version": 1, "children": [{"type": "paragraph", "format": "", "indent": 0, "version": 1, "children": [{"mode": "normal", "text": "Browse the store and add items to your cart. Checkout is handled securely via the store.", "type": "text", "style": "", "detail": 0, "format": 0, "version": 1}], "direction": "ltr"}], "direction": "ltr"}}	13	en	69d738f4bcec256e15dc9137
What is your returns policy?	{"root": {"type": "root", "format": "", "indent": 0, "version": 1, "children": [{"type": "paragraph", "format": "", "indent": 0, "version": 1, "children": [{"mode": "normal", "text": "Please review our Returns & Exchanges policy on the legal page.", "type": "text", "style": "", "detail": 0, "format": 0, "version": 1}], "direction": "ltr"}], "direction": "ltr"}}	14	en	69d738f4bcec256e15dc9138
How long does delivery take?	{"root": {"type": "root", "format": "", "indent": 0, "version": 1, "children": [{"type": "paragraph", "format": "", "indent": 0, "version": 1, "children": [{"mode": "normal", "text": "Delivery times vary by location. Details are provided at checkout.", "type": "text", "style": "", "detail": 0, "format": 0, "version": 1}], "direction": "ltr"}], "direction": "ltr"}}	15	en	69d738f4bcec256e15dc9139
What payment methods do you accept?	{"root": {"type": "root", "format": "", "indent": 0, "version": 1, "children": [{"type": "paragraph", "format": "", "indent": 0, "version": 1, "children": [{"mode": "normal", "text": "We accept all major payment methods. Details are available in our Transaction Policy.", "type": "text", "style": "", "detail": 0, "format": 0, "version": 1}], "direction": "ltr"}], "direction": "ltr"}}	16	en	69d738f4bcec256e15dc913a
\.


--
-- Data for Name: questions_categories_locales; Type: TABLE DATA; Schema: public; Owner: afmuser
--

COPY public.questions_categories_locales (label, id, _locale, _parent_id) FROM stdin;
About AF Motorsport	1	en	69d738f4bcec256e15dc912b
The Team	2	en	69d738f4bcec256e15dc912f
The Machines	3	en	69d738f4bcec256e15dc9132
Join Us	4	en	69d738f4bcec256e15dc9136
Store & Orders	5	en	69d738f4bcec256e15dc913b
\.


--
-- Data for Name: races; Type: TABLE DATA; Schema: public; Owner: afmuser
--

COPY public.races (id, name, alias, basics_identifiers_code, basics_identifiers_abbreviation, basics_tagline, basics_description, details_history, details_type, details_status, details_start_date, details_end_date, details_event_id, details_season_id, details_series_id, details_circuit_id, details_laps, details_distance_km, details_winner_id, details_pole_position_id, details_fastest_lap_id, details_fastest_lap_time, details_weather, details_safety_car_periods, details_red_flags, details_notes, assets_thumbnail_id, assets_poster_id, assets_cover_id, assets_video_id, generate_slug, slug, updated_at, created_at) FROM stdin;
4	PSCI Portimão 2026 Race 1	psci-portimao-2026-race1	PSCI-2026-R3-R1	POR R1	Rollercoaster Challenge - Race 1	First race of the Portimão summer round at Autódromo Internacional do Algarve. The circuit's dramatic elevation changes and challenging layout provide one of the season's most demanding tests, with blind corners and high-speed crests rewarding driver commitment and precise car setup.	{"root": {"type": "root", "format": "", "indent": 0, "version": 1, "children": [{"type": "paragraph", "format": "", "indent": 0, "version": 1, "children": [{"mode": "normal", "text": "Portimão Race 1 places extraordinary demands on driver confidence and car preparation. The circuit's signature undulations require absolute commitment through blind sections while maintaining precision for the technical final sector. The layout provides multiple overtaking opportunities, with the heavy braking zone into Turn 1 and the run to Turn 5 presenting the primary passing locations.", "type": "text", "style": "", "detail": 0, "format": 0, "version": 1}], "direction": null, "textStyle": "", "textFormat": 0}, {"type": "paragraph", "format": "", "indent": 0, "version": 1, "children": [{"mode": "normal", "text": "    ", "type": "text", "style": "", "detail": 0, "format": 0, "version": 1}], "direction": null, "textStyle": "", "textFormat": 0}, {"type": "paragraph", "format": "", "indent": 0, "version": 1, "children": [{"mode": "normal", "text": "    AF Motorsport's satellite facility at Portimão provides operational advantages including extensive circuit data and setup references. The team's strong historical performance at the circuit establishes Portimão as a key championship opportunity.", "type": "text", "style": "", "detail": 0, "format": 0, "version": 1}], "direction": null, "textStyle": "", "textFormat": 0}], "direction": null}}	sprint	scheduled	2026-06-13 20:00:00+05:30	2026-06-13 20:30:00+05:30	2	3	3	3	16	74.448	1	2	5	17:45:65	Winter	0	0	AF Motorsport satellite facility provides operational advantages. Historical team strength at circuit.	\N	\N	\N	\N	f	psci-portimo-2026-race-1	2026-04-10 18:00:21.538+05:30	2026-04-09 20:40:20.743+05:30
2	PSCI Estoril 2026 Race 2	psci-estoril-2026-race2	PSCI-2026-R1-R2	EST R2	Season Opener - Race 2	Second sprint race completing the Estoril season opener weekend. Grid positions determined by each driver's second-fastest qualifying lap per championship sporting regulations, creating potential variation from Race 1 starting order.	{"root": {"type": "root", "format": "", "indent": 0, "version": 1, "children": [{"type": "paragraph", "format": "", "indent": 0, "version": 1, "children": [{"mode": "normal", "text": "Race 2 at Estoril often produces more varied outcomes than the opening contest, with the alternative grid order creating different competitive dynamics. The Sunday race completes the first championship weekend, with drivers balancing aggression for position against the need to secure points for the season start.", "type": "text", "style": "", "detail": 0, "format": 0, "version": 1}], "direction": null, "textStyle": "", "textFormat": 0}, {"type": "paragraph", "format": "", "indent": 0, "version": 1, "children": [{"mode": "normal", "text": "    ", "type": "text", "style": "", "detail": 0, "format": 0, "version": 1}], "direction": null, "textStyle": "", "textFormat": 0}, {"type": "paragraph", "format": "", "indent": 0, "version": 1, "children": [{"mode": "normal", "text": "    The race's afternoon timing typically features warmer track temperatures than Race 1, affecting tire management strategies and potentially altering competitive balance. Teams must adapt setup and driving approach to the evolving conditions.", "type": "text", "style": "", "detail": 0, "format": 0, "version": 1}], "direction": null, "textStyle": "", "textFormat": 0}], "direction": null}}	sprint	scheduled	2026-03-29 20:30:00+05:30	2026-03-29 21:00:00+05:30	1	2	2	1	18	75.276	2	3	3	18:45:65	Winter	0	0	Grid from second-fastest qualifying laps. Sunday afternoon timing with potential temperature increase.	\N	\N	\N	\N	f	psci-estoril-2026-race-2	2026-04-10 18:04:42.375+05:30	2026-04-09 20:37:28.903+05:30
1	PSCI Estoril 2026 Race 1	psci-estoril-2026-race1	PSCI-2026-R1-R1	EST R1	Season Opener - Race 1	Opening race of the 2026 Porsche Sprint Challenge Ibérica championship at Autódromo do Estoril. The 30-minute sprint race launches the season at AF Motorsport's home circuit, with full championship points awarded and the first indication of competitive order for the new campaign.	{"root": {"type": "root", "format": "", "indent": 0, "version": 1, "children": [{"type": "paragraph", "format": "", "indent": 0, "version": 1, "children": [{"mode": "normal", "text": "Race 1 at the Estoril season opener traditionally sets the championship narrative, providing the first competitive benchmark following winter development and pre-season testing. The race outcome often predicts championship trajectories while the Estoril layout's limited overtaking opportunities place premium on qualifying performance and race start execution.", "type": "text", "style": "", "detail": 0, "format": 0, "version": 1}], "direction": null, "textStyle": "", "textFormat": 0}, {"type": "paragraph", "format": "", "indent": 0, "version": 1, "children": [{"mode": "normal", "text": "    ", "type": "text", "style": "", "detail": 0, "format": 0, "version": 1}], "direction": null, "textStyle": "", "textFormat": 0}, {"type": "paragraph", "format": "", "indent": 0, "version": 1, "children": [{"mode": "normal", "text": "    For AF Motorsport, the home race carries additional significance with extensive partner attendance, media focus, and the opportunity to establish early championship momentum. Strong performance at Estoril has historically correlated with successful season outcomes.", "type": "text", "style": "", "detail": 0, "format": 0, "version": 1}], "direction": null, "textStyle": "", "textFormat": 0}], "direction": null}}	sprint	scheduled	2026-03-28 20:00:00+05:30	2026-03-28 20:30:00+05:30	1	1	1	2	18	75.276	1	2	3	19:45:65	Winter	0	0	Home event for AF Motorsport. Standing start procedure. Full championship points awarded.	\N	\N	\N	\N	f	psci-estoril-2026-race-1	2026-04-10 18:05:37.883+05:30	2026-04-09 20:35:54.494+05:30
5	PSCI Barcelona 2026 Race 2	psci-barcelona-2026-race2	PSCI-2026-R2-R2	BCN R2	Catalan Challenge - Race 2	Second race of the Barcelona weekend completing the Spanish round. Grid determined by second-fastest qualifying laps creating potential variation from Race 1 starting order and strategic complexity.	{"root": {"type": "root", "format": "", "indent": 0, "version": 1, "children": [{"type": "paragraph", "format": "", "indent": 0, "version": 1, "children": [{"mode": "normal", "text": "Race 2 at Barcelona often features different competitive dynamics due to the alternative grid order. Drivers and teams apply learnings from Race 1 regarding tire behavior, aerodynamic setup effectiveness, and race pace to optimize Sunday performance.", "type": "text", "style": "", "detail": 0, "format": 0, "version": 1}], "direction": null, "textStyle": "", "textFormat": 0}, {"type": "paragraph", "format": "", "indent": 0, "version": 1, "children": [{"mode": "normal", "text": "    ", "type": "text", "style": "", "detail": 0, "format": 0, "version": 1}], "direction": null, "textStyle": "", "textFormat": 0}, {"type": "paragraph", "format": "", "indent": 0, "version": 1, "children": [{"mode": "normal", "text": "    The race provides final opportunity for championship points at the Spanish venue before the series returns to Portugal. Strategic approaches vary based on championship positions and individual objectives, with some drivers prioritizing points accumulation while others pursue victory.", "type": "text", "style": "", "detail": 0, "format": 0, "version": 1}], "direction": null, "textStyle": "", "textFormat": 0}], "direction": null}}	sprint	scheduled	2026-04-26 20:30:00+05:30	2026-04-26 21:00:00+05:30	2	2	2	3	14	65.198	2	3	3	14:45:65	Winter	0	0	Grid from second-fastest qualifying laps. Tire strategy informed by Race 1 degradation data. Final Spanish round race.\n	\N	\N	\N	\N	f	psci-barcelona-2026-race-2	2026-04-10 17:52:05.458+05:30	2026-04-10 10:09:48.469+05:30
8	GT Winter Series Round 4 Barcelona Race 1 2026	gtws-r4-barcelona-race1-2026	GTWS-2026-R4-R1	BCN R1	Massa Victory in Barcelona Wet	Race 1 of the GT Winter Series finale at Barcelona delivered a breakthrough victory for Pipo Massa in challenging wet conditions. The AF Motorsport Porsche 992 GT3 Cup entry, shared with Anders Steiner of Team Steiner Racing, secured Cup 2 class honors by a narrow margin.	{"root": {"type": "root", "format": "", "indent": 0, "version": 1, "children": [{"type": "paragraph", "format": "", "indent": 0, "version": 1, "children": [{"mode": "normal", "text": "Race 1 at Barcelona showcased Pipo Massa's continuing development as he mastered difficult wet conditions to secure his first European race victory. The AF Motorsport Porsche 992 GT3 Cup demonstrated strong pace throughout, with Massa managing the gap to pursuers masterfully in the closing laps.", "type": "text", "style": "", "detail": 0, "format": 0, "version": 1}], "direction": null, "textStyle": "", "textFormat": 0}, {"type": "paragraph", "format": "", "indent": 0, "version": 1, "children": [{"mode": "normal", "text": "    ", "type": "text", "style": "", "detail": 0, "format": 0, "version": 1}], "direction": null, "textStyle": "", "textFormat": 0}, {"type": "paragraph", "format": "", "indent": 0, "version": 1, "children": [{"mode": "normal", "text": "    The victory margin of just 0.637 seconds reflected the intensity of competition, but Massa's composure under pressure suggested a driver maturing rapidly. The result provided emotional validation for AF Motorsport's driver development philosophy and the Massa family's commitment to Pipo's racing education.", "type": "text", "style": "", "detail": 0, "format": 0, "version": 1}], "direction": null, "textStyle": "", "textFormat": 0}], "direction": null}}	sprint	completed	2026-03-14 15:30:00+05:30	2026-03-14 16:10:00+05:30	4	3	1	4	18	83.826	\N	\N	\N	01:52.347	Wet conditions, steady rain, 12°C ambient, 14°C track	0	0	First European victory for Pipo Massa. Winning margin 0.637 seconds. Exceptional wet-weather driving performance.	\N	\N	\N	\N	f	gt-winter-series-round-4-barcelona-race-1-2026	2026-04-10 17:44:01.799+05:30	2026-04-10 16:02:32.25+05:30
7	International GT Open Round 1 Portimão 2026	int-gt-open-r1-portimao-2026	IGTO-2026-R1	POR R1	GT Open Season Debut	The International GT Open commences its 2026 campaign at Portimão, with AF Motorsport fielding a Porsche 991.2 GT3 R for the driver pairing of André Fernandes and Angelo Fontana.	{"root": {"type": "root", "format": "", "indent": 0, "version": 1, "children": [{"type": "paragraph", "format": "", "indent": 0, "version": 1, "children": [{"mode": "normal", "text": "Portimão has become a traditional and popular venue for the International GT Open season opener. The circuit's combination of high-speed commitment and technical complexity provides an immediate test of championship aspirations.", "type": "text", "style": "", "detail": 0, "format": 0, "version": 1}], "direction": null, "textStyle": "", "textFormat": 0}, {"type": "paragraph", "format": "", "indent": 0, "version": 1, "children": [{"mode": "normal", "text": "    ", "type": "text", "style": "", "detail": 0, "format": 0, "version": 1}], "direction": null, "textStyle": "", "textFormat": 0}, {"type": "paragraph", "format": "", "indent": 0, "version": 1, "children": [{"mode": "normal", "text": "    AF Motorsport's GT Open debut demonstrated the team's readiness for top-level European GT competition. The Fernandes-Fontana pairing showed strong pace and consistent performance, completing all sessions and races while gaining valuable experience with GT3 machinery at this level.", "type": "text", "style": "", "detail": 0, "format": 0, "version": 1}], "direction": null, "textStyle": "", "textFormat": 0}], "direction": null}}	feature	completed	2026-03-14 18:30:00+05:30	2026-03-14 19:40:00+05:30	2	4	3	1	25	116.325	\N	\N	\N	\N	Sunny, dry, 18°C ambient, 26°C track	0	0	AF Motorsport International GT Open debut. Clean race with consistent pace throughout.	\N	\N	\N	\N	f	international-gt-open-round-1-portimo-2026	2026-04-10 17:46:43.212+05:30	2026-04-10 16:00:04.297+05:30
6	GT Cup Europe Round 1 Portimão 2026	gt-cup-europe-r1-portimao-2026	GTCUP-2026-R1	POR R1	Season Opener at the Rollercoaster	The opening round of the 2026 GT Cup Europe championship at Autódromo Internacional do Algarve. AF Motorsport fields multiple entries in Cup class competition with drivers José Barros and Leonardo Reis making their international debuts.	{"root": {"type": "root", "format": "", "indent": 0, "version": 1, "children": [{"type": "paragraph", "format": "", "indent": 0, "version": 1, "children": [{"mode": "normal", "text": "Portimão provides a spectacular and demanding venue for the GT Cup Europe season opener. The circuit's dramatic elevation changes and challenging layout immediately test teams' off-season preparation and driver readiness for international competition.", "type": "text", "style": "", "detail": 0, "format": 0, "version": 1}], "direction": null, "textStyle": "", "textFormat": 0}, {"type": "paragraph", "format": "", "indent": 0, "version": 1, "children": [{"mode": "normal", "text": "    ", "type": "text", "style": "", "detail": 0, "format": 0, "version": 1}], "direction": null, "textStyle": "", "textFormat": 0}, {"type": "paragraph", "format": "", "indent": 0, "version": 1, "children": [{"mode": "normal", "text": "    AF Motorsport's entries demonstrated competitive pace throughout the weekend, with both drivers adapting quickly to the demands of international GT competition. The event provided valuable experience and established a solid foundation for the championship campaign ahead.", "type": "text", "style": "", "detail": 0, "format": 0, "version": 1}], "direction": null, "textStyle": "", "textFormat": 0}], "direction": null}}	sprint	completed	2026-03-07 20:00:00+05:30	2026-03-07 20:50:00+05:30	4	3	2	2	16	74.448	\N	\N	\N	\N	Variable conditions with dry start and rain showers mid-race	1	0	International debuts for José Barros and Leonardo Reis. Challenging conditions tested driver adaptability.	\N	\N	\N	\N	f	gt-cup-europe-round-1-portimo-2026	2026-04-10 17:49:29.843+05:30	2026-04-10 15:58:40.306+05:30
3	PSCI Barcelona 2026 Race 1	psci-barcelona-2026-race1	PSCI-2026-R2-R1	BCN R1	Catalan Challenge - Race 1	First race of the Barcelona round, contested on the full 4.657-kilometer Grand Prix circuit. The race features the championship's longest lap and most demanding aerodynamic test, with the long main straight and heavy braking into Turn 1 creating the premier overtaking opportunity of the season.	{"root": {"type": "root", "format": "", "indent": 0, "version": 1, "children": [{"type": "paragraph", "format": "", "indent": 0, "version": 1, "children": [{"mode": "normal", "text": "Barcelona Race 1 requires strategic compromise between aerodynamic setup and straight-line speed. The circuit's combination of high-speed corners and the kilometer-long main straight presents conflicting demands that teams must balance based on grid position and championship considerations.", "type": "text", "style": "", "detail": 0, "format": 0, "version": 1}], "direction": null, "textStyle": "", "textFormat": 0}, {"type": "paragraph", "format": "", "indent": 0, "version": 1, "children": [{"mode": "normal", "text": "    ", "type": "text", "style": "", "detail": 0, "format": 0, "version": 1}], "direction": null, "textStyle": "", "textFormat": 0}, {"type": "paragraph", "format": "", "indent": 0, "version": 1, "children": [{"mode": "normal", "text": "    The race start demands precise execution, with the extended run to Turn 1 providing opportunity for position changes but increased risk as cars reach maximum velocity in close proximity. Tire degradation at Barcelona exceeds other championship venues, introducing strategic complexity in the closing laps.", "type": "text", "style": "", "detail": 0, "format": 0, "version": 1}], "direction": null, "textStyle": "", "textFormat": 0}], "direction": null}}	sprint	scheduled	2026-04-25 20:00:00+05:30	2026-04-25 20:30:00+05:30	4	3	2	2	14	65.198	2	3	5	16:45:65	Winter	0	0	Longest lap of championship. Significant tire management considerations.	\N	\N	\N	\N	f	psci-barcelona-2026-race-1	2026-04-10 18:02:55.411+05:30	2026-04-09 20:38:55.52+05:30
9	GT Winter Series Round 4 Barcelona Race 2 2026	gtws-r4-barcelona-race2-2026	GTWS-2026-R4-R2	BCN R2	Adversity Strikes After Triumph	Race 2 of the GT Winter Series finale saw Pipo Massa's weekend end prematurely following contact from another competitor, forcing retirement from the race. The result contrasted sharply with the Race 1 victory but provided valuable learning experience.	{"root": {"type": "root", "format": "", "indent": 0, "version": 1, "children": [{"type": "paragraph", "format": "", "indent": 0, "version": 1, "children": [{"mode": "normal", "text": "Following the elation of his first European victory, Race 2 delivered motorsport's characteristic unpredictability. Contact from a competitor forced Pipo Massa's retirement, ending the weekend on a disappointing note.", "type": "text", "style": "", "detail": 0, "format": 0, "version": 1}], "direction": null, "textStyle": "", "textFormat": 0}, {"type": "paragraph", "format": "", "indent": 0, "version": 1, "children": [{"mode": "normal", "text": "    ", "type": "text", "style": "", "detail": 0, "format": 0, "version": 1}], "direction": null, "textStyle": "", "textFormat": 0}, {"type": "paragraph", "format": "", "indent": 0, "version": 1, "children": [{"mode": "normal", "text": "    Despite the result, the weekend was assessed positively by AF Motorsport leadership. The pace demonstrated in Race 1 and the resilience shown in adversity both contributed to Pipo's development as a complete racing professional. The experience reinforced the importance of managing both triumph and disappointment with equal professionalism.", "type": "text", "style": "", "detail": 0, "format": 0, "version": 1}], "direction": null, "textStyle": "", "textFormat": 0}], "direction": null}}	sprint	completed	2026-03-15 19:30:00+05:30	2026-03-15 19:50:00+05:30	3	2	2	4	8	37.256	\N	\N	\N	\N	Drying conditions, overcast, 14°C ambient, 18°C track	1	0	Retirement due to contact from competitor. Valuable learning experience despite disappointing outcome.	\N	\N	\N	\N	f	gt-winter-series-round-4-barcelona-race-2-2026	2026-04-10 17:41:07.323+05:30	2026-04-10 16:04:39.956+05:30
\.


--
-- Data for Name: races_locales; Type: TABLE DATA; Schema: public; Owner: afmuser
--

COPY public.races_locales (seo_title, seo_image_id, seo_description, id, _locale, _parent_id) FROM stdin;
\.


--
-- Data for Name: races_rels; Type: TABLE DATA; Schema: public; Owner: afmuser
--

COPY public.races_rels (id, "order", parent_id, path, media_id, categories_id, tags_id) FROM stdin;
117	1	9	assets.gallery	66	\N	\N
118	2	9	assets.gallery	67	\N	\N
119	3	9	assets.gallery	68	\N	\N
120	1	9	categories	\N	3	\N
121	2	9	categories	\N	2	\N
122	3	9	categories	\N	1	\N
123	1	9	tags	\N	\N	1
124	2	9	tags	\N	\N	2
125	3	9	tags	\N	\N	3
126	4	9	tags	\N	\N	5
127	5	9	tags	\N	\N	4
128	6	9	tags	\N	\N	6
129	1	8	assets.gallery	69	\N	\N
130	2	8	assets.gallery	70	\N	\N
131	3	8	assets.gallery	71	\N	\N
132	1	8	categories	\N	3	\N
133	2	8	categories	\N	1	\N
134	3	8	categories	\N	2	\N
135	4	8	categories	\N	6	\N
136	1	8	tags	\N	\N	2
137	2	8	tags	\N	\N	4
138	3	8	tags	\N	\N	6
139	4	8	tags	\N	\N	1
140	5	8	tags	\N	\N	7
141	6	8	tags	\N	\N	8
142	7	8	tags	\N	\N	3
143	1	7	assets.gallery	74	\N	\N
144	2	7	assets.gallery	73	\N	\N
145	3	7	assets.gallery	72	\N	\N
146	1	6	assets.gallery	75	\N	\N
147	2	6	assets.gallery	76	\N	\N
148	3	6	assets.gallery	77	\N	\N
149	1	5	assets.gallery	80	\N	\N
150	2	5	assets.gallery	79	\N	\N
151	3	5	assets.gallery	78	\N	\N
152	1	5	categories	\N	2	\N
153	1	5	tags	\N	\N	4
154	2	5	tags	\N	\N	8
155	3	5	tags	\N	\N	10
156	1	4	assets.gallery	83	\N	\N
157	2	4	assets.gallery	81	\N	\N
158	3	4	assets.gallery	82	\N	\N
159	1	4	categories	\N	6	\N
160	2	4	categories	\N	8	\N
161	3	4	categories	\N	3	\N
162	1	4	tags	\N	\N	9
163	2	4	tags	\N	\N	6
164	3	4	tags	\N	\N	10
165	4	4	tags	\N	\N	8
166	5	4	tags	\N	\N	4
167	1	3	assets.gallery	84	\N	\N
168	2	3	assets.gallery	85	\N	\N
169	3	3	assets.gallery	86	\N	\N
170	1	3	categories	\N	2	\N
171	2	3	categories	\N	4	\N
172	3	3	categories	\N	7	\N
173	1	3	tags	\N	\N	2
174	2	3	tags	\N	\N	6
175	3	3	tags	\N	\N	8
176	4	3	tags	\N	\N	11
177	1	2	assets.gallery	67	\N	\N
178	2	2	assets.gallery	76	\N	\N
179	3	2	assets.gallery	86	\N	\N
180	1	2	categories	\N	2	\N
181	2	2	categories	\N	5	\N
182	3	2	categories	\N	9	\N
183	1	2	tags	\N	\N	1
184	2	2	tags	\N	\N	3
185	3	2	tags	\N	\N	5
186	4	2	tags	\N	\N	9
187	1	1	assets.gallery	72	\N	\N
188	2	1	assets.gallery	78	\N	\N
189	3	1	assets.gallery	79	\N	\N
190	1	1	categories	\N	4	\N
191	2	1	categories	\N	8	\N
192	3	1	categories	\N	6	\N
193	1	1	tags	\N	\N	2
194	2	1	tags	\N	\N	1
195	3	1	tags	\N	\N	8
196	4	1	tags	\N	\N	7
\.


--
-- Data for Name: regulations; Type: TABLE DATA; Schema: public; Owner: afmuser
--

COPY public.regulations (id, name, alias, basics_description, basics_status, basics_type, basics_enforcement, basics_code, basics_version, basics_effective_date, basics_document_id, generate_slug, slug, updated_at, created_at) FROM stdin;
1	FIA Formula 4 Technical Regulations 2026	fia-f4-technical-2026	Technical specifications and homologation requirements for Formula 4 championship cars competing in FIA-certified national and regional series. These regulations define chassis construction, engine specifications, aerodynamic limitations, safety systems, and component standardization designed to control costs while ensuring competitive parity.	Published	Technical & Engineering	Financial Audit	FIA-F4-TECH-2026.02	2026 Cycle 2	2026-03-15 17:00:00+05:30	\N	f	fia-formula-4-technical-regulations-2026	2026-04-09 18:51:17.03+05:30	2026-04-09 18:51:17.03+05:30
2	AF Motorsport Team Operations Manual 2026	afm-operations-manual-2026	Internal operational procedures and standards governing all AF Motorsport team activities including garage protocols, equipment management, personnel conduct, safety procedures, communication hierarchies, and event preparation checklists. This document ensures consistent operational excellence across all events and personnel.	Published	Judicial & Disciplinary	Financial Audit	AFM-OPS-2026.01	Revision 4	2026-01-15 17:00:00+05:30	\N	f	af-motorsport-team-operations-manual-2026	2026-04-09 18:51:28.708+05:30	2026-04-09 18:51:28.708+05:30
3	Porsche Sprint Challenge Ibérica Sporting Regulations 2026	psci-sporting-2026	Championship-specific sporting regulations governing competitor conduct, event procedures, points allocation, and classification for the Porsche Sprint Challenge Ibérica series. These regulations supplement the FIA International Sporting Code with category-specific provisions for driver categorization, success ballast, and event format.	Published	Technical & Engineering	Telemetry Monitoring	PSCI-SPORT-2026.01	v3.2	2026-02-01 17:00:00+05:30	\N	f	porsche-sprint-challenge-ibrica-sporting-regulations-2026	2026-04-09 18:51:54.234+05:30	2026-04-09 18:51:54.234+05:30
4	FIA International Sporting Code 2026	fia-isc-2026	The fundamental regulatory framework governing all FIA-sanctioned international motorsport events and championships. This code establishes the core principles of sporting conduct, competitor obligations, official recognition, and disciplinary procedures that underpin all category-specific regulations.	Published	Technical & Engineering	Post-Event Inspection	FIA-ISC-2026.01	2026 Edition v1.0	2026-01-01 17:00:00+05:30	\N	f	fia-international-sporting-code-2026	2026-04-09 18:51:57.568+05:30	2026-04-09 18:51:57.568+05:30
5	Porsche Sprint Challenge Ibérica Technical Regulations 2026	psci-technical-2026	Technical regulations specific to Porsche 991.2 GT3 Cup and 992 GT3 Cup cars competing in the Porsche Sprint Challenge Ibérica. Defines permitted modifications, setup limitations, tire specifications, fuel requirements, and technical inspection procedures to ensure competitive balance and cost control.	Published	Judicial & Disciplinary	Telemetry Monitoring	PSCI-TECH-2026.01	v3.1	2026-02-01 17:00:00+05:30	\N	f	porsche-sprint-challenge-ibrica-technical-regulations-2026	2026-04-09 18:52:32.919+05:30	2026-04-09 18:52:32.919+05:30
6	AF Motorsport Driver Code of Conduct	afm-driver-conduct	Team-specific behavioral and professional standards required of all AF Motorsport drivers. Covers media obligations, sponsor representation, social media guidelines, teammate collaboration expectations, on-track conduct philosophy, and brand ambassadorship responsibilities. Establishes the cultural and ethical framework for driver participation in the team.	Published	Technical & Engineering	Self-Declaration	AFM-CONDUCT-DRV-2026.01	v2.4	2026-01-01 17:00:00+05:30	\N	f	af-motorsport-driver-code-of-conduct	2026-04-09 18:52:34.14+05:30	2026-04-09 18:52:34.14+05:30
\.


--
-- Data for Name: regulations_locales; Type: TABLE DATA; Schema: public; Owner: afmuser
--

COPY public.regulations_locales (seo_title, seo_image_id, seo_description, id, _locale, _parent_id) FROM stdin;
\.


--
-- Data for Name: regulations_rels; Type: TABLE DATA; Schema: public; Owner: afmuser
--

COPY public.regulations_rels (id, "order", parent_id, path, categories_id, tags_id) FROM stdin;
\.


--
-- Data for Name: results; Type: TABLE DATA; Schema: public; Owner: afmuser
--

COPY public.results (id, name, alias, basics_description, details_status, details_overall, details_class, details_order, details_interval, details_gap, details_state, details_laps, details_time, details_speed, details_distance, details_notes, generate_slug, slug, updated_at, created_at) FROM stdin;
5	André Fernandes - Barcelona 2025 Race 1 Result	fernandes-barcelona-2025-r1-result	Official race result for André Fernandes at Race 1 of the 2025 Porsche Sprint Challenge Ibérica round at Circuit de Barcelona-Catalunya.	Official	5	5	5	12.467	4.892	0	14	3018.234	154.6	65.198	First competitive appearance at Barcelona in Porsche Cup machinery. Struggled with aerodynamic balance in high-speed corners. Setup improvements identified for future events.	f	andr-fernandes---barcelona-2025-race-1-result	2026-04-10 10:31:23.995+05:30	2026-04-09 20:10:18.402+05:30
4	Portimão 2025 Race 2 Result	fernandes-portimao-2025-r2-result	Official race result for André Fernandes at Race 2 of the 2025 Porsche Sprint Challenge Ibérica round at Autódromo Internacional do Algarve.	Official	4	4	4	8.734	3.216	0	16	3022.581	147.3	74.448	Grid position from second-fastest qualifying lap. Lost position at start, recovered to fourth. Tire management affected late-race pace.	f	portimo-2025-race-2-result	2026-04-10 10:31:37.394+05:30	2026-04-09 20:08:47.516+05:30
3	André Fernandes - Portimão 2025 Race 1 Result	fernandes-portimao-2025-r1-result	Official race result for André Fernandes at Race 1 of the 2025 Porsche Sprint Challenge Ibérica round at Autódromo Internacional do Algarve.	Official	2	2	2	1.243	1.243	0	16	3015.847	147.9	74.448	Strong recovery drive from fifth on grid. Overtook for second position on lap 10. Maintained gap to leader despite tire degradation in closing laps.	f	andr-fernandes---portimo-2025-race-1-result	2026-04-10 10:31:50.82+05:30	2026-04-09 20:06:59.365+05:30
2	André Fernandes - Estoril 2025 Race 2 Result	fernandes-estoril-2025-r2-result	Official race result for André Fernandes at Race 2 of the 2025 Porsche Sprint Challenge Ibérica round at Autódromo do Estoril. This result represents AF Motorsport's first victory in Porsche competition.	Official	1	1	1	0	0	0	18	3042.156	147.2	75.276	Maiden Porsche victory for AF Motorsport. Led from lap 3 following overtake into Turn 1. Fastest lap recorded on lap 7.	f	andr-fernandes---estoril-2025-race-2-result	2026-04-10 10:32:07.811+05:30	2026-04-09 20:05:28.203+05:30
1	André Fernandes - Estoril 2025 Race 1 Result	fernandes-estoril-2025-r1-result	Official race result for André Fernandes at Race 1 of the 2025 Porsche Sprint Challenge Ibérica round at Autódromo do Estoril. This result represents AF Motorsport's first podium finish in Porsche competition.	Official	3	3	3	4.827	2.156	0	18	3047.392	146.8	75.276	First AF Motorsport podium in Porsche competition. Consistent pace throughout race with fastest lap on lap 12.	f	andr-fernandes---estoril-2025-race-1-result	2026-04-10 10:32:31.341+05:30	2026-04-09 20:01:57.262+05:30
6	André Fernandes P2 GT Class Murça 2026 Official Result	andre-fernandes-murca-2026-result	Official classification for André Fernandes at Rampa Porca de Murça 2026, securing second place in the GT category driving the Porsche 991.2 GT3 R.	Official	2	2	2	1.247	1.247	0	0	\N	137.4	5.2	Debut in Porsche 991.2 GT3 R. P2 in GT class. Strong consistent performance across both timed runs.	f	andr-fernandes-p2-gt-class-mura-2026-official-result	2026-04-10 16:35:38.108+05:30	2026-04-10 16:35:38.108+05:30
7	Pipo Massa Race 1 Victory Barcelona Official Result	pipo-massa-barcelona-r1-result	Official classification for Race 1 of the GT Winter Series Barcelona finale, with Pipo Massa securing victory in the Cup 2 class.	Official	1	1	1	0	0	0	18	\N	155.8	83.826	First European victory. Masterful wet-weather performance. Winning margin 0.637 seconds. Managed gap to pursuers expertly in closing laps.	f	pipo-massa-race-1-victory-barcelona-official-result	2026-04-10 16:38:08.281+05:30	2026-04-10 16:38:08.281+05:30
8	Rogério Grotta Portimão Fastest Lap Result	rogerio-grotta-portimao-result	Official timing confirmation of Rogério Grotta's fastest lap during his Portimão debut in the Porsche 991.2 GT3 R under wet conditions.	Official	7	5	2	0	0	0	4	\N	148.7	4.653	Fastest lap achieved in wet conditions. First time in GT3 R. First time at Portimão circuit. Exceptional adaptability demonstrated.	f	rogrio-grotta-portimo-fastest-lap-result	2026-04-10 16:40:30.705+05:30	2026-04-10 16:40:30.704+05:30
9	AF Motorsport P7 6 Hours of Portimão Result	afm-p7-portimao-6h-result	Official classification for AF Motorsport's entry in the 6 Hours of Portimão endurance race, securing seventh place overall.	Official	7	2	7	0	0	0	178	\N	137.6	828.234	Strong endurance performance with changing weather conditions—started dry, finished wet. All drivers contributed consistent pace. Zero mechanical issues throughout six hours.	f	af-motorsport-p7-6-hours-of-portimo-result	2026-04-10 16:42:50.826+05:30	2026-04-10 16:42:50.826+05:30
\.


--
-- Data for Name: results_locales; Type: TABLE DATA; Schema: public; Owner: afmuser
--

COPY public.results_locales (seo_title, seo_image_id, seo_description, id, _locale, _parent_id) FROM stdin;
\.


--
-- Data for Name: results_rels; Type: TABLE DATA; Schema: public; Owner: afmuser
--

COPY public.results_rels (id, "order", parent_id, path, categories_id, tags_id) FROM stdin;
1	1	5	categories	1	\N
2	2	5	categories	4	\N
3	1	5	tags	\N	7
4	2	5	tags	\N	11
5	3	5	tags	\N	15
6	1	4	categories	5	\N
7	2	4	categories	10	\N
8	1	4	tags	\N	1
9	2	4	tags	\N	3
10	3	4	tags	\N	4
11	4	4	tags	\N	9
12	1	3	categories	1	\N
13	2	3	categories	7	\N
14	1	3	tags	\N	10
15	2	3	tags	\N	8
16	3	3	tags	\N	9
17	1	2	categories	3	\N
18	2	2	categories	8	\N
19	3	2	categories	6	\N
20	1	2	tags	\N	2
21	2	2	tags	\N	11
22	3	2	tags	\N	10
23	4	2	tags	\N	12
24	1	1	categories	2	\N
25	2	1	categories	8	\N
26	3	1	categories	10	\N
27	4	1	categories	6	\N
28	1	1	tags	\N	3
29	2	1	tags	\N	2
30	3	1	tags	\N	9
31	1	6	categories	3	\N
32	2	6	categories	6	\N
33	1	6	tags	\N	36
34	2	6	tags	\N	8
35	3	6	tags	\N	39
36	1	7	categories	6	\N
37	2	7	categories	3	\N
38	3	7	categories	9	\N
39	1	7	tags	\N	5
40	2	7	tags	\N	54
41	3	7	tags	\N	9
42	4	7	tags	\N	63
43	1	8	categories	6	\N
44	2	8	categories	13	\N
45	3	8	categories	15	\N
46	1	8	tags	\N	4
47	2	8	tags	\N	12
48	3	8	tags	\N	9
49	1	9	categories	3	\N
50	2	9	categories	8	\N
51	3	9	categories	11	\N
52	1	9	tags	\N	7
53	2	9	tags	\N	4
54	3	9	tags	\N	15
\.


--
-- Data for Name: search; Type: TABLE DATA; Schema: public; Owner: afmuser
--

COPY public.search (id, priority, updated_at, created_at) FROM stdin;
1	0	2026-04-09 09:40:23.848+05:30	2026-04-09 09:40:23.848+05:30
365	0	2026-04-10 10:25:22.962+05:30	2026-04-10 10:25:22.962+05:30
3	0	2026-04-09 10:59:06.603+05:30	2026-04-09 10:59:06.603+05:30
4	0	2026-04-09 10:59:06.792+05:30	2026-04-09 10:59:06.792+05:30
5	0	2026-04-09 10:59:07.084+05:30	2026-04-09 10:59:07.084+05:30
6	0	2026-04-09 10:59:07.322+05:30	2026-04-09 10:59:07.322+05:30
7	0	2026-04-09 10:59:07.642+05:30	2026-04-09 10:59:07.642+05:30
8	0	2026-04-09 10:59:07.756+05:30	2026-04-09 10:59:07.756+05:30
9	0	2026-04-09 10:59:08.014+05:30	2026-04-09 10:59:08.014+05:30
10	0	2026-04-09 10:59:08.222+05:30	2026-04-09 10:59:08.222+05:30
11	0	2026-04-09 10:59:08.728+05:30	2026-04-09 10:59:08.728+05:30
12	0	2026-04-09 10:59:08.801+05:30	2026-04-09 10:59:08.801+05:30
13	0	2026-04-09 10:59:08.915+05:30	2026-04-09 10:59:08.915+05:30
14	0	2026-04-09 10:59:09.214+05:30	2026-04-09 10:59:09.214+05:30
15	0	2026-04-09 10:59:09.458+05:30	2026-04-09 10:59:09.458+05:30
16	0	2026-04-09 10:59:09.568+05:30	2026-04-09 10:59:09.568+05:30
17	0	2026-04-09 10:59:09.79+05:30	2026-04-09 10:59:09.79+05:30
18	0	2026-04-09 10:59:10.055+05:30	2026-04-09 10:59:10.055+05:30
19	0	2026-04-09 10:59:10.358+05:30	2026-04-09 10:59:10.358+05:30
20	0	2026-04-09 10:59:10.495+05:30	2026-04-09 10:59:10.495+05:30
21	0	2026-04-09 10:59:10.759+05:30	2026-04-09 10:59:10.759+05:30
22	0	2026-04-09 10:59:11.095+05:30	2026-04-09 10:59:11.095+05:30
23	0	2026-04-09 10:59:11.519+05:30	2026-04-09 10:59:11.519+05:30
24	0	2026-04-09 10:59:11.689+05:30	2026-04-09 10:59:11.689+05:30
25	0	2026-04-09 10:59:11.984+05:30	2026-04-09 10:59:11.984+05:30
26	0	2026-04-09 10:59:12.051+05:30	2026-04-09 10:59:12.051+05:30
27	0	2026-04-09 10:59:12.252+05:30	2026-04-09 10:59:12.252+05:30
28	0	2026-04-09 10:59:12.528+05:30	2026-04-09 10:59:12.528+05:30
29	0	2026-04-09 10:59:12.828+05:30	2026-04-09 10:59:12.828+05:30
30	0	2026-04-09 10:59:12.911+05:30	2026-04-09 10:59:12.911+05:30
31	0	2026-04-09 10:59:13.012+05:30	2026-04-09 10:59:13.012+05:30
32	0	2026-04-09 10:59:17.838+05:30	2026-04-09 10:59:17.838+05:30
33	0	2026-04-09 10:59:17.976+05:30	2026-04-09 10:59:17.976+05:30
34	0	2026-04-09 10:59:18.228+05:30	2026-04-09 10:59:18.228+05:30
35	0	2026-04-09 10:59:18.544+05:30	2026-04-09 10:59:18.544+05:30
36	0	2026-04-09 10:59:18.751+05:30	2026-04-09 10:59:18.751+05:30
37	0	2026-04-09 10:59:18.964+05:30	2026-04-09 10:59:18.964+05:30
38	0	2026-04-09 10:59:19.173+05:30	2026-04-09 10:59:19.173+05:30
39	0	2026-04-09 10:59:19.378+05:30	2026-04-09 10:59:19.378+05:30
40	0	2026-04-09 10:59:19.707+05:30	2026-04-09 10:59:19.707+05:30
41	0	2026-04-09 10:59:19.991+05:30	2026-04-09 10:59:19.991+05:30
42	0	2026-04-09 10:59:20.285+05:30	2026-04-09 10:59:20.285+05:30
43	0	2026-04-09 10:59:20.392+05:30	2026-04-09 10:59:20.392+05:30
44	0	2026-04-09 10:59:20.56+05:30	2026-04-09 10:59:20.56+05:30
45	0	2026-04-09 10:59:20.798+05:30	2026-04-09 10:59:20.798+05:30
46	0	2026-04-09 10:59:21.123+05:30	2026-04-09 10:59:21.123+05:30
47	0	2026-04-09 10:59:21.334+05:30	2026-04-09 10:59:21.334+05:30
48	0	2026-04-09 10:59:21.624+05:30	2026-04-09 10:59:21.624+05:30
49	0	2026-04-09 10:59:21.916+05:30	2026-04-09 10:59:21.916+05:30
50	0	2026-04-09 10:59:22.13+05:30	2026-04-09 10:59:22.13+05:30
51	0	2026-04-09 10:59:22.323+05:30	2026-04-09 10:59:22.323+05:30
52	0	2026-04-09 15:35:42.352+05:30	2026-04-09 15:35:42.352+05:30
53	0	2026-04-09 15:36:24.756+05:30	2026-04-09 15:36:24.756+05:30
54	0	2026-04-09 15:36:59.851+05:30	2026-04-09 15:36:59.851+05:30
55	0	2026-04-09 15:48:31.9+05:30	2026-04-09 15:48:31.9+05:30
56	0	2026-04-09 15:48:49.137+05:30	2026-04-09 15:48:49.137+05:30
57	0	2026-04-09 15:53:30.486+05:30	2026-04-09 15:53:30.486+05:30
58	0	2026-04-09 15:53:53.585+05:30	2026-04-09 15:53:53.585+05:30
59	0	2026-04-09 15:59:11.682+05:30	2026-04-09 15:59:11.682+05:30
60	0	2026-04-09 15:59:37.97+05:30	2026-04-09 15:59:37.97+05:30
61	0	2026-04-09 15:59:59.351+05:30	2026-04-09 15:59:59.351+05:30
62	0	2026-04-09 16:01:08.319+05:30	2026-04-09 16:01:08.319+05:30
63	0	2026-04-09 16:01:27.709+05:30	2026-04-09 16:01:27.709+05:30
64	0	2026-04-09 16:02:05.747+05:30	2026-04-09 16:02:05.746+05:30
65	0	2026-04-09 16:02:40.608+05:30	2026-04-09 16:02:40.608+05:30
66	0	2026-04-09 16:03:07.033+05:30	2026-04-09 16:03:07.033+05:30
67	0	2026-04-09 16:03:57.018+05:30	2026-04-09 16:03:57.018+05:30
68	0	2026-04-09 16:31:59.041+05:30	2026-04-09 16:31:59.041+05:30
69	0	2026-04-09 16:32:11.578+05:30	2026-04-09 16:32:11.578+05:30
70	0	2026-04-09 16:32:39.26+05:30	2026-04-09 16:32:39.26+05:30
71	0	2026-04-09 16:33:02.993+05:30	2026-04-09 16:33:02.993+05:30
72	0	2026-04-09 16:33:52.874+05:30	2026-04-09 16:33:52.874+05:30
73	0	2026-04-09 16:36:01.416+05:30	2026-04-09 16:36:01.416+05:30
74	0	2026-04-09 16:36:25.519+05:30	2026-04-09 16:36:25.519+05:30
75	0	2026-04-09 16:37:02.864+05:30	2026-04-09 16:37:02.864+05:30
76	0	2026-04-09 16:37:40.583+05:30	2026-04-09 16:37:40.583+05:30
77	0	2026-04-09 16:38:15.28+05:30	2026-04-09 16:38:15.28+05:30
78	0	2026-04-09 16:39:28.536+05:30	2026-04-09 16:39:28.535+05:30
79	0	2026-04-09 16:40:32.913+05:30	2026-04-09 16:40:32.913+05:30
80	0	2026-04-09 16:42:11.084+05:30	2026-04-09 16:42:11.084+05:30
81	0	2026-04-09 18:32:15.726+05:30	2026-04-09 18:32:15.726+05:30
82	0	2026-04-09 18:32:48.681+05:30	2026-04-09 18:32:48.681+05:30
83	0	2026-04-09 18:33:39.737+05:30	2026-04-09 18:33:39.737+05:30
84	0	2026-04-09 18:33:41.379+05:30	2026-04-09 18:33:41.379+05:30
85	0	2026-04-09 18:33:47.833+05:30	2026-04-09 18:33:47.833+05:30
86	0	2026-04-09 18:33:54.93+05:30	2026-04-09 18:33:54.93+05:30
87	0	2026-04-09 18:34:40.874+05:30	2026-04-09 18:34:40.874+05:30
88	0	2026-04-09 18:35:04.901+05:30	2026-04-09 18:35:04.901+05:30
89	0	2026-04-09 18:35:33.594+05:30	2026-04-09 18:35:33.594+05:30
149	0	2026-04-10 10:25:27.055+05:30	2026-04-09 19:24:46.093+05:30
148	0	2026-04-10 10:25:56.598+05:30	2026-04-09 19:24:17.749+05:30
95	0	2026-04-09 18:43:55.903+05:30	2026-04-09 18:43:55.903+05:30
94	0	2026-04-10 10:42:23.876+05:30	2026-04-09 18:43:20.654+05:30
97	0	2026-04-09 18:45:04.86+05:30	2026-04-09 18:45:04.86+05:30
98	0	2026-04-09 18:45:19.575+05:30	2026-04-09 18:45:19.575+05:30
99	0	2026-04-09 18:45:22.937+05:30	2026-04-09 18:45:22.937+05:30
100	0	2026-04-09 18:45:46.999+05:30	2026-04-09 18:45:46.999+05:30
101	0	2026-04-09 18:46:20.16+05:30	2026-04-09 18:46:20.16+05:30
102	0	2026-04-09 18:46:20.489+05:30	2026-04-09 18:46:20.489+05:30
103	0	2026-04-09 18:49:08.677+05:30	2026-04-09 18:49:08.677+05:30
104	0	2026-04-09 18:49:35.629+05:30	2026-04-09 18:49:35.629+05:30
105	0	2026-04-09 18:50:14.227+05:30	2026-04-09 18:50:14.227+05:30
106	0	2026-04-09 18:51:17.064+05:30	2026-04-09 18:51:17.064+05:30
107	0	2026-04-09 18:51:28.713+05:30	2026-04-09 18:51:28.713+05:30
108	0	2026-04-09 18:51:54.237+05:30	2026-04-09 18:51:54.237+05:30
109	0	2026-04-09 18:51:57.57+05:30	2026-04-09 18:51:57.57+05:30
110	0	2026-04-09 18:52:32.921+05:30	2026-04-09 18:52:32.921+05:30
111	0	2026-04-09 18:52:34.143+05:30	2026-04-09 18:52:34.143+05:30
368	0	2026-04-10 10:26:28.681+05:30	2026-04-10 10:26:28.681+05:30
146	0	2026-04-10 10:26:59.182+05:30	2026-04-09 19:23:45.572+05:30
372	0	2026-04-10 10:27:32.634+05:30	2026-04-10 10:27:32.634+05:30
378	0	2026-04-10 10:29:34.287+05:30	2026-04-10 10:29:34.287+05:30
382	0	2026-04-10 10:30:51.126+05:30	2026-04-10 10:30:51.126+05:30
122	0	2026-04-10 10:42:27.76+05:30	2026-04-09 19:02:47.217+05:30
93	0	2026-04-10 10:42:59.579+05:30	2026-04-09 18:43:15.056+05:30
155	0	2026-04-10 10:32:42.923+05:30	2026-04-09 19:28:58.917+05:30
130	0	2026-04-10 10:35:40.773+05:30	2026-04-09 19:15:29.731+05:30
131	0	2026-04-10 10:36:07.23+05:30	2026-04-09 19:16:03.674+05:30
132	0	2026-04-10 10:36:29.394+05:30	2026-04-09 19:16:06.2+05:30
134	0	2026-04-10 10:37:11.574+05:30	2026-04-09 19:16:20.835+05:30
121	0	2026-04-10 10:43:28.156+05:30	2026-04-09 19:02:17.853+05:30
135	0	2026-04-10 10:37:53.877+05:30	2026-04-09 19:18:50.68+05:30
92	0	2026-04-10 10:43:49.041+05:30	2026-04-09 18:43:10.699+05:30
120	0	2026-04-10 10:43:53.542+05:30	2026-04-09 19:01:50.578+05:30
91	0	2026-04-10 10:44:02.537+05:30	2026-04-09 18:42:41.024+05:30
119	0	2026-04-10 10:44:15.732+05:30	2026-04-09 19:01:33.459+05:30
90	0	2026-04-10 10:44:32.29+05:30	2026-04-09 18:40:57.945+05:30
118	0	2026-04-10 10:44:49.255+05:30	2026-04-09 19:01:32.54+05:30
133	0	2026-04-10 10:57:42.037+05:30	2026-04-09 19:16:15.802+05:30
128	0	2026-04-10 11:29:26.551+05:30	2026-04-09 19:10:57.896+05:30
126	0	2026-04-10 11:30:05.017+05:30	2026-04-09 19:10:01.473+05:30
125	0	2026-04-10 11:30:35.211+05:30	2026-04-09 19:09:49.131+05:30
124	0	2026-04-10 11:31:02.163+05:30	2026-04-09 19:09:45.36+05:30
136	0	2026-04-10 10:38:20.454+05:30	2026-04-09 19:19:06.58+05:30
137	0	2026-04-10 10:38:43.699+05:30	2026-04-09 19:19:20.575+05:30
138	0	2026-04-10 10:38:57.442+05:30	2026-04-09 19:19:48.639+05:30
139	0	2026-04-10 10:39:17.399+05:30	2026-04-09 19:20:24.101+05:30
140	0	2026-04-10 10:39:32.7+05:30	2026-04-09 19:20:32.613+05:30
141	0	2026-04-10 10:40:15.492+05:30	2026-04-09 19:21:19.946+05:30
142	0	2026-04-10 10:40:32.656+05:30	2026-04-09 19:21:24.848+05:30
143	0	2026-04-10 10:40:47.083+05:30	2026-04-09 19:21:41.99+05:30
144	0	2026-04-10 10:41:09.604+05:30	2026-04-09 19:21:49.616+05:30
145	0	2026-04-10 10:41:27.032+05:30	2026-04-09 19:22:42.83+05:30
123	0	2026-04-10 10:41:37.461+05:30	2026-04-09 19:03:33.297+05:30
96	0	2026-04-10 10:41:44.685+05:30	2026-04-09 18:44:29.41+05:30
117	0	2026-04-10 10:15:16.928+05:30	2026-04-09 18:58:03.054+05:30
116	0	2026-04-10 10:15:26.34+05:30	2026-04-09 18:57:58.141+05:30
115	0	2026-04-10 10:15:38.386+05:30	2026-04-09 18:57:34.597+05:30
114	0	2026-04-10 10:15:48.912+05:30	2026-04-09 18:57:12.482+05:30
113	0	2026-04-10 10:16:03.068+05:30	2026-04-09 18:57:10.397+05:30
112	0	2026-04-10 10:16:13.629+05:30	2026-04-09 18:57:10.391+05:30
151	0	2026-04-10 10:24:45.713+05:30	2026-04-09 19:27:09.157+05:30
150	0	2026-04-10 10:25:05.148+05:30	2026-04-09 19:25:05.158+05:30
254	0	2026-04-10 10:42:19.726+05:30	2026-04-10 00:51:10.745+05:30
253	0	2026-04-10 10:42:31.742+05:30	2026-04-10 00:50:06.874+05:30
252	0	2026-04-10 10:42:43.853+05:30	2026-04-10 00:49:13.875+05:30
251	0	2026-04-10 10:42:58.182+05:30	2026-04-10 00:48:21.623+05:30
250	0	2026-04-10 10:43:19.759+05:30	2026-04-10 00:47:34.689+05:30
166	0	2026-04-10 10:25:25.284+05:30	2026-04-09 19:48:15.825+05:30
198	0	2026-04-10 10:25:47.867+05:30	2026-04-09 20:17:04.132+05:30
249	0	2026-04-10 10:43:46.699+05:30	2026-04-10 00:46:53.605+05:30
240	0	2026-04-10 10:44:08.989+05:30	2026-04-09 21:31:37.392+05:30
195	0	2026-04-10 10:26:15.679+05:30	2026-04-09 20:15:16.277+05:30
194	0	2026-04-10 10:26:35.807+05:30	2026-04-09 20:14:08.765+05:30
227	0	2026-04-10 10:26:47.112+05:30	2026-04-09 20:56:55.113+05:30
239	0	2026-04-10 10:44:22.56+05:30	2026-04-09 21:26:50.983+05:30
191	0	2026-04-10 10:26:55.333+05:30	2026-04-09 20:12:03.824+05:30
225	0	2026-04-10 10:27:17.123+05:30	2026-04-09 20:50:18.359+05:30
190	0	2026-04-10 10:27:21.015+05:30	2026-04-09 20:10:55.577+05:30
224	0	2026-04-10 10:27:43.268+05:30	2026-04-09 20:47:58.68+05:30
161	0	2026-04-10 10:27:47.687+05:30	2026-04-09 19:35:30.596+05:30
238	0	2026-04-10 10:44:43.328+05:30	2026-04-09 21:23:09.005+05:30
179	0	2026-04-09 20:02:40.885+05:30	2026-04-09 20:02:40.885+05:30
237	0	2026-04-10 10:45:19.109+05:30	2026-04-09 21:20:19.846+05:30
280	0	2026-04-10 10:45:31.731+05:30	2026-04-10 09:35:49.49+05:30
264	0	2026-04-10 10:45:46.243+05:30	2026-04-10 09:20:58.517+05:30
263	0	2026-04-10 10:45:54.819+05:30	2026-04-10 09:20:44.917+05:30
277	0	2026-04-10 10:45:58.33+05:30	2026-04-10 09:33:52.516+05:30
186	0	2026-04-10 10:27:57.227+05:30	2026-04-09 20:08:40.935+05:30
242	0	2026-04-10 10:46:24.351+05:30	2026-04-10 00:26:40.12+05:30
188	0	2026-04-09 20:10:04.932+05:30	2026-04-09 20:10:04.931+05:30
262	0	2026-04-10 10:46:26.298+05:30	2026-04-10 09:20:31.79+05:30
261	0	2026-04-10 10:46:41.805+05:30	2026-04-10 09:20:30.78+05:30
192	0	2026-04-09 20:13:04.13+05:30	2026-04-09 20:13:04.13+05:30
241	0	2026-04-10 10:46:50.232+05:30	2026-04-10 00:08:48.005+05:30
260	0	2026-04-10 10:47:01.014+05:30	2026-04-10 09:20:11.59+05:30
185	0	2026-04-10 10:28:26.568+05:30	2026-04-09 20:07:53.927+05:30
183	0	2026-04-10 10:28:48.328+05:30	2026-04-09 20:06:46.284+05:30
160	0	2026-04-10 10:28:52.446+05:30	2026-04-09 19:34:42.505+05:30
159	0	2026-04-10 10:29:07.166+05:30	2026-04-09 19:34:29.614+05:30
182	0	2026-04-10 10:29:11.201+05:30	2026-04-09 20:05:39.169+05:30
286	0	2026-04-10 10:47:35.892+05:30	2026-04-10 09:42:17.831+05:30
158	0	2026-04-10 10:29:27.356+05:30	2026-04-09 19:34:19.565+05:30
180	0	2026-04-10 10:29:32.962+05:30	2026-04-09 20:04:08.874+05:30
285	0	2026-04-10 10:47:59.946+05:30	2026-04-10 09:41:03.839+05:30
283	0	2026-04-10 10:48:25.286+05:30	2026-04-10 09:38:11.587+05:30
282	0	2026-04-10 10:48:48.282+05:30	2026-04-10 09:38:00.978+05:30
281	0	2026-04-10 10:49:09.714+05:30	2026-04-10 09:37:19.708+05:30
248	0	2026-04-10 10:29:51.697+05:30	2026-04-10 00:33:24.958+05:30
247	0	2026-04-10 10:30:05.27+05:30	2026-04-10 00:32:37.507+05:30
246	0	2026-04-10 10:30:23.805+05:30	2026-04-10 00:31:47.146+05:30
157	0	2026-04-10 10:30:24.558+05:30	2026-04-09 19:33:42.289+05:30
245	0	2026-04-10 10:30:34.371+05:30	2026-04-10 00:31:08.887+05:30
168	0	2026-04-10 10:55:12.747+05:30	2026-04-09 19:49:18.092+05:30
244	0	2026-04-10 10:30:49.254+05:30	2026-04-10 00:30:25.826+05:30
243	0	2026-04-10 10:31:06.586+05:30	2026-04-10 00:29:38.112+05:30
189	0	2026-04-10 10:31:24.015+05:30	2026-04-09 20:10:18.41+05:30
187	0	2026-04-10 10:31:37.405+05:30	2026-04-09 20:08:47.521+05:30
184	0	2026-04-10 10:31:50.835+05:30	2026-04-09 20:06:59.374+05:30
181	0	2026-04-10 10:32:07.824+05:30	2026-04-09 20:05:28.208+05:30
178	0	2026-04-10 10:32:31.365+05:30	2026-04-09 20:01:57.268+05:30
305	0	2026-04-10 10:33:05.985+05:30	2026-04-10 10:02:20.049+05:30
293	0	2026-04-10 10:33:14.293+05:30	2026-04-10 09:51:15.957+05:30
303	0	2026-04-10 10:33:19.272+05:30	2026-04-10 10:02:07.806+05:30
274	0	2026-04-10 10:33:24.735+05:30	2026-04-10 09:27:38.694+05:30
209	0	2026-04-10 10:33:29.893+05:30	2026-04-09 20:27:33.458+05:30
292	0	2026-04-10 10:33:37.088+05:30	2026-04-10 09:49:00.848+05:30
208	0	2026-04-10 10:33:42.917+05:30	2026-04-09 20:26:39.598+05:30
207	0	2026-04-10 10:33:54.405+05:30	2026-04-09 20:25:46.348+05:30
269	0	2026-04-10 10:33:56.626+05:30	2026-04-10 09:24:11.493+05:30
259	0	2026-04-10 10:33:57.801+05:30	2026-04-10 01:06:10.532+05:30
206	0	2026-04-10 10:34:07.861+05:30	2026-04-09 20:24:46.25+05:30
215	0	2026-04-10 11:05:04.605+05:30	2026-04-09 20:34:24.912+05:30
205	0	2026-04-10 10:34:20.588+05:30	2026-04-09 20:23:29.144+05:30
216	0	2026-04-10 11:15:19.748+05:30	2026-04-09 20:34:46.835+05:30
223	0	2026-04-10 11:17:44.978+05:30	2026-04-09 20:47:09.327+05:30
129	0	2026-04-10 11:29:10.37+05:30	2026-04-09 19:12:15.332+05:30
127	0	2026-04-10 11:29:46.118+05:30	2026-04-09 19:10:26.323+05:30
229	0	2026-04-10 11:30:51.774+05:30	2026-04-09 21:03:19.344+05:30
231	0	2026-04-10 11:31:23.867+05:30	2026-04-09 21:09:40.107+05:30
204	0	2026-04-10 10:34:30.844+05:30	2026-04-09 20:22:34.501+05:30
230	0	2026-04-10 11:31:55.488+05:30	2026-04-09 21:06:20.355+05:30
228	0	2026-04-10 11:32:37.681+05:30	2026-04-09 21:00:15.106+05:30
287	0	2026-04-10 16:59:32.43+05:30	2026-04-10 09:46:02.503+05:30
258	0	2026-04-10 10:34:39.349+05:30	2026-04-10 01:03:44.229+05:30
202	0	2026-04-10 10:34:44.739+05:30	2026-04-09 20:21:39.02+05:30
200	0	2026-04-10 10:34:58.779+05:30	2026-04-09 20:20:35.563+05:30
288	0	2026-04-10 16:59:47.136+05:30	2026-04-10 09:46:50.38+05:30
267	0	2026-04-10 10:35:01.57+05:30	2026-04-10 09:23:42.829+05:30
257	0	2026-04-10 10:35:08.574+05:30	2026-04-10 01:01:37.767+05:30
284	0	2026-04-10 17:00:21.861+05:30	2026-04-10 09:40:04.113+05:30
256	0	2026-04-10 17:01:03.872+05:30	2026-04-10 00:58:01.459+05:30
278	0	2026-04-10 17:04:14.11+05:30	2026-04-10 09:34:16.721+05:30
276	0	2026-04-10 17:05:21.364+05:30	2026-04-10 09:33:19.89+05:30
203	0	2026-04-10 17:20:26.066+05:30	2026-04-09 20:21:44.999+05:30
201	0	2026-04-10 17:23:31.678+05:30	2026-04-09 20:20:40.334+05:30
199	0	2026-04-10 17:27:06.925+05:30	2026-04-09 20:19:37.677+05:30
197	0	2026-04-10 17:31:07.778+05:30	2026-04-09 20:17:01.371+05:30
196	0	2026-04-10 17:34:29.357+05:30	2026-04-09 20:15:33.032+05:30
193	0	2026-04-10 17:35:11.792+05:30	2026-04-09 20:14:04.269+05:30
220	0	2026-04-10 18:00:21.564+05:30	2026-04-09 20:40:20.749+05:30
219	0	2026-04-10 18:02:55.436+05:30	2026-04-09 20:38:55.524+05:30
265	0	2026-04-10 10:35:48.349+05:30	2026-04-10 09:22:41.352+05:30
298	0	2026-04-10 10:35:50.543+05:30	2026-04-10 09:54:54.429+05:30
296	0	2026-04-10 10:36:07.649+05:30	2026-04-10 09:53:01.661+05:30
275	0	2026-04-10 10:36:13.608+05:30	2026-04-10 09:29:53.672+05:30
218	0	2026-04-10 18:04:42.4+05:30	2026-04-09 20:37:28.906+05:30
291	0	2026-04-10 10:36:20.403+05:30	2026-04-10 09:47:22.513+05:30
217	0	2026-04-10 18:05:37.908+05:30	2026-04-09 20:35:54.499+05:30
268	0	2026-04-14 01:44:35.834+05:30	2026-04-10 09:23:55.773+05:30
266	0	2026-04-14 01:44:49.153+05:30	2026-04-10 09:23:39.769+05:30
210	0	2026-04-25 18:04:51.541+05:30	2026-04-09 20:28:40.541+05:30
279	0	2026-04-25 18:32:40.143+05:30	2026-04-10 09:34:58.718+05:30
214	0	2026-04-10 10:36:31.79+05:30	2026-04-09 20:33:18.114+05:30
273	0	2026-04-10 10:36:41.649+05:30	2026-04-10 09:27:00.221+05:30
222	0	2026-04-27 22:51:28.402+05:30	2026-04-09 20:45:42.945+05:30
301	0	2026-04-10 10:01:21.671+05:30	2026-04-10 10:01:21.671+05:30
302	0	2026-04-10 10:01:49.78+05:30	2026-04-10 10:01:49.78+05:30
213	0	2026-04-10 10:36:42.663+05:30	2026-04-09 20:31:56.962+05:30
304	0	2026-04-10 10:02:14.081+05:30	2026-04-10 10:02:14.081+05:30
290	0	2026-04-10 10:36:43.28+05:30	2026-04-10 09:47:08.63+05:30
306	0	2026-04-10 10:02:41.426+05:30	2026-04-10 10:02:41.426+05:30
212	0	2026-04-10 10:37:01.933+05:30	2026-04-09 20:30:42.057+05:30
289	0	2026-04-10 10:37:05.799+05:30	2026-04-10 09:46:59.357+05:30
272	0	2026-04-10 10:37:06.161+05:30	2026-04-10 09:26:55.915+05:30
211	0	2026-04-10 10:37:16.273+05:30	2026-04-09 20:28:54.272+05:30
174	0	2026-04-10 10:17:23.222+05:30	2026-04-09 19:54:05.283+05:30
175	0	2026-04-10 10:18:04.081+05:30	2026-04-09 19:55:20.991+05:30
164	0	2026-04-10 10:18:56.345+05:30	2026-04-09 19:45:53.134+05:30
163	0	2026-04-10 10:19:31.263+05:30	2026-04-09 19:44:11.398+05:30
162	0	2026-04-10 10:20:02.932+05:30	2026-04-09 19:41:59.253+05:30
171	0	2026-04-10 10:21:24.65+05:30	2026-04-09 19:51:07.017+05:30
271	0	2026-04-10 10:37:33.125+05:30	2026-04-10 09:26:46.791+05:30
170	0	2026-04-10 10:21:52.682+05:30	2026-04-09 19:50:07.307+05:30
300	0	2026-04-10 10:37:54.228+05:30	2026-04-10 09:59:07.598+05:30
167	0	2026-04-10 10:22:20.349+05:30	2026-04-09 19:48:27.794+05:30
270	0	2026-04-10 10:38:24.679+05:30	2026-04-10 09:26:29.12+05:30
165	0	2026-04-10 10:22:49.871+05:30	2026-04-09 19:46:31.647+05:30
177	0	2026-04-10 10:23:28.518+05:30	2026-04-09 19:58:53.71+05:30
176	0	2026-04-10 10:23:58.475+05:30	2026-04-09 19:57:22.173+05:30
173	0	2026-04-10 10:24:40.071+05:30	2026-04-09 19:52:18.332+05:30
169	0	2026-04-10 10:24:59.988+05:30	2026-04-09 19:50:01.009+05:30
299	0	2026-04-10 10:38:40.742+05:30	2026-04-10 09:57:07.067+05:30
297	0	2026-04-10 10:39:02.594+05:30	2026-04-10 09:53:21.18+05:30
295	0	2026-04-10 10:39:25.44+05:30	2026-04-10 09:51:36.571+05:30
294	0	2026-04-10 10:39:54.388+05:30	2026-04-10 09:51:24.016+05:30
236	0	2026-04-10 10:40:52.648+05:30	2026-04-09 21:16:35.487+05:30
235	0	2026-04-10 10:41:04.044+05:30	2026-04-09 21:15:33.254+05:30
234	0	2026-04-10 10:41:18.963+05:30	2026-04-09 21:14:22.437+05:30
233	0	2026-04-10 10:41:32.544+05:30	2026-04-09 21:12:57.66+05:30
232	0	2026-04-10 10:41:46.784+05:30	2026-04-09 21:11:50.601+05:30
307	0	2026-04-10 10:03:23.835+05:30	2026-04-10 10:03:23.835+05:30
308	0	2026-04-10 10:03:43.025+05:30	2026-04-10 10:03:43.025+05:30
309	0	2026-04-10 10:04:10.359+05:30	2026-04-10 10:04:10.359+05:30
310	0	2026-04-10 10:04:29.192+05:30	2026-04-10 10:04:29.192+05:30
311	0	2026-04-10 10:04:42.448+05:30	2026-04-10 10:04:42.448+05:30
312	0	2026-04-10 10:05:00.11+05:30	2026-04-10 10:05:00.11+05:30
366	0	2026-04-10 10:25:46.235+05:30	2026-04-10 10:25:46.235+05:30
147	0	2026-04-10 10:26:32.738+05:30	2026-04-09 19:24:12.045+05:30
369	0	2026-04-10 10:26:45.933+05:30	2026-04-10 10:26:45.933+05:30
376	0	2026-04-10 10:28:48.825+05:30	2026-04-10 10:28:48.825+05:30
420	0	2026-04-10 10:42:26.744+05:30	2026-04-10 10:42:26.744+05:30
153	0	2026-04-10 10:29:52.741+05:30	2026-04-09 19:28:38.043+05:30
379	0	2026-04-10 10:29:53.777+05:30	2026-04-10 10:29:53.777+05:30
381	0	2026-04-10 10:30:30.583+05:30	2026-04-10 10:30:30.583+05:30
383	0	2026-04-10 10:31:12.125+05:30	2026-04-10 10:31:12.125+05:30
385	0	2026-04-10 10:31:58.155+05:30	2026-04-10 10:31:58.155+05:30
388	0	2026-04-10 10:33:01.538+05:30	2026-04-10 10:33:01.538+05:30
392	0	2026-04-10 10:34:11.281+05:30	2026-04-10 10:34:11.281+05:30
394	0	2026-04-10 10:34:38.627+05:30	2026-04-10 10:34:38.627+05:30
396	0	2026-04-10 10:35:19.048+05:30	2026-04-10 10:35:19.048+05:30
397	0	2026-04-10 10:35:32.933+05:30	2026-04-10 10:35:32.933+05:30
399	0	2026-04-10 10:36:01.41+05:30	2026-04-10 10:36:01.41+05:30
400	0	2026-04-10 10:36:14.86+05:30	2026-04-10 10:36:14.86+05:30
402	0	2026-04-10 10:36:44.886+05:30	2026-04-10 10:36:44.886+05:30
405	0	2026-04-10 10:37:51.655+05:30	2026-04-10 10:37:51.655+05:30
408	0	2026-04-10 10:38:43.757+05:30	2026-04-10 10:38:43.757+05:30
411	0	2026-04-10 10:39:42.655+05:30	2026-04-10 10:39:42.655+05:30
414	0	2026-04-10 10:40:34.121+05:30	2026-04-10 10:40:34.121+05:30
415	0	2026-04-10 10:40:43.884+05:30	2026-04-10 10:40:43.884+05:30
416	0	2026-04-10 10:41:03.376+05:30	2026-04-10 10:41:03.376+05:30
418	0	2026-04-10 10:41:40.312+05:30	2026-04-10 10:41:40.312+05:30
421	0	2026-04-10 10:42:53.53+05:30	2026-04-10 10:42:53.53+05:30
424	0	2026-04-10 10:43:51.158+05:30	2026-04-10 10:43:51.158+05:30
426	0	2026-04-10 10:44:28.364+05:30	2026-04-10 10:44:28.364+05:30
428	0	2026-04-10 10:45:10.423+05:30	2026-04-10 10:45:10.423+05:30
430	0	2026-04-10 10:45:50.893+05:30	2026-04-10 10:45:50.893+05:30
431	0	2026-04-10 10:46:09.471+05:30	2026-04-10 10:46:09.471+05:30
433	0	2026-04-10 10:46:40.598+05:30	2026-04-10 10:46:40.598+05:30
434	0	2026-04-10 10:47:03.491+05:30	2026-04-10 10:47:03.491+05:30
435	0	2026-04-10 10:47:18.45+05:30	2026-04-10 10:47:18.45+05:30
436	0	2026-04-10 10:47:39.153+05:30	2026-04-10 10:47:39.152+05:30
438	0	2026-04-10 10:48:17.458+05:30	2026-04-10 10:48:17.458+05:30
443	0	2026-04-10 10:49:42.056+05:30	2026-04-10 10:49:42.056+05:30
445	0	2026-04-10 10:50:15.725+05:30	2026-04-10 10:50:15.724+05:30
448	0	2026-04-10 10:51:00.8+05:30	2026-04-10 10:51:00.8+05:30
450	0	2026-04-10 10:51:28.136+05:30	2026-04-10 10:51:28.136+05:30
452	0	2026-04-10 10:51:56.509+05:30	2026-04-10 10:51:56.509+05:30
454	0	2026-04-10 10:52:27.842+05:30	2026-04-10 10:52:27.842+05:30
457	0	2026-04-10 10:53:19.816+05:30	2026-04-10 10:53:19.816+05:30
459	0	2026-04-10 10:53:46.122+05:30	2026-04-10 10:53:46.122+05:30
464	0	2026-04-10 10:55:33.245+05:30	2026-04-10 10:55:33.245+05:30
465	0	2026-04-10 10:55:48.55+05:30	2026-04-10 10:55:48.55+05:30
468	0	2026-04-10 10:56:32.182+05:30	2026-04-10 10:56:32.182+05:30
469	0	2026-04-10 10:56:46.372+05:30	2026-04-10 10:56:46.372+05:30
472	0	2026-04-10 10:57:43.214+05:30	2026-04-10 10:57:43.214+05:30
474	0	2026-04-10 10:58:19.399+05:30	2026-04-10 10:58:19.399+05:30
477	0	2026-04-10 10:59:17.303+05:30	2026-04-10 10:59:17.303+05:30
480	0	2026-04-10 11:00:14.288+05:30	2026-04-10 11:00:14.288+05:30
482	0	2026-04-10 11:00:46.856+05:30	2026-04-10 11:00:46.856+05:30
485	0	2026-04-10 11:01:31.946+05:30	2026-04-10 11:01:31.946+05:30
152	0	2026-04-10 11:01:42.086+05:30	2026-04-09 19:28:15.225+05:30
487	0	2026-04-10 11:02:08.952+05:30	2026-04-10 11:02:08.952+05:30
490	0	2026-04-10 11:02:58.338+05:30	2026-04-10 11:02:58.338+05:30
491	0	2026-04-10 11:03:13.707+05:30	2026-04-10 11:03:13.707+05:30
493	0	2026-04-10 11:04:00.236+05:30	2026-04-10 11:04:00.236+05:30
494	0	2026-04-10 11:04:22.23+05:30	2026-04-10 11:04:22.23+05:30
495	0	2026-04-10 11:04:41.523+05:30	2026-04-10 11:04:41.523+05:30
497	0	2026-04-10 11:05:14.993+05:30	2026-04-10 11:05:14.993+05:30
498	0	2026-04-10 11:05:32.272+05:30	2026-04-10 11:05:32.272+05:30
500	0	2026-04-10 11:06:13.752+05:30	2026-04-10 11:06:13.752+05:30
501	0	2026-04-10 11:06:25.341+05:30	2026-04-10 11:06:25.341+05:30
502	0	2026-04-10 11:06:47.675+05:30	2026-04-10 11:06:47.675+05:30
503	0	2026-04-10 11:07:02.176+05:30	2026-04-10 11:07:02.176+05:30
505	0	2026-04-10 11:07:33.923+05:30	2026-04-10 11:07:33.923+05:30
507	0	2026-04-10 11:08:09.18+05:30	2026-04-10 11:08:09.18+05:30
509	0	2026-04-10 11:09:05.855+05:30	2026-04-10 11:09:05.855+05:30
510	0	2026-04-10 11:09:22.129+05:30	2026-04-10 11:09:22.129+05:30
512	0	2026-04-10 11:10:01.961+05:30	2026-04-10 11:10:01.961+05:30
513	0	2026-04-10 11:10:23.389+05:30	2026-04-10 11:10:23.389+05:30
514	0	2026-04-10 11:10:43.831+05:30	2026-04-10 11:10:43.83+05:30
516	0	2026-04-10 11:11:26.612+05:30	2026-04-10 11:11:26.612+05:30
519	0	2026-04-10 11:12:17.499+05:30	2026-04-10 11:12:17.499+05:30
523	0	2026-04-10 11:13:44.639+05:30	2026-04-10 11:13:44.639+05:30
524	0	2026-04-10 11:13:57.443+05:30	2026-04-10 11:13:57.443+05:30
528	0	2026-04-10 11:15:14.796+05:30	2026-04-10 11:15:14.796+05:30
530	0	2026-04-10 11:16:36.816+05:30	2026-04-10 11:16:36.816+05:30
532	0	2026-04-10 11:17:07.257+05:30	2026-04-10 11:17:07.257+05:30
533	0	2026-04-10 11:17:27.557+05:30	2026-04-10 11:17:27.557+05:30
536	0	2026-04-10 11:17:50.154+05:30	2026-04-10 11:17:50.154+05:30
538	0	2026-04-10 11:17:58.999+05:30	2026-04-10 11:17:58.999+05:30
539	0	2026-04-10 11:18:09.898+05:30	2026-04-10 11:18:09.898+05:30
540	0	2026-04-10 11:18:12.586+05:30	2026-04-10 11:18:12.586+05:30
541	0	2026-04-10 11:18:13.963+05:30	2026-04-10 11:18:13.963+05:30
543	0	2026-04-10 11:18:27.77+05:30	2026-04-10 11:18:27.77+05:30
545	0	2026-04-10 11:18:32.194+05:30	2026-04-10 11:18:32.194+05:30
548	0	2026-04-10 11:18:49.375+05:30	2026-04-10 11:18:49.375+05:30
550	0	2026-04-10 11:19:01.88+05:30	2026-04-10 11:19:01.88+05:30
552	0	2026-04-10 11:19:15.127+05:30	2026-04-10 11:19:15.127+05:30
554	0	2026-04-10 11:19:38.809+05:30	2026-04-10 11:19:38.809+05:30
561	0	2026-04-10 15:51:51.099+05:30	2026-04-10 15:51:51.099+05:30
555	0	2026-04-10 15:52:11.466+05:30	2026-04-10 14:51:02.892+05:30
562	0	2026-04-10 15:52:16.893+05:30	2026-04-10 15:52:16.893+05:30
557	0	2026-04-10 15:52:51.757+05:30	2026-04-10 15:12:38.585+05:30
563	0	2026-04-10 15:53:33.301+05:30	2026-04-10 15:53:33.3+05:30
564	0	2026-04-10 15:55:09.547+05:30	2026-04-10 15:54:59.707+05:30
566	0	2026-04-10 15:57:55.751+05:30	2026-04-10 15:57:55.751+05:30
571	0	2026-04-10 16:06:59.923+05:30	2026-04-10 16:05:07.3+05:30
573	0	2026-04-10 16:08:26.59+05:30	2026-04-10 16:08:26.59+05:30
574	0	2026-04-10 16:08:42.019+05:30	2026-04-10 16:08:42.019+05:30
575	0	2026-04-10 16:10:03.783+05:30	2026-04-10 16:10:03.783+05:30
572	0	2026-04-10 16:10:18.045+05:30	2026-04-10 16:06:37.088+05:30
577	0	2026-04-10 16:12:40.115+05:30	2026-04-10 16:12:40.115+05:30
578	0	2026-04-10 16:12:58.128+05:30	2026-04-10 16:12:58.128+05:30
579	0	2026-04-10 16:13:10.029+05:30	2026-04-10 16:13:10.029+05:30
580	0	2026-04-10 16:13:31.207+05:30	2026-04-10 16:13:31.207+05:30
581	0	2026-04-10 16:14:02.169+05:30	2026-04-10 16:14:02.169+05:30
582	0	2026-04-10 16:14:24.53+05:30	2026-04-10 16:14:24.529+05:30
583	0	2026-04-10 16:14:26.341+05:30	2026-04-10 16:14:26.341+05:30
584	0	2026-04-10 16:14:34.119+05:30	2026-04-10 16:14:34.119+05:30
576	0	2026-04-10 16:14:44.292+05:30	2026-04-10 16:11:34.515+05:30
585	0	2026-04-10 16:15:47.497+05:30	2026-04-10 16:15:47.497+05:30
586	0	2026-04-10 16:16:02.134+05:30	2026-04-10 16:16:02.134+05:30
587	0	2026-04-10 16:16:26.738+05:30	2026-04-10 16:16:26.738+05:30
589	0	2026-04-10 16:16:53.747+05:30	2026-04-10 16:16:53.747+05:30
590	0	2026-04-10 16:17:07.107+05:30	2026-04-10 16:17:07.107+05:30
591	0	2026-04-10 16:17:16.238+05:30	2026-04-10 16:17:16.238+05:30
592	0	2026-04-10 16:17:27.148+05:30	2026-04-10 16:17:19.035+05:30
593	0	2026-04-10 16:18:03.436+05:30	2026-04-10 16:18:03.436+05:30
594	0	2026-04-10 16:18:22.663+05:30	2026-04-10 16:18:22.663+05:30
595	0	2026-04-10 16:18:34.739+05:30	2026-04-10 16:18:34.739+05:30
596	0	2026-04-10 16:18:43.963+05:30	2026-04-10 16:18:43.963+05:30
597	0	2026-04-10 16:18:54.041+05:30	2026-04-10 16:18:54.041+05:30
598	0	2026-04-10 16:19:07.303+05:30	2026-04-10 16:19:07.303+05:30
599	0	2026-04-10 16:19:08.673+05:30	2026-04-10 16:19:08.673+05:30
600	0	2026-04-10 16:19:47.906+05:30	2026-04-10 16:19:47.906+05:30
601	0	2026-04-10 16:20:18.086+05:30	2026-04-10 16:20:18.086+05:30
602	0	2026-04-10 16:20:26.574+05:30	2026-04-10 16:20:26.574+05:30
603	0	2026-04-10 16:21:04.796+05:30	2026-04-10 16:21:04.795+05:30
604	0	2026-04-10 16:21:18.113+05:30	2026-04-10 16:21:18.113+05:30
605	0	2026-04-10 16:21:22.935+05:30	2026-04-10 16:21:22.935+05:30
606	0	2026-04-10 16:21:30.327+05:30	2026-04-10 16:21:30.327+05:30
607	0	2026-04-10 16:21:35.518+05:30	2026-04-10 16:21:35.518+05:30
608	0	2026-04-10 16:22:51.272+05:30	2026-04-10 16:22:51.272+05:30
609	0	2026-04-10 16:22:52.493+05:30	2026-04-10 16:22:52.493+05:30
610	0	2026-04-10 16:23:24.69+05:30	2026-04-10 16:23:24.69+05:30
611	0	2026-04-10 16:23:55.109+05:30	2026-04-10 16:23:55.109+05:30
612	0	2026-04-10 16:24:06.53+05:30	2026-04-10 16:24:06.53+05:30
613	0	2026-04-10 16:24:19.608+05:30	2026-04-10 16:24:19.608+05:30
570	0	2026-04-10 17:41:07.335+05:30	2026-04-10 16:04:39.959+05:30
569	0	2026-04-10 17:44:01.822+05:30	2026-04-10 16:02:32.264+05:30
567	0	2026-04-10 17:49:29.86+05:30	2026-04-10 15:58:40.319+05:30
440	0	2026-04-11 20:29:49.464+05:30	2026-04-10 10:48:53.814+05:30
588	0	2026-04-14 01:35:27.5+05:30	2026-04-10 16:16:37.869+05:30
565	0	2026-04-25 18:10:39.065+05:30	2026-04-10 15:56:33.074+05:30
313	0	2026-04-10 10:05:28.387+05:30	2026-04-10 10:05:28.387+05:30
314	0	2026-04-10 10:05:44.375+05:30	2026-04-10 10:05:44.375+05:30
315	0	2026-04-10 10:06:24.017+05:30	2026-04-10 10:06:24.017+05:30
316	0	2026-04-10 10:06:48.473+05:30	2026-04-10 10:06:48.473+05:30
317	0	2026-04-10 10:07:07.079+05:30	2026-04-10 10:07:07.079+05:30
318	0	2026-04-10 10:07:29.087+05:30	2026-04-10 10:07:29.087+05:30
319	0	2026-04-10 10:07:35.654+05:30	2026-04-10 10:07:35.654+05:30
320	0	2026-04-10 10:07:47.156+05:30	2026-04-10 10:07:47.156+05:30
321	0	2026-04-10 10:08:08.682+05:30	2026-04-10 10:08:08.682+05:30
322	0	2026-04-10 10:08:38.314+05:30	2026-04-10 10:08:38.314+05:30
323	0	2026-04-10 10:08:55.989+05:30	2026-04-10 10:08:55.989+05:30
324	0	2026-04-10 10:09:17.334+05:30	2026-04-10 10:09:17.334+05:30
325	0	2026-04-10 10:09:35.528+05:30	2026-04-10 10:09:35.528+05:30
422	0	2026-04-10 10:43:21.546+05:30	2026-04-10 10:43:21.546+05:30
327	0	2026-04-10 10:09:58.761+05:30	2026-04-10 10:09:58.761+05:30
328	0	2026-04-10 10:10:24.017+05:30	2026-04-10 10:10:24.017+05:30
329	0	2026-04-10 10:10:32.426+05:30	2026-04-10 10:10:32.426+05:30
330	0	2026-04-10 10:10:44.222+05:30	2026-04-10 10:10:44.222+05:30
331	0	2026-04-10 10:11:32.3+05:30	2026-04-10 10:11:32.3+05:30
332	0	2026-04-10 10:11:58.152+05:30	2026-04-10 10:11:58.152+05:30
333	0	2026-04-10 10:12:32.217+05:30	2026-04-10 10:12:32.217+05:30
334	0	2026-04-10 10:12:58.886+05:30	2026-04-10 10:12:58.886+05:30
335	0	2026-04-10 10:13:20.388+05:30	2026-04-10 10:13:20.388+05:30
423	0	2026-04-10 10:43:37.513+05:30	2026-04-10 10:43:37.513+05:30
336	0	2026-04-10 10:13:44.037+05:30	2026-04-10 10:13:44.037+05:30
337	0	2026-04-10 10:14:06.141+05:30	2026-04-10 10:14:06.141+05:30
338	0	2026-04-10 10:14:31.885+05:30	2026-04-10 10:14:31.884+05:30
339	0	2026-04-10 10:15:03.556+05:30	2026-04-10 10:15:03.556+05:30
340	0	2026-04-10 10:15:29.139+05:30	2026-04-10 10:15:29.139+05:30
341	0	2026-04-10 10:15:57.319+05:30	2026-04-10 10:15:57.319+05:30
342	0	2026-04-10 10:16:17.708+05:30	2026-04-10 10:16:17.708+05:30
343	0	2026-04-10 10:16:41.847+05:30	2026-04-10 10:16:41.847+05:30
344	0	2026-04-10 10:17:04.792+05:30	2026-04-10 10:17:04.792+05:30
345	0	2026-04-10 10:17:29.036+05:30	2026-04-10 10:17:29.036+05:30
346	0	2026-04-10 10:17:51.684+05:30	2026-04-10 10:17:51.684+05:30
347	0	2026-04-10 10:18:15.293+05:30	2026-04-10 10:18:15.293+05:30
348	0	2026-04-10 10:18:58.197+05:30	2026-04-10 10:18:58.197+05:30
349	0	2026-04-10 10:19:21.261+05:30	2026-04-10 10:19:21.261+05:30
350	0	2026-04-10 10:19:49.945+05:30	2026-04-10 10:19:49.945+05:30
351	0	2026-04-10 10:20:14.251+05:30	2026-04-10 10:20:14.251+05:30
352	0	2026-04-10 10:20:38.679+05:30	2026-04-10 10:20:38.679+05:30
172	0	2026-04-10 10:20:57.191+05:30	2026-04-09 19:52:06.013+05:30
353	0	2026-04-10 10:21:01.495+05:30	2026-04-10 10:21:01.495+05:30
354	0	2026-04-10 10:21:29.618+05:30	2026-04-10 10:21:29.618+05:30
355	0	2026-04-10 10:21:56.14+05:30	2026-04-10 10:21:56.14+05:30
356	0	2026-04-10 10:22:21.807+05:30	2026-04-10 10:22:21.806+05:30
357	0	2026-04-10 10:22:44.749+05:30	2026-04-10 10:22:44.749+05:30
358	0	2026-04-10 10:23:12.969+05:30	2026-04-10 10:23:12.969+05:30
367	0	2026-04-10 10:26:09.807+05:30	2026-04-10 10:26:09.807+05:30
359	0	2026-04-10 10:23:34.861+05:30	2026-04-10 10:23:34.861+05:30
360	0	2026-04-10 10:24:02.803+05:30	2026-04-10 10:24:02.803+05:30
361	0	2026-04-10 10:24:22.032+05:30	2026-04-10 10:24:22.032+05:30
362	0	2026-04-10 10:24:43.046+05:30	2026-04-10 10:24:43.046+05:30
363	0	2026-04-10 10:25:02.077+05:30	2026-04-10 10:25:02.077+05:30
364	0	2026-04-10 10:25:11.343+05:30	2026-04-10 10:25:11.343+05:30
370	0	2026-04-10 10:27:02.451+05:30	2026-04-10 10:27:02.451+05:30
371	0	2026-04-10 10:27:19.025+05:30	2026-04-10 10:27:19.025+05:30
373	0	2026-04-10 10:27:59.354+05:30	2026-04-10 10:27:59.354+05:30
374	0	2026-04-10 10:28:13.99+05:30	2026-04-10 10:28:13.99+05:30
375	0	2026-04-10 10:28:30.985+05:30	2026-04-10 10:28:30.985+05:30
377	0	2026-04-10 10:29:13.166+05:30	2026-04-10 10:29:13.166+05:30
380	0	2026-04-10 10:30:11.745+05:30	2026-04-10 10:30:11.745+05:30
154	0	2026-04-10 10:31:25.458+05:30	2026-04-09 19:28:55.282+05:30
384	0	2026-04-10 10:31:31.738+05:30	2026-04-10 10:31:31.738+05:30
386	0	2026-04-10 10:32:20.4+05:30	2026-04-10 10:32:20.4+05:30
387	0	2026-04-10 10:32:41.136+05:30	2026-04-10 10:32:41.136+05:30
389	0	2026-04-10 10:33:20.303+05:30	2026-04-10 10:33:20.303+05:30
390	0	2026-04-10 10:33:39.532+05:30	2026-04-10 10:33:39.532+05:30
391	0	2026-04-10 10:33:56.333+05:30	2026-04-10 10:33:56.333+05:30
156	0	2026-04-10 10:34:02.067+05:30	2026-04-09 19:31:42.185+05:30
393	0	2026-04-10 10:34:23.696+05:30	2026-04-10 10:34:23.696+05:30
425	0	2026-04-10 10:44:11.97+05:30	2026-04-10 10:44:11.97+05:30
395	0	2026-04-10 10:35:04.528+05:30	2026-04-10 10:35:04.528+05:30
398	0	2026-04-10 10:35:49.78+05:30	2026-04-10 10:35:49.78+05:30
401	0	2026-04-10 10:36:28.563+05:30	2026-04-10 10:36:28.563+05:30
403	0	2026-04-10 10:37:20.671+05:30	2026-04-10 10:37:20.671+05:30
404	0	2026-04-10 10:37:36.475+05:30	2026-04-10 10:37:36.475+05:30
406	0	2026-04-10 10:38:06.934+05:30	2026-04-10 10:38:06.934+05:30
407	0	2026-04-10 10:38:25.937+05:30	2026-04-10 10:38:25.937+05:30
409	0	2026-04-10 10:39:07.476+05:30	2026-04-10 10:39:07.476+05:30
410	0	2026-04-10 10:39:25.452+05:30	2026-04-10 10:39:25.452+05:30
412	0	2026-04-10 10:39:57.844+05:30	2026-04-10 10:39:57.844+05:30
413	0	2026-04-10 10:40:13.304+05:30	2026-04-10 10:40:13.304+05:30
417	0	2026-04-10 10:41:19.106+05:30	2026-04-10 10:41:19.105+05:30
419	0	2026-04-10 10:41:54.9+05:30	2026-04-10 10:41:54.899+05:30
427	0	2026-04-10 10:44:41.589+05:30	2026-04-10 10:44:41.589+05:30
429	0	2026-04-10 10:45:30.769+05:30	2026-04-10 10:45:30.768+05:30
432	0	2026-04-10 10:46:24.96+05:30	2026-04-10 10:46:24.96+05:30
437	0	2026-04-10 10:48:01.908+05:30	2026-04-10 10:48:01.908+05:30
439	0	2026-04-10 10:48:55.033+05:30	2026-04-10 10:48:36.552+05:30
441	0	2026-04-10 10:49:14.167+05:30	2026-04-10 10:49:14.167+05:30
442	0	2026-04-10 10:49:26.774+05:30	2026-04-10 10:49:26.774+05:30
444	0	2026-04-10 10:49:59.455+05:30	2026-04-10 10:49:59.455+05:30
446	0	2026-04-10 10:50:31.417+05:30	2026-04-10 10:50:31.417+05:30
447	0	2026-04-10 10:50:46.019+05:30	2026-04-10 10:50:46.019+05:30
449	0	2026-04-10 10:51:15.331+05:30	2026-04-10 10:51:15.331+05:30
451	0	2026-04-10 10:51:43.559+05:30	2026-04-10 10:51:43.559+05:30
453	0	2026-04-10 10:52:14.095+05:30	2026-04-10 10:52:14.095+05:30
455	0	2026-04-10 10:52:42.658+05:30	2026-04-10 10:52:42.658+05:30
456	0	2026-04-10 10:52:58.496+05:30	2026-04-10 10:52:58.496+05:30
458	0	2026-04-10 10:53:33.333+05:30	2026-04-10 10:53:33.332+05:30
460	0	2026-04-10 10:54:01.639+05:30	2026-04-10 10:54:01.639+05:30
461	0	2026-04-10 10:54:23.163+05:30	2026-04-10 10:54:23.163+05:30
463	0	2026-04-10 10:55:14.419+05:30	2026-04-10 10:55:14.419+05:30
466	0	2026-04-10 10:56:01.897+05:30	2026-04-10 10:56:01.897+05:30
467	0	2026-04-10 10:56:17.726+05:30	2026-04-10 10:56:17.726+05:30
470	0	2026-04-10 10:57:11.661+05:30	2026-04-10 10:57:11.661+05:30
471	0	2026-04-10 10:57:30.681+05:30	2026-04-10 10:57:30.681+05:30
473	0	2026-04-10 10:58:02.734+05:30	2026-04-10 10:58:02.734+05:30
462	0	2026-04-10 10:58:28.908+05:30	2026-04-10 10:54:28.264+05:30
475	0	2026-04-10 10:58:36.671+05:30	2026-04-10 10:58:36.671+05:30
476	0	2026-04-10 10:58:56.426+05:30	2026-04-10 10:58:56.426+05:30
478	0	2026-04-10 10:59:36.937+05:30	2026-04-10 10:59:36.937+05:30
479	0	2026-04-10 10:59:53.907+05:30	2026-04-10 10:59:53.907+05:30
481	0	2026-04-10 11:00:31.637+05:30	2026-04-10 11:00:31.637+05:30
483	0	2026-04-10 11:01:03.183+05:30	2026-04-10 11:01:03.183+05:30
484	0	2026-04-10 11:01:19.704+05:30	2026-04-10 11:01:19.704+05:30
486	0	2026-04-10 11:01:51.428+05:30	2026-04-10 11:01:51.428+05:30
488	0	2026-04-10 11:02:19.861+05:30	2026-04-10 11:02:19.861+05:30
489	0	2026-04-10 11:02:35.778+05:30	2026-04-10 11:02:35.778+05:30
492	0	2026-04-10 11:03:39.758+05:30	2026-04-10 11:03:39.758+05:30
496	0	2026-04-10 11:04:59.755+05:30	2026-04-10 11:04:59.755+05:30
499	0	2026-04-10 11:05:46.952+05:30	2026-04-10 11:05:46.952+05:30
504	0	2026-04-10 11:07:18.82+05:30	2026-04-10 11:07:18.82+05:30
506	0	2026-04-10 11:07:55.708+05:30	2026-04-10 11:07:55.708+05:30
508	0	2026-04-10 11:08:43.397+05:30	2026-04-10 11:08:43.397+05:30
511	0	2026-04-10 11:09:46.869+05:30	2026-04-10 11:09:46.869+05:30
515	0	2026-04-10 11:11:01.555+05:30	2026-04-10 11:11:01.555+05:30
517	0	2026-04-10 11:11:46.542+05:30	2026-04-10 11:11:46.542+05:30
518	0	2026-04-10 11:11:56.595+05:30	2026-04-10 11:11:56.595+05:30
520	0	2026-04-10 11:12:46.146+05:30	2026-04-10 11:12:46.146+05:30
521	0	2026-04-10 11:13:07.335+05:30	2026-04-10 11:13:07.335+05:30
522	0	2026-04-10 11:13:23.747+05:30	2026-04-10 11:13:23.747+05:30
525	0	2026-04-10 11:14:14.084+05:30	2026-04-10 11:14:14.084+05:30
526	0	2026-04-10 11:14:41.501+05:30	2026-04-10 11:14:41.501+05:30
527	0	2026-04-10 11:14:55.401+05:30	2026-04-10 11:14:55.401+05:30
529	0	2026-04-10 11:15:30.451+05:30	2026-04-10 11:15:30.451+05:30
221	0	2026-04-10 11:16:38.867+05:30	2026-04-09 20:41:13.087+05:30
531	0	2026-04-10 11:16:52.083+05:30	2026-04-10 11:16:52.083+05:30
534	0	2026-04-10 11:17:31.679+05:30	2026-04-10 11:17:31.679+05:30
535	0	2026-04-10 11:17:48.415+05:30	2026-04-10 11:17:48.415+05:30
537	0	2026-04-10 11:17:55.458+05:30	2026-04-10 11:17:55.458+05:30
542	0	2026-04-10 11:18:23.7+05:30	2026-04-10 11:18:23.7+05:30
544	0	2026-04-10 11:18:31.388+05:30	2026-04-10 11:18:31.388+05:30
546	0	2026-04-10 11:18:47.159+05:30	2026-04-10 11:18:47.159+05:30
547	0	2026-04-10 11:18:47.365+05:30	2026-04-10 11:18:47.365+05:30
549	0	2026-04-10 11:19:00.504+05:30	2026-04-10 11:19:00.504+05:30
551	0	2026-04-10 11:19:02.721+05:30	2026-04-10 11:19:02.721+05:30
553	0	2026-04-10 11:19:18.064+05:30	2026-04-10 11:19:18.064+05:30
226	0	2026-04-10 11:33:04.505+05:30	2026-04-09 20:50:21.316+05:30
560	0	2026-04-10 15:50:51.595+05:30	2026-04-10 15:50:31.099+05:30
556	0	2026-04-10 15:52:35.164+05:30	2026-04-10 14:57:13.35+05:30
255	0	2026-04-10 17:01:33.054+05:30	2026-04-10 00:54:41.761+05:30
326	0	2026-04-10 17:52:05.477+05:30	2026-04-10 10:09:48.477+05:30
558	0	2026-04-25 17:59:52.69+05:30	2026-04-10 15:23:59.541+05:30
615	0	2026-04-10 16:25:20.541+05:30	2026-04-10 16:25:20.541+05:30
616	0	2026-04-10 16:25:39.572+05:30	2026-04-10 16:25:39.572+05:30
617	0	2026-04-10 16:25:40.598+05:30	2026-04-10 16:25:40.598+05:30
618	0	2026-04-10 16:25:56.017+05:30	2026-04-10 16:25:56.017+05:30
619	0	2026-04-10 16:26:06.12+05:30	2026-04-10 16:26:06.12+05:30
620	0	2026-04-10 16:27:15.204+05:30	2026-04-10 16:27:15.204+05:30
621	0	2026-04-10 16:27:26.403+05:30	2026-04-10 16:27:26.403+05:30
622	0	2026-04-10 16:27:29.98+05:30	2026-04-10 16:27:29.98+05:30
624	0	2026-04-10 16:29:25.875+05:30	2026-04-10 16:29:25.875+05:30
625	0	2026-04-10 16:29:29.397+05:30	2026-04-10 16:29:29.397+05:30
626	0	2026-04-10 16:30:04.277+05:30	2026-04-10 16:30:04.277+05:30
623	0	2026-04-10 16:30:23.282+05:30	2026-04-10 16:29:06.215+05:30
627	0	2026-04-10 16:30:45.945+05:30	2026-04-10 16:30:45.945+05:30
628	0	2026-04-10 16:31:31.599+05:30	2026-04-10 16:31:31.599+05:30
629	0	2026-04-10 16:31:51.66+05:30	2026-04-10 16:31:51.66+05:30
630	0	2026-04-10 16:35:38.124+05:30	2026-04-10 16:35:38.123+05:30
631	0	2026-04-10 16:38:08.284+05:30	2026-04-10 16:38:08.284+05:30
632	0	2026-04-10 16:40:30.708+05:30	2026-04-10 16:40:30.708+05:30
633	0	2026-04-10 16:41:46.451+05:30	2026-04-10 16:41:46.451+05:30
634	0	2026-04-10 16:42:50.83+05:30	2026-04-10 16:42:50.83+05:30
635	0	2026-04-10 16:43:46.916+05:30	2026-04-10 16:43:46.916+05:30
636	0	2026-04-10 16:44:05.761+05:30	2026-04-10 16:44:05.761+05:30
637	0	2026-04-10 16:44:15.648+05:30	2026-04-10 16:44:15.648+05:30
638	0	2026-04-10 16:46:02.352+05:30	2026-04-10 16:46:02.352+05:30
639	0	2026-04-10 16:46:34.318+05:30	2026-04-10 16:46:34.318+05:30
640	0	2026-04-10 16:46:48.728+05:30	2026-04-10 16:46:48.728+05:30
641	0	2026-04-10 16:46:56.792+05:30	2026-04-10 16:46:56.792+05:30
642	0	2026-04-10 16:49:44.524+05:30	2026-04-10 16:49:44.524+05:30
643	0	2026-04-10 16:56:35.258+05:30	2026-04-10 16:56:35.258+05:30
644	0	2026-04-10 16:59:02.445+05:30	2026-04-10 16:59:02.445+05:30
645	0	2026-04-10 17:00:12.466+05:30	2026-04-10 17:00:12.466+05:30
646	0	2026-04-10 17:00:52.031+05:30	2026-04-10 17:00:52.031+05:30
647	0	2026-04-10 17:01:22.704+05:30	2026-04-10 17:01:22.704+05:30
648	0	2026-04-10 17:03:19.505+05:30	2026-04-10 17:03:19.505+05:30
649	0	2026-04-10 17:03:58.584+05:30	2026-04-10 17:03:58.584+05:30
650	0	2026-04-10 17:04:31.86+05:30	2026-04-10 17:04:31.86+05:30
651	0	2026-04-10 17:04:43.828+05:30	2026-04-10 17:04:43.828+05:30
653	0	2026-04-10 17:10:50.626+05:30	2026-04-10 17:07:48.866+05:30
652	0	2026-04-10 17:11:21.355+05:30	2026-04-10 17:07:24.368+05:30
654	0	2026-04-10 17:14:42.994+05:30	2026-04-10 17:14:42.994+05:30
655	0	2026-04-10 17:15:15.409+05:30	2026-04-10 17:15:15.409+05:30
559	0	2026-04-10 17:16:27.352+05:30	2026-04-10 15:49:07.588+05:30
656	0	2026-04-10 17:17:10.819+05:30	2026-04-10 17:17:10.819+05:30
657	0	2026-04-10 17:17:42.266+05:30	2026-04-10 17:17:42.266+05:30
658	0	2026-04-10 17:18:34.72+05:30	2026-04-10 17:18:34.72+05:30
659	0	2026-04-10 17:19:41.148+05:30	2026-04-10 17:19:41.148+05:30
660	0	2026-04-10 17:21:12.623+05:30	2026-04-10 17:21:12.623+05:30
661	0	2026-04-10 17:21:53.67+05:30	2026-04-10 17:21:53.67+05:30
662	0	2026-04-10 17:22:26.116+05:30	2026-04-10 17:22:26.116+05:30
663	0	2026-04-10 17:22:55.757+05:30	2026-04-10 17:22:55.757+05:30
664	0	2026-04-10 17:24:48.049+05:30	2026-04-10 17:24:48.049+05:30
665	0	2026-04-10 17:25:25.96+05:30	2026-04-10 17:25:25.96+05:30
666	0	2026-04-10 17:25:57.315+05:30	2026-04-10 17:25:57.315+05:30
667	0	2026-04-10 17:26:27.123+05:30	2026-04-10 17:26:27.123+05:30
668	0	2026-04-10 17:27:52.592+05:30	2026-04-10 17:27:52.592+05:30
669	0	2026-04-10 17:28:53.051+05:30	2026-04-10 17:28:27.774+05:30
670	0	2026-04-10 17:29:27.426+05:30	2026-04-10 17:29:27.426+05:30
671	0	2026-04-10 17:30:02.757+05:30	2026-04-10 17:30:02.757+05:30
672	0	2026-04-10 17:32:06.678+05:30	2026-04-10 17:32:06.678+05:30
673	0	2026-04-10 17:32:40.804+05:30	2026-04-10 17:32:40.804+05:30
674	0	2026-04-10 17:33:19.996+05:30	2026-04-10 17:33:19.996+05:30
675	0	2026-04-10 17:33:54.044+05:30	2026-04-10 17:33:54.044+05:30
676	0	2026-04-10 17:39:42.749+05:30	2026-04-10 17:39:42.749+05:30
677	0	2026-04-10 17:40:13.625+05:30	2026-04-10 17:40:13.625+05:30
678	0	2026-04-10 17:40:42.558+05:30	2026-04-10 17:40:42.558+05:30
679	0	2026-04-10 17:42:15.38+05:30	2026-04-10 17:42:15.38+05:30
680	0	2026-04-10 17:42:49.627+05:30	2026-04-10 17:42:49.627+05:30
681	0	2026-04-10 17:43:27.029+05:30	2026-04-10 17:43:27.029+05:30
682	0	2026-04-10 17:44:53.802+05:30	2026-04-10 17:44:53.802+05:30
683	0	2026-04-10 17:45:31.539+05:30	2026-04-10 17:45:31.539+05:30
684	0	2026-04-10 17:46:13.939+05:30	2026-04-10 17:46:13.939+05:30
568	0	2026-04-10 17:46:43.238+05:30	2026-04-10 16:00:04.31+05:30
685	0	2026-04-10 17:47:30.386+05:30	2026-04-10 17:47:30.386+05:30
686	0	2026-04-10 17:48:09.857+05:30	2026-04-10 17:48:09.857+05:30
687	0	2026-04-10 17:48:55.561+05:30	2026-04-10 17:48:55.561+05:30
688	0	2026-04-10 17:50:21.678+05:30	2026-04-10 17:50:21.678+05:30
689	0	2026-04-10 17:51:04.4+05:30	2026-04-10 17:51:04.4+05:30
690	0	2026-04-10 17:51:33.784+05:30	2026-04-10 17:51:33.783+05:30
691	0	2026-04-10 17:52:59.232+05:30	2026-04-10 17:52:59.232+05:30
692	0	2026-04-10 17:59:13.801+05:30	2026-04-10 17:59:13.801+05:30
693	0	2026-04-10 17:59:54.345+05:30	2026-04-10 17:59:54.345+05:30
694	0	2026-04-10 18:01:14.027+05:30	2026-04-10 18:01:14.027+05:30
695	0	2026-04-10 18:01:43.519+05:30	2026-04-10 18:01:43.519+05:30
696	0	2026-04-10 18:02:21.571+05:30	2026-04-10 18:02:21.571+05:30
697	0	2026-04-11 20:29:45.226+05:30	2026-04-11 20:29:45.226+05:30
698	0	2026-04-15 23:44:34.427+05:30	2026-04-15 23:44:34.427+05:30
699	0	2026-04-25 17:49:27.689+05:30	2026-04-25 17:49:27.689+05:30
700	0	2026-04-25 17:50:21.613+05:30	2026-04-25 17:50:21.613+05:30
701	0	2026-04-25 17:51:46.632+05:30	2026-04-25 17:51:46.632+05:30
702	0	2026-04-25 17:59:42.054+05:30	2026-04-25 17:59:42.054+05:30
703	0	2026-04-25 18:04:23.977+05:30	2026-04-25 18:04:23.977+05:30
704	0	2026-04-25 18:10:09.229+05:30	2026-04-25 18:10:09.229+05:30
705	0	2026-04-25 18:32:16.215+05:30	2026-04-25 18:32:16.215+05:30
\.


--
-- Data for Name: search_locales; Type: TABLE DATA; Schema: public; Owner: afmuser
--

COPY public.search_locales (title, id, _locale, _parent_id) FROM stdin;
\.


--
-- Data for Name: search_rels; Type: TABLE DATA; Schema: public; Owner: afmuser
--

COPY public.search_rels (id, "order", parent_id, path, series_id, seasons_id, events_id, sessions_id, entries_id, results_id, points_id, circuits_id, championships_id, races_id, teams_id, drivers_id, leaders_id, members_id, individuals_id, organizations_id, users_id, meetups_id, initiatives_id, trainings_id, vacancies_id, onboardings_id, hospitalities_id, awards_id, celebrations_id, interviews_id, incidents_id, cars_id, helmets_id, suits_id, garages_id, media_id, designations_id, skills_id, statuses_id, regulations_id, policies_id, statements_id, slides_id, pages_id, categories_id, tags_id, countries_id, plans_id, timelines_id, programs_id) FROM stdin;
1	\N	1	doc	\N	\N	\N	\N	\N	\N	\N	\N	\N	\N	\N	\N	\N	\N	\N	\N	1	\N	\N	\N	\N	\N	\N	\N	\N	\N	\N	\N	\N	\N	\N	\N	\N	\N	\N	\N	\N	\N	\N	\N	\N	\N	\N	\N	\N	\N
495	\N	368	doc	\N	\N	\N	\N	\N	\N	\N	\N	\N	\N	\N	\N	\N	\N	\N	\N	\N	\N	\N	\N	\N	\N	\N	\N	\N	\N	\N	\N	\N	\N	\N	\N	\N	\N	\N	\N	\N	\N	\N	\N	\N	\N	55	\N	\N	\N
3	\N	3	doc	\N	\N	\N	\N	\N	\N	\N	\N	\N	\N	\N	\N	\N	\N	\N	\N	\N	\N	\N	\N	\N	\N	\N	\N	\N	\N	\N	\N	\N	\N	\N	\N	\N	\N	\N	\N	\N	\N	\N	\N	\N	\N	2	\N	\N	\N
4	\N	4	doc	\N	\N	\N	\N	\N	\N	\N	\N	\N	\N	\N	\N	\N	\N	\N	\N	\N	\N	\N	\N	\N	\N	\N	\N	\N	\N	\N	\N	\N	\N	\N	\N	\N	\N	\N	\N	\N	\N	\N	\N	\N	\N	3	\N	\N	\N
5	\N	5	doc	\N	\N	\N	\N	\N	\N	\N	\N	\N	\N	\N	\N	\N	\N	\N	\N	\N	\N	\N	\N	\N	\N	\N	\N	\N	\N	\N	\N	\N	\N	\N	\N	\N	\N	\N	\N	\N	\N	\N	\N	\N	\N	4	\N	\N	\N
6	\N	6	doc	\N	\N	\N	\N	\N	\N	\N	\N	\N	\N	\N	\N	\N	\N	\N	\N	\N	\N	\N	\N	\N	\N	\N	\N	\N	\N	\N	\N	\N	\N	\N	\N	\N	\N	\N	\N	\N	\N	\N	\N	\N	\N	5	\N	\N	\N
7	\N	7	doc	\N	\N	\N	\N	\N	\N	\N	\N	\N	\N	\N	\N	\N	\N	\N	\N	\N	\N	\N	\N	\N	\N	\N	\N	\N	\N	\N	\N	\N	\N	\N	\N	\N	\N	\N	\N	\N	\N	\N	\N	\N	\N	6	\N	\N	\N
8	\N	8	doc	\N	\N	\N	\N	\N	\N	\N	\N	\N	\N	\N	\N	\N	\N	\N	\N	\N	\N	\N	\N	\N	\N	\N	\N	\N	\N	\N	\N	\N	\N	\N	\N	\N	\N	\N	\N	\N	\N	\N	\N	\N	\N	7	\N	\N	\N
9	\N	9	doc	\N	\N	\N	\N	\N	\N	\N	\N	\N	\N	\N	\N	\N	\N	\N	\N	\N	\N	\N	\N	\N	\N	\N	\N	\N	\N	\N	\N	\N	\N	\N	\N	\N	\N	\N	\N	\N	\N	\N	\N	\N	\N	8	\N	\N	\N
10	\N	10	doc	\N	\N	\N	\N	\N	\N	\N	\N	\N	\N	\N	\N	\N	\N	\N	\N	\N	\N	\N	\N	\N	\N	\N	\N	\N	\N	\N	\N	\N	\N	\N	\N	\N	\N	\N	\N	\N	\N	\N	\N	\N	\N	9	\N	\N	\N
11	\N	11	doc	\N	\N	\N	\N	\N	\N	\N	\N	\N	\N	\N	\N	\N	\N	\N	\N	\N	\N	\N	\N	\N	\N	\N	\N	\N	\N	\N	\N	\N	\N	\N	\N	\N	\N	\N	\N	\N	\N	\N	\N	\N	\N	10	\N	\N	\N
12	\N	12	doc	\N	\N	\N	\N	\N	\N	\N	\N	\N	\N	\N	\N	\N	\N	\N	\N	\N	\N	\N	\N	\N	\N	\N	\N	\N	\N	\N	\N	\N	\N	\N	\N	\N	\N	\N	\N	\N	\N	\N	\N	\N	\N	11	\N	\N	\N
13	\N	13	doc	\N	\N	\N	\N	\N	\N	\N	\N	\N	\N	\N	\N	\N	\N	\N	\N	\N	\N	\N	\N	\N	\N	\N	\N	\N	\N	\N	\N	\N	\N	\N	\N	\N	\N	\N	\N	\N	\N	\N	\N	\N	\N	12	\N	\N	\N
14	\N	14	doc	\N	\N	\N	\N	\N	\N	\N	\N	\N	\N	\N	\N	\N	\N	\N	\N	\N	\N	\N	\N	\N	\N	\N	\N	\N	\N	\N	\N	\N	\N	\N	\N	\N	\N	\N	\N	\N	\N	\N	\N	\N	\N	13	\N	\N	\N
15	\N	15	doc	\N	\N	\N	\N	\N	\N	\N	\N	\N	\N	\N	\N	\N	\N	\N	\N	\N	\N	\N	\N	\N	\N	\N	\N	\N	\N	\N	\N	\N	\N	\N	\N	\N	\N	\N	\N	\N	\N	\N	\N	\N	\N	14	\N	\N	\N
16	\N	16	doc	\N	\N	\N	\N	\N	\N	\N	\N	\N	\N	\N	\N	\N	\N	\N	\N	\N	\N	\N	\N	\N	\N	\N	\N	\N	\N	\N	\N	\N	\N	\N	\N	\N	\N	\N	\N	\N	\N	\N	\N	\N	\N	15	\N	\N	\N
17	\N	17	doc	\N	\N	\N	\N	\N	\N	\N	\N	\N	\N	\N	\N	\N	\N	\N	\N	\N	\N	\N	\N	\N	\N	\N	\N	\N	\N	\N	\N	\N	\N	\N	\N	\N	\N	\N	\N	\N	\N	\N	\N	\N	\N	16	\N	\N	\N
18	\N	18	doc	\N	\N	\N	\N	\N	\N	\N	\N	\N	\N	\N	\N	\N	\N	\N	\N	\N	\N	\N	\N	\N	\N	\N	\N	\N	\N	\N	\N	\N	\N	\N	\N	\N	\N	\N	\N	\N	\N	\N	\N	\N	\N	17	\N	\N	\N
19	\N	19	doc	\N	\N	\N	\N	\N	\N	\N	\N	\N	\N	\N	\N	\N	\N	\N	\N	\N	\N	\N	\N	\N	\N	\N	\N	\N	\N	\N	\N	\N	\N	\N	\N	\N	\N	\N	\N	\N	\N	\N	\N	\N	\N	18	\N	\N	\N
20	\N	20	doc	\N	\N	\N	\N	\N	\N	\N	\N	\N	\N	\N	\N	\N	\N	\N	\N	\N	\N	\N	\N	\N	\N	\N	\N	\N	\N	\N	\N	\N	\N	\N	\N	\N	\N	\N	\N	\N	\N	\N	\N	\N	\N	19	\N	\N	\N
21	\N	21	doc	\N	\N	\N	\N	\N	\N	\N	\N	\N	\N	\N	\N	\N	\N	\N	\N	\N	\N	\N	\N	\N	\N	\N	\N	\N	\N	\N	\N	\N	\N	\N	\N	\N	\N	\N	\N	\N	\N	\N	\N	\N	\N	20	\N	\N	\N
22	\N	22	doc	\N	\N	\N	\N	\N	\N	\N	\N	\N	\N	\N	\N	\N	\N	\N	\N	\N	\N	\N	\N	\N	\N	\N	\N	\N	\N	\N	\N	\N	\N	\N	\N	\N	\N	\N	\N	\N	\N	\N	\N	\N	\N	21	\N	\N	\N
23	\N	23	doc	\N	\N	\N	\N	\N	\N	\N	\N	\N	\N	\N	\N	\N	\N	\N	\N	\N	\N	\N	\N	\N	\N	\N	\N	\N	\N	\N	\N	\N	\N	\N	\N	\N	\N	\N	\N	\N	\N	\N	\N	\N	\N	22	\N	\N	\N
24	\N	24	doc	\N	\N	\N	\N	\N	\N	\N	\N	\N	\N	\N	\N	\N	\N	\N	\N	\N	\N	\N	\N	\N	\N	\N	\N	\N	\N	\N	\N	\N	\N	\N	\N	\N	\N	\N	\N	\N	\N	\N	\N	\N	\N	23	\N	\N	\N
25	\N	25	doc	\N	\N	\N	\N	\N	\N	\N	\N	\N	\N	\N	\N	\N	\N	\N	\N	\N	\N	\N	\N	\N	\N	\N	\N	\N	\N	\N	\N	\N	\N	\N	\N	\N	\N	\N	\N	\N	\N	\N	\N	\N	\N	24	\N	\N	\N
26	\N	26	doc	\N	\N	\N	\N	\N	\N	\N	\N	\N	\N	\N	\N	\N	\N	\N	\N	\N	\N	\N	\N	\N	\N	\N	\N	\N	\N	\N	\N	\N	\N	\N	\N	\N	\N	\N	\N	\N	\N	\N	\N	\N	\N	25	\N	\N	\N
27	\N	27	doc	\N	\N	\N	\N	\N	\N	\N	\N	\N	\N	\N	\N	\N	\N	\N	\N	\N	\N	\N	\N	\N	\N	\N	\N	\N	\N	\N	\N	\N	\N	\N	\N	\N	\N	\N	\N	\N	\N	\N	\N	\N	\N	26	\N	\N	\N
28	\N	28	doc	\N	\N	\N	\N	\N	\N	\N	\N	\N	\N	\N	\N	\N	\N	\N	\N	\N	\N	\N	\N	\N	\N	\N	\N	\N	\N	\N	\N	\N	\N	\N	\N	\N	\N	\N	\N	\N	\N	\N	\N	\N	\N	27	\N	\N	\N
29	\N	29	doc	\N	\N	\N	\N	\N	\N	\N	\N	\N	\N	\N	\N	\N	\N	\N	\N	\N	\N	\N	\N	\N	\N	\N	\N	\N	\N	\N	\N	\N	\N	\N	\N	\N	\N	\N	\N	\N	\N	\N	\N	\N	\N	28	\N	\N	\N
30	\N	30	doc	\N	\N	\N	\N	\N	\N	\N	\N	\N	\N	\N	\N	\N	\N	\N	\N	\N	\N	\N	\N	\N	\N	\N	\N	\N	\N	\N	\N	\N	\N	\N	\N	\N	\N	\N	\N	\N	\N	\N	\N	\N	\N	29	\N	\N	\N
31	\N	31	doc	\N	\N	\N	\N	\N	\N	\N	\N	\N	\N	\N	\N	\N	\N	\N	\N	\N	\N	\N	\N	\N	\N	\N	\N	\N	\N	\N	\N	\N	\N	\N	\N	\N	\N	\N	\N	\N	\N	\N	\N	\N	\N	30	\N	\N	\N
32	\N	32	doc	\N	\N	\N	\N	\N	\N	\N	\N	\N	\N	\N	\N	\N	\N	\N	\N	\N	\N	\N	\N	\N	\N	\N	\N	\N	\N	\N	\N	\N	\N	\N	\N	\N	\N	\N	\N	\N	\N	\N	\N	\N	\N	31	\N	\N	\N
33	\N	33	doc	\N	\N	\N	\N	\N	\N	\N	\N	\N	\N	\N	\N	\N	\N	\N	\N	\N	\N	\N	\N	\N	\N	\N	\N	\N	\N	\N	\N	\N	\N	\N	\N	\N	\N	\N	\N	\N	\N	\N	\N	\N	\N	32	\N	\N	\N
34	\N	34	doc	\N	\N	\N	\N	\N	\N	\N	\N	\N	\N	\N	\N	\N	\N	\N	\N	\N	\N	\N	\N	\N	\N	\N	\N	\N	\N	\N	\N	\N	\N	\N	\N	\N	\N	\N	\N	\N	\N	\N	\N	\N	\N	33	\N	\N	\N
35	\N	35	doc	\N	\N	\N	\N	\N	\N	\N	\N	\N	\N	\N	\N	\N	\N	\N	\N	\N	\N	\N	\N	\N	\N	\N	\N	\N	\N	\N	\N	\N	\N	\N	\N	\N	\N	\N	\N	\N	\N	\N	\N	\N	\N	34	\N	\N	\N
36	\N	36	doc	\N	\N	\N	\N	\N	\N	\N	\N	\N	\N	\N	\N	\N	\N	\N	\N	\N	\N	\N	\N	\N	\N	\N	\N	\N	\N	\N	\N	\N	\N	\N	\N	\N	\N	\N	\N	\N	\N	\N	\N	\N	\N	35	\N	\N	\N
37	\N	37	doc	\N	\N	\N	\N	\N	\N	\N	\N	\N	\N	\N	\N	\N	\N	\N	\N	\N	\N	\N	\N	\N	\N	\N	\N	\N	\N	\N	\N	\N	\N	\N	\N	\N	\N	\N	\N	\N	\N	\N	\N	\N	\N	36	\N	\N	\N
38	\N	38	doc	\N	\N	\N	\N	\N	\N	\N	\N	\N	\N	\N	\N	\N	\N	\N	\N	\N	\N	\N	\N	\N	\N	\N	\N	\N	\N	\N	\N	\N	\N	\N	\N	\N	\N	\N	\N	\N	\N	\N	\N	\N	\N	37	\N	\N	\N
39	\N	39	doc	\N	\N	\N	\N	\N	\N	\N	\N	\N	\N	\N	\N	\N	\N	\N	\N	\N	\N	\N	\N	\N	\N	\N	\N	\N	\N	\N	\N	\N	\N	\N	\N	\N	\N	\N	\N	\N	\N	\N	\N	\N	\N	38	\N	\N	\N
40	\N	40	doc	\N	\N	\N	\N	\N	\N	\N	\N	\N	\N	\N	\N	\N	\N	\N	\N	\N	\N	\N	\N	\N	\N	\N	\N	\N	\N	\N	\N	\N	\N	\N	\N	\N	\N	\N	\N	\N	\N	\N	\N	\N	\N	39	\N	\N	\N
41	\N	41	doc	\N	\N	\N	\N	\N	\N	\N	\N	\N	\N	\N	\N	\N	\N	\N	\N	\N	\N	\N	\N	\N	\N	\N	\N	\N	\N	\N	\N	\N	\N	\N	\N	\N	\N	\N	\N	\N	\N	\N	\N	\N	\N	40	\N	\N	\N
42	\N	42	doc	\N	\N	\N	\N	\N	\N	\N	\N	\N	\N	\N	\N	\N	\N	\N	\N	\N	\N	\N	\N	\N	\N	\N	\N	\N	\N	\N	\N	\N	\N	\N	\N	\N	\N	\N	\N	\N	\N	\N	\N	\N	\N	41	\N	\N	\N
43	\N	43	doc	\N	\N	\N	\N	\N	\N	\N	\N	\N	\N	\N	\N	\N	\N	\N	\N	\N	\N	\N	\N	\N	\N	\N	\N	\N	\N	\N	\N	\N	\N	\N	\N	\N	\N	\N	\N	\N	\N	\N	\N	\N	\N	42	\N	\N	\N
44	\N	44	doc	\N	\N	\N	\N	\N	\N	\N	\N	\N	\N	\N	\N	\N	\N	\N	\N	\N	\N	\N	\N	\N	\N	\N	\N	\N	\N	\N	\N	\N	\N	\N	\N	\N	\N	\N	\N	\N	\N	\N	\N	\N	\N	43	\N	\N	\N
45	\N	45	doc	\N	\N	\N	\N	\N	\N	\N	\N	\N	\N	\N	\N	\N	\N	\N	\N	\N	\N	\N	\N	\N	\N	\N	\N	\N	\N	\N	\N	\N	\N	\N	\N	\N	\N	\N	\N	\N	\N	\N	\N	\N	\N	44	\N	\N	\N
46	\N	46	doc	\N	\N	\N	\N	\N	\N	\N	\N	\N	\N	\N	\N	\N	\N	\N	\N	\N	\N	\N	\N	\N	\N	\N	\N	\N	\N	\N	\N	\N	\N	\N	\N	\N	\N	\N	\N	\N	\N	\N	\N	\N	\N	45	\N	\N	\N
47	\N	47	doc	\N	\N	\N	\N	\N	\N	\N	\N	\N	\N	\N	\N	\N	\N	\N	\N	\N	\N	\N	\N	\N	\N	\N	\N	\N	\N	\N	\N	\N	\N	\N	\N	\N	\N	\N	\N	\N	\N	\N	\N	\N	\N	46	\N	\N	\N
48	\N	48	doc	\N	\N	\N	\N	\N	\N	\N	\N	\N	\N	\N	\N	\N	\N	\N	\N	\N	\N	\N	\N	\N	\N	\N	\N	\N	\N	\N	\N	\N	\N	\N	\N	\N	\N	\N	\N	\N	\N	\N	\N	\N	\N	47	\N	\N	\N
49	\N	49	doc	\N	\N	\N	\N	\N	\N	\N	\N	\N	\N	\N	\N	\N	\N	\N	\N	\N	\N	\N	\N	\N	\N	\N	\N	\N	\N	\N	\N	\N	\N	\N	\N	\N	\N	\N	\N	\N	\N	\N	\N	\N	\N	48	\N	\N	\N
50	\N	50	doc	\N	\N	\N	\N	\N	\N	\N	\N	\N	\N	\N	\N	\N	\N	\N	\N	\N	\N	\N	\N	\N	\N	\N	\N	\N	\N	\N	\N	\N	\N	\N	\N	\N	\N	\N	\N	\N	\N	\N	\N	\N	\N	49	\N	\N	\N
51	\N	51	doc	\N	\N	\N	\N	\N	\N	\N	\N	\N	\N	\N	\N	\N	\N	\N	\N	\N	\N	\N	\N	\N	\N	\N	\N	\N	\N	\N	\N	\N	\N	\N	\N	\N	\N	\N	\N	\N	\N	\N	\N	\N	\N	50	\N	\N	\N
52	\N	52	doc	\N	\N	\N	\N	\N	\N	\N	\N	\N	\N	\N	\N	\N	\N	\N	\N	\N	\N	\N	\N	\N	\N	\N	\N	\N	\N	\N	\N	\N	\N	\N	1	\N	\N	\N	\N	\N	\N	\N	\N	\N	\N	\N	\N	\N	\N
53	\N	53	doc	\N	\N	\N	\N	\N	\N	\N	\N	\N	\N	\N	\N	\N	\N	\N	\N	\N	\N	\N	\N	\N	\N	\N	\N	\N	\N	\N	\N	\N	\N	\N	2	\N	\N	\N	\N	\N	\N	\N	\N	\N	\N	\N	\N	\N	\N
54	\N	54	doc	\N	\N	\N	\N	\N	\N	\N	\N	\N	\N	\N	\N	\N	\N	\N	\N	\N	\N	\N	\N	\N	\N	\N	\N	\N	\N	\N	\N	\N	\N	\N	3	\N	\N	\N	\N	\N	\N	\N	\N	\N	\N	\N	\N	\N	\N
55	\N	55	doc	\N	\N	\N	\N	\N	\N	\N	\N	\N	\N	\N	\N	\N	\N	\N	\N	\N	\N	\N	\N	\N	\N	\N	\N	\N	\N	\N	\N	\N	\N	\N	4	\N	\N	\N	\N	\N	\N	\N	\N	\N	\N	\N	\N	\N	\N
56	\N	56	doc	\N	\N	\N	\N	\N	\N	\N	\N	\N	\N	\N	\N	\N	\N	\N	\N	\N	\N	\N	\N	\N	\N	\N	\N	\N	\N	\N	\N	\N	\N	\N	5	\N	\N	\N	\N	\N	\N	\N	\N	\N	\N	\N	\N	\N	\N
57	\N	57	doc	\N	\N	\N	\N	\N	\N	\N	\N	\N	\N	\N	\N	\N	\N	\N	\N	\N	\N	\N	\N	\N	\N	\N	\N	\N	\N	\N	\N	\N	\N	\N	6	\N	\N	\N	\N	\N	\N	\N	\N	\N	\N	\N	\N	\N	\N
58	\N	58	doc	\N	\N	\N	\N	\N	\N	\N	\N	\N	\N	\N	\N	\N	\N	\N	\N	\N	\N	\N	\N	\N	\N	\N	\N	\N	\N	\N	\N	\N	\N	\N	7	\N	\N	\N	\N	\N	\N	\N	\N	\N	\N	\N	\N	\N	\N
59	\N	59	doc	\N	\N	\N	\N	\N	\N	\N	\N	\N	\N	\N	\N	\N	\N	\N	\N	\N	\N	\N	\N	\N	\N	\N	\N	\N	\N	\N	\N	\N	\N	\N	8	\N	\N	\N	\N	\N	\N	\N	\N	\N	\N	\N	\N	\N	\N
60	\N	60	doc	\N	\N	\N	\N	\N	\N	\N	\N	\N	\N	\N	\N	\N	\N	\N	\N	\N	\N	\N	\N	\N	\N	\N	\N	\N	\N	\N	\N	\N	\N	\N	9	\N	\N	\N	\N	\N	\N	\N	\N	\N	\N	\N	\N	\N	\N
61	\N	61	doc	\N	\N	\N	\N	\N	\N	\N	\N	\N	\N	\N	\N	\N	\N	\N	\N	\N	\N	\N	\N	\N	\N	\N	\N	\N	\N	\N	\N	\N	\N	\N	10	\N	\N	\N	\N	\N	\N	\N	\N	\N	\N	\N	\N	\N	\N
62	\N	62	doc	\N	\N	\N	\N	\N	\N	\N	\N	\N	\N	\N	\N	\N	\N	\N	\N	\N	\N	\N	\N	\N	\N	\N	\N	\N	\N	\N	\N	\N	\N	\N	11	\N	\N	\N	\N	\N	\N	\N	\N	\N	\N	\N	\N	\N	\N
63	\N	63	doc	\N	\N	\N	\N	\N	\N	\N	\N	\N	\N	\N	\N	\N	\N	\N	\N	\N	\N	\N	\N	\N	\N	\N	\N	\N	\N	\N	\N	\N	\N	\N	12	\N	\N	\N	\N	\N	\N	\N	\N	\N	\N	\N	\N	\N	\N
64	\N	64	doc	\N	\N	\N	\N	\N	\N	\N	\N	\N	\N	\N	\N	\N	\N	\N	\N	\N	\N	\N	\N	\N	\N	\N	\N	\N	\N	\N	\N	\N	\N	\N	13	\N	\N	\N	\N	\N	\N	\N	\N	\N	\N	\N	\N	\N	\N
65	\N	65	doc	\N	\N	\N	\N	\N	\N	\N	\N	\N	\N	\N	\N	\N	\N	\N	\N	\N	\N	\N	\N	\N	\N	\N	\N	\N	\N	\N	\N	\N	\N	\N	14	\N	\N	\N	\N	\N	\N	\N	\N	\N	\N	\N	\N	\N	\N
66	\N	66	doc	\N	\N	\N	\N	\N	\N	\N	\N	\N	\N	\N	\N	\N	\N	\N	\N	\N	\N	\N	\N	\N	\N	\N	\N	\N	\N	\N	\N	\N	\N	\N	15	\N	\N	\N	\N	\N	\N	\N	\N	\N	\N	\N	\N	\N	\N
67	\N	67	doc	\N	\N	\N	\N	\N	\N	\N	\N	\N	\N	\N	\N	\N	\N	\N	\N	\N	\N	\N	\N	\N	\N	\N	\N	\N	\N	\N	\N	\N	\N	\N	16	\N	\N	\N	\N	\N	\N	\N	\N	\N	\N	\N	\N	\N	\N
68	\N	68	doc	\N	\N	\N	\N	\N	\N	\N	\N	\N	\N	\N	\N	\N	\N	\N	\N	\N	\N	\N	\N	\N	\N	\N	\N	\N	\N	\N	\N	\N	\N	\N	17	\N	\N	\N	\N	\N	\N	\N	\N	\N	\N	\N	\N	\N	\N
69	\N	69	doc	\N	\N	\N	\N	\N	\N	\N	\N	\N	\N	\N	\N	\N	\N	\N	\N	\N	\N	\N	\N	\N	\N	\N	\N	\N	\N	\N	\N	\N	\N	\N	18	\N	\N	\N	\N	\N	\N	\N	\N	\N	\N	\N	\N	\N	\N
70	\N	70	doc	\N	\N	\N	\N	\N	\N	\N	\N	\N	\N	\N	\N	\N	\N	\N	\N	\N	\N	\N	\N	\N	\N	\N	\N	\N	\N	\N	\N	\N	\N	\N	19	\N	\N	\N	\N	\N	\N	\N	\N	\N	\N	\N	\N	\N	\N
71	\N	71	doc	\N	\N	\N	\N	\N	\N	\N	\N	\N	\N	\N	\N	\N	\N	\N	\N	\N	\N	\N	\N	\N	\N	\N	\N	\N	\N	\N	\N	\N	\N	\N	20	\N	\N	\N	\N	\N	\N	\N	\N	\N	\N	\N	\N	\N	\N
72	\N	72	doc	\N	\N	\N	\N	\N	\N	\N	\N	\N	\N	\N	\N	\N	\N	\N	\N	\N	\N	\N	\N	\N	\N	\N	\N	\N	\N	\N	\N	\N	\N	\N	21	\N	\N	\N	\N	\N	\N	\N	\N	\N	\N	\N	\N	\N	\N
73	\N	73	doc	\N	\N	\N	\N	\N	\N	\N	\N	\N	\N	\N	\N	\N	\N	\N	\N	\N	\N	\N	\N	\N	\N	\N	\N	\N	\N	\N	\N	\N	\N	\N	22	\N	\N	\N	\N	\N	\N	\N	\N	\N	\N	\N	\N	\N	\N
74	\N	74	doc	\N	\N	\N	\N	\N	\N	\N	\N	\N	\N	\N	\N	\N	\N	\N	\N	\N	\N	\N	\N	\N	\N	\N	\N	\N	\N	\N	\N	\N	\N	\N	23	\N	\N	\N	\N	\N	\N	\N	\N	\N	\N	\N	\N	\N	\N
75	\N	75	doc	\N	\N	\N	\N	\N	\N	\N	\N	\N	\N	\N	\N	\N	\N	\N	\N	\N	\N	\N	\N	\N	\N	\N	\N	\N	\N	\N	\N	\N	\N	\N	24	\N	\N	\N	\N	\N	\N	\N	\N	\N	\N	\N	\N	\N	\N
76	\N	76	doc	\N	\N	\N	\N	\N	\N	\N	\N	\N	\N	\N	\N	\N	\N	\N	\N	\N	\N	\N	\N	\N	\N	\N	\N	\N	\N	\N	\N	\N	\N	\N	25	\N	\N	\N	\N	\N	\N	\N	\N	\N	\N	\N	\N	\N	\N
77	\N	77	doc	\N	\N	\N	\N	\N	\N	\N	\N	\N	\N	\N	\N	\N	\N	\N	\N	\N	\N	\N	\N	\N	\N	\N	\N	\N	\N	\N	\N	\N	\N	\N	26	\N	\N	\N	\N	\N	\N	\N	\N	\N	\N	\N	\N	\N	\N
78	\N	78	doc	\N	\N	\N	\N	\N	\N	\N	\N	\N	\N	\N	\N	\N	\N	\N	\N	\N	\N	\N	\N	\N	\N	\N	\N	\N	\N	\N	\N	\N	\N	\N	27	\N	\N	\N	\N	\N	\N	\N	\N	\N	\N	\N	\N	\N	\N
79	\N	79	doc	\N	\N	\N	\N	\N	\N	\N	\N	\N	\N	\N	\N	\N	\N	\N	\N	\N	\N	\N	\N	\N	\N	\N	\N	\N	\N	\N	\N	\N	\N	\N	28	\N	\N	\N	\N	\N	\N	\N	\N	\N	\N	\N	\N	\N	\N
80	\N	80	doc	\N	\N	\N	\N	\N	\N	\N	\N	\N	\N	\N	\N	\N	\N	\N	\N	\N	\N	\N	\N	\N	\N	\N	\N	\N	\N	\N	\N	\N	\N	\N	29	\N	\N	\N	\N	\N	\N	\N	\N	\N	\N	\N	\N	\N	\N
81	\N	81	doc	\N	\N	\N	\N	\N	\N	\N	\N	\N	\N	\N	\N	\N	\N	\N	\N	\N	\N	\N	\N	\N	\N	\N	\N	\N	\N	\N	\N	\N	\N	\N	\N	1	\N	\N	\N	\N	\N	\N	\N	\N	\N	\N	\N	\N	\N
82	\N	82	doc	\N	\N	\N	\N	\N	\N	\N	\N	\N	\N	\N	\N	\N	\N	\N	\N	\N	\N	\N	\N	\N	\N	\N	\N	\N	\N	\N	\N	\N	\N	\N	\N	2	\N	\N	\N	\N	\N	\N	\N	\N	\N	\N	\N	\N	\N
83	\N	83	doc	\N	\N	\N	\N	\N	\N	\N	\N	\N	\N	\N	\N	\N	\N	\N	\N	\N	\N	\N	\N	\N	\N	\N	\N	\N	\N	\N	\N	\N	\N	\N	\N	3	\N	\N	\N	\N	\N	\N	\N	\N	\N	\N	\N	\N	\N
84	\N	84	doc	\N	\N	\N	\N	\N	\N	\N	\N	\N	\N	\N	\N	\N	\N	\N	\N	\N	\N	\N	\N	\N	\N	\N	\N	\N	\N	\N	\N	\N	\N	\N	\N	4	\N	\N	\N	\N	\N	\N	\N	\N	\N	\N	\N	\N	\N
85	\N	85	doc	\N	\N	\N	\N	\N	\N	\N	\N	\N	\N	\N	\N	\N	\N	\N	\N	\N	\N	\N	\N	\N	\N	\N	\N	\N	\N	\N	\N	\N	\N	\N	\N	5	\N	\N	\N	\N	\N	\N	\N	\N	\N	\N	\N	\N	\N
86	\N	86	doc	\N	\N	\N	\N	\N	\N	\N	\N	\N	\N	\N	\N	\N	\N	\N	\N	\N	\N	\N	\N	\N	\N	\N	\N	\N	\N	\N	\N	\N	\N	\N	\N	6	\N	\N	\N	\N	\N	\N	\N	\N	\N	\N	\N	\N	\N
87	\N	87	doc	\N	\N	\N	\N	\N	\N	\N	\N	\N	\N	\N	\N	\N	\N	\N	\N	\N	\N	\N	\N	\N	\N	\N	\N	\N	\N	\N	\N	\N	\N	\N	\N	7	\N	\N	\N	\N	\N	\N	\N	\N	\N	\N	\N	\N	\N
88	\N	88	doc	\N	\N	\N	\N	\N	\N	\N	\N	\N	\N	\N	\N	\N	\N	\N	\N	\N	\N	\N	\N	\N	\N	\N	\N	\N	\N	\N	\N	\N	\N	\N	\N	8	\N	\N	\N	\N	\N	\N	\N	\N	\N	\N	\N	\N	\N
89	\N	89	doc	\N	\N	\N	\N	\N	\N	\N	\N	\N	\N	\N	\N	\N	\N	\N	\N	\N	\N	\N	\N	\N	\N	\N	\N	\N	\N	\N	\N	\N	\N	\N	\N	9	\N	\N	\N	\N	\N	\N	\N	\N	\N	\N	\N	\N	\N
504	\N	225	doc	\N	\N	\N	\N	\N	\N	\N	\N	\N	\N	\N	\N	3	\N	\N	\N	\N	\N	\N	\N	\N	\N	\N	\N	\N	\N	\N	\N	\N	\N	\N	\N	\N	\N	\N	\N	\N	\N	\N	\N	\N	\N	\N	\N	\N	\N
505	\N	371	doc	\N	\N	\N	\N	\N	\N	\N	\N	\N	\N	\N	\N	\N	\N	\N	\N	\N	\N	\N	\N	\N	\N	\N	\N	\N	\N	\N	\N	\N	\N	\N	\N	\N	\N	\N	\N	\N	\N	\N	\N	\N	\N	58	\N	\N	\N
683	\N	250	doc	\N	\N	\N	\N	\N	\N	\N	\N	\N	\N	\N	\N	\N	\N	\N	\N	\N	\N	\N	\N	\N	\N	\N	\N	2	\N	\N	\N	\N	\N	\N	\N	\N	\N	\N	\N	\N	\N	\N	\N	\N	\N	\N	\N	\N	\N
692	\N	240	doc	\N	\N	\N	\N	\N	\N	\N	\N	\N	\N	\N	\N	\N	\N	\N	\N	\N	\N	\N	\N	\N	\N	\N	\N	\N	4	\N	\N	\N	\N	\N	\N	\N	\N	\N	\N	\N	\N	\N	\N	\N	\N	\N	\N	\N	\N
96	\N	95	doc	\N	\N	\N	\N	\N	\N	\N	\N	\N	\N	\N	\N	\N	\N	\N	\N	\N	\N	\N	\N	\N	\N	\N	\N	\N	\N	\N	\N	\N	\N	\N	\N	\N	\N	1	\N	\N	\N	\N	\N	\N	\N	\N	\N	\N	\N
696	\N	426	doc	\N	\N	\N	\N	\N	\N	\N	\N	\N	\N	\N	\N	\N	\N	\N	\N	\N	\N	\N	\N	\N	\N	\N	\N	\N	\N	\N	\N	\N	\N	\N	\N	\N	\N	\N	\N	\N	\N	\N	\N	\N	\N	113	\N	\N	\N
98	\N	97	doc	\N	\N	\N	\N	\N	\N	\N	\N	\N	\N	\N	\N	\N	\N	\N	\N	\N	\N	\N	\N	\N	\N	\N	\N	\N	\N	\N	\N	\N	\N	\N	\N	\N	\N	2	\N	\N	\N	\N	\N	\N	\N	\N	\N	\N	\N
99	\N	98	doc	\N	\N	\N	\N	\N	\N	\N	\N	\N	\N	\N	\N	\N	\N	\N	\N	\N	\N	\N	\N	\N	\N	\N	\N	\N	\N	\N	\N	\N	\N	\N	\N	\N	\N	3	\N	\N	\N	\N	\N	\N	\N	\N	\N	\N	\N
101	\N	99	doc	\N	\N	\N	\N	\N	\N	\N	\N	\N	\N	\N	\N	\N	\N	\N	\N	\N	\N	\N	\N	\N	\N	\N	\N	\N	\N	\N	\N	\N	\N	\N	\N	\N	\N	4	\N	\N	\N	\N	\N	\N	\N	\N	\N	\N	\N
102	\N	100	doc	\N	\N	\N	\N	\N	\N	\N	\N	\N	\N	\N	\N	\N	\N	\N	\N	\N	\N	\N	\N	\N	\N	\N	\N	\N	\N	\N	\N	\N	\N	\N	\N	\N	\N	5	\N	\N	\N	\N	\N	\N	\N	\N	\N	\N	\N
103	\N	101	doc	\N	\N	\N	\N	\N	\N	\N	\N	\N	\N	\N	\N	\N	\N	\N	\N	\N	\N	\N	\N	\N	\N	\N	\N	\N	\N	\N	\N	\N	\N	\N	\N	\N	\N	6	\N	\N	\N	\N	\N	\N	\N	\N	\N	\N	\N
104	\N	102	doc	\N	\N	\N	\N	\N	\N	\N	\N	\N	\N	\N	\N	\N	\N	\N	\N	\N	\N	\N	\N	\N	\N	\N	\N	\N	\N	\N	\N	\N	\N	\N	\N	\N	\N	7	\N	\N	\N	\N	\N	\N	\N	\N	\N	\N	\N
105	\N	103	doc	\N	\N	\N	\N	\N	\N	\N	\N	\N	\N	\N	\N	\N	\N	\N	\N	\N	\N	\N	\N	\N	\N	\N	\N	\N	\N	\N	\N	\N	\N	\N	30	\N	\N	\N	\N	\N	\N	\N	\N	\N	\N	\N	\N	\N	\N
106	\N	104	doc	\N	\N	\N	\N	\N	\N	\N	\N	\N	\N	\N	\N	\N	\N	\N	\N	\N	\N	\N	\N	\N	\N	\N	\N	\N	\N	\N	\N	\N	\N	\N	31	\N	\N	\N	\N	\N	\N	\N	\N	\N	\N	\N	\N	\N	\N
107	\N	105	doc	\N	\N	\N	\N	\N	\N	\N	\N	\N	\N	\N	\N	\N	\N	\N	\N	\N	\N	\N	\N	\N	\N	\N	\N	\N	\N	\N	\N	\N	\N	\N	32	\N	\N	\N	\N	\N	\N	\N	\N	\N	\N	\N	\N	\N	\N
108	\N	106	doc	\N	\N	\N	\N	\N	\N	\N	\N	\N	\N	\N	\N	\N	\N	\N	\N	\N	\N	\N	\N	\N	\N	\N	\N	\N	\N	\N	\N	\N	\N	\N	\N	\N	\N	\N	1	\N	\N	\N	\N	\N	\N	\N	\N	\N	\N
109	\N	107	doc	\N	\N	\N	\N	\N	\N	\N	\N	\N	\N	\N	\N	\N	\N	\N	\N	\N	\N	\N	\N	\N	\N	\N	\N	\N	\N	\N	\N	\N	\N	\N	\N	\N	\N	\N	2	\N	\N	\N	\N	\N	\N	\N	\N	\N	\N
110	\N	108	doc	\N	\N	\N	\N	\N	\N	\N	\N	\N	\N	\N	\N	\N	\N	\N	\N	\N	\N	\N	\N	\N	\N	\N	\N	\N	\N	\N	\N	\N	\N	\N	\N	\N	\N	\N	3	\N	\N	\N	\N	\N	\N	\N	\N	\N	\N
111	\N	109	doc	\N	\N	\N	\N	\N	\N	\N	\N	\N	\N	\N	\N	\N	\N	\N	\N	\N	\N	\N	\N	\N	\N	\N	\N	\N	\N	\N	\N	\N	\N	\N	\N	\N	\N	\N	4	\N	\N	\N	\N	\N	\N	\N	\N	\N	\N
112	\N	110	doc	\N	\N	\N	\N	\N	\N	\N	\N	\N	\N	\N	\N	\N	\N	\N	\N	\N	\N	\N	\N	\N	\N	\N	\N	\N	\N	\N	\N	\N	\N	\N	\N	\N	\N	\N	5	\N	\N	\N	\N	\N	\N	\N	\N	\N	\N
113	\N	111	doc	\N	\N	\N	\N	\N	\N	\N	\N	\N	\N	\N	\N	\N	\N	\N	\N	\N	\N	\N	\N	\N	\N	\N	\N	\N	\N	\N	\N	\N	\N	\N	\N	\N	\N	\N	6	\N	\N	\N	\N	\N	\N	\N	\N	\N	\N
506	\N	190	doc	\N	\N	\N	8	\N	\N	\N	\N	\N	\N	\N	\N	\N	\N	\N	\N	\N	\N	\N	\N	\N	\N	\N	\N	\N	\N	\N	\N	\N	\N	\N	\N	\N	\N	\N	\N	\N	\N	\N	\N	\N	\N	\N	\N	\N	\N
513	\N	374	doc	\N	\N	\N	\N	\N	\N	\N	\N	\N	\N	\N	\N	\N	\N	\N	\N	\N	\N	\N	\N	\N	\N	\N	\N	\N	\N	\N	\N	\N	\N	\N	\N	\N	\N	\N	\N	\N	\N	\N	\N	\N	\N	61	\N	\N	\N
515	\N	375	doc	\N	\N	\N	\N	\N	\N	\N	\N	\N	\N	\N	\N	\N	\N	\N	\N	\N	\N	\N	\N	\N	\N	\N	\N	\N	\N	\N	\N	\N	\N	\N	\N	\N	\N	\N	\N	\N	\N	\N	\N	\N	\N	62	\N	\N	\N
522	\N	377	doc	\N	\N	\N	\N	\N	\N	\N	\N	\N	\N	\N	\N	\N	\N	\N	\N	\N	\N	\N	\N	\N	\N	\N	\N	\N	\N	\N	\N	\N	\N	\N	\N	\N	\N	\N	\N	\N	\N	\N	\N	\N	\N	64	\N	\N	\N
539	\N	382	doc	\N	\N	\N	\N	\N	\N	\N	\N	\N	\N	\N	\N	\N	\N	\N	\N	\N	\N	\N	\N	\N	\N	\N	\N	\N	\N	\N	\N	\N	\N	\N	\N	\N	\N	\N	\N	\N	\N	\N	\N	\N	\N	69	\N	\N	\N
697	\N	90	doc	\N	\N	\N	\N	\N	\N	\N	\N	\N	\N	\N	\N	\N	\N	\N	\N	\N	\N	\N	\N	\N	\N	\N	\N	\N	\N	\N	\N	\N	\N	\N	\N	\N	1	\N	\N	\N	\N	\N	\N	\N	\N	\N	\N	\N	\N
699	\N	238	doc	\N	\N	\N	\N	\N	\N	\N	\N	\N	\N	\N	\N	\N	\N	\N	\N	\N	\N	\N	\N	\N	\N	\N	\N	\N	2	\N	\N	\N	\N	\N	\N	\N	\N	\N	\N	\N	\N	\N	\N	\N	\N	\N	\N	\N	\N
553	\N	155	doc	\N	\N	\N	\N	\N	\N	\N	\N	\N	\N	\N	\N	\N	\N	\N	\N	\N	\N	\N	\N	\N	\N	\N	\N	\N	\N	\N	\N	\N	\N	4	\N	\N	\N	\N	\N	\N	\N	\N	\N	\N	\N	\N	\N	\N	\N
558	\N	389	doc	\N	\N	\N	\N	\N	\N	\N	\N	\N	\N	\N	\N	\N	\N	\N	\N	\N	\N	\N	\N	\N	\N	\N	\N	\N	\N	\N	\N	\N	\N	\N	\N	\N	\N	\N	\N	\N	\N	\N	\N	\N	\N	76	\N	\N	\N
571	\N	205	doc	\N	\N	\N	\N	\N	\N	4	\N	\N	\N	\N	\N	\N	\N	\N	\N	\N	\N	\N	\N	\N	\N	\N	\N	\N	\N	\N	\N	\N	\N	\N	\N	\N	\N	\N	\N	\N	\N	\N	\N	\N	\N	\N	\N	\N	\N
700	\N	118	doc	\N	\N	\N	\N	\N	\N	\N	\N	\N	\N	\N	\N	\N	\N	\N	\N	\N	\N	\N	\N	\N	\N	\N	\N	\N	\N	\N	\N	\N	\N	\N	\N	\N	\N	\N	\N	\N	\N	1	\N	\N	\N	\N	\N	\N	\N
578	\N	258	doc	\N	\N	\N	\N	\N	\N	\N	\N	\N	\N	\N	\N	\N	\N	\N	\N	\N	\N	\N	\N	2	\N	\N	\N	\N	\N	\N	\N	\N	\N	\N	\N	\N	\N	\N	\N	\N	\N	\N	\N	\N	\N	\N	\N	\N	\N
582	\N	267	doc	\N	\N	\N	\N	\N	\N	\N	\N	\N	\N	\N	\N	\N	\N	\N	\N	\N	3	\N	\N	\N	\N	\N	\N	\N	\N	\N	\N	\N	\N	\N	\N	\N	\N	\N	\N	\N	\N	\N	\N	\N	\N	\N	\N	\N	\N
703	\N	429	doc	\N	\N	\N	\N	\N	\N	\N	\N	\N	\N	\N	\N	\N	\N	\N	\N	\N	\N	\N	\N	\N	\N	\N	\N	\N	\N	\N	\N	\N	\N	\N	\N	\N	\N	\N	\N	\N	\N	\N	\N	\N	\N	116	\N	\N	\N
587	\N	396	doc	\N	\N	\N	\N	\N	\N	\N	\N	\N	\N	\N	\N	\N	\N	\N	\N	\N	\N	\N	\N	\N	\N	\N	\N	\N	\N	\N	\N	\N	\N	\N	\N	\N	\N	\N	\N	\N	\N	\N	\N	\N	\N	83	\N	\N	\N
590	\N	397	doc	\N	\N	\N	\N	\N	\N	\N	\N	\N	\N	\N	\N	\N	\N	\N	\N	\N	\N	\N	\N	\N	\N	\N	\N	\N	\N	\N	\N	\N	\N	\N	\N	\N	\N	\N	\N	\N	\N	\N	\N	\N	\N	84	\N	\N	\N
593	\N	130	doc	\N	\N	\N	\N	\N	\N	\N	\N	\N	\N	\N	\N	\N	\N	\N	\N	\N	\N	\N	\N	\N	\N	\N	\N	\N	\N	\N	1	\N	\N	\N	\N	\N	\N	\N	\N	\N	\N	\N	\N	\N	\N	\N	\N	\N	\N
714	\N	262	doc	\N	\N	\N	\N	\N	\N	\N	\N	\N	\N	\N	\N	\N	\N	\N	\N	\N	\N	\N	\N	\N	\N	\N	\N	\N	\N	3	\N	\N	\N	\N	\N	\N	\N	\N	\N	\N	\N	\N	\N	\N	\N	\N	\N	\N	\N
725	\N	285	doc	\N	\N	\N	\N	\N	\N	\N	\N	\N	\N	\N	\N	\N	\N	\N	\N	\N	\N	\N	\N	\N	\N	\N	\N	\N	\N	\N	\N	\N	\N	\N	\N	\N	\N	\N	\N	\N	\N	\N	\N	\N	\N	\N	\N	\N	4
726	\N	437	doc	\N	\N	\N	\N	\N	\N	\N	\N	\N	\N	\N	\N	\N	\N	\N	\N	\N	\N	\N	\N	\N	\N	\N	\N	\N	\N	\N	\N	\N	\N	\N	\N	\N	\N	\N	\N	\N	\N	\N	\N	\N	\N	124	\N	\N	\N
738	\N	444	doc	\N	\N	\N	\N	\N	\N	\N	\N	\N	\N	\N	\N	\N	\N	\N	\N	\N	\N	\N	\N	\N	\N	\N	\N	\N	\N	\N	\N	\N	\N	\N	\N	\N	\N	\N	\N	\N	\N	\N	\N	\N	\N	130	\N	\N	\N
740	\N	446	doc	\N	\N	\N	\N	\N	\N	\N	\N	\N	\N	\N	\N	\N	\N	\N	\N	\N	\N	\N	\N	\N	\N	\N	\N	\N	\N	\N	\N	\N	\N	\N	\N	\N	\N	\N	\N	\N	\N	\N	\N	\N	\N	132	\N	\N	\N
741	\N	447	doc	\N	\N	\N	\N	\N	\N	\N	\N	\N	\N	\N	\N	\N	\N	\N	\N	\N	\N	\N	\N	\N	\N	\N	\N	\N	\N	\N	\N	\N	\N	\N	\N	\N	\N	\N	\N	\N	\N	\N	\N	\N	\N	133	\N	\N	\N
744	\N	450	doc	\N	\N	\N	\N	\N	\N	\N	\N	\N	\N	\N	\N	\N	\N	\N	\N	\N	\N	\N	\N	\N	\N	\N	\N	\N	\N	\N	\N	\N	\N	\N	\N	\N	\N	\N	\N	\N	\N	\N	\N	\N	\N	136	\N	\N	\N
747	\N	453	doc	\N	\N	\N	\N	\N	\N	\N	\N	\N	\N	\N	\N	\N	\N	\N	\N	\N	\N	\N	\N	\N	\N	\N	\N	\N	\N	\N	\N	\N	\N	\N	\N	\N	\N	\N	\N	\N	\N	\N	\N	\N	\N	139	\N	\N	\N
751	\N	457	doc	\N	\N	\N	\N	\N	\N	\N	\N	\N	\N	\N	\N	\N	\N	\N	\N	\N	\N	\N	\N	\N	\N	\N	\N	\N	\N	\N	\N	\N	\N	\N	\N	\N	\N	\N	\N	\N	\N	\N	\N	\N	\N	143	\N	\N	\N
594	\N	265	doc	\N	\N	\N	\N	\N	\N	\N	\N	\N	\N	\N	\N	\N	\N	\N	\N	\N	1	\N	\N	\N	\N	\N	\N	\N	\N	\N	\N	\N	\N	\N	\N	\N	\N	\N	\N	\N	\N	\N	\N	\N	\N	\N	\N	\N	\N
596	\N	298	doc	\N	\N	\N	\N	\N	\N	\N	\N	\N	\N	\N	\N	\N	\N	\N	\N	\N	\N	\N	\N	\N	5	\N	\N	\N	\N	\N	\N	\N	\N	\N	\N	\N	\N	\N	\N	\N	\N	\N	\N	\N	\N	\N	\N	\N	\N
598	\N	399	doc	\N	\N	\N	\N	\N	\N	\N	\N	\N	\N	\N	\N	\N	\N	\N	\N	\N	\N	\N	\N	\N	\N	\N	\N	\N	\N	\N	\N	\N	\N	\N	\N	\N	\N	\N	\N	\N	\N	\N	\N	\N	\N	86	\N	\N	\N
603	\N	275	doc	\N	\N	\N	\N	\N	\N	\N	\N	\N	\N	\N	\N	\N	\N	\N	\N	\N	\N	5	\N	\N	\N	\N	\N	\N	\N	\N	\N	\N	\N	\N	\N	\N	\N	\N	\N	\N	\N	\N	\N	\N	\N	\N	\N	\N	\N
604	\N	400	doc	\N	\N	\N	\N	\N	\N	\N	\N	\N	\N	\N	\N	\N	\N	\N	\N	\N	\N	\N	\N	\N	\N	\N	\N	\N	\N	\N	\N	\N	\N	\N	\N	\N	\N	\N	\N	\N	\N	\N	\N	\N	\N	87	\N	\N	\N
754	\N	460	doc	\N	\N	\N	\N	\N	\N	\N	\N	\N	\N	\N	\N	\N	\N	\N	\N	\N	\N	\N	\N	\N	\N	\N	\N	\N	\N	\N	\N	\N	\N	\N	\N	\N	\N	\N	\N	\N	\N	\N	\N	\N	\N	146	\N	\N	\N
755	\N	461	doc	\N	\N	\N	\N	\N	\N	\N	\N	\N	\N	\N	\N	\N	\N	\N	\N	\N	\N	\N	\N	\N	\N	\N	\N	\N	\N	\N	\N	\N	\N	\N	\N	\N	\N	\N	\N	\N	\N	\N	\N	\N	\N	147	\N	\N	\N
608	\N	132	doc	\N	\N	\N	\N	\N	\N	\N	\N	\N	\N	\N	\N	\N	\N	\N	\N	\N	\N	\N	\N	\N	\N	\N	\N	\N	\N	\N	3	\N	\N	\N	\N	\N	\N	\N	\N	\N	\N	\N	\N	\N	\N	\N	\N	\N	\N
610	\N	273	doc	\N	\N	\N	\N	\N	\N	\N	\N	\N	\N	\N	\N	\N	\N	\N	\N	\N	\N	4	\N	\N	\N	\N	\N	\N	\N	\N	\N	\N	\N	\N	\N	\N	\N	\N	\N	\N	\N	\N	\N	\N	\N	\N	\N	\N	\N
769	\N	468	doc	\N	\N	\N	\N	\N	\N	\N	\N	\N	\N	\N	\N	\N	\N	\N	\N	\N	\N	\N	\N	\N	\N	\N	\N	\N	\N	\N	\N	\N	\N	\N	\N	\N	\N	\N	\N	\N	\N	\N	\N	\N	\N	155	\N	\N	\N
771	\N	469	doc	\N	\N	\N	\N	\N	\N	\N	\N	\N	\N	\N	\N	\N	\N	\N	\N	\N	\N	\N	\N	\N	\N	\N	\N	\N	\N	\N	\N	\N	\N	\N	\N	\N	\N	\N	\N	\N	\N	\N	\N	\N	\N	156	\N	\N	\N
775	\N	472	doc	\N	\N	\N	\N	\N	\N	\N	\N	\N	\N	\N	\N	\N	\N	\N	\N	\N	\N	\N	\N	\N	\N	\N	\N	\N	\N	\N	\N	\N	\N	\N	\N	\N	\N	\N	\N	\N	\N	\N	\N	\N	\N	159	\N	\N	\N
780	\N	475	doc	\N	\N	\N	\N	\N	\N	\N	\N	\N	\N	\N	\N	\N	\N	\N	\N	\N	\N	\N	\N	\N	\N	\N	\N	\N	\N	\N	\N	\N	\N	\N	\N	\N	\N	\N	\N	\N	\N	\N	\N	\N	\N	162	\N	\N	\N
781	\N	476	doc	\N	\N	\N	\N	\N	\N	\N	\N	\N	\N	\N	\N	\N	\N	\N	\N	\N	\N	\N	\N	\N	\N	\N	\N	\N	\N	\N	\N	\N	\N	\N	\N	\N	\N	\N	\N	\N	\N	\N	\N	\N	\N	163	\N	\N	\N
684	\N	422	doc	\N	\N	\N	\N	\N	\N	\N	\N	\N	\N	\N	\N	\N	\N	\N	\N	\N	\N	\N	\N	\N	\N	\N	\N	\N	\N	\N	\N	\N	\N	\N	\N	\N	\N	\N	\N	\N	\N	\N	\N	\N	\N	109	\N	\N	\N
685	\N	121	doc	\N	\N	\N	\N	\N	\N	\N	\N	\N	\N	\N	\N	\N	\N	\N	\N	\N	\N	\N	\N	\N	\N	\N	\N	\N	\N	\N	\N	\N	\N	\N	\N	\N	\N	\N	\N	\N	\N	4	\N	\N	\N	\N	\N	\N	\N
686	\N	423	doc	\N	\N	\N	\N	\N	\N	\N	\N	\N	\N	\N	\N	\N	\N	\N	\N	\N	\N	\N	\N	\N	\N	\N	\N	\N	\N	\N	\N	\N	\N	\N	\N	\N	\N	\N	\N	\N	\N	\N	\N	\N	\N	110	\N	\N	\N
690	\N	120	doc	\N	\N	\N	\N	\N	\N	\N	\N	\N	\N	\N	\N	\N	\N	\N	\N	\N	\N	\N	\N	\N	\N	\N	\N	\N	\N	\N	\N	\N	\N	\N	\N	\N	\N	\N	\N	\N	\N	3	\N	\N	\N	\N	\N	\N	\N
693	\N	425	doc	\N	\N	\N	\N	\N	\N	\N	\N	\N	\N	\N	\N	\N	\N	\N	\N	\N	\N	\N	\N	\N	\N	\N	\N	\N	\N	\N	\N	\N	\N	\N	\N	\N	\N	\N	\N	\N	\N	\N	\N	\N	\N	112	\N	\N	\N
496	\N	147	doc	\N	\N	\N	\N	\N	\N	\N	\N	\N	\N	\N	\N	\N	\N	2	\N	\N	\N	\N	\N	\N	\N	\N	\N	\N	\N	\N	\N	\N	\N	\N	\N	\N	\N	\N	\N	\N	\N	\N	\N	\N	\N	\N	\N	\N	\N
497	\N	194	doc	\N	\N	\N	11	\N	\N	\N	\N	\N	\N	\N	\N	\N	\N	\N	\N	\N	\N	\N	\N	\N	\N	\N	\N	\N	\N	\N	\N	\N	\N	\N	\N	\N	\N	\N	\N	\N	\N	\N	\N	\N	\N	\N	\N	\N	\N
498	\N	369	doc	\N	\N	\N	\N	\N	\N	\N	\N	\N	\N	\N	\N	\N	\N	\N	\N	\N	\N	\N	\N	\N	\N	\N	\N	\N	\N	\N	\N	\N	\N	\N	\N	\N	\N	\N	\N	\N	\N	\N	\N	\N	\N	56	\N	\N	\N
507	\N	372	doc	\N	\N	\N	\N	\N	\N	\N	\N	\N	\N	\N	\N	\N	\N	\N	\N	\N	\N	\N	\N	\N	\N	\N	\N	\N	\N	\N	\N	\N	\N	\N	\N	\N	\N	\N	\N	\N	\N	\N	\N	\N	\N	59	\N	\N	\N
516	\N	183	doc	\N	\N	\N	4	\N	\N	\N	\N	\N	\N	\N	\N	\N	\N	\N	\N	\N	\N	\N	\N	\N	\N	\N	\N	\N	\N	\N	\N	\N	\N	\N	\N	\N	\N	\N	\N	\N	\N	\N	\N	\N	\N	\N	\N	\N	\N
523	\N	158	doc	\N	\N	\N	\N	\N	\N	\N	\N	\N	\N	\N	\N	\N	\N	\N	4	\N	\N	\N	\N	\N	\N	\N	\N	\N	\N	\N	\N	\N	\N	\N	\N	\N	\N	\N	\N	\N	\N	\N	\N	\N	\N	\N	\N	\N	\N
527	\N	248	doc	\N	\N	\N	\N	6	\N	\N	\N	\N	\N	\N	\N	\N	\N	\N	\N	\N	\N	\N	\N	\N	\N	\N	\N	\N	\N	\N	\N	\N	\N	\N	\N	\N	\N	\N	\N	\N	\N	\N	\N	\N	\N	\N	\N	\N	\N
529	\N	379	doc	\N	\N	\N	\N	\N	\N	\N	\N	\N	\N	\N	\N	\N	\N	\N	\N	\N	\N	\N	\N	\N	\N	\N	\N	\N	\N	\N	\N	\N	\N	\N	\N	\N	\N	\N	\N	\N	\N	\N	\N	\N	\N	66	\N	\N	\N
535	\N	381	doc	\N	\N	\N	\N	\N	\N	\N	\N	\N	\N	\N	\N	\N	\N	\N	\N	\N	\N	\N	\N	\N	\N	\N	\N	\N	\N	\N	\N	\N	\N	\N	\N	\N	\N	\N	\N	\N	\N	\N	\N	\N	\N	68	\N	\N	\N
542	\N	189	doc	\N	\N	\N	\N	\N	5	\N	\N	\N	\N	\N	\N	\N	\N	\N	\N	\N	\N	\N	\N	\N	\N	\N	\N	\N	\N	\N	\N	\N	\N	\N	\N	\N	\N	\N	\N	\N	\N	\N	\N	\N	\N	\N	\N	\N	\N
543	\N	154	doc	\N	\N	\N	\N	\N	\N	\N	\N	\N	\N	\N	\N	\N	\N	\N	\N	\N	\N	\N	\N	\N	\N	\N	\N	\N	\N	\N	\N	\N	\N	3	\N	\N	\N	\N	\N	\N	\N	\N	\N	\N	\N	\N	\N	\N	\N
544	\N	384	doc	\N	\N	\N	\N	\N	\N	\N	\N	\N	\N	\N	\N	\N	\N	\N	\N	\N	\N	\N	\N	\N	\N	\N	\N	\N	\N	\N	\N	\N	\N	\N	\N	\N	\N	\N	\N	\N	\N	\N	\N	\N	\N	71	\N	\N	\N
550	\N	386	doc	\N	\N	\N	\N	\N	\N	\N	\N	\N	\N	\N	\N	\N	\N	\N	\N	\N	\N	\N	\N	\N	\N	\N	\N	\N	\N	\N	\N	\N	\N	\N	\N	\N	\N	\N	\N	\N	\N	\N	\N	\N	\N	73	\N	\N	\N
551	\N	178	doc	\N	\N	\N	\N	\N	1	\N	\N	\N	\N	\N	\N	\N	\N	\N	\N	\N	\N	\N	\N	\N	\N	\N	\N	\N	\N	\N	\N	\N	\N	\N	\N	\N	\N	\N	\N	\N	\N	\N	\N	\N	\N	\N	\N	\N	\N
552	\N	387	doc	\N	\N	\N	\N	\N	\N	\N	\N	\N	\N	\N	\N	\N	\N	\N	\N	\N	\N	\N	\N	\N	\N	\N	\N	\N	\N	\N	\N	\N	\N	\N	\N	\N	\N	\N	\N	\N	\N	\N	\N	\N	\N	74	\N	\N	\N
701	\N	428	doc	\N	\N	\N	\N	\N	\N	\N	\N	\N	\N	\N	\N	\N	\N	\N	\N	\N	\N	\N	\N	\N	\N	\N	\N	\N	\N	\N	\N	\N	\N	\N	\N	\N	\N	\N	\N	\N	\N	\N	\N	\N	\N	115	\N	\N	\N
183	\N	179	doc	\N	\N	\N	1	\N	\N	\N	\N	\N	\N	\N	\N	\N	\N	\N	\N	\N	\N	\N	\N	\N	\N	\N	\N	\N	\N	\N	\N	\N	\N	\N	\N	\N	\N	\N	\N	\N	\N	\N	\N	\N	\N	\N	\N	\N	\N
705	\N	264	doc	\N	\N	\N	\N	\N	\N	\N	\N	\N	\N	\N	\N	\N	\N	\N	\N	\N	\N	\N	\N	\N	\N	\N	\N	\N	\N	5	\N	\N	\N	\N	\N	\N	\N	\N	\N	\N	\N	\N	\N	\N	\N	\N	\N	\N	\N
708	\N	277	doc	\N	\N	\N	\N	\N	\N	\N	\N	\N	\N	\N	\N	\N	\N	\N	\N	\N	\N	\N	\N	\N	\N	\N	\N	\N	\N	\N	\N	\N	\N	\N	\N	\N	\N	\N	\N	\N	\N	\N	\N	\N	\N	\N	3	\N	\N
712	\N	242	doc	\N	\N	\N	\N	\N	\N	\N	\N	\N	\N	\N	\N	\N	\N	\N	\N	\N	\N	\N	\N	\N	\N	\N	\N	\N	\N	\N	\N	\N	\N	\N	\N	\N	\N	\N	\N	\N	\N	\N	\N	\N	\N	\N	2	\N	\N
713	\N	432	doc	\N	\N	\N	\N	\N	\N	\N	\N	\N	\N	\N	\N	\N	\N	\N	\N	\N	\N	\N	\N	\N	\N	\N	\N	\N	\N	\N	\N	\N	\N	\N	\N	\N	\N	\N	\N	\N	\N	\N	\N	\N	\N	119	\N	\N	\N
716	\N	261	doc	\N	\N	\N	\N	\N	\N	\N	\N	\N	\N	\N	\N	\N	\N	\N	\N	\N	\N	\N	\N	\N	\N	\N	\N	\N	\N	2	\N	\N	\N	\N	\N	\N	\N	\N	\N	\N	\N	\N	\N	\N	\N	\N	\N	\N	\N
554	\N	388	doc	\N	\N	\N	\N	\N	\N	\N	\N	\N	\N	\N	\N	\N	\N	\N	\N	\N	\N	\N	\N	\N	\N	\N	\N	\N	\N	\N	\N	\N	\N	\N	\N	\N	\N	\N	\N	\N	\N	\N	\N	\N	\N	75	\N	\N	\N
718	\N	241	doc	\N	\N	\N	\N	\N	\N	\N	\N	\N	\N	\N	\N	\N	\N	\N	\N	\N	\N	\N	\N	\N	\N	\N	\N	\N	\N	\N	\N	\N	\N	\N	\N	\N	\N	\N	\N	\N	\N	\N	\N	\N	\N	\N	1	\N	\N
722	\N	435	doc	\N	\N	\N	\N	\N	\N	\N	\N	\N	\N	\N	\N	\N	\N	\N	\N	\N	\N	\N	\N	\N	\N	\N	\N	\N	\N	\N	\N	\N	\N	\N	\N	\N	\N	\N	\N	\N	\N	\N	\N	\N	\N	122	\N	\N	\N
193	\N	188	doc	\N	\N	\N	7	\N	\N	\N	\N	\N	\N	\N	\N	\N	\N	\N	\N	\N	\N	\N	\N	\N	\N	\N	\N	\N	\N	\N	\N	\N	\N	\N	\N	\N	\N	\N	\N	\N	\N	\N	\N	\N	\N	\N	\N	\N	\N
724	\N	436	doc	\N	\N	\N	\N	\N	\N	\N	\N	\N	\N	\N	\N	\N	\N	\N	\N	\N	\N	\N	\N	\N	\N	\N	\N	\N	\N	\N	\N	\N	\N	\N	\N	\N	\N	\N	\N	\N	\N	\N	\N	\N	\N	123	\N	\N	\N
727	\N	438	doc	\N	\N	\N	\N	\N	\N	\N	\N	\N	\N	\N	\N	\N	\N	\N	\N	\N	\N	\N	\N	\N	\N	\N	\N	\N	\N	\N	\N	\N	\N	\N	\N	\N	\N	\N	\N	\N	\N	\N	\N	\N	\N	125	\N	\N	\N
197	\N	192	doc	\N	\N	\N	10	\N	\N	\N	\N	\N	\N	\N	\N	\N	\N	\N	\N	\N	\N	\N	\N	\N	\N	\N	\N	\N	\N	\N	\N	\N	\N	\N	\N	\N	\N	\N	\N	\N	\N	\N	\N	\N	\N	\N	\N	\N	\N
560	\N	209	doc	\N	\N	\N	\N	\N	\N	8	\N	\N	\N	\N	\N	\N	\N	\N	\N	\N	\N	\N	\N	\N	\N	\N	\N	\N	\N	\N	\N	\N	\N	\N	\N	\N	\N	\N	\N	\N	\N	\N	\N	\N	\N	\N	\N	\N	\N
737	\N	443	doc	\N	\N	\N	\N	\N	\N	\N	\N	\N	\N	\N	\N	\N	\N	\N	\N	\N	\N	\N	\N	\N	\N	\N	\N	\N	\N	\N	\N	\N	\N	\N	\N	\N	\N	\N	\N	\N	\N	\N	\N	\N	\N	129	\N	\N	\N
562	\N	390	doc	\N	\N	\N	\N	\N	\N	\N	\N	\N	\N	\N	\N	\N	\N	\N	\N	\N	\N	\N	\N	\N	\N	\N	\N	\N	\N	\N	\N	\N	\N	\N	\N	\N	\N	\N	\N	\N	\N	\N	\N	\N	\N	77	\N	\N	\N
563	\N	208	doc	\N	\N	\N	\N	\N	\N	7	\N	\N	\N	\N	\N	\N	\N	\N	\N	\N	\N	\N	\N	\N	\N	\N	\N	\N	\N	\N	\N	\N	\N	\N	\N	\N	\N	\N	\N	\N	\N	\N	\N	\N	\N	\N	\N	\N	\N
565	\N	391	doc	\N	\N	\N	\N	\N	\N	\N	\N	\N	\N	\N	\N	\N	\N	\N	\N	\N	\N	\N	\N	\N	\N	\N	\N	\N	\N	\N	\N	\N	\N	\N	\N	\N	\N	\N	\N	\N	\N	\N	\N	\N	\N	78	\N	\N	\N
566	\N	269	doc	\N	\N	\N	\N	\N	\N	\N	\N	\N	\N	\N	\N	\N	\N	\N	\N	\N	5	\N	\N	\N	\N	\N	\N	\N	\N	\N	\N	\N	\N	\N	\N	\N	\N	\N	\N	\N	\N	\N	\N	\N	\N	\N	\N	\N	\N
573	\N	393	doc	\N	\N	\N	\N	\N	\N	\N	\N	\N	\N	\N	\N	\N	\N	\N	\N	\N	\N	\N	\N	\N	\N	\N	\N	\N	\N	\N	\N	\N	\N	\N	\N	\N	\N	\N	\N	\N	\N	\N	\N	\N	\N	80	\N	\N	\N
575	\N	204	doc	\N	\N	\N	\N	\N	\N	3	\N	\N	\N	\N	\N	\N	\N	\N	\N	\N	\N	\N	\N	\N	\N	\N	\N	\N	\N	\N	\N	\N	\N	\N	\N	\N	\N	\N	\N	\N	\N	\N	\N	\N	\N	\N	\N	\N	\N
583	\N	395	doc	\N	\N	\N	\N	\N	\N	\N	\N	\N	\N	\N	\N	\N	\N	\N	\N	\N	\N	\N	\N	\N	\N	\N	\N	\N	\N	\N	\N	\N	\N	\N	\N	\N	\N	\N	\N	\N	\N	\N	\N	\N	\N	82	\N	\N	\N
742	\N	448	doc	\N	\N	\N	\N	\N	\N	\N	\N	\N	\N	\N	\N	\N	\N	\N	\N	\N	\N	\N	\N	\N	\N	\N	\N	\N	\N	\N	\N	\N	\N	\N	\N	\N	\N	\N	\N	\N	\N	\N	\N	\N	\N	134	\N	\N	\N
595	\N	398	doc	\N	\N	\N	\N	\N	\N	\N	\N	\N	\N	\N	\N	\N	\N	\N	\N	\N	\N	\N	\N	\N	\N	\N	\N	\N	\N	\N	\N	\N	\N	\N	\N	\N	\N	\N	\N	\N	\N	\N	\N	\N	\N	85	\N	\N	\N
600	\N	131	doc	\N	\N	\N	\N	\N	\N	\N	\N	\N	\N	\N	\N	\N	\N	\N	\N	\N	\N	\N	\N	\N	\N	\N	\N	\N	\N	\N	2	\N	\N	\N	\N	\N	\N	\N	\N	\N	\N	\N	\N	\N	\N	\N	\N	\N	\N
745	\N	451	doc	\N	\N	\N	\N	\N	\N	\N	\N	\N	\N	\N	\N	\N	\N	\N	\N	\N	\N	\N	\N	\N	\N	\N	\N	\N	\N	\N	\N	\N	\N	\N	\N	\N	\N	\N	\N	\N	\N	\N	\N	\N	\N	137	\N	\N	\N
601	\N	296	doc	\N	\N	\N	\N	\N	\N	\N	\N	\N	\N	\N	\N	\N	\N	\N	\N	\N	\N	\N	\N	\N	4	\N	\N	\N	\N	\N	\N	\N	\N	\N	\N	\N	\N	\N	\N	\N	\N	\N	\N	\N	\N	\N	\N	\N	\N
748	\N	454	doc	\N	\N	\N	\N	\N	\N	\N	\N	\N	\N	\N	\N	\N	\N	\N	\N	\N	\N	\N	\N	\N	\N	\N	\N	\N	\N	\N	\N	\N	\N	\N	\N	\N	\N	\N	\N	\N	\N	\N	\N	\N	\N	140	\N	\N	\N
752	\N	458	doc	\N	\N	\N	\N	\N	\N	\N	\N	\N	\N	\N	\N	\N	\N	\N	\N	\N	\N	\N	\N	\N	\N	\N	\N	\N	\N	\N	\N	\N	\N	\N	\N	\N	\N	\N	\N	\N	\N	\N	\N	\N	\N	144	\N	\N	\N
609	\N	214	doc	\N	\N	\N	\N	\N	\N	\N	\N	4	\N	\N	\N	\N	\N	\N	\N	\N	\N	\N	\N	\N	\N	\N	\N	\N	\N	\N	\N	\N	\N	\N	\N	\N	\N	\N	\N	\N	\N	\N	\N	\N	\N	\N	\N	\N	\N
615	\N	212	doc	\N	\N	\N	\N	\N	\N	\N	\N	2	\N	\N	\N	\N	\N	\N	\N	\N	\N	\N	\N	\N	\N	\N	\N	\N	\N	\N	\N	\N	\N	\N	\N	\N	\N	\N	\N	\N	\N	\N	\N	\N	\N	\N	\N	\N	\N
620	\N	403	doc	\N	\N	\N	\N	\N	\N	\N	\N	\N	\N	\N	\N	\N	\N	\N	\N	\N	\N	\N	\N	\N	\N	\N	\N	\N	\N	\N	\N	\N	\N	\N	\N	\N	\N	\N	\N	\N	\N	\N	\N	\N	\N	90	\N	\N	\N
621	\N	271	doc	\N	\N	\N	\N	\N	\N	\N	\N	\N	\N	\N	\N	\N	\N	\N	\N	\N	\N	2	\N	\N	\N	\N	\N	\N	\N	\N	\N	\N	\N	\N	\N	\N	\N	\N	\N	\N	\N	\N	\N	\N	\N	\N	\N	\N	\N
622	\N	404	doc	\N	\N	\N	\N	\N	\N	\N	\N	\N	\N	\N	\N	\N	\N	\N	\N	\N	\N	\N	\N	\N	\N	\N	\N	\N	\N	\N	\N	\N	\N	\N	\N	\N	\N	\N	\N	\N	\N	\N	\N	\N	\N	91	\N	\N	\N
624	\N	135	doc	\N	\N	\N	\N	\N	\N	\N	\N	\N	\N	\N	\N	\N	\N	\N	\N	\N	\N	\N	\N	\N	\N	\N	\N	\N	\N	\N	\N	1	\N	\N	\N	\N	\N	\N	\N	\N	\N	\N	\N	\N	\N	\N	\N	\N	\N
627	\N	406	doc	\N	\N	\N	\N	\N	\N	\N	\N	\N	\N	\N	\N	\N	\N	\N	\N	\N	\N	\N	\N	\N	\N	\N	\N	\N	\N	\N	\N	\N	\N	\N	\N	\N	\N	\N	\N	\N	\N	\N	\N	\N	\N	93	\N	\N	\N
628	\N	136	doc	\N	\N	\N	\N	\N	\N	\N	\N	\N	\N	\N	\N	\N	\N	\N	\N	\N	\N	\N	\N	\N	\N	\N	\N	\N	\N	\N	\N	2	\N	\N	\N	\N	\N	\N	\N	\N	\N	\N	\N	\N	\N	\N	\N	\N	\N
633	\N	299	doc	\N	\N	\N	\N	\N	\N	\N	\N	\N	\N	\N	\N	\N	\N	\N	\N	\N	\N	\N	\N	\N	\N	4	\N	\N	\N	\N	\N	\N	\N	\N	\N	\N	\N	\N	\N	\N	\N	\N	\N	\N	\N	\N	\N	\N	\N
637	\N	138	doc	\N	\N	\N	\N	\N	\N	\N	\N	\N	\N	\N	\N	\N	\N	\N	\N	\N	\N	\N	\N	\N	\N	\N	\N	\N	\N	\N	\N	4	\N	\N	\N	\N	\N	\N	\N	\N	\N	\N	\N	\N	\N	\N	\N	\N	\N
639	\N	297	doc	\N	\N	\N	\N	\N	\N	\N	\N	\N	\N	\N	\N	\N	\N	\N	\N	\N	\N	\N	\N	\N	\N	3	\N	\N	\N	\N	\N	\N	\N	\N	\N	\N	\N	\N	\N	\N	\N	\N	\N	\N	\N	\N	\N	\N	\N
640	\N	409	doc	\N	\N	\N	\N	\N	\N	\N	\N	\N	\N	\N	\N	\N	\N	\N	\N	\N	\N	\N	\N	\N	\N	\N	\N	\N	\N	\N	\N	\N	\N	\N	\N	\N	\N	\N	\N	\N	\N	\N	\N	\N	\N	96	\N	\N	\N
642	\N	139	doc	\N	\N	\N	\N	\N	\N	\N	\N	\N	\N	\N	\N	\N	\N	\N	\N	\N	\N	\N	\N	\N	\N	\N	\N	\N	\N	\N	\N	5	\N	\N	\N	\N	\N	\N	\N	\N	\N	\N	\N	\N	\N	\N	\N	\N	\N
646	\N	140	doc	\N	\N	\N	\N	\N	\N	\N	\N	\N	\N	\N	\N	\N	\N	\N	\N	\N	\N	\N	\N	\N	\N	\N	\N	\N	\N	\N	\N	6	\N	\N	\N	\N	\N	\N	\N	\N	\N	\N	\N	\N	\N	\N	\N	\N	\N
658	\N	415	doc	\N	\N	\N	\N	\N	\N	\N	\N	\N	\N	\N	\N	\N	\N	\N	\N	\N	\N	\N	\N	\N	\N	\N	\N	\N	\N	\N	\N	\N	\N	\N	\N	\N	\N	\N	\N	\N	\N	\N	\N	\N	\N	102	\N	\N	\N
659	\N	143	doc	\N	\N	\N	\N	\N	\N	\N	\N	\N	\N	\N	\N	\N	\N	\N	\N	\N	\N	\N	\N	\N	\N	\N	\N	\N	\N	\N	\N	\N	3	\N	\N	\N	\N	\N	\N	\N	\N	\N	\N	\N	\N	\N	\N	\N	\N
663	\N	144	doc	\N	\N	\N	\N	\N	\N	\N	\N	\N	\N	\N	\N	\N	\N	\N	\N	\N	\N	\N	\N	\N	\N	\N	\N	\N	\N	\N	\N	\N	4	\N	\N	\N	\N	\N	\N	\N	\N	\N	\N	\N	\N	\N	\N	\N	\N
670	\N	418	doc	\N	\N	\N	\N	\N	\N	\N	\N	\N	\N	\N	\N	\N	\N	\N	\N	\N	\N	\N	\N	\N	\N	\N	\N	\N	\N	\N	\N	\N	\N	\N	\N	\N	\N	\N	\N	\N	\N	\N	\N	\N	\N	105	\N	\N	\N
672	\N	232	doc	\N	\N	\N	\N	\N	\N	\N	\N	\N	\N	\N	\N	\N	\N	\N	\N	\N	\N	\N	\N	\N	\N	\N	1	\N	\N	\N	\N	\N	\N	\N	\N	\N	\N	\N	\N	\N	\N	\N	\N	\N	\N	\N	\N	\N	\N
758	\N	168	doc	\N	3	\N	\N	\N	\N	\N	\N	\N	\N	\N	\N	\N	\N	\N	\N	\N	\N	\N	\N	\N	\N	\N	\N	\N	\N	\N	\N	\N	\N	\N	\N	\N	\N	\N	\N	\N	\N	\N	\N	\N	\N	\N	\N	\N	\N
759	\N	463	doc	\N	\N	\N	\N	\N	\N	\N	\N	\N	\N	\N	\N	\N	\N	\N	\N	\N	\N	\N	\N	\N	\N	\N	\N	\N	\N	\N	\N	\N	\N	\N	\N	\N	\N	\N	\N	\N	\N	\N	\N	\N	\N	150	\N	\N	\N
762	\N	464	doc	\N	\N	\N	\N	\N	\N	\N	\N	\N	\N	\N	\N	\N	\N	\N	\N	\N	\N	\N	\N	\N	\N	\N	\N	\N	\N	\N	\N	\N	\N	\N	\N	\N	\N	\N	\N	\N	\N	\N	\N	\N	\N	151	\N	\N	\N
764	\N	465	doc	\N	\N	\N	\N	\N	\N	\N	\N	\N	\N	\N	\N	\N	\N	\N	\N	\N	\N	\N	\N	\N	\N	\N	\N	\N	\N	\N	\N	\N	\N	\N	\N	\N	\N	\N	\N	\N	\N	\N	\N	\N	\N	152	\N	\N	\N
773	\N	471	doc	\N	\N	\N	\N	\N	\N	\N	\N	\N	\N	\N	\N	\N	\N	\N	\N	\N	\N	\N	\N	\N	\N	\N	\N	\N	\N	\N	\N	\N	\N	\N	\N	\N	\N	\N	\N	\N	\N	\N	\N	\N	\N	158	\N	\N	\N
774	\N	133	doc	\N	\N	\N	\N	\N	\N	\N	\N	\N	\N	\N	\N	\N	\N	\N	\N	\N	\N	\N	\N	\N	\N	\N	\N	\N	\N	\N	4	\N	\N	\N	\N	\N	\N	\N	\N	\N	\N	\N	\N	\N	\N	\N	\N	\N	\N
777	\N	473	doc	\N	\N	\N	\N	\N	\N	\N	\N	\N	\N	\N	\N	\N	\N	\N	\N	\N	\N	\N	\N	\N	\N	\N	\N	\N	\N	\N	\N	\N	\N	\N	\N	\N	\N	\N	\N	\N	\N	\N	\N	\N	\N	160	\N	\N	\N
675	\N	94	doc	\N	\N	\N	\N	\N	\N	\N	\N	\N	\N	\N	\N	\N	\N	\N	\N	\N	\N	\N	\N	\N	\N	\N	\N	\N	\N	\N	\N	\N	\N	\N	\N	\N	5	\N	\N	\N	\N	\N	\N	\N	\N	\N	\N	\N	\N
779	\N	462	doc	\N	\N	\N	\N	\N	\N	\N	\N	\N	\N	\N	6	\N	\N	\N	\N	\N	\N	\N	\N	\N	\N	\N	\N	\N	\N	\N	\N	\N	\N	\N	\N	\N	\N	\N	\N	\N	\N	\N	\N	\N	\N	\N	\N	\N	\N
782	\N	477	doc	\N	\N	\N	\N	\N	\N	\N	\N	\N	\N	\N	\N	\N	\N	\N	\N	\N	\N	\N	\N	\N	\N	\N	\N	\N	\N	\N	\N	\N	\N	\N	\N	\N	\N	\N	\N	\N	\N	\N	\N	\N	\N	164	\N	\N	\N
785	\N	480	doc	\N	\N	\N	\N	\N	\N	\N	\N	\N	\N	\N	\N	\N	\N	\N	\N	\N	\N	\N	\N	\N	\N	\N	\N	\N	\N	\N	\N	\N	\N	\N	\N	\N	\N	\N	\N	\N	\N	\N	\N	\N	\N	167	\N	\N	\N
791	\N	484	doc	\N	\N	\N	\N	\N	\N	\N	\N	\N	\N	\N	\N	\N	\N	\N	\N	\N	\N	\N	\N	\N	\N	\N	\N	\N	\N	\N	\N	\N	\N	\N	\N	\N	\N	\N	\N	\N	\N	\N	\N	\N	\N	171	\N	\N	\N
793	\N	152	doc	\N	\N	\N	\N	\N	\N	\N	\N	\N	\N	\N	\N	\N	\N	\N	\N	\N	\N	\N	\N	\N	\N	\N	\N	\N	\N	\N	\N	\N	\N	1	\N	\N	\N	\N	\N	\N	\N	\N	\N	\N	\N	\N	\N	\N	\N
795	\N	487	doc	\N	\N	\N	\N	\N	\N	\N	\N	\N	\N	\N	\N	\N	\N	\N	\N	\N	\N	\N	\N	\N	\N	\N	\N	\N	\N	\N	\N	\N	\N	\N	\N	\N	\N	\N	\N	\N	\N	\N	\N	\N	\N	174	\N	\N	\N
797	\N	489	doc	\N	\N	\N	\N	\N	\N	\N	\N	\N	\N	\N	\N	\N	\N	\N	\N	\N	\N	\N	\N	\N	\N	\N	\N	\N	\N	\N	\N	\N	\N	\N	\N	\N	\N	\N	\N	\N	\N	\N	\N	\N	\N	176	\N	\N	\N
801	\N	492	doc	\N	\N	\N	\N	\N	\N	\N	\N	\N	\N	\N	\N	\N	\N	\N	\N	\N	\N	\N	\N	\N	\N	\N	\N	\N	\N	\N	\N	\N	\N	\N	\N	\N	\N	\N	\N	\N	\N	\N	\N	\N	\N	179	\N	\N	\N
677	\N	122	doc	\N	\N	\N	\N	\N	\N	\N	\N	\N	\N	\N	\N	\N	\N	\N	\N	\N	\N	\N	\N	\N	\N	\N	\N	\N	\N	\N	\N	\N	\N	\N	\N	\N	\N	\N	\N	\N	\N	5	\N	\N	\N	\N	\N	\N	\N
805	\N	496	doc	\N	\N	\N	\N	\N	\N	\N	\N	\N	\N	\N	\N	\N	\N	\N	\N	\N	\N	\N	\N	\N	\N	\N	\N	\N	\N	\N	\N	\N	\N	\N	\N	\N	\N	\N	\N	\N	\N	\N	\N	\N	\N	183	\N	\N	\N
807	\N	497	doc	\N	\N	\N	\N	\N	\N	\N	\N	\N	\N	\N	\N	\N	\N	\N	\N	\N	\N	\N	\N	\N	\N	\N	\N	\N	\N	\N	\N	\N	\N	\N	\N	\N	\N	\N	\N	\N	\N	\N	\N	\N	\N	184	\N	\N	\N
810	\N	500	doc	\N	\N	\N	\N	\N	\N	\N	\N	\N	\N	\N	\N	\N	\N	\N	\N	\N	\N	\N	\N	\N	\N	\N	\N	\N	\N	\N	\N	\N	\N	\N	\N	\N	\N	\N	\N	\N	\N	\N	\N	\N	\N	187	\N	\N	\N
811	\N	501	doc	\N	\N	\N	\N	\N	\N	\N	\N	\N	\N	\N	\N	\N	\N	\N	\N	\N	\N	\N	\N	\N	\N	\N	\N	\N	\N	\N	\N	\N	\N	\N	\N	\N	\N	\N	\N	\N	\N	\N	\N	\N	\N	188	\N	\N	\N
812	\N	502	doc	\N	\N	\N	\N	\N	\N	\N	\N	\N	\N	\N	\N	\N	\N	\N	\N	\N	\N	\N	\N	\N	\N	\N	\N	\N	\N	\N	\N	\N	\N	\N	\N	\N	\N	\N	\N	\N	\N	\N	\N	\N	\N	189	\N	\N	\N
816	\N	506	doc	\N	\N	\N	\N	\N	\N	\N	\N	\N	\N	\N	\N	\N	\N	\N	\N	\N	\N	\N	\N	\N	\N	\N	\N	\N	\N	\N	\N	\N	\N	\N	\N	\N	\N	\N	\N	\N	\N	\N	\N	\N	\N	193	\N	\N	\N
818	\N	508	doc	\N	\N	\N	\N	\N	\N	\N	\N	\N	\N	\N	\N	\N	\N	\N	\N	\N	\N	\N	\N	\N	\N	\N	\N	\N	\N	\N	\N	\N	\N	\N	\N	\N	\N	\N	\N	\N	\N	\N	\N	\N	\N	195	\N	\N	\N
678	\N	253	doc	\N	\N	\N	\N	\N	\N	\N	\N	\N	\N	\N	\N	\N	\N	\N	\N	\N	\N	\N	\N	\N	\N	\N	\N	5	\N	\N	\N	\N	\N	\N	\N	\N	\N	\N	\N	\N	\N	\N	\N	\N	\N	\N	\N	\N	\N
824	\N	513	doc	\N	\N	\N	\N	\N	\N	\N	\N	\N	\N	\N	\N	\N	\N	\N	\N	\N	\N	\N	\N	\N	\N	\N	\N	\N	\N	\N	\N	\N	\N	\N	\N	\N	\N	\N	\N	\N	\N	\N	\N	\N	\N	200	\N	\N	\N
825	\N	514	doc	\N	\N	\N	\N	\N	\N	\N	\N	\N	\N	\N	\N	\N	\N	\N	\N	\N	\N	\N	\N	\N	\N	\N	\N	\N	\N	\N	\N	\N	\N	\N	\N	\N	\N	\N	\N	\N	\N	\N	\N	\N	\N	201	\N	\N	\N
827	\N	516	doc	\N	\N	\N	\N	\N	\N	\N	\N	\N	\N	\N	\N	\N	\N	\N	\N	\N	\N	\N	\N	\N	\N	\N	\N	\N	\N	\N	\N	\N	\N	\N	\N	\N	\N	\N	\N	\N	\N	\N	\N	\N	\N	203	\N	\N	\N
834	\N	522	doc	\N	\N	\N	\N	\N	\N	\N	\N	\N	\N	\N	\N	\N	\N	\N	\N	\N	\N	\N	\N	\N	\N	\N	\N	\N	\N	\N	\N	\N	\N	\N	\N	\N	\N	\N	\N	\N	\N	\N	\N	\N	\N	209	\N	\N	\N
835	\N	523	doc	\N	\N	\N	\N	\N	\N	\N	\N	\N	\N	\N	\N	\N	\N	\N	\N	\N	\N	\N	\N	\N	\N	\N	\N	\N	\N	\N	\N	\N	\N	\N	\N	\N	\N	\N	\N	\N	\N	\N	\N	\N	\N	210	\N	\N	\N
836	\N	524	doc	\N	\N	\N	\N	\N	\N	\N	\N	\N	\N	\N	\N	\N	\N	\N	\N	\N	\N	\N	\N	\N	\N	\N	\N	\N	\N	\N	\N	\N	\N	\N	\N	\N	\N	\N	\N	\N	\N	\N	\N	\N	\N	211	\N	\N	\N
840	\N	528	doc	\N	\N	\N	\N	\N	\N	\N	\N	\N	\N	\N	\N	\N	\N	\N	\N	\N	\N	\N	\N	\N	\N	\N	\N	\N	\N	\N	\N	\N	\N	\N	\N	\N	\N	\N	\N	\N	\N	\N	\N	\N	\N	215	\N	\N	\N
848	\N	530	doc	\N	\N	\N	\N	\N	\N	\N	\N	\N	\N	\N	\N	\N	\N	\N	\N	\N	\N	\N	\N	\N	\N	\N	\N	\N	\N	\N	\N	\N	\N	\N	\N	\N	\N	\N	\N	\N	\N	\N	\N	\N	\N	217	\N	\N	\N
853	\N	532	doc	\N	\N	\N	\N	\N	\N	\N	\N	\N	\N	\N	\N	\N	\N	\N	\N	\N	\N	\N	\N	\N	\N	\N	\N	\N	\N	\N	\N	\N	\N	\N	\N	\N	\N	\N	\N	\N	\N	\N	\N	\N	\N	219	\N	\N	\N
856	\N	533	doc	\N	\N	\N	\N	\N	\N	\N	\N	\N	\N	\N	\N	\N	\N	\N	\N	\N	\N	\N	\N	\N	\N	\N	\N	\N	\N	\N	\N	\N	\N	\N	\N	\N	\N	\N	\N	\N	\N	\N	\N	\N	\N	220	\N	\N	\N
858	\N	223	doc	\N	\N	\N	\N	\N	\N	\N	\N	\N	\N	\N	4	\N	\N	\N	\N	\N	\N	\N	\N	\N	\N	\N	\N	\N	\N	\N	\N	\N	\N	\N	\N	\N	\N	\N	\N	\N	\N	\N	\N	\N	\N	\N	\N	\N	\N
861	\N	537	doc	\N	\N	\N	\N	\N	\N	\N	\N	\N	\N	\N	\N	\N	\N	\N	\N	\N	\N	\N	\N	\N	\N	\N	\N	\N	\N	\N	\N	\N	\N	\N	\N	\N	\N	\N	\N	\N	\N	\N	\N	\N	\N	224	\N	\N	\N
862	\N	538	doc	\N	\N	\N	\N	\N	\N	\N	\N	\N	\N	\N	\N	\N	\N	\N	\N	\N	\N	\N	\N	\N	\N	\N	\N	\N	\N	\N	\N	\N	\N	\N	\N	\N	\N	\N	\N	\N	\N	\N	\N	\N	\N	225	\N	\N	\N
864	\N	540	doc	\N	\N	\N	\N	\N	\N	\N	\N	\N	\N	\N	\N	\N	\N	\N	\N	\N	\N	\N	\N	\N	\N	\N	\N	\N	\N	\N	\N	\N	\N	\N	\N	\N	\N	\N	\N	\N	\N	\N	\N	\N	\N	227	\N	\N	\N
867	\N	543	doc	\N	\N	\N	\N	\N	\N	\N	\N	\N	\N	\N	\N	\N	\N	\N	\N	\N	\N	\N	\N	\N	\N	\N	\N	\N	\N	\N	\N	\N	\N	\N	\N	\N	\N	\N	\N	\N	\N	\N	\N	\N	\N	230	\N	\N	\N
868	\N	544	doc	\N	\N	\N	\N	\N	\N	\N	\N	\N	\N	\N	\N	\N	\N	\N	\N	\N	\N	\N	\N	\N	\N	\N	\N	\N	\N	\N	\N	\N	\N	\N	\N	\N	\N	\N	\N	\N	\N	\N	\N	\N	\N	231	\N	\N	\N
870	\N	546	doc	\N	\N	\N	\N	\N	\N	\N	\N	\N	\N	\N	\N	\N	\N	\N	\N	\N	\N	\N	\N	\N	\N	\N	\N	\N	\N	\N	\N	\N	\N	\N	\N	\N	\N	\N	\N	\N	\N	\N	\N	\N	\N	233	\N	\N	\N
871	\N	547	doc	\N	\N	\N	\N	\N	\N	\N	\N	\N	\N	\N	\N	\N	\N	\N	\N	\N	\N	\N	\N	\N	\N	\N	\N	\N	\N	\N	\N	\N	\N	\N	\N	\N	\N	\N	\N	\N	\N	\N	\N	\N	\N	234	\N	\N	\N
872	\N	548	doc	\N	\N	\N	\N	\N	\N	\N	\N	\N	\N	\N	\N	\N	\N	\N	\N	\N	\N	\N	\N	\N	\N	\N	\N	\N	\N	\N	\N	\N	\N	\N	\N	\N	\N	\N	\N	\N	\N	\N	\N	\N	\N	235	\N	\N	\N
873	\N	549	doc	\N	\N	\N	\N	\N	\N	\N	\N	\N	\N	\N	\N	\N	\N	\N	\N	\N	\N	\N	\N	\N	\N	\N	\N	\N	\N	\N	\N	\N	\N	\N	\N	\N	\N	\N	\N	\N	\N	\N	\N	\N	\N	236	\N	\N	\N
875	\N	551	doc	\N	\N	\N	\N	\N	\N	\N	\N	\N	\N	\N	\N	\N	\N	\N	\N	\N	\N	\N	\N	\N	\N	\N	\N	\N	\N	\N	\N	\N	\N	\N	\N	\N	\N	\N	\N	\N	\N	\N	\N	\N	\N	238	\N	\N	\N
877	\N	553	doc	\N	\N	\N	\N	\N	\N	\N	\N	\N	\N	\N	\N	\N	\N	\N	\N	\N	\N	\N	\N	\N	\N	\N	\N	\N	\N	\N	\N	\N	\N	\N	\N	\N	\N	\N	\N	\N	\N	\N	\N	\N	\N	240	\N	\N	\N
880	\N	128	doc	\N	\N	\N	\N	\N	\N	\N	5	\N	\N	\N	\N	\N	\N	\N	\N	\N	\N	\N	\N	\N	\N	\N	\N	\N	\N	\N	\N	\N	\N	\N	\N	\N	\N	\N	\N	\N	\N	\N	\N	\N	\N	\N	\N	\N	\N
882	\N	126	doc	\N	\N	\N	\N	\N	\N	\N	3	\N	\N	\N	\N	\N	\N	\N	\N	\N	\N	\N	\N	\N	\N	\N	\N	\N	\N	\N	\N	\N	\N	\N	\N	\N	\N	\N	\N	\N	\N	\N	\N	\N	\N	\N	\N	\N	\N
883	\N	125	doc	\N	\N	\N	\N	\N	\N	\N	2	\N	\N	\N	\N	\N	\N	\N	\N	\N	\N	\N	\N	\N	\N	\N	\N	\N	\N	\N	\N	\N	\N	\N	\N	\N	\N	\N	\N	\N	\N	\N	\N	\N	\N	\N	\N	\N	\N
884	\N	229	doc	\N	\N	\N	\N	\N	\N	\N	\N	\N	\N	\N	\N	\N	3	\N	\N	\N	\N	\N	\N	\N	\N	\N	\N	\N	\N	\N	\N	\N	\N	\N	\N	\N	\N	\N	\N	\N	\N	\N	\N	\N	\N	\N	\N	\N	\N
886	\N	231	doc	\N	\N	\N	\N	\N	\N	\N	\N	\N	\N	\N	\N	\N	5	\N	\N	\N	\N	\N	\N	\N	\N	\N	\N	\N	\N	\N	\N	\N	\N	\N	\N	\N	\N	\N	\N	\N	\N	\N	\N	\N	\N	\N	\N	\N	\N
888	\N	228	doc	\N	\N	\N	\N	\N	\N	\N	\N	\N	\N	\N	\N	\N	2	\N	\N	\N	\N	\N	\N	\N	\N	\N	\N	\N	\N	\N	\N	\N	\N	\N	\N	\N	\N	\N	\N	\N	\N	\N	\N	\N	\N	\N	\N	\N	\N
896	\N	560	doc	6	\N	\N	\N	\N	\N	\N	\N	\N	\N	\N	\N	\N	\N	\N	\N	\N	\N	\N	\N	\N	\N	\N	\N	\N	\N	\N	\N	\N	\N	\N	\N	\N	\N	\N	\N	\N	\N	\N	\N	\N	\N	\N	\N	\N	\N
897	\N	561	doc	\N	\N	\N	\N	\N	\N	\N	\N	\N	\N	\N	11	\N	\N	\N	\N	\N	\N	\N	\N	\N	\N	\N	\N	\N	\N	\N	\N	\N	\N	\N	\N	\N	\N	\N	\N	\N	\N	\N	\N	\N	\N	\N	\N	\N	\N
900	\N	556	doc	\N	\N	\N	\N	\N	\N	\N	\N	\N	\N	\N	8	\N	\N	\N	\N	\N	\N	\N	\N	\N	\N	\N	\N	\N	\N	\N	\N	\N	\N	\N	\N	\N	\N	\N	\N	\N	\N	\N	\N	\N	\N	\N	\N	\N	\N
903	\N	563	doc	8	\N	\N	\N	\N	\N	\N	\N	\N	\N	\N	\N	\N	\N	\N	\N	\N	\N	\N	\N	\N	\N	\N	\N	\N	\N	\N	\N	\N	\N	\N	\N	\N	\N	\N	\N	\N	\N	\N	\N	\N	\N	\N	\N	\N	\N
905	\N	564	doc	\N	\N	6	\N	\N	\N	\N	\N	\N	\N	\N	\N	\N	\N	\N	\N	\N	\N	\N	\N	\N	\N	\N	\N	\N	\N	\N	\N	\N	\N	\N	\N	\N	\N	\N	\N	\N	\N	\N	\N	\N	\N	\N	\N	\N	\N
907	\N	566	doc	\N	\N	\N	\N	\N	\N	\N	7	\N	\N	\N	\N	\N	\N	\N	\N	\N	\N	\N	\N	\N	\N	\N	\N	\N	\N	\N	\N	\N	\N	\N	\N	\N	\N	\N	\N	\N	\N	\N	\N	\N	\N	\N	\N	\N	\N
918	\N	574	doc	\N	\N	\N	\N	\N	\N	\N	\N	\N	\N	\N	\N	\N	\N	\N	\N	\N	\N	\N	\N	\N	\N	\N	\N	\N	\N	\N	7	\N	\N	\N	\N	\N	\N	\N	\N	\N	\N	\N	\N	\N	\N	\N	\N	\N	\N
920	\N	572	doc	\N	\N	\N	\N	\N	\N	\N	\N	\N	\N	\N	\N	\N	\N	\N	\N	\N	\N	\N	\N	\N	\N	\N	\N	\N	\N	\N	\N	\N	\N	\N	\N	\N	\N	\N	\N	\N	7	\N	\N	\N	\N	\N	\N	\N	\N
922	\N	577	doc	\N	\N	\N	\N	\N	\N	\N	\N	\N	\N	\N	\N	\N	\N	\N	\N	\N	\N	\N	\N	\N	\N	\N	\N	\N	\N	\N	\N	\N	\N	\N	\N	\N	\N	\N	\N	\N	\N	\N	\N	\N	36	\N	\N	\N	\N
923	\N	578	doc	\N	\N	\N	\N	\N	\N	\N	\N	\N	\N	\N	\N	\N	\N	\N	\N	\N	\N	\N	\N	\N	\N	\N	\N	\N	\N	\N	\N	\N	\N	\N	\N	\N	\N	\N	\N	\N	\N	\N	\N	\N	37	\N	\N	\N	\N
927	\N	582	doc	\N	\N	\N	\N	\N	\N	\N	\N	\N	\N	\N	\N	\N	\N	\N	\N	\N	\N	\N	\N	\N	\N	\N	\N	7	\N	\N	\N	\N	\N	\N	\N	\N	\N	\N	\N	\N	\N	\N	\N	\N	\N	\N	\N	\N	\N
930	\N	576	doc	\N	\N	\N	\N	\N	\N	\N	\N	\N	\N	\N	\N	\N	\N	\N	\N	\N	\N	\N	\N	\N	\N	\N	\N	\N	\N	\N	\N	\N	\N	\N	\N	\N	\N	\N	\N	\N	10	\N	\N	\N	\N	\N	\N	\N	\N
932	\N	586	doc	\N	\N	\N	\N	\N	\N	\N	\N	\N	\N	\N	\N	\N	\N	\N	\N	\N	\N	\N	\N	\N	\N	\N	\N	\N	\N	\N	\N	\N	\N	\N	\N	\N	\N	\N	\N	\N	\N	\N	\N	\N	44	\N	\N	\N	\N
936	\N	590	doc	\N	\N	\N	\N	\N	\N	\N	\N	\N	\N	\N	\N	\N	\N	\N	\N	\N	\N	\N	\N	\N	\N	\N	\N	\N	\N	\N	\N	\N	\N	\N	\N	\N	\N	\N	\N	\N	\N	\N	\N	\N	47	\N	\N	\N	\N
939	\N	592	doc	\N	\N	\N	\N	\N	\N	\N	\N	\N	\N	\N	\N	\N	\N	\N	\N	\N	\N	\N	\N	\N	\N	\N	\N	\N	\N	\N	\N	\N	\N	\N	\N	\N	\N	\N	\N	\N	12	\N	\N	\N	\N	\N	\N	\N	\N
941	\N	594	doc	\N	\N	\N	\N	\N	\N	\N	\N	\N	\N	\N	\N	\N	\N	\N	\N	\N	\N	\N	\N	\N	\N	\N	\N	\N	\N	\N	\N	\N	\N	\N	\N	\N	\N	\N	\N	\N	\N	\N	\N	\N	49	\N	\N	\N	\N
942	\N	595	doc	\N	\N	\N	\N	\N	\N	\N	\N	\N	\N	\N	\N	\N	\N	\N	\N	\N	\N	\N	\N	\N	\N	\N	\N	\N	\N	\N	\N	\N	\N	\N	\N	\N	\N	\N	\N	\N	\N	\N	\N	\N	50	\N	\N	\N	\N
355	\N	301	doc	\N	\N	\N	\N	\N	\N	\N	\N	\N	\N	\N	\N	\N	\N	\N	\N	\N	\N	\N	\N	\N	\N	\N	\N	\N	\N	\N	\N	\N	\N	\N	\N	\N	\N	\N	\N	\N	\N	\N	\N	1	\N	\N	\N	\N	\N
356	\N	302	doc	\N	\N	\N	\N	\N	\N	\N	\N	\N	\N	\N	\N	\N	\N	\N	\N	\N	\N	\N	\N	\N	\N	\N	\N	\N	\N	\N	\N	\N	\N	\N	\N	\N	\N	\N	\N	\N	\N	\N	\N	2	\N	\N	\N	\N	\N
358	\N	304	doc	\N	\N	\N	\N	\N	\N	\N	\N	\N	\N	\N	\N	\N	\N	\N	\N	\N	\N	\N	\N	\N	\N	\N	\N	\N	\N	\N	\N	\N	\N	\N	\N	\N	\N	\N	\N	\N	\N	\N	\N	3	\N	\N	\N	\N	\N
687	\N	249	doc	\N	\N	\N	\N	\N	\N	\N	\N	\N	\N	\N	\N	\N	\N	\N	\N	\N	\N	\N	\N	\N	\N	\N	\N	1	\N	\N	\N	\N	\N	\N	\N	\N	\N	\N	\N	\N	\N	\N	\N	\N	\N	\N	\N	\N	\N
499	\N	227	doc	\N	\N	\N	\N	\N	\N	\N	\N	\N	\N	\N	\N	4	\N	\N	\N	\N	\N	\N	\N	\N	\N	\N	\N	\N	\N	\N	\N	\N	\N	\N	\N	\N	\N	\N	\N	\N	\N	\N	\N	\N	\N	\N	\N	\N	\N
688	\N	92	doc	\N	\N	\N	\N	\N	\N	\N	\N	\N	\N	\N	\N	\N	\N	\N	\N	\N	\N	\N	\N	\N	\N	\N	\N	\N	\N	\N	\N	\N	\N	\N	\N	\N	3	\N	\N	\N	\N	\N	\N	\N	\N	\N	\N	\N	\N
509	\N	161	doc	\N	\N	\N	\N	\N	\N	\N	\N	\N	\N	\N	\N	\N	\N	\N	7	\N	\N	\N	\N	\N	\N	\N	\N	\N	\N	\N	\N	\N	\N	\N	\N	\N	\N	\N	\N	\N	\N	\N	\N	\N	\N	\N	\N	\N	\N
518	\N	160	doc	\N	\N	\N	\N	\N	\N	\N	\N	\N	\N	\N	\N	\N	\N	\N	6	\N	\N	\N	\N	\N	\N	\N	\N	\N	\N	\N	\N	\N	\N	\N	\N	\N	\N	\N	\N	\N	\N	\N	\N	\N	\N	\N	\N	\N	\N
530	\N	247	doc	\N	\N	\N	\N	5	\N	\N	\N	\N	\N	\N	\N	\N	\N	\N	\N	\N	\N	\N	\N	\N	\N	\N	\N	\N	\N	\N	\N	\N	\N	\N	\N	\N	\N	\N	\N	\N	\N	\N	\N	\N	\N	\N	\N	\N	\N
532	\N	246	doc	\N	\N	\N	\N	4	\N	\N	\N	\N	\N	\N	\N	\N	\N	\N	\N	\N	\N	\N	\N	\N	\N	\N	\N	\N	\N	\N	\N	\N	\N	\N	\N	\N	\N	\N	\N	\N	\N	\N	\N	\N	\N	\N	\N	\N	\N
540	\N	243	doc	\N	\N	\N	\N	1	\N	\N	\N	\N	\N	\N	\N	\N	\N	\N	\N	\N	\N	\N	\N	\N	\N	\N	\N	\N	\N	\N	\N	\N	\N	\N	\N	\N	\N	\N	\N	\N	\N	\N	\N	\N	\N	\N	\N	\N	\N
541	\N	383	doc	\N	\N	\N	\N	\N	\N	\N	\N	\N	\N	\N	\N	\N	\N	\N	\N	\N	\N	\N	\N	\N	\N	\N	\N	\N	\N	\N	\N	\N	\N	\N	\N	\N	\N	\N	\N	\N	\N	\N	\N	\N	\N	70	\N	\N	\N
545	\N	187	doc	\N	\N	\N	\N	\N	4	\N	\N	\N	\N	\N	\N	\N	\N	\N	\N	\N	\N	\N	\N	\N	\N	\N	\N	\N	\N	\N	\N	\N	\N	\N	\N	\N	\N	\N	\N	\N	\N	\N	\N	\N	\N	\N	\N	\N	\N
546	\N	184	doc	\N	\N	\N	\N	\N	3	\N	\N	\N	\N	\N	\N	\N	\N	\N	\N	\N	\N	\N	\N	\N	\N	\N	\N	\N	\N	\N	\N	\N	\N	\N	\N	\N	\N	\N	\N	\N	\N	\N	\N	\N	\N	\N	\N	\N	\N
547	\N	385	doc	\N	\N	\N	\N	\N	\N	\N	\N	\N	\N	\N	\N	\N	\N	\N	\N	\N	\N	\N	\N	\N	\N	\N	\N	\N	\N	\N	\N	\N	\N	\N	\N	\N	\N	\N	\N	\N	\N	\N	\N	\N	\N	72	\N	\N	\N
548	\N	181	doc	\N	\N	\N	\N	\N	2	\N	\N	\N	\N	\N	\N	\N	\N	\N	\N	\N	\N	\N	\N	\N	\N	\N	\N	\N	\N	\N	\N	\N	\N	\N	\N	\N	\N	\N	\N	\N	\N	\N	\N	\N	\N	\N	\N	\N	\N
555	\N	305	doc	\N	\N	\N	\N	\N	\N	10	\N	\N	\N	\N	\N	\N	\N	\N	\N	\N	\N	\N	\N	\N	\N	\N	\N	\N	\N	\N	\N	\N	\N	\N	\N	\N	\N	\N	\N	\N	\N	\N	\N	\N	\N	\N	\N	\N	\N
561	\N	292	doc	\N	\N	\N	\N	\N	\N	\N	\N	\N	\N	\N	\N	\N	\N	\N	\N	\N	\N	\N	\N	4	\N	\N	\N	\N	\N	\N	\N	\N	\N	\N	\N	\N	\N	\N	\N	\N	\N	\N	\N	\N	\N	\N	\N	\N	\N
564	\N	207	doc	\N	\N	\N	\N	\N	\N	6	\N	\N	\N	\N	\N	\N	\N	\N	\N	\N	\N	\N	\N	\N	\N	\N	\N	\N	\N	\N	\N	\N	\N	\N	\N	\N	\N	\N	\N	\N	\N	\N	\N	\N	\N	\N	\N	\N	\N
567	\N	259	doc	\N	\N	\N	\N	\N	\N	\N	\N	\N	\N	\N	\N	\N	\N	\N	\N	\N	\N	\N	\N	3	\N	\N	\N	\N	\N	\N	\N	\N	\N	\N	\N	\N	\N	\N	\N	\N	\N	\N	\N	\N	\N	\N	\N	\N	\N
568	\N	156	doc	\N	\N	\N	\N	\N	\N	\N	\N	\N	\N	\N	\N	\N	\N	\N	\N	\N	\N	\N	\N	\N	\N	\N	\N	\N	\N	\N	\N	\N	\N	5	\N	\N	\N	\N	\N	\N	\N	\N	\N	\N	\N	\N	\N	\N	\N
569	\N	206	doc	\N	\N	\N	\N	\N	\N	5	\N	\N	\N	\N	\N	\N	\N	\N	\N	\N	\N	\N	\N	\N	\N	\N	\N	\N	\N	\N	\N	\N	\N	\N	\N	\N	\N	\N	\N	\N	\N	\N	\N	\N	\N	\N	\N	\N	\N
689	\N	424	doc	\N	\N	\N	\N	\N	\N	\N	\N	\N	\N	\N	\N	\N	\N	\N	\N	\N	\N	\N	\N	\N	\N	\N	\N	\N	\N	\N	\N	\N	\N	\N	\N	\N	\N	\N	\N	\N	\N	\N	\N	\N	\N	111	\N	\N	\N
584	\N	257	doc	\N	\N	\N	\N	\N	\N	\N	\N	\N	\N	\N	\N	\N	\N	\N	\N	\N	\N	\N	\N	1	\N	\N	\N	\N	\N	\N	\N	\N	\N	\N	\N	\N	\N	\N	\N	\N	\N	\N	\N	\N	\N	\N	\N	\N	\N
605	\N	291	doc	\N	\N	\N	\N	\N	\N	\N	\N	\N	\N	\N	\N	\N	\N	\N	\N	\N	\N	\N	\N	\N	3	\N	\N	\N	\N	\N	\N	\N	\N	\N	\N	\N	\N	\N	\N	\N	\N	\N	\N	\N	\N	\N	\N	\N	\N
613	\N	402	doc	\N	\N	\N	\N	\N	\N	\N	\N	\N	\N	\N	\N	\N	\N	\N	\N	\N	\N	\N	\N	\N	\N	\N	\N	\N	\N	\N	\N	\N	\N	\N	\N	\N	\N	\N	\N	\N	\N	\N	\N	\N	\N	89	\N	\N	\N
618	\N	134	doc	\N	\N	\N	\N	\N	\N	\N	\N	\N	\N	\N	\N	\N	\N	\N	\N	\N	\N	\N	\N	\N	\N	\N	\N	\N	\N	\N	5	\N	\N	\N	\N	\N	\N	\N	\N	\N	\N	\N	\N	\N	\N	\N	\N	\N	\N
619	\N	211	doc	\N	\N	\N	\N	\N	\N	\N	\N	1	\N	\N	\N	\N	\N	\N	\N	\N	\N	\N	\N	\N	\N	\N	\N	\N	\N	\N	\N	\N	\N	\N	\N	\N	\N	\N	\N	\N	\N	\N	\N	\N	\N	\N	\N	\N	\N
629	\N	270	doc	\N	\N	\N	\N	\N	\N	\N	\N	\N	\N	\N	\N	\N	\N	\N	\N	\N	\N	1	\N	\N	\N	\N	\N	\N	\N	\N	\N	\N	\N	\N	\N	\N	\N	\N	\N	\N	\N	\N	\N	\N	\N	\N	\N	\N	\N
634	\N	137	doc	\N	\N	\N	\N	\N	\N	\N	\N	\N	\N	\N	\N	\N	\N	\N	\N	\N	\N	\N	\N	\N	\N	\N	\N	\N	\N	\N	\N	3	\N	\N	\N	\N	\N	\N	\N	\N	\N	\N	\N	\N	\N	\N	\N	\N	\N
635	\N	408	doc	\N	\N	\N	\N	\N	\N	\N	\N	\N	\N	\N	\N	\N	\N	\N	\N	\N	\N	\N	\N	\N	\N	\N	\N	\N	\N	\N	\N	\N	\N	\N	\N	\N	\N	\N	\N	\N	\N	\N	\N	\N	\N	95	\N	\N	\N
643	\N	295	doc	\N	\N	\N	\N	\N	\N	\N	\N	\N	\N	\N	\N	\N	\N	\N	\N	\N	\N	\N	\N	\N	\N	2	\N	\N	\N	\N	\N	\N	\N	\N	\N	\N	\N	\N	\N	\N	\N	\N	\N	\N	\N	\N	\N	\N	\N
648	\N	411	doc	\N	\N	\N	\N	\N	\N	\N	\N	\N	\N	\N	\N	\N	\N	\N	\N	\N	\N	\N	\N	\N	\N	\N	\N	\N	\N	\N	\N	\N	\N	\N	\N	\N	\N	\N	\N	\N	\N	\N	\N	\N	\N	98	\N	\N	\N
650	\N	294	doc	\N	\N	\N	\N	\N	\N	\N	\N	\N	\N	\N	\N	\N	\N	\N	\N	\N	\N	\N	\N	\N	\N	1	\N	\N	\N	\N	\N	\N	\N	\N	\N	\N	\N	\N	\N	\N	\N	\N	\N	\N	\N	\N	\N	\N	\N
654	\N	141	doc	\N	\N	\N	\N	\N	\N	\N	\N	\N	\N	\N	\N	\N	\N	\N	\N	\N	\N	\N	\N	\N	\N	\N	\N	\N	\N	\N	\N	\N	1	\N	\N	\N	\N	\N	\N	\N	\N	\N	\N	\N	\N	\N	\N	\N	\N
657	\N	414	doc	\N	\N	\N	\N	\N	\N	\N	\N	\N	\N	\N	\N	\N	\N	\N	\N	\N	\N	\N	\N	\N	\N	\N	\N	\N	\N	\N	\N	\N	\N	\N	\N	\N	\N	\N	\N	\N	\N	\N	\N	\N	\N	101	\N	\N	\N
660	\N	236	doc	\N	\N	\N	\N	\N	\N	\N	\N	\N	\N	\N	\N	\N	\N	\N	\N	\N	\N	\N	\N	\N	\N	\N	5	\N	\N	\N	\N	\N	\N	\N	\N	\N	\N	\N	\N	\N	\N	\N	\N	\N	\N	\N	\N	\N	\N
661	\N	416	doc	\N	\N	\N	\N	\N	\N	\N	\N	\N	\N	\N	\N	\N	\N	\N	\N	\N	\N	\N	\N	\N	\N	\N	\N	\N	\N	\N	\N	\N	\N	\N	\N	\N	\N	\N	\N	\N	\N	\N	\N	\N	\N	103	\N	\N	\N
664	\N	234	doc	\N	\N	\N	\N	\N	\N	\N	\N	\N	\N	\N	\N	\N	\N	\N	\N	\N	\N	\N	\N	\N	\N	\N	3	\N	\N	\N	\N	\N	\N	\N	\N	\N	\N	\N	\N	\N	\N	\N	\N	\N	\N	\N	\N	\N	\N
665	\N	417	doc	\N	\N	\N	\N	\N	\N	\N	\N	\N	\N	\N	\N	\N	\N	\N	\N	\N	\N	\N	\N	\N	\N	\N	\N	\N	\N	\N	\N	\N	\N	\N	\N	\N	\N	\N	\N	\N	\N	\N	\N	\N	\N	104	\N	\N	\N
666	\N	145	doc	\N	\N	\N	\N	\N	\N	\N	\N	\N	\N	\N	\N	\N	\N	\N	\N	\N	\N	\N	\N	\N	\N	\N	\N	\N	\N	\N	\N	\N	5	\N	\N	\N	\N	\N	\N	\N	\N	\N	\N	\N	\N	\N	\N	\N	\N
691	\N	91	doc	\N	\N	\N	\N	\N	\N	\N	\N	\N	\N	\N	\N	\N	\N	\N	\N	\N	\N	\N	\N	\N	\N	\N	\N	\N	\N	\N	\N	\N	\N	\N	\N	\N	2	\N	\N	\N	\N	\N	\N	\N	\N	\N	\N	\N	\N
668	\N	233	doc	\N	\N	\N	\N	\N	\N	\N	\N	\N	\N	\N	\N	\N	\N	\N	\N	\N	\N	\N	\N	\N	\N	\N	2	\N	\N	\N	\N	\N	\N	\N	\N	\N	\N	\N	\N	\N	\N	\N	\N	\N	\N	\N	\N	\N	\N
671	\N	96	doc	\N	\N	\N	\N	\N	\N	\N	\N	\N	\N	\N	\N	\N	\N	\N	\N	\N	\N	\N	\N	\N	\N	\N	\N	\N	\N	\N	\N	\N	\N	\N	\N	\N	6	\N	\N	\N	\N	\N	\N	\N	\N	\N	\N	\N	\N
673	\N	419	doc	\N	\N	\N	\N	\N	\N	\N	\N	\N	\N	\N	\N	\N	\N	\N	\N	\N	\N	\N	\N	\N	\N	\N	\N	\N	\N	\N	\N	\N	\N	\N	\N	\N	\N	\N	\N	\N	\N	\N	\N	\N	\N	106	\N	\N	\N
676	\N	420	doc	\N	\N	\N	\N	\N	\N	\N	\N	\N	\N	\N	\N	\N	\N	\N	\N	\N	\N	\N	\N	\N	\N	\N	\N	\N	\N	\N	\N	\N	\N	\N	\N	\N	\N	\N	\N	\N	\N	\N	\N	\N	\N	107	\N	\N	\N
679	\N	252	doc	\N	\N	\N	\N	\N	\N	\N	\N	\N	\N	\N	\N	\N	\N	\N	\N	\N	\N	\N	\N	\N	\N	\N	\N	4	\N	\N	\N	\N	\N	\N	\N	\N	\N	\N	\N	\N	\N	\N	\N	\N	\N	\N	\N	\N	\N
680	\N	421	doc	\N	\N	\N	\N	\N	\N	\N	\N	\N	\N	\N	\N	\N	\N	\N	\N	\N	\N	\N	\N	\N	\N	\N	\N	\N	\N	\N	\N	\N	\N	\N	\N	\N	\N	\N	\N	\N	\N	\N	\N	\N	\N	108	\N	\N	\N
681	\N	251	doc	\N	\N	\N	\N	\N	\N	\N	\N	\N	\N	\N	\N	\N	\N	\N	\N	\N	\N	\N	\N	\N	\N	\N	\N	3	\N	\N	\N	\N	\N	\N	\N	\N	\N	\N	\N	\N	\N	\N	\N	\N	\N	\N	\N	\N	\N
682	\N	93	doc	\N	\N	\N	\N	\N	\N	\N	\N	\N	\N	\N	\N	\N	\N	\N	\N	\N	\N	\N	\N	\N	\N	\N	\N	\N	\N	\N	\N	\N	\N	\N	\N	\N	4	\N	\N	\N	\N	\N	\N	\N	\N	\N	\N	\N	\N
694	\N	119	doc	\N	\N	\N	\N	\N	\N	\N	\N	\N	\N	\N	\N	\N	\N	\N	\N	\N	\N	\N	\N	\N	\N	\N	\N	\N	\N	\N	\N	\N	\N	\N	\N	\N	\N	\N	\N	\N	\N	2	\N	\N	\N	\N	\N	\N	\N
695	\N	239	doc	\N	\N	\N	\N	\N	\N	\N	\N	\N	\N	\N	\N	\N	\N	\N	\N	\N	\N	\N	\N	\N	\N	\N	\N	\N	3	\N	\N	\N	\N	\N	\N	\N	\N	\N	\N	\N	\N	\N	\N	\N	\N	\N	\N	\N	\N
698	\N	427	doc	\N	\N	\N	\N	\N	\N	\N	\N	\N	\N	\N	\N	\N	\N	\N	\N	\N	\N	\N	\N	\N	\N	\N	\N	\N	\N	\N	\N	\N	\N	\N	\N	\N	\N	\N	\N	\N	\N	\N	\N	\N	\N	114	\N	\N	\N
702	\N	237	doc	\N	\N	\N	\N	\N	\N	\N	\N	\N	\N	\N	\N	\N	\N	\N	\N	\N	\N	\N	\N	\N	\N	\N	\N	\N	1	\N	\N	\N	\N	\N	\N	\N	\N	\N	\N	\N	\N	\N	\N	\N	\N	\N	\N	\N	\N
704	\N	280	doc	\N	\N	\N	\N	\N	\N	\N	\N	\N	\N	\N	\N	\N	\N	\N	\N	\N	\N	\N	\N	\N	\N	\N	\N	\N	\N	\N	\N	\N	\N	\N	\N	\N	\N	\N	\N	\N	\N	\N	\N	\N	\N	\N	4	\N	\N
706	\N	430	doc	\N	\N	\N	\N	\N	\N	\N	\N	\N	\N	\N	\N	\N	\N	\N	\N	\N	\N	\N	\N	\N	\N	\N	\N	\N	\N	\N	\N	\N	\N	\N	\N	\N	\N	\N	\N	\N	\N	\N	\N	\N	\N	117	\N	\N	\N
707	\N	263	doc	\N	\N	\N	\N	\N	\N	\N	\N	\N	\N	\N	\N	\N	\N	\N	\N	\N	\N	\N	\N	\N	\N	\N	\N	\N	\N	4	\N	\N	\N	\N	\N	\N	\N	\N	\N	\N	\N	\N	\N	\N	\N	\N	\N	\N	\N
710	\N	431	doc	\N	\N	\N	\N	\N	\N	\N	\N	\N	\N	\N	\N	\N	\N	\N	\N	\N	\N	\N	\N	\N	\N	\N	\N	\N	\N	\N	\N	\N	\N	\N	\N	\N	\N	\N	\N	\N	\N	\N	\N	\N	\N	118	\N	\N	\N
715	\N	433	doc	\N	\N	\N	\N	\N	\N	\N	\N	\N	\N	\N	\N	\N	\N	\N	\N	\N	\N	\N	\N	\N	\N	\N	\N	\N	\N	\N	\N	\N	\N	\N	\N	\N	\N	\N	\N	\N	\N	\N	\N	\N	\N	120	\N	\N	\N
719	\N	260	doc	\N	\N	\N	\N	\N	\N	\N	\N	\N	\N	\N	\N	\N	\N	\N	\N	\N	\N	\N	\N	\N	\N	\N	\N	\N	\N	1	\N	\N	\N	\N	\N	\N	\N	\N	\N	\N	\N	\N	\N	\N	\N	\N	\N	\N	\N
720	\N	434	doc	\N	\N	\N	\N	\N	\N	\N	\N	\N	\N	\N	\N	\N	\N	\N	\N	\N	\N	\N	\N	\N	\N	\N	\N	\N	\N	\N	\N	\N	\N	\N	\N	\N	\N	\N	\N	\N	\N	\N	\N	\N	\N	121	\N	\N	\N
723	\N	286	doc	\N	\N	\N	\N	\N	\N	\N	\N	\N	\N	\N	\N	\N	\N	\N	\N	\N	\N	\N	\N	\N	\N	\N	\N	\N	\N	\N	\N	\N	\N	\N	\N	\N	\N	\N	\N	\N	\N	\N	\N	\N	\N	\N	\N	\N	5
728	\N	283	doc	\N	\N	\N	\N	\N	\N	\N	\N	\N	\N	\N	\N	\N	\N	\N	\N	\N	\N	\N	\N	\N	\N	\N	\N	\N	\N	\N	\N	\N	\N	\N	\N	\N	\N	\N	\N	\N	\N	\N	\N	\N	\N	\N	\N	\N	3
730	\N	282	doc	\N	\N	\N	\N	\N	\N	\N	\N	\N	\N	\N	\N	\N	\N	\N	\N	\N	\N	\N	\N	\N	\N	\N	\N	\N	\N	\N	\N	\N	\N	\N	\N	\N	\N	\N	\N	\N	\N	\N	\N	\N	\N	\N	\N	\N	2
732	\N	439	doc	\N	\N	\N	\N	\N	\N	\N	\N	\N	\N	\N	\N	\N	\N	\N	\N	\N	\N	\N	\N	\N	\N	\N	\N	\N	\N	\N	\N	\N	\N	\N	\N	\N	\N	\N	\N	\N	\N	\N	\N	\N	\N	126	\N	\N	\N
733	\N	281	doc	\N	\N	\N	\N	\N	\N	\N	\N	\N	\N	\N	\N	\N	\N	\N	\N	\N	\N	\N	\N	\N	\N	\N	\N	\N	\N	\N	\N	\N	\N	\N	\N	\N	\N	\N	\N	\N	\N	\N	\N	\N	\N	\N	\N	\N	1
735	\N	441	doc	\N	\N	\N	\N	\N	\N	\N	\N	\N	\N	\N	\N	\N	\N	\N	\N	\N	\N	\N	\N	\N	\N	\N	\N	\N	\N	\N	\N	\N	\N	\N	\N	\N	\N	\N	\N	\N	\N	\N	\N	\N	\N	127	\N	\N	\N
736	\N	442	doc	\N	\N	\N	\N	\N	\N	\N	\N	\N	\N	\N	\N	\N	\N	\N	\N	\N	\N	\N	\N	\N	\N	\N	\N	\N	\N	\N	\N	\N	\N	\N	\N	\N	\N	\N	\N	\N	\N	\N	\N	\N	\N	128	\N	\N	\N
739	\N	445	doc	\N	\N	\N	\N	\N	\N	\N	\N	\N	\N	\N	\N	\N	\N	\N	\N	\N	\N	\N	\N	\N	\N	\N	\N	\N	\N	\N	\N	\N	\N	\N	\N	\N	\N	\N	\N	\N	\N	\N	\N	\N	\N	131	\N	\N	\N
743	\N	449	doc	\N	\N	\N	\N	\N	\N	\N	\N	\N	\N	\N	\N	\N	\N	\N	\N	\N	\N	\N	\N	\N	\N	\N	\N	\N	\N	\N	\N	\N	\N	\N	\N	\N	\N	\N	\N	\N	\N	\N	\N	\N	\N	135	\N	\N	\N
746	\N	452	doc	\N	\N	\N	\N	\N	\N	\N	\N	\N	\N	\N	\N	\N	\N	\N	\N	\N	\N	\N	\N	\N	\N	\N	\N	\N	\N	\N	\N	\N	\N	\N	\N	\N	\N	\N	\N	\N	\N	\N	\N	\N	\N	138	\N	\N	\N
749	\N	455	doc	\N	\N	\N	\N	\N	\N	\N	\N	\N	\N	\N	\N	\N	\N	\N	\N	\N	\N	\N	\N	\N	\N	\N	\N	\N	\N	\N	\N	\N	\N	\N	\N	\N	\N	\N	\N	\N	\N	\N	\N	\N	\N	141	\N	\N	\N
750	\N	456	doc	\N	\N	\N	\N	\N	\N	\N	\N	\N	\N	\N	\N	\N	\N	\N	\N	\N	\N	\N	\N	\N	\N	\N	\N	\N	\N	\N	\N	\N	\N	\N	\N	\N	\N	\N	\N	\N	\N	\N	\N	\N	\N	142	\N	\N	\N
753	\N	459	doc	\N	\N	\N	\N	\N	\N	\N	\N	\N	\N	\N	\N	\N	\N	\N	\N	\N	\N	\N	\N	\N	\N	\N	\N	\N	\N	\N	\N	\N	\N	\N	\N	\N	\N	\N	\N	\N	\N	\N	\N	\N	\N	145	\N	\N	\N
765	\N	466	doc	\N	\N	\N	\N	\N	\N	\N	\N	\N	\N	\N	\N	\N	\N	\N	\N	\N	\N	\N	\N	\N	\N	\N	\N	\N	\N	\N	\N	\N	\N	\N	\N	\N	\N	\N	\N	\N	\N	\N	\N	\N	\N	153	\N	\N	\N
767	\N	467	doc	\N	\N	\N	\N	\N	\N	\N	\N	\N	\N	\N	\N	\N	\N	\N	\N	\N	\N	\N	\N	\N	\N	\N	\N	\N	\N	\N	\N	\N	\N	\N	\N	\N	\N	\N	\N	\N	\N	\N	\N	\N	\N	154	\N	\N	\N
772	\N	470	doc	\N	\N	\N	\N	\N	\N	\N	\N	\N	\N	\N	\N	\N	\N	\N	\N	\N	\N	\N	\N	\N	\N	\N	\N	\N	\N	\N	\N	\N	\N	\N	\N	\N	\N	\N	\N	\N	\N	\N	\N	\N	\N	157	\N	\N	\N
778	\N	474	doc	\N	\N	\N	\N	\N	\N	\N	\N	\N	\N	\N	\N	\N	\N	\N	\N	\N	\N	\N	\N	\N	\N	\N	\N	\N	\N	\N	\N	\N	\N	\N	\N	\N	\N	\N	\N	\N	\N	\N	\N	\N	\N	161	\N	\N	\N
783	\N	478	doc	\N	\N	\N	\N	\N	\N	\N	\N	\N	\N	\N	\N	\N	\N	\N	\N	\N	\N	\N	\N	\N	\N	\N	\N	\N	\N	\N	\N	\N	\N	\N	\N	\N	\N	\N	\N	\N	\N	\N	\N	\N	\N	165	\N	\N	\N
784	\N	479	doc	\N	\N	\N	\N	\N	\N	\N	\N	\N	\N	\N	\N	\N	\N	\N	\N	\N	\N	\N	\N	\N	\N	\N	\N	\N	\N	\N	\N	\N	\N	\N	\N	\N	\N	\N	\N	\N	\N	\N	\N	\N	\N	166	\N	\N	\N
786	\N	481	doc	\N	\N	\N	\N	\N	\N	\N	\N	\N	\N	\N	\N	\N	\N	\N	\N	\N	\N	\N	\N	\N	\N	\N	\N	\N	\N	\N	\N	\N	\N	\N	\N	\N	\N	\N	\N	\N	\N	\N	\N	\N	\N	168	\N	\N	\N
788	\N	482	doc	\N	\N	\N	\N	\N	\N	\N	\N	\N	\N	\N	\N	\N	\N	\N	\N	\N	\N	\N	\N	\N	\N	\N	\N	\N	\N	\N	\N	\N	\N	\N	\N	\N	\N	\N	\N	\N	\N	\N	\N	\N	\N	169	\N	\N	\N
790	\N	483	doc	\N	\N	\N	\N	\N	\N	\N	\N	\N	\N	\N	\N	\N	\N	\N	\N	\N	\N	\N	\N	\N	\N	\N	\N	\N	\N	\N	\N	\N	\N	\N	\N	\N	\N	\N	\N	\N	\N	\N	\N	\N	\N	170	\N	\N	\N
792	\N	485	doc	\N	\N	\N	\N	\N	\N	\N	\N	\N	\N	\N	\N	\N	\N	\N	\N	\N	\N	\N	\N	\N	\N	\N	\N	\N	\N	\N	\N	\N	\N	\N	\N	\N	\N	\N	\N	\N	\N	\N	\N	\N	\N	172	\N	\N	\N
794	\N	486	doc	\N	\N	\N	\N	\N	\N	\N	\N	\N	\N	\N	\N	\N	\N	\N	\N	\N	\N	\N	\N	\N	\N	\N	\N	\N	\N	\N	\N	\N	\N	\N	\N	\N	\N	\N	\N	\N	\N	\N	\N	\N	\N	173	\N	\N	\N
796	\N	488	doc	\N	\N	\N	\N	\N	\N	\N	\N	\N	\N	\N	\N	\N	\N	\N	\N	\N	\N	\N	\N	\N	\N	\N	\N	\N	\N	\N	\N	\N	\N	\N	\N	\N	\N	\N	\N	\N	\N	\N	\N	\N	\N	175	\N	\N	\N
798	\N	490	doc	\N	\N	\N	\N	\N	\N	\N	\N	\N	\N	\N	\N	\N	\N	\N	\N	\N	\N	\N	\N	\N	\N	\N	\N	\N	\N	\N	\N	\N	\N	\N	\N	\N	\N	\N	\N	\N	\N	\N	\N	\N	\N	177	\N	\N	\N
799	\N	491	doc	\N	\N	\N	\N	\N	\N	\N	\N	\N	\N	\N	\N	\N	\N	\N	\N	\N	\N	\N	\N	\N	\N	\N	\N	\N	\N	\N	\N	\N	\N	\N	\N	\N	\N	\N	\N	\N	\N	\N	\N	\N	\N	178	\N	\N	\N
802	\N	493	doc	\N	\N	\N	\N	\N	\N	\N	\N	\N	\N	\N	\N	\N	\N	\N	\N	\N	\N	\N	\N	\N	\N	\N	\N	\N	\N	\N	\N	\N	\N	\N	\N	\N	\N	\N	\N	\N	\N	\N	\N	\N	\N	180	\N	\N	\N
803	\N	494	doc	\N	\N	\N	\N	\N	\N	\N	\N	\N	\N	\N	\N	\N	\N	\N	\N	\N	\N	\N	\N	\N	\N	\N	\N	\N	\N	\N	\N	\N	\N	\N	\N	\N	\N	\N	\N	\N	\N	\N	\N	\N	\N	181	\N	\N	\N
804	\N	495	doc	\N	\N	\N	\N	\N	\N	\N	\N	\N	\N	\N	\N	\N	\N	\N	\N	\N	\N	\N	\N	\N	\N	\N	\N	\N	\N	\N	\N	\N	\N	\N	\N	\N	\N	\N	\N	\N	\N	\N	\N	\N	\N	182	\N	\N	\N
806	\N	215	doc	\N	\N	\N	\N	\N	\N	\N	\N	5	\N	\N	\N	\N	\N	\N	\N	\N	\N	\N	\N	\N	\N	\N	\N	\N	\N	\N	\N	\N	\N	\N	\N	\N	\N	\N	\N	\N	\N	\N	\N	\N	\N	\N	\N	\N	\N
808	\N	498	doc	\N	\N	\N	\N	\N	\N	\N	\N	\N	\N	\N	\N	\N	\N	\N	\N	\N	\N	\N	\N	\N	\N	\N	\N	\N	\N	\N	\N	\N	\N	\N	\N	\N	\N	\N	\N	\N	\N	\N	\N	\N	\N	185	\N	\N	\N
809	\N	499	doc	\N	\N	\N	\N	\N	\N	\N	\N	\N	\N	\N	\N	\N	\N	\N	\N	\N	\N	\N	\N	\N	\N	\N	\N	\N	\N	\N	\N	\N	\N	\N	\N	\N	\N	\N	\N	\N	\N	\N	\N	\N	\N	186	\N	\N	\N
813	\N	503	doc	\N	\N	\N	\N	\N	\N	\N	\N	\N	\N	\N	\N	\N	\N	\N	\N	\N	\N	\N	\N	\N	\N	\N	\N	\N	\N	\N	\N	\N	\N	\N	\N	\N	\N	\N	\N	\N	\N	\N	\N	\N	\N	190	\N	\N	\N
814	\N	504	doc	\N	\N	\N	\N	\N	\N	\N	\N	\N	\N	\N	\N	\N	\N	\N	\N	\N	\N	\N	\N	\N	\N	\N	\N	\N	\N	\N	\N	\N	\N	\N	\N	\N	\N	\N	\N	\N	\N	\N	\N	\N	\N	191	\N	\N	\N
815	\N	505	doc	\N	\N	\N	\N	\N	\N	\N	\N	\N	\N	\N	\N	\N	\N	\N	\N	\N	\N	\N	\N	\N	\N	\N	\N	\N	\N	\N	\N	\N	\N	\N	\N	\N	\N	\N	\N	\N	\N	\N	\N	\N	\N	192	\N	\N	\N
817	\N	507	doc	\N	\N	\N	\N	\N	\N	\N	\N	\N	\N	\N	\N	\N	\N	\N	\N	\N	\N	\N	\N	\N	\N	\N	\N	\N	\N	\N	\N	\N	\N	\N	\N	\N	\N	\N	\N	\N	\N	\N	\N	\N	\N	194	\N	\N	\N
819	\N	509	doc	\N	\N	\N	\N	\N	\N	\N	\N	\N	\N	\N	\N	\N	\N	\N	\N	\N	\N	\N	\N	\N	\N	\N	\N	\N	\N	\N	\N	\N	\N	\N	\N	\N	\N	\N	\N	\N	\N	\N	\N	\N	\N	196	\N	\N	\N
821	\N	510	doc	\N	\N	\N	\N	\N	\N	\N	\N	\N	\N	\N	\N	\N	\N	\N	\N	\N	\N	\N	\N	\N	\N	\N	\N	\N	\N	\N	\N	\N	\N	\N	\N	\N	\N	\N	\N	\N	\N	\N	\N	\N	\N	197	\N	\N	\N
822	\N	511	doc	\N	\N	\N	\N	\N	\N	\N	\N	\N	\N	\N	\N	\N	\N	\N	\N	\N	\N	\N	\N	\N	\N	\N	\N	\N	\N	\N	\N	\N	\N	\N	\N	\N	\N	\N	\N	\N	\N	\N	\N	\N	\N	198	\N	\N	\N
823	\N	512	doc	\N	\N	\N	\N	\N	\N	\N	\N	\N	\N	\N	\N	\N	\N	\N	\N	\N	\N	\N	\N	\N	\N	\N	\N	\N	\N	\N	\N	\N	\N	\N	\N	\N	\N	\N	\N	\N	\N	\N	\N	\N	\N	199	\N	\N	\N
826	\N	515	doc	\N	\N	\N	\N	\N	\N	\N	\N	\N	\N	\N	\N	\N	\N	\N	\N	\N	\N	\N	\N	\N	\N	\N	\N	\N	\N	\N	\N	\N	\N	\N	\N	\N	\N	\N	\N	\N	\N	\N	\N	\N	\N	202	\N	\N	\N
828	\N	517	doc	\N	\N	\N	\N	\N	\N	\N	\N	\N	\N	\N	\N	\N	\N	\N	\N	\N	\N	\N	\N	\N	\N	\N	\N	\N	\N	\N	\N	\N	\N	\N	\N	\N	\N	\N	\N	\N	\N	\N	\N	\N	\N	204	\N	\N	\N
829	\N	518	doc	\N	\N	\N	\N	\N	\N	\N	\N	\N	\N	\N	\N	\N	\N	\N	\N	\N	\N	\N	\N	\N	\N	\N	\N	\N	\N	\N	\N	\N	\N	\N	\N	\N	\N	\N	\N	\N	\N	\N	\N	\N	\N	205	\N	\N	\N
831	\N	519	doc	\N	\N	\N	\N	\N	\N	\N	\N	\N	\N	\N	\N	\N	\N	\N	\N	\N	\N	\N	\N	\N	\N	\N	\N	\N	\N	\N	\N	\N	\N	\N	\N	\N	\N	\N	\N	\N	\N	\N	\N	\N	\N	206	\N	\N	\N
832	\N	520	doc	\N	\N	\N	\N	\N	\N	\N	\N	\N	\N	\N	\N	\N	\N	\N	\N	\N	\N	\N	\N	\N	\N	\N	\N	\N	\N	\N	\N	\N	\N	\N	\N	\N	\N	\N	\N	\N	\N	\N	\N	\N	\N	207	\N	\N	\N
833	\N	521	doc	\N	\N	\N	\N	\N	\N	\N	\N	\N	\N	\N	\N	\N	\N	\N	\N	\N	\N	\N	\N	\N	\N	\N	\N	\N	\N	\N	\N	\N	\N	\N	\N	\N	\N	\N	\N	\N	\N	\N	\N	\N	\N	208	\N	\N	\N
837	\N	525	doc	\N	\N	\N	\N	\N	\N	\N	\N	\N	\N	\N	\N	\N	\N	\N	\N	\N	\N	\N	\N	\N	\N	\N	\N	\N	\N	\N	\N	\N	\N	\N	\N	\N	\N	\N	\N	\N	\N	\N	\N	\N	\N	212	\N	\N	\N
838	\N	526	doc	\N	\N	\N	\N	\N	\N	\N	\N	\N	\N	\N	\N	\N	\N	\N	\N	\N	\N	\N	\N	\N	\N	\N	\N	\N	\N	\N	\N	\N	\N	\N	\N	\N	\N	\N	\N	\N	\N	\N	\N	\N	\N	213	\N	\N	\N
839	\N	527	doc	\N	\N	\N	\N	\N	\N	\N	\N	\N	\N	\N	\N	\N	\N	\N	\N	\N	\N	\N	\N	\N	\N	\N	\N	\N	\N	\N	\N	\N	\N	\N	\N	\N	\N	\N	\N	\N	\N	\N	\N	\N	\N	214	\N	\N	\N
842	\N	216	doc	\N	\N	\N	\N	\N	\N	\N	\N	\N	\N	\N	2	\N	\N	\N	\N	\N	\N	\N	\N	\N	\N	\N	\N	\N	\N	\N	\N	\N	\N	\N	\N	\N	\N	\N	\N	\N	\N	\N	\N	\N	\N	\N	\N	\N	\N
843	\N	529	doc	\N	\N	\N	\N	\N	\N	\N	\N	\N	\N	\N	\N	\N	\N	\N	\N	\N	\N	\N	\N	\N	\N	\N	\N	\N	\N	\N	\N	\N	\N	\N	\N	\N	\N	\N	\N	\N	\N	\N	\N	\N	\N	216	\N	\N	\N
849	\N	221	doc	\N	\N	\N	\N	\N	\N	\N	\N	\N	\N	\N	3	\N	\N	\N	\N	\N	\N	\N	\N	\N	\N	\N	\N	\N	\N	\N	\N	\N	\N	\N	\N	\N	\N	\N	\N	\N	\N	\N	\N	\N	\N	\N	\N	\N	\N
850	\N	531	doc	\N	\N	\N	\N	\N	\N	\N	\N	\N	\N	\N	\N	\N	\N	\N	\N	\N	\N	\N	\N	\N	\N	\N	\N	\N	\N	\N	\N	\N	\N	\N	\N	\N	\N	\N	\N	\N	\N	\N	\N	\N	\N	218	\N	\N	\N
857	\N	534	doc	\N	\N	\N	\N	\N	\N	\N	\N	\N	\N	\N	\N	\N	\N	\N	\N	\N	\N	\N	\N	\N	\N	\N	\N	\N	\N	\N	\N	\N	\N	\N	\N	\N	\N	\N	\N	\N	\N	\N	\N	\N	\N	221	\N	\N	\N
859	\N	535	doc	\N	\N	\N	\N	\N	\N	\N	\N	\N	\N	\N	\N	\N	\N	\N	\N	\N	\N	\N	\N	\N	\N	\N	\N	\N	\N	\N	\N	\N	\N	\N	\N	\N	\N	\N	\N	\N	\N	\N	\N	\N	\N	222	\N	\N	\N
860	\N	536	doc	\N	\N	\N	\N	\N	\N	\N	\N	\N	\N	\N	\N	\N	\N	\N	\N	\N	\N	\N	\N	\N	\N	\N	\N	\N	\N	\N	\N	\N	\N	\N	\N	\N	\N	\N	\N	\N	\N	\N	\N	\N	\N	223	\N	\N	\N
863	\N	539	doc	\N	\N	\N	\N	\N	\N	\N	\N	\N	\N	\N	\N	\N	\N	\N	\N	\N	\N	\N	\N	\N	\N	\N	\N	\N	\N	\N	\N	\N	\N	\N	\N	\N	\N	\N	\N	\N	\N	\N	\N	\N	\N	226	\N	\N	\N
865	\N	541	doc	\N	\N	\N	\N	\N	\N	\N	\N	\N	\N	\N	\N	\N	\N	\N	\N	\N	\N	\N	\N	\N	\N	\N	\N	\N	\N	\N	\N	\N	\N	\N	\N	\N	\N	\N	\N	\N	\N	\N	\N	\N	\N	228	\N	\N	\N
866	\N	542	doc	\N	\N	\N	\N	\N	\N	\N	\N	\N	\N	\N	\N	\N	\N	\N	\N	\N	\N	\N	\N	\N	\N	\N	\N	\N	\N	\N	\N	\N	\N	\N	\N	\N	\N	\N	\N	\N	\N	\N	\N	\N	\N	229	\N	\N	\N
869	\N	545	doc	\N	\N	\N	\N	\N	\N	\N	\N	\N	\N	\N	\N	\N	\N	\N	\N	\N	\N	\N	\N	\N	\N	\N	\N	\N	\N	\N	\N	\N	\N	\N	\N	\N	\N	\N	\N	\N	\N	\N	\N	\N	\N	232	\N	\N	\N
874	\N	550	doc	\N	\N	\N	\N	\N	\N	\N	\N	\N	\N	\N	\N	\N	\N	\N	\N	\N	\N	\N	\N	\N	\N	\N	\N	\N	\N	\N	\N	\N	\N	\N	\N	\N	\N	\N	\N	\N	\N	\N	\N	\N	\N	237	\N	\N	\N
876	\N	552	doc	\N	\N	\N	\N	\N	\N	\N	\N	\N	\N	\N	\N	\N	\N	\N	\N	\N	\N	\N	\N	\N	\N	\N	\N	\N	\N	\N	\N	\N	\N	\N	\N	\N	\N	\N	\N	\N	\N	\N	\N	\N	\N	239	\N	\N	\N
878	\N	554	doc	\N	\N	\N	\N	\N	\N	\N	\N	\N	\N	\N	\N	\N	\N	\N	\N	\N	\N	\N	\N	\N	\N	\N	\N	\N	\N	\N	\N	\N	\N	\N	\N	\N	\N	\N	\N	\N	\N	\N	\N	\N	\N	241	\N	\N	\N
879	\N	129	doc	\N	\N	\N	\N	\N	\N	\N	6	\N	\N	\N	\N	\N	\N	\N	\N	\N	\N	\N	\N	\N	\N	\N	\N	\N	\N	\N	\N	\N	\N	\N	\N	\N	\N	\N	\N	\N	\N	\N	\N	\N	\N	\N	\N	\N	\N
881	\N	127	doc	\N	\N	\N	\N	\N	\N	\N	4	\N	\N	\N	\N	\N	\N	\N	\N	\N	\N	\N	\N	\N	\N	\N	\N	\N	\N	\N	\N	\N	\N	\N	\N	\N	\N	\N	\N	\N	\N	\N	\N	\N	\N	\N	\N	\N	\N
885	\N	124	doc	\N	\N	\N	\N	\N	\N	\N	1	\N	\N	\N	\N	\N	\N	\N	\N	\N	\N	\N	\N	\N	\N	\N	\N	\N	\N	\N	\N	\N	\N	\N	\N	\N	\N	\N	\N	\N	\N	\N	\N	\N	\N	\N	\N	\N	\N
887	\N	230	doc	\N	\N	\N	\N	\N	\N	\N	\N	\N	\N	\N	\N	\N	4	\N	\N	\N	\N	\N	\N	\N	\N	\N	\N	\N	\N	\N	\N	\N	\N	\N	\N	\N	\N	\N	\N	\N	\N	\N	\N	\N	\N	\N	\N	\N	\N
889	\N	226	doc	\N	\N	\N	\N	\N	\N	\N	\N	\N	\N	\N	\N	\N	1	\N	\N	\N	\N	\N	\N	\N	\N	\N	\N	\N	\N	\N	\N	\N	\N	\N	\N	\N	\N	\N	\N	\N	\N	\N	\N	\N	\N	\N	\N	\N	\N
898	\N	555	doc	\N	\N	\N	\N	\N	\N	\N	\N	\N	\N	\N	7	\N	\N	\N	\N	\N	\N	\N	\N	\N	\N	\N	\N	\N	\N	\N	\N	\N	\N	\N	\N	\N	\N	\N	\N	\N	\N	\N	\N	\N	\N	\N	\N	\N	\N
899	\N	562	doc	7	\N	\N	\N	\N	\N	\N	\N	\N	\N	\N	\N	\N	\N	\N	\N	\N	\N	\N	\N	\N	\N	\N	\N	\N	\N	\N	\N	\N	\N	\N	\N	\N	\N	\N	\N	\N	\N	\N	\N	\N	\N	\N	\N	\N	\N
901	\N	557	doc	\N	\N	\N	\N	\N	\N	\N	\N	\N	\N	\N	9	\N	\N	\N	\N	\N	\N	\N	\N	\N	\N	\N	\N	\N	\N	\N	\N	\N	\N	\N	\N	\N	\N	\N	\N	\N	\N	\N	\N	\N	\N	\N	\N	\N	\N
916	\N	571	doc	\N	\N	\N	\N	\N	\N	\N	\N	\N	\N	\N	\N	\N	\N	\N	\N	\N	\N	\N	\N	\N	\N	\N	\N	\N	\N	\N	6	\N	\N	\N	\N	\N	\N	\N	\N	\N	\N	\N	\N	\N	\N	\N	\N	\N	\N
917	\N	573	doc	\N	\N	\N	\N	\N	\N	\N	\N	\N	\N	\N	\N	\N	\N	\N	\N	\N	\N	\N	\N	\N	\N	\N	\N	\N	\N	\N	\N	\N	\N	\N	\N	\N	\N	\N	\N	\N	8	\N	\N	\N	\N	\N	\N	\N	\N
919	\N	575	doc	\N	\N	\N	\N	\N	\N	\N	\N	\N	\N	\N	\N	\N	\N	\N	\N	\N	\N	\N	\N	\N	\N	\N	\N	\N	\N	\N	\N	\N	\N	\N	\N	\N	\N	\N	\N	\N	9	\N	\N	\N	\N	\N	\N	\N	\N
924	\N	579	doc	\N	\N	\N	\N	\N	\N	\N	\N	\N	\N	\N	\N	\N	\N	\N	\N	\N	\N	\N	\N	\N	\N	\N	\N	\N	\N	\N	\N	\N	\N	\N	\N	\N	\N	\N	\N	\N	\N	\N	\N	\N	38	\N	\N	\N	\N
925	\N	580	doc	\N	\N	\N	\N	\N	\N	\N	\N	\N	\N	\N	\N	\N	\N	\N	\N	\N	\N	\N	\N	\N	\N	\N	\N	\N	\N	\N	\N	\N	\N	\N	\N	\N	\N	\N	\N	\N	11	\N	\N	\N	\N	\N	\N	\N	\N
926	\N	581	doc	\N	\N	\N	\N	\N	\N	\N	\N	\N	\N	\N	\N	\N	\N	\N	\N	\N	\N	\N	\N	\N	\N	\N	\N	\N	\N	\N	\N	\N	\N	\N	\N	\N	\N	\N	\N	\N	\N	\N	\N	\N	39	\N	\N	\N	\N
928	\N	583	doc	\N	\N	\N	\N	\N	\N	\N	\N	\N	\N	\N	\N	\N	\N	\N	\N	\N	\N	\N	\N	\N	\N	\N	\N	\N	\N	\N	\N	\N	\N	\N	\N	\N	\N	\N	\N	\N	\N	\N	\N	\N	40	\N	\N	\N	\N
929	\N	584	doc	\N	\N	\N	\N	\N	\N	\N	\N	\N	\N	\N	\N	\N	\N	\N	\N	\N	\N	\N	\N	\N	\N	\N	\N	\N	\N	\N	\N	\N	\N	\N	\N	\N	\N	\N	\N	\N	\N	\N	\N	\N	41	\N	\N	\N	\N
931	\N	585	doc	\N	\N	\N	\N	\N	\N	\N	\N	\N	\N	\N	\N	\N	\N	\N	\N	\N	\N	\N	\N	\N	\N	\N	\N	\N	\N	\N	\N	\N	\N	\N	\N	\N	\N	\N	\N	\N	\N	\N	\N	\N	43	\N	\N	\N	\N
933	\N	587	doc	\N	\N	\N	\N	\N	\N	\N	\N	\N	\N	\N	\N	\N	\N	\N	\N	\N	\N	\N	\N	\N	\N	\N	\N	\N	\N	\N	\N	\N	\N	\N	\N	\N	\N	\N	\N	\N	\N	\N	\N	\N	45	\N	\N	\N	\N
935	\N	589	doc	\N	\N	\N	\N	\N	\N	\N	\N	\N	\N	\N	\N	\N	\N	\N	\N	\N	\N	\N	\N	\N	\N	\N	\N	\N	\N	\N	\N	\N	\N	\N	\N	\N	\N	\N	\N	\N	\N	\N	\N	\N	46	\N	\N	\N	\N
937	\N	591	doc	\N	\N	\N	\N	\N	\N	\N	\N	\N	\N	\N	\N	\N	\N	\N	\N	\N	\N	\N	\N	\N	\N	\N	\N	\N	\N	\N	\N	\N	\N	\N	\N	\N	\N	\N	\N	\N	\N	\N	\N	\N	48	\N	\N	\N	\N
940	\N	593	doc	\N	\N	\N	\N	\N	\N	\N	\N	\N	\N	\N	\N	\N	\N	\N	\N	\N	\N	\N	\N	\N	\N	\N	\N	9	\N	\N	\N	\N	\N	\N	\N	\N	\N	\N	\N	\N	\N	\N	\N	\N	\N	\N	\N	\N	\N
501	\N	191	doc	\N	\N	\N	9	\N	\N	\N	\N	\N	\N	\N	\N	\N	\N	\N	\N	\N	\N	\N	\N	\N	\N	\N	\N	\N	\N	\N	\N	\N	\N	\N	\N	\N	\N	\N	\N	\N	\N	\N	\N	\N	\N	\N	\N	\N	\N
362	\N	306	doc	\N	\N	\N	\N	\N	\N	\N	\N	\N	\N	\N	\N	\N	\N	\N	\N	\N	\N	\N	\N	\N	\N	\N	\N	\N	\N	\N	\N	\N	\N	\N	\N	\N	\N	\N	\N	\N	\N	\N	\N	4	\N	\N	\N	\N	\N
502	\N	146	doc	\N	\N	\N	\N	\N	\N	\N	\N	\N	\N	\N	\N	\N	\N	1	\N	\N	\N	\N	\N	\N	\N	\N	\N	\N	\N	\N	\N	\N	\N	\N	\N	\N	\N	\N	\N	\N	\N	\N	\N	\N	\N	\N	\N	\N	\N
365	\N	307	doc	\N	\N	\N	\N	\N	\N	\N	\N	\N	\N	\N	\N	\N	\N	\N	\N	\N	\N	\N	\N	\N	\N	\N	\N	\N	\N	\N	\N	\N	\N	\N	\N	\N	\N	\N	\N	\N	\N	\N	\N	5	\N	\N	\N	\N	\N
503	\N	370	doc	\N	\N	\N	\N	\N	\N	\N	\N	\N	\N	\N	\N	\N	\N	\N	\N	\N	\N	\N	\N	\N	\N	\N	\N	\N	\N	\N	\N	\N	\N	\N	\N	\N	\N	\N	\N	\N	\N	\N	\N	\N	\N	57	\N	\N	\N
508	\N	224	doc	\N	\N	\N	\N	\N	\N	\N	\N	\N	\N	\N	\N	2	\N	\N	\N	\N	\N	\N	\N	\N	\N	\N	\N	\N	\N	\N	\N	\N	\N	\N	\N	\N	\N	\N	\N	\N	\N	\N	\N	\N	\N	\N	\N	\N	\N
369	\N	308	doc	\N	\N	\N	\N	\N	\N	\N	\N	\N	\N	\N	\N	\N	\N	\N	\N	\N	\N	\N	\N	\N	\N	\N	\N	\N	\N	\N	\N	\N	\N	\N	\N	\N	\N	\N	\N	\N	\N	\N	\N	6	\N	\N	\N	\N	\N
510	\N	186	doc	\N	\N	\N	6	\N	\N	\N	\N	\N	\N	\N	\N	\N	\N	\N	\N	\N	\N	\N	\N	\N	\N	\N	\N	\N	\N	\N	\N	\N	\N	\N	\N	\N	\N	\N	\N	\N	\N	\N	\N	\N	\N	\N	\N	\N	\N
371	\N	309	doc	\N	\N	\N	\N	\N	\N	\N	\N	\N	\N	\N	\N	\N	\N	\N	\N	\N	\N	\N	\N	\N	\N	\N	\N	\N	\N	\N	\N	\N	\N	\N	\N	\N	\N	\N	\N	\N	\N	\N	\N	7	\N	\N	\N	\N	\N
372	\N	310	doc	\N	\N	\N	\N	\N	\N	\N	\N	\N	\N	\N	\N	\N	\N	\N	\N	\N	\N	\N	\N	\N	\N	\N	\N	\N	\N	\N	\N	\N	\N	\N	\N	\N	\N	\N	\N	\N	\N	\N	\N	8	\N	\N	\N	\N	\N
511	\N	373	doc	\N	\N	\N	\N	\N	\N	\N	\N	\N	\N	\N	\N	\N	\N	\N	\N	\N	\N	\N	\N	\N	\N	\N	\N	\N	\N	\N	\N	\N	\N	\N	\N	\N	\N	\N	\N	\N	\N	\N	\N	\N	\N	60	\N	\N	\N
374	\N	311	doc	\N	\N	\N	\N	\N	\N	\N	\N	\N	\N	\N	\N	\N	\N	\N	\N	\N	\N	\N	\N	\N	\N	\N	\N	\N	\N	\N	\N	\N	\N	\N	\N	\N	\N	\N	\N	\N	\N	\N	\N	9	\N	\N	\N	\N	\N
376	\N	312	doc	\N	\N	\N	\N	\N	\N	\N	\N	\N	\N	\N	\N	\N	\N	\N	\N	\N	\N	\N	\N	\N	\N	\N	\N	\N	\N	\N	\N	\N	\N	\N	\N	\N	\N	\N	\N	\N	\N	\N	\N	10	\N	\N	\N	\N	\N
514	\N	185	doc	\N	\N	\N	5	\N	\N	\N	\N	\N	\N	\N	\N	\N	\N	\N	\N	\N	\N	\N	\N	\N	\N	\N	\N	\N	\N	\N	\N	\N	\N	\N	\N	\N	\N	\N	\N	\N	\N	\N	\N	\N	\N	\N	\N	\N	\N
379	\N	313	doc	\N	\N	\N	\N	\N	\N	\N	\N	\N	\N	\N	\N	\N	\N	\N	\N	\N	\N	\N	\N	\N	\N	\N	\N	\N	\N	\N	\N	\N	\N	\N	\N	\N	\N	\N	\N	\N	\N	\N	\N	11	\N	\N	\N	\N	\N
380	\N	314	doc	\N	\N	\N	\N	\N	\N	\N	\N	\N	\N	\N	\N	\N	\N	\N	\N	\N	\N	\N	\N	\N	\N	\N	\N	\N	\N	\N	\N	\N	\N	\N	\N	\N	\N	\N	\N	\N	\N	\N	\N	12	\N	\N	\N	\N	\N
517	\N	376	doc	\N	\N	\N	\N	\N	\N	\N	\N	\N	\N	\N	\N	\N	\N	\N	\N	\N	\N	\N	\N	\N	\N	\N	\N	\N	\N	\N	\N	\N	\N	\N	\N	\N	\N	\N	\N	\N	\N	\N	\N	\N	\N	63	\N	\N	\N
382	\N	315	doc	\N	\N	\N	\N	\N	\N	\N	\N	\N	\N	\N	\N	\N	\N	\N	\N	\N	\N	\N	\N	\N	\N	\N	\N	\N	\N	\N	\N	\N	\N	\N	\N	\N	\N	\N	\N	\N	\N	\N	\N	13	\N	\N	\N	\N	\N
519	\N	159	doc	\N	\N	\N	\N	\N	\N	\N	\N	\N	\N	\N	\N	\N	\N	\N	5	\N	\N	\N	\N	\N	\N	\N	\N	\N	\N	\N	\N	\N	\N	\N	\N	\N	\N	\N	\N	\N	\N	\N	\N	\N	\N	\N	\N	\N	\N
520	\N	182	doc	\N	\N	\N	3	\N	\N	\N	\N	\N	\N	\N	\N	\N	\N	\N	\N	\N	\N	\N	\N	\N	\N	\N	\N	\N	\N	\N	\N	\N	\N	\N	\N	\N	\N	\N	\N	\N	\N	\N	\N	\N	\N	\N	\N	\N	\N
385	\N	316	doc	\N	\N	\N	\N	\N	\N	\N	\N	\N	\N	\N	\N	\N	\N	\N	\N	\N	\N	\N	\N	\N	\N	\N	\N	\N	\N	\N	\N	\N	\N	\N	\N	\N	\N	\N	\N	\N	\N	\N	\N	14	\N	\N	\N	\N	\N
386	\N	317	doc	\N	\N	\N	\N	\N	\N	\N	\N	\N	\N	\N	\N	\N	\N	\N	\N	\N	\N	\N	\N	\N	\N	\N	\N	\N	\N	\N	\N	\N	\N	\N	\N	\N	\N	\N	\N	\N	\N	\N	\N	15	\N	\N	\N	\N	\N
387	\N	318	doc	\N	\N	\N	\N	\N	\N	\N	\N	\N	\N	\N	\N	\N	\N	\N	\N	\N	\N	\N	\N	\N	\N	\N	\N	\N	\N	\N	\N	\N	\N	\N	\N	\N	\N	\N	\N	\N	\N	\N	\N	16	\N	\N	\N	\N	\N
388	\N	319	doc	\N	\N	\N	\N	\N	\N	\N	\N	\N	\N	\N	\N	\N	\N	\N	\N	\N	\N	\N	\N	\N	\N	\N	\N	\N	\N	\N	\N	\N	\N	\N	\N	\N	\N	\N	\N	\N	\N	\N	\N	\N	1	\N	\N	\N	\N
389	\N	320	doc	\N	\N	\N	\N	\N	\N	\N	\N	\N	\N	\N	\N	\N	\N	\N	\N	\N	\N	\N	\N	\N	\N	\N	\N	\N	\N	\N	\N	\N	\N	\N	\N	\N	\N	\N	\N	\N	\N	\N	\N	17	\N	\N	\N	\N	\N
391	\N	321	doc	\N	\N	\N	\N	\N	\N	\N	\N	\N	\N	\N	\N	\N	\N	\N	\N	\N	\N	\N	\N	\N	\N	\N	\N	\N	\N	\N	\N	\N	\N	\N	\N	\N	\N	\N	\N	\N	\N	\N	\N	18	\N	\N	\N	\N	\N
524	\N	180	doc	\N	\N	\N	2	\N	\N	\N	\N	\N	\N	\N	\N	\N	\N	\N	\N	\N	\N	\N	\N	\N	\N	\N	\N	\N	\N	\N	\N	\N	\N	\N	\N	\N	\N	\N	\N	\N	\N	\N	\N	\N	\N	\N	\N	\N	\N
393	\N	322	doc	\N	\N	\N	\N	\N	\N	\N	\N	\N	\N	\N	\N	\N	\N	\N	\N	\N	\N	\N	\N	\N	\N	\N	\N	\N	\N	\N	\N	\N	\N	\N	\N	\N	\N	\N	\N	\N	\N	\N	\N	19	\N	\N	\N	\N	\N
395	\N	323	doc	\N	\N	\N	\N	\N	\N	\N	\N	\N	\N	\N	\N	\N	\N	\N	\N	\N	\N	\N	\N	\N	\N	\N	\N	\N	\N	\N	\N	\N	\N	\N	\N	\N	\N	\N	\N	\N	\N	\N	\N	20	\N	\N	\N	\N	\N
396	\N	324	doc	\N	\N	\N	\N	\N	\N	\N	\N	\N	\N	\N	\N	\N	\N	\N	\N	\N	\N	\N	\N	\N	\N	\N	\N	\N	\N	\N	\N	\N	\N	\N	\N	\N	\N	\N	\N	\N	\N	\N	\N	21	\N	\N	\N	\N	\N
398	\N	325	doc	\N	\N	\N	\N	\N	\N	\N	\N	\N	\N	\N	\N	\N	\N	\N	\N	\N	\N	\N	\N	\N	\N	\N	\N	\N	\N	\N	\N	\N	\N	\N	\N	\N	\N	\N	\N	\N	\N	\N	\N	22	\N	\N	\N	\N	\N
400	\N	327	doc	\N	\N	\N	\N	\N	\N	\N	\N	\N	\N	\N	\N	\N	\N	\N	\N	\N	\N	\N	\N	\N	\N	\N	\N	\N	\N	\N	\N	\N	\N	\N	\N	\N	\N	\N	\N	\N	\N	\N	\N	23	\N	\N	\N	\N	\N
404	\N	328	doc	\N	\N	\N	\N	\N	\N	\N	\N	\N	\N	\N	\N	\N	\N	\N	\N	\N	\N	\N	\N	\N	\N	\N	\N	\N	\N	\N	\N	\N	\N	\N	\N	\N	\N	\N	\N	\N	\N	\N	\N	24	\N	\N	\N	\N	\N
405	\N	329	doc	\N	\N	\N	\N	\N	\N	\N	\N	\N	\N	\N	\N	\N	\N	\N	\N	\N	\N	\N	\N	\N	\N	\N	\N	\N	\N	\N	\N	\N	\N	\N	\N	\N	\N	\N	\N	\N	\N	\N	\N	\N	2	\N	\N	\N	\N
406	\N	330	doc	\N	\N	\N	\N	\N	\N	\N	\N	\N	\N	\N	\N	\N	\N	\N	\N	\N	\N	\N	\N	\N	\N	\N	\N	\N	\N	\N	\N	\N	\N	\N	\N	\N	\N	\N	\N	\N	\N	\N	\N	25	\N	\N	\N	\N	\N
407	\N	331	doc	\N	\N	\N	\N	\N	\N	\N	\N	\N	\N	\N	\N	\N	\N	\N	\N	\N	\N	\N	\N	\N	\N	\N	\N	\N	\N	\N	\N	\N	\N	\N	\N	\N	\N	\N	\N	\N	\N	\N	\N	\N	3	\N	\N	\N	\N
408	\N	332	doc	\N	\N	\N	\N	\N	\N	\N	\N	\N	\N	\N	\N	\N	\N	\N	\N	\N	\N	\N	\N	\N	\N	\N	\N	\N	\N	\N	\N	\N	\N	\N	\N	\N	\N	\N	\N	\N	\N	\N	\N	\N	4	\N	\N	\N	\N
409	\N	333	doc	\N	\N	\N	\N	\N	\N	\N	\N	\N	\N	\N	\N	\N	\N	\N	\N	\N	\N	\N	\N	\N	\N	\N	\N	\N	\N	\N	\N	\N	\N	\N	\N	\N	\N	\N	\N	\N	\N	\N	\N	\N	5	\N	\N	\N	\N
410	\N	334	doc	\N	\N	\N	\N	\N	\N	\N	\N	\N	\N	\N	\N	\N	\N	\N	\N	\N	\N	\N	\N	\N	\N	\N	\N	\N	\N	\N	\N	\N	\N	\N	\N	\N	\N	\N	\N	\N	\N	\N	\N	\N	6	\N	\N	\N	\N
411	\N	335	doc	\N	\N	\N	\N	\N	\N	\N	\N	\N	\N	\N	\N	\N	\N	\N	\N	\N	\N	\N	\N	\N	\N	\N	\N	\N	\N	\N	\N	\N	\N	\N	\N	\N	\N	\N	\N	\N	\N	\N	\N	\N	7	\N	\N	\N	\N
413	\N	336	doc	\N	\N	\N	\N	\N	\N	\N	\N	\N	\N	\N	\N	\N	\N	\N	\N	\N	\N	\N	\N	\N	\N	\N	\N	\N	\N	\N	\N	\N	\N	\N	\N	\N	\N	\N	\N	\N	\N	\N	\N	\N	8	\N	\N	\N	\N
414	\N	337	doc	\N	\N	\N	\N	\N	\N	\N	\N	\N	\N	\N	\N	\N	\N	\N	\N	\N	\N	\N	\N	\N	\N	\N	\N	\N	\N	\N	\N	\N	\N	\N	\N	\N	\N	\N	\N	\N	\N	\N	\N	\N	9	\N	\N	\N	\N
415	\N	338	doc	\N	\N	\N	\N	\N	\N	\N	\N	\N	\N	\N	\N	\N	\N	\N	\N	\N	\N	\N	\N	\N	\N	\N	\N	\N	\N	\N	\N	\N	\N	\N	\N	\N	\N	\N	\N	\N	\N	\N	\N	\N	10	\N	\N	\N	\N
416	\N	339	doc	\N	\N	\N	\N	\N	\N	\N	\N	\N	\N	\N	\N	\N	\N	\N	\N	\N	\N	\N	\N	\N	\N	\N	\N	\N	\N	\N	\N	\N	\N	\N	\N	\N	\N	\N	\N	\N	\N	\N	\N	\N	11	\N	\N	\N	\N
417	\N	117	doc	\N	\N	\N	\N	\N	\N	\N	\N	\N	\N	\N	\N	\N	\N	\N	\N	\N	\N	\N	\N	\N	\N	\N	\N	\N	\N	\N	\N	\N	\N	\N	\N	\N	\N	\N	\N	\N	6	\N	\N	\N	\N	\N	\N	\N	\N
418	\N	116	doc	\N	\N	\N	\N	\N	\N	\N	\N	\N	\N	\N	\N	\N	\N	\N	\N	\N	\N	\N	\N	\N	\N	\N	\N	\N	\N	\N	\N	\N	\N	\N	\N	\N	\N	\N	\N	\N	5	\N	\N	\N	\N	\N	\N	\N	\N
419	\N	340	doc	\N	\N	\N	\N	\N	\N	\N	\N	\N	\N	\N	\N	\N	\N	\N	\N	\N	\N	\N	\N	\N	\N	\N	\N	\N	\N	\N	\N	\N	\N	\N	\N	\N	\N	\N	\N	\N	\N	\N	\N	\N	12	\N	\N	\N	\N
420	\N	115	doc	\N	\N	\N	\N	\N	\N	\N	\N	\N	\N	\N	\N	\N	\N	\N	\N	\N	\N	\N	\N	\N	\N	\N	\N	\N	\N	\N	\N	\N	\N	\N	\N	\N	\N	\N	\N	\N	4	\N	\N	\N	\N	\N	\N	\N	\N
421	\N	114	doc	\N	\N	\N	\N	\N	\N	\N	\N	\N	\N	\N	\N	\N	\N	\N	\N	\N	\N	\N	\N	\N	\N	\N	\N	\N	\N	\N	\N	\N	\N	\N	\N	\N	\N	\N	\N	\N	3	\N	\N	\N	\N	\N	\N	\N	\N
422	\N	341	doc	\N	\N	\N	\N	\N	\N	\N	\N	\N	\N	\N	\N	\N	\N	\N	\N	\N	\N	\N	\N	\N	\N	\N	\N	\N	\N	\N	\N	\N	\N	\N	\N	\N	\N	\N	\N	\N	\N	\N	\N	\N	13	\N	\N	\N	\N
423	\N	113	doc	\N	\N	\N	\N	\N	\N	\N	\N	\N	\N	\N	\N	\N	\N	\N	\N	\N	\N	\N	\N	\N	\N	\N	\N	\N	\N	\N	\N	\N	\N	\N	\N	\N	\N	\N	\N	\N	2	\N	\N	\N	\N	\N	\N	\N	\N
424	\N	112	doc	\N	\N	\N	\N	\N	\N	\N	\N	\N	\N	\N	\N	\N	\N	\N	\N	\N	\N	\N	\N	\N	\N	\N	\N	\N	\N	\N	\N	\N	\N	\N	\N	\N	\N	\N	\N	\N	1	\N	\N	\N	\N	\N	\N	\N	\N
425	\N	342	doc	\N	\N	\N	\N	\N	\N	\N	\N	\N	\N	\N	\N	\N	\N	\N	\N	\N	\N	\N	\N	\N	\N	\N	\N	\N	\N	\N	\N	\N	\N	\N	\N	\N	\N	\N	\N	\N	\N	\N	\N	\N	14	\N	\N	\N	\N
426	\N	343	doc	\N	\N	\N	\N	\N	\N	\N	\N	\N	\N	\N	\N	\N	\N	\N	\N	\N	\N	\N	\N	\N	\N	\N	\N	\N	\N	\N	\N	\N	\N	\N	\N	\N	\N	\N	\N	\N	\N	\N	\N	\N	15	\N	\N	\N	\N
427	\N	344	doc	\N	\N	\N	\N	\N	\N	\N	\N	\N	\N	\N	\N	\N	\N	\N	\N	\N	\N	\N	\N	\N	\N	\N	\N	\N	\N	\N	\N	\N	\N	\N	\N	\N	\N	\N	\N	\N	\N	\N	\N	\N	16	\N	\N	\N	\N
429	\N	174	doc	4	\N	\N	\N	\N	\N	\N	\N	\N	\N	\N	\N	\N	\N	\N	\N	\N	\N	\N	\N	\N	\N	\N	\N	\N	\N	\N	\N	\N	\N	\N	\N	\N	\N	\N	\N	\N	\N	\N	\N	\N	\N	\N	\N	\N	\N
430	\N	345	doc	\N	\N	\N	\N	\N	\N	\N	\N	\N	\N	\N	\N	\N	\N	\N	\N	\N	\N	\N	\N	\N	\N	\N	\N	\N	\N	\N	\N	\N	\N	\N	\N	\N	\N	\N	\N	\N	\N	\N	\N	\N	17	\N	\N	\N	\N
431	\N	346	doc	\N	\N	\N	\N	\N	\N	\N	\N	\N	\N	\N	\N	\N	\N	\N	\N	\N	\N	\N	\N	\N	\N	\N	\N	\N	\N	\N	\N	\N	\N	\N	\N	\N	\N	\N	\N	\N	\N	\N	\N	\N	18	\N	\N	\N	\N
432	\N	175	doc	5	\N	\N	\N	\N	\N	\N	\N	\N	\N	\N	\N	\N	\N	\N	\N	\N	\N	\N	\N	\N	\N	\N	\N	\N	\N	\N	\N	\N	\N	\N	\N	\N	\N	\N	\N	\N	\N	\N	\N	\N	\N	\N	\N	\N	\N
433	\N	347	doc	\N	\N	\N	\N	\N	\N	\N	\N	\N	\N	\N	\N	\N	\N	\N	\N	\N	\N	\N	\N	\N	\N	\N	\N	\N	\N	\N	\N	\N	\N	\N	\N	\N	\N	\N	\N	\N	\N	\N	\N	\N	19	\N	\N	\N	\N
434	\N	164	doc	3	\N	\N	\N	\N	\N	\N	\N	\N	\N	\N	\N	\N	\N	\N	\N	\N	\N	\N	\N	\N	\N	\N	\N	\N	\N	\N	\N	\N	\N	\N	\N	\N	\N	\N	\N	\N	\N	\N	\N	\N	\N	\N	\N	\N	\N
435	\N	348	doc	\N	\N	\N	\N	\N	\N	\N	\N	\N	\N	\N	\N	\N	\N	\N	\N	\N	\N	\N	\N	\N	\N	\N	\N	\N	\N	\N	\N	\N	\N	\N	\N	\N	\N	\N	\N	\N	\N	\N	\N	\N	20	\N	\N	\N	\N
436	\N	349	doc	\N	\N	\N	\N	\N	\N	\N	\N	\N	\N	\N	\N	\N	\N	\N	\N	\N	\N	\N	\N	\N	\N	\N	\N	\N	\N	\N	\N	\N	\N	\N	\N	\N	\N	\N	\N	\N	\N	\N	\N	\N	21	\N	\N	\N	\N
437	\N	163	doc	2	\N	\N	\N	\N	\N	\N	\N	\N	\N	\N	\N	\N	\N	\N	\N	\N	\N	\N	\N	\N	\N	\N	\N	\N	\N	\N	\N	\N	\N	\N	\N	\N	\N	\N	\N	\N	\N	\N	\N	\N	\N	\N	\N	\N	\N
438	\N	350	doc	\N	\N	\N	\N	\N	\N	\N	\N	\N	\N	\N	\N	\N	\N	\N	\N	\N	\N	\N	\N	\N	\N	\N	\N	\N	\N	\N	\N	\N	\N	\N	\N	\N	\N	\N	\N	\N	\N	\N	\N	\N	22	\N	\N	\N	\N
439	\N	162	doc	1	\N	\N	\N	\N	\N	\N	\N	\N	\N	\N	\N	\N	\N	\N	\N	\N	\N	\N	\N	\N	\N	\N	\N	\N	\N	\N	\N	\N	\N	\N	\N	\N	\N	\N	\N	\N	\N	\N	\N	\N	\N	\N	\N	\N	\N
440	\N	351	doc	\N	\N	\N	\N	\N	\N	\N	\N	\N	\N	\N	\N	\N	\N	\N	\N	\N	\N	\N	\N	\N	\N	\N	\N	\N	\N	\N	\N	\N	\N	\N	\N	\N	\N	\N	\N	\N	\N	\N	\N	\N	23	\N	\N	\N	\N
441	\N	352	doc	\N	\N	\N	\N	\N	\N	\N	\N	\N	\N	\N	\N	\N	\N	\N	\N	\N	\N	\N	\N	\N	\N	\N	\N	\N	\N	\N	\N	\N	\N	\N	\N	\N	\N	\N	\N	\N	\N	\N	\N	\N	24	\N	\N	\N	\N
442	\N	172	doc	\N	6	\N	\N	\N	\N	\N	\N	\N	\N	\N	\N	\N	\N	\N	\N	\N	\N	\N	\N	\N	\N	\N	\N	\N	\N	\N	\N	\N	\N	\N	\N	\N	\N	\N	\N	\N	\N	\N	\N	\N	\N	\N	\N	\N	\N
444	\N	353	doc	\N	\N	\N	\N	\N	\N	\N	\N	\N	\N	\N	\N	\N	\N	\N	\N	\N	\N	\N	\N	\N	\N	\N	\N	\N	\N	\N	\N	\N	\N	\N	\N	\N	\N	\N	\N	\N	\N	\N	\N	\N	25	\N	\N	\N	\N
445	\N	171	doc	\N	5	\N	\N	\N	\N	\N	\N	\N	\N	\N	\N	\N	\N	\N	\N	\N	\N	\N	\N	\N	\N	\N	\N	\N	\N	\N	\N	\N	\N	\N	\N	\N	\N	\N	\N	\N	\N	\N	\N	\N	\N	\N	\N	\N	\N
446	\N	354	doc	\N	\N	\N	\N	\N	\N	\N	\N	\N	\N	\N	\N	\N	\N	\N	\N	\N	\N	\N	\N	\N	\N	\N	\N	\N	\N	\N	\N	\N	\N	\N	\N	\N	\N	\N	\N	\N	\N	\N	\N	\N	26	\N	\N	\N	\N
525	\N	378	doc	\N	\N	\N	\N	\N	\N	\N	\N	\N	\N	\N	\N	\N	\N	\N	\N	\N	\N	\N	\N	\N	\N	\N	\N	\N	\N	\N	\N	\N	\N	\N	\N	\N	\N	\N	\N	\N	\N	\N	\N	\N	\N	65	\N	\N	\N
449	\N	170	doc	\N	4	\N	\N	\N	\N	\N	\N	\N	\N	\N	\N	\N	\N	\N	\N	\N	\N	\N	\N	\N	\N	\N	\N	\N	\N	\N	\N	\N	\N	\N	\N	\N	\N	\N	\N	\N	\N	\N	\N	\N	\N	\N	\N	\N	\N
450	\N	355	doc	\N	\N	\N	\N	\N	\N	\N	\N	\N	\N	\N	\N	\N	\N	\N	\N	\N	\N	\N	\N	\N	\N	\N	\N	\N	\N	\N	\N	\N	\N	\N	\N	\N	\N	\N	\N	\N	\N	\N	\N	\N	27	\N	\N	\N	\N
452	\N	167	doc	\N	2	\N	\N	\N	\N	\N	\N	\N	\N	\N	\N	\N	\N	\N	\N	\N	\N	\N	\N	\N	\N	\N	\N	\N	\N	\N	\N	\N	\N	\N	\N	\N	\N	\N	\N	\N	\N	\N	\N	\N	\N	\N	\N	\N	\N
453	\N	356	doc	\N	\N	\N	\N	\N	\N	\N	\N	\N	\N	\N	\N	\N	\N	\N	\N	\N	\N	\N	\N	\N	\N	\N	\N	\N	\N	\N	\N	\N	\N	\N	\N	\N	\N	\N	\N	\N	\N	\N	\N	\N	28	\N	\N	\N	\N
528	\N	153	doc	\N	\N	\N	\N	\N	\N	\N	\N	\N	\N	\N	\N	\N	\N	\N	\N	\N	\N	\N	\N	\N	\N	\N	\N	\N	\N	\N	\N	\N	\N	2	\N	\N	\N	\N	\N	\N	\N	\N	\N	\N	\N	\N	\N	\N	\N
456	\N	357	doc	\N	\N	\N	\N	\N	\N	\N	\N	\N	\N	\N	\N	\N	\N	\N	\N	\N	\N	\N	\N	\N	\N	\N	\N	\N	\N	\N	\N	\N	\N	\N	\N	\N	\N	\N	\N	\N	\N	\N	\N	\N	29	\N	\N	\N	\N
457	\N	165	doc	\N	1	\N	\N	\N	\N	\N	\N	\N	\N	\N	\N	\N	\N	\N	\N	\N	\N	\N	\N	\N	\N	\N	\N	\N	\N	\N	\N	\N	\N	\N	\N	\N	\N	\N	\N	\N	\N	\N	\N	\N	\N	\N	\N	\N	\N
531	\N	380	doc	\N	\N	\N	\N	\N	\N	\N	\N	\N	\N	\N	\N	\N	\N	\N	\N	\N	\N	\N	\N	\N	\N	\N	\N	\N	\N	\N	\N	\N	\N	\N	\N	\N	\N	\N	\N	\N	\N	\N	\N	\N	\N	67	\N	\N	\N
460	\N	358	doc	\N	\N	\N	\N	\N	\N	\N	\N	\N	\N	\N	\N	\N	\N	\N	\N	\N	\N	\N	\N	\N	\N	\N	\N	\N	\N	\N	\N	\N	\N	\N	\N	\N	\N	\N	\N	\N	\N	\N	\N	\N	30	\N	\N	\N	\N
533	\N	157	doc	\N	\N	\N	\N	\N	\N	\N	\N	\N	\N	\N	\N	\N	\N	\N	2	\N	\N	\N	\N	\N	\N	\N	\N	\N	\N	\N	\N	\N	\N	\N	\N	\N	\N	\N	\N	\N	\N	\N	\N	\N	\N	\N	\N	\N	\N
462	\N	177	doc	\N	\N	5	\N	\N	\N	\N	\N	\N	\N	\N	\N	\N	\N	\N	\N	\N	\N	\N	\N	\N	\N	\N	\N	\N	\N	\N	\N	\N	\N	\N	\N	\N	\N	\N	\N	\N	\N	\N	\N	\N	\N	\N	\N	\N	\N
463	\N	359	doc	\N	\N	\N	\N	\N	\N	\N	\N	\N	\N	\N	\N	\N	\N	\N	\N	\N	\N	\N	\N	\N	\N	\N	\N	\N	\N	\N	\N	\N	\N	\N	\N	\N	\N	\N	\N	\N	\N	\N	\N	\N	31	\N	\N	\N	\N
467	\N	176	doc	\N	\N	4	\N	\N	\N	\N	\N	\N	\N	\N	\N	\N	\N	\N	\N	\N	\N	\N	\N	\N	\N	\N	\N	\N	\N	\N	\N	\N	\N	\N	\N	\N	\N	\N	\N	\N	\N	\N	\N	\N	\N	\N	\N	\N	\N
469	\N	360	doc	\N	\N	\N	\N	\N	\N	\N	\N	\N	\N	\N	\N	\N	\N	\N	\N	\N	\N	\N	\N	\N	\N	\N	\N	\N	\N	\N	\N	\N	\N	\N	\N	\N	\N	\N	\N	\N	\N	\N	\N	\N	32	\N	\N	\N	\N
473	\N	361	doc	\N	\N	\N	\N	\N	\N	\N	\N	\N	\N	\N	\N	\N	\N	\N	\N	\N	\N	\N	\N	\N	\N	\N	\N	\N	\N	\N	\N	\N	\N	\N	\N	\N	\N	\N	\N	\N	\N	\N	\N	\N	33	\N	\N	\N	\N
475	\N	173	doc	\N	\N	3	\N	\N	\N	\N	\N	\N	\N	\N	\N	\N	\N	\N	\N	\N	\N	\N	\N	\N	\N	\N	\N	\N	\N	\N	\N	\N	\N	\N	\N	\N	\N	\N	\N	\N	\N	\N	\N	\N	\N	\N	\N	\N	\N
477	\N	362	doc	\N	\N	\N	\N	\N	\N	\N	\N	\N	\N	\N	\N	\N	\N	\N	\N	\N	\N	\N	\N	\N	\N	\N	\N	\N	\N	\N	\N	\N	\N	\N	\N	\N	\N	\N	\N	\N	\N	\N	\N	\N	34	\N	\N	\N	\N
478	\N	151	doc	\N	\N	\N	\N	\N	\N	\N	\N	\N	\N	\N	\N	\N	\N	6	\N	\N	\N	\N	\N	\N	\N	\N	\N	\N	\N	\N	\N	\N	\N	\N	\N	\N	\N	\N	\N	\N	\N	\N	\N	\N	\N	\N	\N	\N	\N
479	\N	169	doc	\N	\N	2	\N	\N	\N	\N	\N	\N	\N	\N	\N	\N	\N	\N	\N	\N	\N	\N	\N	\N	\N	\N	\N	\N	\N	\N	\N	\N	\N	\N	\N	\N	\N	\N	\N	\N	\N	\N	\N	\N	\N	\N	\N	\N	\N
480	\N	363	doc	\N	\N	\N	\N	\N	\N	\N	\N	\N	\N	\N	\N	\N	\N	\N	\N	\N	\N	\N	\N	\N	\N	\N	\N	\N	\N	\N	\N	\N	\N	\N	\N	\N	\N	\N	\N	\N	\N	\N	\N	\N	\N	51	\N	\N	\N
481	\N	150	doc	\N	\N	\N	\N	\N	\N	\N	\N	\N	\N	\N	\N	\N	\N	5	\N	\N	\N	\N	\N	\N	\N	\N	\N	\N	\N	\N	\N	\N	\N	\N	\N	\N	\N	\N	\N	\N	\N	\N	\N	\N	\N	\N	\N	\N	\N
483	\N	364	doc	\N	\N	\N	\N	\N	\N	\N	\N	\N	\N	\N	\N	\N	\N	\N	\N	\N	\N	\N	\N	\N	\N	\N	\N	\N	\N	\N	\N	\N	\N	\N	\N	\N	\N	\N	\N	\N	\N	\N	\N	\N	35	\N	\N	\N	\N
484	\N	365	doc	\N	\N	\N	\N	\N	\N	\N	\N	\N	\N	\N	\N	\N	\N	\N	\N	\N	\N	\N	\N	\N	\N	\N	\N	\N	\N	\N	\N	\N	\N	\N	\N	\N	\N	\N	\N	\N	\N	\N	\N	\N	\N	52	\N	\N	\N
485	\N	166	doc	\N	\N	1	\N	\N	\N	\N	\N	\N	\N	\N	\N	\N	\N	\N	\N	\N	\N	\N	\N	\N	\N	\N	\N	\N	\N	\N	\N	\N	\N	\N	\N	\N	\N	\N	\N	\N	\N	\N	\N	\N	\N	\N	\N	\N	\N
486	\N	149	doc	\N	\N	\N	\N	\N	\N	\N	\N	\N	\N	\N	\N	\N	\N	4	\N	\N	\N	\N	\N	\N	\N	\N	\N	\N	\N	\N	\N	\N	\N	\N	\N	\N	\N	\N	\N	\N	\N	\N	\N	\N	\N	\N	\N	\N	\N
488	\N	366	doc	\N	\N	\N	\N	\N	\N	\N	\N	\N	\N	\N	\N	\N	\N	\N	\N	\N	\N	\N	\N	\N	\N	\N	\N	\N	\N	\N	\N	\N	\N	\N	\N	\N	\N	\N	\N	\N	\N	\N	\N	\N	\N	53	\N	\N	\N
489	\N	198	doc	\N	\N	\N	13	\N	\N	\N	\N	\N	\N	\N	\N	\N	\N	\N	\N	\N	\N	\N	\N	\N	\N	\N	\N	\N	\N	\N	\N	\N	\N	\N	\N	\N	\N	\N	\N	\N	\N	\N	\N	\N	\N	\N	\N	\N	\N
490	\N	148	doc	\N	\N	\N	\N	\N	\N	\N	\N	\N	\N	\N	\N	\N	\N	3	\N	\N	\N	\N	\N	\N	\N	\N	\N	\N	\N	\N	\N	\N	\N	\N	\N	\N	\N	\N	\N	\N	\N	\N	\N	\N	\N	\N	\N	\N	\N
491	\N	367	doc	\N	\N	\N	\N	\N	\N	\N	\N	\N	\N	\N	\N	\N	\N	\N	\N	\N	\N	\N	\N	\N	\N	\N	\N	\N	\N	\N	\N	\N	\N	\N	\N	\N	\N	\N	\N	\N	\N	\N	\N	\N	\N	54	\N	\N	\N
494	\N	195	doc	\N	\N	\N	12	\N	\N	\N	\N	\N	\N	\N	\N	\N	\N	\N	\N	\N	\N	\N	\N	\N	\N	\N	\N	\N	\N	\N	\N	\N	\N	\N	\N	\N	\N	\N	\N	\N	\N	\N	\N	\N	\N	\N	\N	\N	\N
536	\N	245	doc	\N	\N	\N	\N	3	\N	\N	\N	\N	\N	\N	\N	\N	\N	\N	\N	\N	\N	\N	\N	\N	\N	\N	\N	\N	\N	\N	\N	\N	\N	\N	\N	\N	\N	\N	\N	\N	\N	\N	\N	\N	\N	\N	\N	\N	\N
538	\N	244	doc	\N	\N	\N	\N	2	\N	\N	\N	\N	\N	\N	\N	\N	\N	\N	\N	\N	\N	\N	\N	\N	\N	\N	\N	\N	\N	\N	\N	\N	\N	\N	\N	\N	\N	\N	\N	\N	\N	\N	\N	\N	\N	\N	\N	\N	\N
556	\N	293	doc	\N	\N	\N	\N	\N	\N	\N	\N	\N	\N	\N	\N	\N	\N	\N	\N	\N	\N	\N	\N	5	\N	\N	\N	\N	\N	\N	\N	\N	\N	\N	\N	\N	\N	\N	\N	\N	\N	\N	\N	\N	\N	\N	\N	\N	\N
557	\N	303	doc	\N	\N	\N	\N	\N	\N	9	\N	\N	\N	\N	\N	\N	\N	\N	\N	\N	\N	\N	\N	\N	\N	\N	\N	\N	\N	\N	\N	\N	\N	\N	\N	\N	\N	\N	\N	\N	\N	\N	\N	\N	\N	\N	\N	\N	\N
559	\N	274	doc	\N	\N	\N	\N	\N	\N	\N	\N	\N	\N	\N	\N	\N	\N	\N	\N	\N	6	\N	\N	\N	\N	\N	\N	\N	\N	\N	\N	\N	\N	\N	\N	\N	\N	\N	\N	\N	\N	\N	\N	\N	\N	\N	\N	\N	\N
570	\N	392	doc	\N	\N	\N	\N	\N	\N	\N	\N	\N	\N	\N	\N	\N	\N	\N	\N	\N	\N	\N	\N	\N	\N	\N	\N	\N	\N	\N	\N	\N	\N	\N	\N	\N	\N	\N	\N	\N	\N	\N	\N	\N	\N	79	\N	\N	\N
576	\N	394	doc	\N	\N	\N	\N	\N	\N	\N	\N	\N	\N	\N	\N	\N	\N	\N	\N	\N	\N	\N	\N	\N	\N	\N	\N	\N	\N	\N	\N	\N	\N	\N	\N	\N	\N	\N	\N	\N	\N	\N	\N	\N	\N	81	\N	\N	\N
579	\N	202	doc	\N	\N	\N	\N	\N	\N	2	\N	\N	\N	\N	\N	\N	\N	\N	\N	\N	\N	\N	\N	\N	\N	\N	\N	\N	\N	\N	\N	\N	\N	\N	\N	\N	\N	\N	\N	\N	\N	\N	\N	\N	\N	\N	\N	\N	\N
580	\N	200	doc	\N	\N	\N	\N	\N	\N	1	\N	\N	\N	\N	\N	\N	\N	\N	\N	\N	\N	\N	\N	\N	\N	\N	\N	\N	\N	\N	\N	\N	\N	\N	\N	\N	\N	\N	\N	\N	\N	\N	\N	\N	\N	\N	\N	\N	\N
607	\N	401	doc	\N	\N	\N	\N	\N	\N	\N	\N	\N	\N	\N	\N	\N	\N	\N	\N	\N	\N	\N	\N	\N	\N	\N	\N	\N	\N	\N	\N	\N	\N	\N	\N	\N	\N	\N	\N	\N	\N	\N	\N	\N	\N	88	\N	\N	\N
611	\N	213	doc	\N	\N	\N	\N	\N	\N	\N	\N	3	\N	\N	\N	\N	\N	\N	\N	\N	\N	\N	\N	\N	\N	\N	\N	\N	\N	\N	\N	\N	\N	\N	\N	\N	\N	\N	\N	\N	\N	\N	\N	\N	\N	\N	\N	\N	\N
612	\N	290	doc	\N	\N	\N	\N	\N	\N	\N	\N	\N	\N	\N	\N	\N	\N	\N	\N	\N	\N	\N	\N	\N	2	\N	\N	\N	\N	\N	\N	\N	\N	\N	\N	\N	\N	\N	\N	\N	\N	\N	\N	\N	\N	\N	\N	\N	\N
616	\N	289	doc	\N	\N	\N	\N	\N	\N	\N	\N	\N	\N	\N	\N	\N	\N	\N	\N	\N	\N	\N	\N	\N	1	\N	\N	\N	\N	\N	\N	\N	\N	\N	\N	\N	\N	\N	\N	\N	\N	\N	\N	\N	\N	\N	\N	\N	\N
617	\N	272	doc	\N	\N	\N	\N	\N	\N	\N	\N	\N	\N	\N	\N	\N	\N	\N	\N	\N	\N	3	\N	\N	\N	\N	\N	\N	\N	\N	\N	\N	\N	\N	\N	\N	\N	\N	\N	\N	\N	\N	\N	\N	\N	\N	\N	\N	\N
623	\N	405	doc	\N	\N	\N	\N	\N	\N	\N	\N	\N	\N	\N	\N	\N	\N	\N	\N	\N	\N	\N	\N	\N	\N	\N	\N	\N	\N	\N	\N	\N	\N	\N	\N	\N	\N	\N	\N	\N	\N	\N	\N	\N	\N	92	\N	\N	\N
625	\N	300	doc	\N	\N	\N	\N	\N	\N	\N	\N	\N	\N	\N	\N	\N	\N	\N	\N	\N	\N	\N	\N	\N	\N	5	\N	\N	\N	\N	\N	\N	\N	\N	\N	\N	\N	\N	\N	\N	\N	\N	\N	\N	\N	\N	\N	\N	\N
630	\N	407	doc	\N	\N	\N	\N	\N	\N	\N	\N	\N	\N	\N	\N	\N	\N	\N	\N	\N	\N	\N	\N	\N	\N	\N	\N	\N	\N	\N	\N	\N	\N	\N	\N	\N	\N	\N	\N	\N	\N	\N	\N	\N	\N	94	\N	\N	\N
644	\N	410	doc	\N	\N	\N	\N	\N	\N	\N	\N	\N	\N	\N	\N	\N	\N	\N	\N	\N	\N	\N	\N	\N	\N	\N	\N	\N	\N	\N	\N	\N	\N	\N	\N	\N	\N	\N	\N	\N	\N	\N	\N	\N	\N	97	\N	\N	\N
651	\N	412	doc	\N	\N	\N	\N	\N	\N	\N	\N	\N	\N	\N	\N	\N	\N	\N	\N	\N	\N	\N	\N	\N	\N	\N	\N	\N	\N	\N	\N	\N	\N	\N	\N	\N	\N	\N	\N	\N	\N	\N	\N	\N	\N	99	\N	\N	\N
653	\N	413	doc	\N	\N	\N	\N	\N	\N	\N	\N	\N	\N	\N	\N	\N	\N	\N	\N	\N	\N	\N	\N	\N	\N	\N	\N	\N	\N	\N	\N	\N	\N	\N	\N	\N	\N	\N	\N	\N	\N	\N	\N	\N	\N	100	\N	\N	\N
656	\N	142	doc	\N	\N	\N	\N	\N	\N	\N	\N	\N	\N	\N	\N	\N	\N	\N	\N	\N	\N	\N	\N	\N	\N	\N	\N	\N	\N	\N	\N	\N	2	\N	\N	\N	\N	\N	\N	\N	\N	\N	\N	\N	\N	\N	\N	\N	\N
662	\N	235	doc	\N	\N	\N	\N	\N	\N	\N	\N	\N	\N	\N	\N	\N	\N	\N	\N	\N	\N	\N	\N	\N	\N	\N	4	\N	\N	\N	\N	\N	\N	\N	\N	\N	\N	\N	\N	\N	\N	\N	\N	\N	\N	\N	\N	\N	\N
669	\N	123	doc	\N	\N	\N	\N	\N	\N	\N	\N	\N	\N	\N	\N	\N	\N	\N	\N	\N	\N	\N	\N	\N	\N	\N	\N	\N	\N	\N	\N	\N	\N	\N	\N	\N	\N	\N	\N	\N	\N	6	\N	\N	\N	\N	\N	\N	\N
674	\N	254	doc	\N	\N	\N	\N	\N	\N	\N	\N	\N	\N	\N	\N	\N	\N	\N	\N	\N	\N	\N	\N	\N	\N	\N	\N	6	\N	\N	\N	\N	\N	\N	\N	\N	\N	\N	\N	\N	\N	\N	\N	\N	\N	\N	\N	\N	\N
943	\N	596	doc	\N	\N	\N	\N	\N	\N	\N	\N	\N	\N	\N	\N	\N	\N	\N	\N	\N	\N	\N	\N	\N	\N	\N	\N	\N	\N	\N	\N	\N	\N	\N	\N	\N	\N	\N	\N	\N	\N	\N	\N	\N	51	\N	\N	\N	\N
944	\N	597	doc	\N	\N	\N	\N	\N	\N	\N	\N	\N	\N	\N	\N	\N	\N	\N	\N	\N	\N	\N	\N	\N	\N	\N	\N	\N	\N	\N	\N	\N	\N	\N	\N	\N	\N	\N	\N	\N	\N	\N	\N	\N	52	\N	\N	\N	\N
945	\N	598	doc	\N	\N	\N	\N	\N	\N	\N	\N	\N	\N	\N	\N	\N	\N	\N	\N	\N	\N	\N	\N	\N	\N	\N	\N	\N	\N	\N	\N	\N	\N	\N	\N	\N	\N	\N	\N	\N	\N	\N	\N	\N	53	\N	\N	\N	\N
946	\N	599	doc	\N	\N	\N	\N	\N	\N	\N	\N	\N	\N	\N	\N	\N	\N	\N	\N	\N	\N	\N	\N	\N	\N	\N	\N	\N	\N	\N	\N	\N	\N	\N	\N	\N	\N	\N	\N	\N	13	\N	\N	\N	\N	\N	\N	\N	\N
947	\N	600	doc	\N	\N	\N	\N	\N	\N	\N	\N	\N	\N	\N	\N	\N	\N	\N	\N	\N	\N	\N	\N	\N	\N	\N	\N	10	\N	\N	\N	\N	\N	\N	\N	\N	\N	\N	\N	\N	\N	\N	\N	\N	\N	\N	\N	\N	\N
948	\N	601	doc	\N	\N	\N	\N	\N	\N	\N	\N	\N	\N	\N	\N	\N	\N	\N	\N	\N	\N	\N	\N	\N	\N	\N	\N	\N	\N	\N	\N	\N	\N	\N	\N	\N	\N	\N	\N	\N	\N	\N	\N	\N	54	\N	\N	\N	\N
949	\N	602	doc	\N	\N	\N	\N	\N	\N	\N	\N	\N	\N	\N	\N	\N	\N	\N	\N	\N	\N	\N	\N	\N	\N	\N	\N	\N	\N	\N	\N	\N	\N	\N	\N	\N	\N	\N	\N	\N	\N	\N	\N	\N	55	\N	\N	\N	\N
950	\N	603	doc	\N	\N	\N	\N	\N	\N	\N	\N	\N	\N	\N	\N	\N	\N	\N	\N	\N	\N	\N	\N	\N	\N	\N	\N	\N	\N	\N	\N	\N	\N	\N	\N	\N	\N	\N	\N	\N	\N	\N	\N	\N	56	\N	\N	\N	\N
951	\N	604	doc	\N	\N	\N	\N	\N	\N	\N	\N	\N	\N	\N	\N	\N	\N	\N	\N	\N	\N	\N	\N	\N	\N	\N	\N	\N	\N	\N	\N	\N	\N	\N	\N	\N	\N	\N	\N	\N	\N	\N	\N	\N	57	\N	\N	\N	\N
952	\N	605	doc	\N	\N	\N	\N	\N	\N	\N	\N	\N	\N	\N	\N	\N	\N	\N	\N	\N	\N	\N	\N	\N	\N	\N	\N	\N	\N	6	\N	\N	\N	\N	\N	\N	\N	\N	\N	\N	\N	\N	\N	\N	\N	\N	\N	\N	\N
953	\N	606	doc	\N	\N	\N	\N	\N	\N	\N	\N	\N	\N	\N	\N	\N	\N	\N	\N	\N	\N	\N	\N	\N	\N	\N	\N	\N	\N	\N	\N	\N	\N	\N	\N	\N	\N	\N	\N	\N	\N	\N	\N	\N	58	\N	\N	\N	\N
954	\N	607	doc	\N	\N	\N	\N	\N	\N	\N	\N	\N	\N	\N	\N	\N	\N	\N	\N	\N	\N	\N	\N	\N	\N	\N	\N	\N	\N	\N	\N	\N	\N	\N	\N	\N	\N	\N	\N	\N	14	\N	\N	\N	\N	\N	\N	\N	\N
955	\N	608	doc	\N	\N	\N	\N	\N	\N	\N	\N	\N	\N	\N	\N	\N	\N	\N	\N	\N	\N	\N	\N	\N	\N	\N	\N	\N	\N	\N	\N	\N	\N	\N	\N	\N	\N	\N	\N	\N	\N	\N	\N	\N	59	\N	\N	\N	\N
956	\N	609	doc	\N	\N	\N	\N	\N	\N	\N	\N	\N	\N	\N	\N	\N	\N	\N	\N	\N	\N	\N	\N	\N	\N	\N	\N	\N	\N	\N	\N	\N	\N	\N	\N	\N	\N	\N	\N	\N	15	\N	\N	\N	\N	\N	\N	\N	\N
957	\N	610	doc	\N	\N	\N	\N	\N	\N	\N	\N	\N	\N	\N	\N	\N	\N	\N	\N	\N	\N	\N	\N	\N	\N	\N	\N	\N	\N	7	\N	\N	\N	\N	\N	\N	\N	\N	\N	\N	\N	\N	\N	\N	\N	\N	\N	\N	\N
958	\N	611	doc	\N	\N	\N	\N	\N	\N	\N	\N	\N	\N	\N	\N	\N	\N	\N	\N	\N	\N	\N	\N	\N	\N	\N	\N	\N	\N	\N	\N	\N	\N	\N	\N	\N	\N	\N	\N	\N	\N	\N	\N	\N	60	\N	\N	\N	\N
959	\N	612	doc	\N	\N	\N	\N	\N	\N	\N	\N	\N	\N	\N	\N	\N	\N	\N	\N	\N	\N	\N	\N	\N	\N	\N	\N	\N	\N	\N	\N	\N	\N	\N	\N	\N	\N	\N	\N	\N	\N	\N	\N	\N	61	\N	\N	\N	\N
960	\N	613	doc	\N	\N	\N	\N	\N	\N	\N	\N	\N	\N	\N	\N	\N	\N	\N	\N	\N	\N	\N	\N	\N	\N	\N	\N	\N	\N	\N	\N	\N	\N	\N	\N	\N	\N	\N	\N	\N	16	\N	\N	\N	\N	\N	\N	\N	\N
962	\N	615	doc	\N	\N	\N	\N	\N	\N	\N	\N	\N	\N	\N	\N	\N	\N	\N	\N	\N	\N	\N	\N	\N	\N	\N	\N	\N	\N	\N	\N	\N	\N	\N	\N	\N	\N	\N	\N	\N	\N	\N	\N	\N	63	\N	\N	\N	\N
963	\N	616	doc	\N	\N	\N	\N	\N	\N	\N	\N	\N	\N	\N	\N	\N	\N	\N	\N	\N	\N	\N	\N	\N	\N	\N	\N	\N	\N	\N	\N	\N	\N	\N	\N	\N	\N	\N	\N	\N	\N	\N	\N	\N	64	\N	\N	\N	\N
964	\N	617	doc	\N	\N	\N	\N	\N	\N	\N	\N	\N	\N	\N	\N	\N	\N	\N	\N	\N	\N	\N	\N	\N	\N	\N	6	\N	\N	\N	\N	\N	\N	\N	\N	\N	\N	\N	\N	\N	\N	\N	\N	\N	\N	\N	\N	\N	\N
965	\N	618	doc	\N	\N	\N	\N	\N	\N	\N	\N	\N	\N	\N	\N	\N	\N	\N	\N	\N	\N	\N	\N	\N	\N	\N	\N	\N	\N	\N	\N	\N	\N	\N	\N	\N	\N	\N	\N	\N	\N	\N	\N	\N	65	\N	\N	\N	\N
966	\N	619	doc	\N	\N	\N	\N	\N	\N	\N	\N	\N	\N	\N	\N	\N	\N	\N	\N	\N	\N	\N	\N	\N	\N	\N	\N	\N	\N	\N	\N	\N	\N	\N	\N	\N	\N	\N	\N	\N	17	\N	\N	\N	\N	\N	\N	\N	\N
967	\N	620	doc	\N	\N	\N	\N	\N	\N	\N	\N	\N	\N	\N	\N	\N	\N	\N	\N	\N	\N	\N	\N	\N	\N	\N	7	\N	\N	\N	\N	\N	\N	\N	\N	\N	\N	\N	\N	\N	\N	\N	\N	\N	\N	\N	\N	\N	\N
968	\N	621	doc	\N	\N	\N	\N	\N	\N	\N	\N	\N	\N	\N	\N	\N	\N	\N	\N	\N	\N	\N	\N	\N	\N	\N	\N	\N	\N	\N	\N	\N	\N	\N	\N	\N	\N	\N	\N	\N	\N	\N	\N	\N	66	\N	\N	\N	\N
969	\N	622	doc	\N	\N	\N	\N	\N	\N	\N	\N	\N	\N	\N	\N	\N	\N	\N	\N	\N	\N	\N	\N	\N	\N	\N	\N	\N	\N	\N	\N	\N	\N	\N	\N	\N	\N	\N	\N	\N	18	\N	\N	\N	\N	\N	\N	\N	\N
971	\N	624	doc	\N	\N	\N	\N	\N	\N	\N	\N	\N	\N	\N	\N	\N	\N	\N	\N	\N	\N	\N	\N	\N	\N	\N	8	\N	\N	\N	\N	\N	\N	\N	\N	\N	\N	\N	\N	\N	\N	\N	\N	\N	\N	\N	\N	\N	\N
972	\N	625	doc	\N	\N	\N	\N	\N	\N	\N	\N	\N	\N	\N	\N	\N	\N	\N	\N	\N	\N	\N	\N	\N	\N	\N	\N	\N	\N	\N	\N	\N	\N	\N	\N	\N	\N	\N	\N	\N	\N	\N	\N	\N	68	\N	\N	\N	\N
973	\N	626	doc	\N	\N	\N	\N	\N	\N	\N	\N	\N	\N	\N	\N	\N	\N	\N	\N	\N	\N	\N	\N	\N	\N	\N	\N	\N	\N	\N	\N	\N	\N	\N	\N	\N	\N	\N	\N	\N	\N	\N	\N	\N	69	\N	\N	\N	\N
975	\N	623	doc	\N	\N	\N	\N	\N	\N	\N	\N	\N	\N	\N	\N	\N	\N	\N	\N	\N	\N	\N	\N	\N	\N	\N	\N	\N	\N	\N	\N	\N	\N	\N	\N	\N	\N	\N	\N	\N	\N	\N	\N	\N	67	\N	\N	\N	\N
976	\N	627	doc	\N	\N	\N	\N	\N	\N	\N	\N	\N	\N	\N	\N	\N	\N	\N	\N	\N	\N	\N	\N	\N	\N	\N	\N	\N	\N	\N	\N	\N	\N	\N	\N	\N	\N	\N	\N	\N	19	\N	\N	\N	\N	\N	\N	\N	\N
977	\N	628	doc	\N	\N	\N	\N	\N	\N	\N	\N	\N	\N	\N	\N	\N	\N	\N	\N	\N	\N	\N	\N	\N	\N	\N	9	\N	\N	\N	\N	\N	\N	\N	\N	\N	\N	\N	\N	\N	\N	\N	\N	\N	\N	\N	\N	\N	\N
978	\N	629	doc	\N	\N	\N	\N	\N	\N	\N	\N	\N	\N	\N	\N	\N	\N	\N	\N	\N	\N	\N	\N	\N	\N	\N	\N	\N	\N	\N	\N	\N	\N	\N	\N	\N	\N	\N	\N	\N	20	\N	\N	\N	\N	\N	\N	\N	\N
979	\N	630	doc	\N	\N	\N	\N	\N	6	\N	\N	\N	\N	\N	\N	\N	\N	\N	\N	\N	\N	\N	\N	\N	\N	\N	\N	\N	\N	\N	\N	\N	\N	\N	\N	\N	\N	\N	\N	\N	\N	\N	\N	\N	\N	\N	\N	\N	\N
980	\N	631	doc	\N	\N	\N	\N	\N	7	\N	\N	\N	\N	\N	\N	\N	\N	\N	\N	\N	\N	\N	\N	\N	\N	\N	\N	\N	\N	\N	\N	\N	\N	\N	\N	\N	\N	\N	\N	\N	\N	\N	\N	\N	\N	\N	\N	\N	\N
981	\N	632	doc	\N	\N	\N	\N	\N	8	\N	\N	\N	\N	\N	\N	\N	\N	\N	\N	\N	\N	\N	\N	\N	\N	\N	\N	\N	\N	\N	\N	\N	\N	\N	\N	\N	\N	\N	\N	\N	\N	\N	\N	\N	\N	\N	\N	\N	\N
982	\N	633	doc	\N	\N	\N	\N	\N	\N	\N	\N	\N	\N	\N	\N	\N	\N	\N	\N	\N	\N	\N	\N	\N	\N	\N	\N	\N	5	\N	\N	\N	\N	\N	\N	\N	\N	\N	\N	\N	\N	\N	\N	\N	\N	\N	\N	\N	\N
983	\N	634	doc	\N	\N	\N	\N	\N	9	\N	\N	\N	\N	\N	\N	\N	\N	\N	\N	\N	\N	\N	\N	\N	\N	\N	\N	\N	\N	\N	\N	\N	\N	\N	\N	\N	\N	\N	\N	\N	\N	\N	\N	\N	\N	\N	\N	\N	\N
984	\N	635	doc	\N	\N	\N	\N	\N	\N	\N	\N	\N	\N	\N	\N	\N	\N	\N	\N	\N	\N	\N	\N	\N	\N	\N	\N	\N	\N	\N	\N	\N	\N	\N	\N	\N	\N	\N	\N	\N	\N	\N	\N	\N	70	\N	\N	\N	\N
985	\N	636	doc	\N	\N	\N	\N	\N	\N	\N	\N	\N	\N	\N	\N	\N	\N	\N	\N	\N	\N	\N	\N	\N	\N	\N	\N	\N	\N	\N	\N	\N	\N	\N	\N	\N	\N	\N	\N	\N	\N	\N	\N	\N	71	\N	\N	\N	\N
986	\N	637	doc	\N	\N	\N	\N	\N	\N	\N	\N	\N	\N	\N	\N	\N	\N	\N	\N	\N	\N	\N	\N	\N	\N	\N	\N	\N	6	\N	\N	\N	\N	\N	\N	\N	\N	\N	\N	\N	\N	\N	\N	\N	\N	\N	\N	\N	\N
987	\N	638	doc	\N	\N	\N	\N	\N	\N	\N	\N	\N	\N	\N	\N	\N	\N	\N	\N	\N	7	\N	\N	\N	\N	\N	\N	\N	\N	\N	\N	\N	\N	\N	\N	\N	\N	\N	\N	\N	\N	\N	\N	\N	\N	\N	\N	\N	\N
988	\N	639	doc	\N	\N	\N	\N	\N	\N	\N	\N	\N	\N	\N	\N	\N	\N	\N	\N	\N	\N	\N	\N	\N	\N	\N	\N	\N	\N	\N	\N	\N	\N	\N	\N	\N	\N	\N	\N	\N	\N	\N	\N	\N	72	\N	\N	\N	\N
989	\N	640	doc	\N	\N	\N	\N	\N	\N	\N	\N	\N	\N	\N	\N	\N	\N	\N	\N	\N	\N	\N	\N	\N	\N	\N	\N	\N	\N	\N	\N	\N	\N	\N	\N	\N	\N	\N	\N	\N	\N	\N	\N	\N	73	\N	\N	\N	\N
990	\N	641	doc	\N	\N	\N	\N	\N	\N	\N	\N	\N	\N	\N	\N	\N	\N	\N	\N	\N	\N	\N	\N	\N	\N	\N	\N	\N	7	\N	\N	\N	\N	\N	\N	\N	\N	\N	\N	\N	\N	\N	\N	\N	\N	\N	\N	\N	\N
991	\N	642	doc	\N	\N	\N	14	\N	\N	\N	\N	\N	\N	\N	\N	\N	\N	\N	\N	\N	\N	\N	\N	\N	\N	\N	\N	\N	\N	\N	\N	\N	\N	\N	\N	\N	\N	\N	\N	\N	\N	\N	\N	\N	\N	\N	\N	\N	\N
992	\N	643	doc	\N	\N	\N	\N	\N	\N	\N	\N	\N	\N	\N	\N	\N	\N	\N	\N	\N	\N	\N	\N	\N	\N	\N	\N	\N	\N	\N	\N	\N	\N	\N	33	\N	\N	\N	\N	\N	\N	\N	\N	\N	\N	\N	\N	\N	\N
993	\N	644	doc	\N	\N	\N	\N	\N	\N	\N	\N	\N	\N	\N	\N	\N	\N	\N	\N	\N	\N	\N	\N	\N	\N	\N	\N	\N	\N	\N	\N	\N	\N	\N	34	\N	\N	\N	\N	\N	\N	\N	\N	\N	\N	\N	\N	\N	\N
994	\N	287	doc	\N	\N	\N	\N	\N	\N	\N	\N	\N	\N	\N	\N	\N	\N	\N	\N	\N	\N	\N	4	\N	\N	\N	\N	\N	\N	\N	\N	\N	\N	\N	\N	\N	\N	\N	\N	\N	\N	\N	\N	\N	\N	\N	\N	\N	\N
995	\N	288	doc	\N	\N	\N	\N	\N	\N	\N	\N	\N	\N	\N	\N	\N	\N	\N	\N	\N	\N	\N	5	\N	\N	\N	\N	\N	\N	\N	\N	\N	\N	\N	\N	\N	\N	\N	\N	\N	\N	\N	\N	\N	\N	\N	\N	\N	\N
996	\N	645	doc	\N	\N	\N	\N	\N	\N	\N	\N	\N	\N	\N	\N	\N	\N	\N	\N	\N	\N	\N	\N	\N	\N	\N	\N	\N	\N	\N	\N	\N	\N	\N	35	\N	\N	\N	\N	\N	\N	\N	\N	\N	\N	\N	\N	\N	\N
997	\N	284	doc	\N	\N	\N	\N	\N	\N	\N	\N	\N	\N	\N	\N	\N	\N	\N	\N	\N	\N	\N	3	\N	\N	\N	\N	\N	\N	\N	\N	\N	\N	\N	\N	\N	\N	\N	\N	\N	\N	\N	\N	\N	\N	\N	\N	\N	\N
998	\N	646	doc	\N	\N	\N	\N	\N	\N	\N	\N	\N	\N	\N	\N	\N	\N	\N	\N	\N	\N	\N	\N	\N	\N	\N	\N	\N	\N	\N	\N	\N	\N	\N	36	\N	\N	\N	\N	\N	\N	\N	\N	\N	\N	\N	\N	\N	\N
999	\N	256	doc	\N	\N	\N	\N	\N	\N	\N	\N	\N	\N	\N	\N	\N	\N	\N	\N	\N	\N	\N	2	\N	\N	\N	\N	\N	\N	\N	\N	\N	\N	\N	\N	\N	\N	\N	\N	\N	\N	\N	\N	\N	\N	\N	\N	\N	\N
1000	\N	647	doc	\N	\N	\N	\N	\N	\N	\N	\N	\N	\N	\N	\N	\N	\N	\N	\N	\N	\N	\N	\N	\N	\N	\N	\N	\N	\N	\N	\N	\N	\N	\N	37	\N	\N	\N	\N	\N	\N	\N	\N	\N	\N	\N	\N	\N	\N
1001	\N	255	doc	\N	\N	\N	\N	\N	\N	\N	\N	\N	\N	\N	\N	\N	\N	\N	\N	\N	\N	\N	1	\N	\N	\N	\N	\N	\N	\N	\N	\N	\N	\N	\N	\N	\N	\N	\N	\N	\N	\N	\N	\N	\N	\N	\N	\N	\N
1002	\N	648	doc	\N	\N	\N	\N	\N	\N	\N	\N	\N	\N	\N	\N	\N	\N	\N	\N	\N	\N	\N	\N	\N	\N	\N	\N	\N	\N	\N	\N	\N	\N	\N	38	\N	\N	\N	\N	\N	\N	\N	\N	\N	\N	\N	\N	\N	\N
1004	\N	649	doc	\N	\N	\N	\N	\N	\N	\N	\N	\N	\N	\N	\N	\N	\N	\N	\N	\N	\N	\N	\N	\N	\N	\N	\N	\N	\N	\N	\N	\N	\N	\N	39	\N	\N	\N	\N	\N	\N	\N	\N	\N	\N	\N	\N	\N	\N
1005	\N	278	doc	\N	\N	\N	\N	\N	\N	\N	\N	\N	\N	\N	\N	\N	\N	\N	\N	\N	\N	\N	\N	\N	\N	\N	\N	\N	\N	\N	\N	\N	\N	\N	\N	\N	\N	\N	\N	\N	\N	\N	\N	\N	\N	\N	\N	2	\N
1006	\N	650	doc	\N	\N	\N	\N	\N	\N	\N	\N	\N	\N	\N	\N	\N	\N	\N	\N	\N	\N	\N	\N	\N	\N	\N	\N	\N	\N	\N	\N	\N	\N	\N	40	\N	\N	\N	\N	\N	\N	\N	\N	\N	\N	\N	\N	\N	\N
1007	\N	651	doc	\N	\N	\N	\N	\N	\N	\N	\N	\N	\N	\N	\N	\N	\N	\N	\N	\N	\N	\N	\N	\N	\N	\N	\N	\N	\N	\N	\N	\N	\N	\N	41	\N	\N	\N	\N	\N	\N	\N	\N	\N	\N	\N	\N	\N	\N
1008	\N	276	doc	\N	\N	\N	\N	\N	\N	\N	\N	\N	\N	\N	\N	\N	\N	\N	\N	\N	\N	\N	\N	\N	\N	\N	\N	\N	\N	\N	\N	\N	\N	\N	\N	\N	\N	\N	\N	\N	\N	\N	\N	\N	\N	\N	\N	1	\N
1011	\N	653	doc	\N	\N	\N	\N	\N	\N	\N	\N	\N	\N	\N	\N	\N	\N	\N	\N	\N	\N	\N	\N	\N	\N	\N	\N	\N	\N	\N	\N	\N	\N	\N	43	\N	\N	\N	\N	\N	\N	\N	\N	\N	\N	\N	\N	\N	\N
1012	\N	652	doc	\N	\N	\N	\N	\N	\N	\N	\N	\N	\N	\N	\N	\N	\N	\N	\N	\N	\N	\N	\N	\N	\N	\N	\N	\N	\N	\N	\N	\N	\N	\N	42	\N	\N	\N	\N	\N	\N	\N	\N	\N	\N	\N	\N	\N	\N
1013	\N	654	doc	\N	\N	\N	\N	\N	\N	\N	\N	\N	\N	\N	\N	\N	\N	\N	\N	\N	\N	\N	\N	\N	\N	\N	\N	\N	\N	\N	\N	\N	\N	\N	44	\N	\N	\N	\N	\N	\N	\N	\N	\N	\N	\N	\N	\N	\N
1014	\N	655	doc	\N	\N	\N	\N	\N	\N	\N	\N	\N	\N	\N	\N	\N	\N	\N	\N	\N	\N	\N	\N	\N	\N	\N	\N	\N	\N	\N	\N	\N	\N	\N	45	\N	\N	\N	\N	\N	\N	\N	\N	\N	\N	\N	\N	\N	\N
1015	\N	559	doc	\N	\N	\N	\N	\N	\N	\N	\N	\N	\N	7	\N	\N	\N	\N	\N	\N	\N	\N	\N	\N	\N	\N	\N	\N	\N	\N	\N	\N	\N	\N	\N	\N	\N	\N	\N	\N	\N	\N	\N	\N	\N	\N	\N	\N	\N
1016	\N	656	doc	\N	\N	\N	\N	\N	\N	\N	\N	\N	\N	\N	\N	\N	\N	\N	\N	\N	\N	\N	\N	\N	\N	\N	\N	\N	\N	\N	\N	\N	\N	\N	46	\N	\N	\N	\N	\N	\N	\N	\N	\N	\N	\N	\N	\N	\N
1017	\N	657	doc	\N	\N	\N	\N	\N	\N	\N	\N	\N	\N	\N	\N	\N	\N	\N	\N	\N	\N	\N	\N	\N	\N	\N	\N	\N	\N	\N	\N	\N	\N	\N	47	\N	\N	\N	\N	\N	\N	\N	\N	\N	\N	\N	\N	\N	\N
1018	\N	658	doc	\N	\N	\N	\N	\N	\N	\N	\N	\N	\N	\N	\N	\N	\N	\N	\N	\N	\N	\N	\N	\N	\N	\N	\N	\N	\N	\N	\N	\N	\N	\N	48	\N	\N	\N	\N	\N	\N	\N	\N	\N	\N	\N	\N	\N	\N
1019	\N	659	doc	\N	\N	\N	\N	\N	\N	\N	\N	\N	\N	\N	\N	\N	\N	\N	\N	\N	\N	\N	\N	\N	\N	\N	\N	\N	\N	\N	\N	\N	\N	\N	49	\N	\N	\N	\N	\N	\N	\N	\N	\N	\N	\N	\N	\N	\N
1020	\N	203	doc	\N	\N	\N	\N	\N	\N	\N	\N	\N	\N	6	\N	\N	\N	\N	\N	\N	\N	\N	\N	\N	\N	\N	\N	\N	\N	\N	\N	\N	\N	\N	\N	\N	\N	\N	\N	\N	\N	\N	\N	\N	\N	\N	\N	\N	\N
1021	\N	660	doc	\N	\N	\N	\N	\N	\N	\N	\N	\N	\N	\N	\N	\N	\N	\N	\N	\N	\N	\N	\N	\N	\N	\N	\N	\N	\N	\N	\N	\N	\N	\N	50	\N	\N	\N	\N	\N	\N	\N	\N	\N	\N	\N	\N	\N	\N
1022	\N	661	doc	\N	\N	\N	\N	\N	\N	\N	\N	\N	\N	\N	\N	\N	\N	\N	\N	\N	\N	\N	\N	\N	\N	\N	\N	\N	\N	\N	\N	\N	\N	\N	51	\N	\N	\N	\N	\N	\N	\N	\N	\N	\N	\N	\N	\N	\N
1023	\N	662	doc	\N	\N	\N	\N	\N	\N	\N	\N	\N	\N	\N	\N	\N	\N	\N	\N	\N	\N	\N	\N	\N	\N	\N	\N	\N	\N	\N	\N	\N	\N	\N	52	\N	\N	\N	\N	\N	\N	\N	\N	\N	\N	\N	\N	\N	\N
1024	\N	663	doc	\N	\N	\N	\N	\N	\N	\N	\N	\N	\N	\N	\N	\N	\N	\N	\N	\N	\N	\N	\N	\N	\N	\N	\N	\N	\N	\N	\N	\N	\N	\N	53	\N	\N	\N	\N	\N	\N	\N	\N	\N	\N	\N	\N	\N	\N
1025	\N	201	doc	\N	\N	\N	\N	\N	\N	\N	\N	\N	\N	5	\N	\N	\N	\N	\N	\N	\N	\N	\N	\N	\N	\N	\N	\N	\N	\N	\N	\N	\N	\N	\N	\N	\N	\N	\N	\N	\N	\N	\N	\N	\N	\N	\N	\N	\N
1026	\N	664	doc	\N	\N	\N	\N	\N	\N	\N	\N	\N	\N	\N	\N	\N	\N	\N	\N	\N	\N	\N	\N	\N	\N	\N	\N	\N	\N	\N	\N	\N	\N	\N	54	\N	\N	\N	\N	\N	\N	\N	\N	\N	\N	\N	\N	\N	\N
1027	\N	665	doc	\N	\N	\N	\N	\N	\N	\N	\N	\N	\N	\N	\N	\N	\N	\N	\N	\N	\N	\N	\N	\N	\N	\N	\N	\N	\N	\N	\N	\N	\N	\N	55	\N	\N	\N	\N	\N	\N	\N	\N	\N	\N	\N	\N	\N	\N
1028	\N	666	doc	\N	\N	\N	\N	\N	\N	\N	\N	\N	\N	\N	\N	\N	\N	\N	\N	\N	\N	\N	\N	\N	\N	\N	\N	\N	\N	\N	\N	\N	\N	\N	56	\N	\N	\N	\N	\N	\N	\N	\N	\N	\N	\N	\N	\N	\N
1029	\N	667	doc	\N	\N	\N	\N	\N	\N	\N	\N	\N	\N	\N	\N	\N	\N	\N	\N	\N	\N	\N	\N	\N	\N	\N	\N	\N	\N	\N	\N	\N	\N	\N	57	\N	\N	\N	\N	\N	\N	\N	\N	\N	\N	\N	\N	\N	\N
1030	\N	199	doc	\N	\N	\N	\N	\N	\N	\N	\N	\N	\N	4	\N	\N	\N	\N	\N	\N	\N	\N	\N	\N	\N	\N	\N	\N	\N	\N	\N	\N	\N	\N	\N	\N	\N	\N	\N	\N	\N	\N	\N	\N	\N	\N	\N	\N	\N
1031	\N	668	doc	\N	\N	\N	\N	\N	\N	\N	\N	\N	\N	\N	\N	\N	\N	\N	\N	\N	\N	\N	\N	\N	\N	\N	\N	\N	\N	\N	\N	\N	\N	\N	58	\N	\N	\N	\N	\N	\N	\N	\N	\N	\N	\N	\N	\N	\N
1033	\N	669	doc	\N	\N	\N	\N	\N	\N	\N	\N	\N	\N	\N	\N	\N	\N	\N	\N	\N	\N	\N	\N	\N	\N	\N	\N	\N	\N	\N	\N	\N	\N	\N	59	\N	\N	\N	\N	\N	\N	\N	\N	\N	\N	\N	\N	\N	\N
1034	\N	670	doc	\N	\N	\N	\N	\N	\N	\N	\N	\N	\N	\N	\N	\N	\N	\N	\N	\N	\N	\N	\N	\N	\N	\N	\N	\N	\N	\N	\N	\N	\N	\N	60	\N	\N	\N	\N	\N	\N	\N	\N	\N	\N	\N	\N	\N	\N
1035	\N	671	doc	\N	\N	\N	\N	\N	\N	\N	\N	\N	\N	\N	\N	\N	\N	\N	\N	\N	\N	\N	\N	\N	\N	\N	\N	\N	\N	\N	\N	\N	\N	\N	61	\N	\N	\N	\N	\N	\N	\N	\N	\N	\N	\N	\N	\N	\N
1036	\N	197	doc	\N	\N	\N	\N	\N	\N	\N	\N	\N	\N	3	\N	\N	\N	\N	\N	\N	\N	\N	\N	\N	\N	\N	\N	\N	\N	\N	\N	\N	\N	\N	\N	\N	\N	\N	\N	\N	\N	\N	\N	\N	\N	\N	\N	\N	\N
1037	\N	672	doc	\N	\N	\N	\N	\N	\N	\N	\N	\N	\N	\N	\N	\N	\N	\N	\N	\N	\N	\N	\N	\N	\N	\N	\N	\N	\N	\N	\N	\N	\N	\N	62	\N	\N	\N	\N	\N	\N	\N	\N	\N	\N	\N	\N	\N	\N
1038	\N	673	doc	\N	\N	\N	\N	\N	\N	\N	\N	\N	\N	\N	\N	\N	\N	\N	\N	\N	\N	\N	\N	\N	\N	\N	\N	\N	\N	\N	\N	\N	\N	\N	63	\N	\N	\N	\N	\N	\N	\N	\N	\N	\N	\N	\N	\N	\N
1039	\N	674	doc	\N	\N	\N	\N	\N	\N	\N	\N	\N	\N	\N	\N	\N	\N	\N	\N	\N	\N	\N	\N	\N	\N	\N	\N	\N	\N	\N	\N	\N	\N	\N	64	\N	\N	\N	\N	\N	\N	\N	\N	\N	\N	\N	\N	\N	\N
1040	\N	675	doc	\N	\N	\N	\N	\N	\N	\N	\N	\N	\N	\N	\N	\N	\N	\N	\N	\N	\N	\N	\N	\N	\N	\N	\N	\N	\N	\N	\N	\N	\N	\N	65	\N	\N	\N	\N	\N	\N	\N	\N	\N	\N	\N	\N	\N	\N
1041	\N	196	doc	\N	\N	\N	\N	\N	\N	\N	\N	\N	\N	2	\N	\N	\N	\N	\N	\N	\N	\N	\N	\N	\N	\N	\N	\N	\N	\N	\N	\N	\N	\N	\N	\N	\N	\N	\N	\N	\N	\N	\N	\N	\N	\N	\N	\N	\N
1042	\N	193	doc	\N	\N	\N	\N	\N	\N	\N	\N	\N	\N	1	\N	\N	\N	\N	\N	\N	\N	\N	\N	\N	\N	\N	\N	\N	\N	\N	\N	\N	\N	\N	\N	\N	\N	\N	\N	\N	\N	\N	\N	\N	\N	\N	\N	\N	\N
1043	\N	676	doc	\N	\N	\N	\N	\N	\N	\N	\N	\N	\N	\N	\N	\N	\N	\N	\N	\N	\N	\N	\N	\N	\N	\N	\N	\N	\N	\N	\N	\N	\N	\N	66	\N	\N	\N	\N	\N	\N	\N	\N	\N	\N	\N	\N	\N	\N
1044	\N	677	doc	\N	\N	\N	\N	\N	\N	\N	\N	\N	\N	\N	\N	\N	\N	\N	\N	\N	\N	\N	\N	\N	\N	\N	\N	\N	\N	\N	\N	\N	\N	\N	67	\N	\N	\N	\N	\N	\N	\N	\N	\N	\N	\N	\N	\N	\N
1045	\N	678	doc	\N	\N	\N	\N	\N	\N	\N	\N	\N	\N	\N	\N	\N	\N	\N	\N	\N	\N	\N	\N	\N	\N	\N	\N	\N	\N	\N	\N	\N	\N	\N	68	\N	\N	\N	\N	\N	\N	\N	\N	\N	\N	\N	\N	\N	\N
1046	\N	570	doc	\N	\N	\N	\N	\N	\N	\N	\N	\N	9	\N	\N	\N	\N	\N	\N	\N	\N	\N	\N	\N	\N	\N	\N	\N	\N	\N	\N	\N	\N	\N	\N	\N	\N	\N	\N	\N	\N	\N	\N	\N	\N	\N	\N	\N	\N
1047	\N	679	doc	\N	\N	\N	\N	\N	\N	\N	\N	\N	\N	\N	\N	\N	\N	\N	\N	\N	\N	\N	\N	\N	\N	\N	\N	\N	\N	\N	\N	\N	\N	\N	69	\N	\N	\N	\N	\N	\N	\N	\N	\N	\N	\N	\N	\N	\N
1048	\N	680	doc	\N	\N	\N	\N	\N	\N	\N	\N	\N	\N	\N	\N	\N	\N	\N	\N	\N	\N	\N	\N	\N	\N	\N	\N	\N	\N	\N	\N	\N	\N	\N	70	\N	\N	\N	\N	\N	\N	\N	\N	\N	\N	\N	\N	\N	\N
1049	\N	681	doc	\N	\N	\N	\N	\N	\N	\N	\N	\N	\N	\N	\N	\N	\N	\N	\N	\N	\N	\N	\N	\N	\N	\N	\N	\N	\N	\N	\N	\N	\N	\N	71	\N	\N	\N	\N	\N	\N	\N	\N	\N	\N	\N	\N	\N	\N
1050	\N	569	doc	\N	\N	\N	\N	\N	\N	\N	\N	\N	8	\N	\N	\N	\N	\N	\N	\N	\N	\N	\N	\N	\N	\N	\N	\N	\N	\N	\N	\N	\N	\N	\N	\N	\N	\N	\N	\N	\N	\N	\N	\N	\N	\N	\N	\N	\N
1051	\N	682	doc	\N	\N	\N	\N	\N	\N	\N	\N	\N	\N	\N	\N	\N	\N	\N	\N	\N	\N	\N	\N	\N	\N	\N	\N	\N	\N	\N	\N	\N	\N	\N	72	\N	\N	\N	\N	\N	\N	\N	\N	\N	\N	\N	\N	\N	\N
1052	\N	683	doc	\N	\N	\N	\N	\N	\N	\N	\N	\N	\N	\N	\N	\N	\N	\N	\N	\N	\N	\N	\N	\N	\N	\N	\N	\N	\N	\N	\N	\N	\N	\N	73	\N	\N	\N	\N	\N	\N	\N	\N	\N	\N	\N	\N	\N	\N
1053	\N	684	doc	\N	\N	\N	\N	\N	\N	\N	\N	\N	\N	\N	\N	\N	\N	\N	\N	\N	\N	\N	\N	\N	\N	\N	\N	\N	\N	\N	\N	\N	\N	\N	74	\N	\N	\N	\N	\N	\N	\N	\N	\N	\N	\N	\N	\N	\N
1054	\N	568	doc	\N	\N	\N	\N	\N	\N	\N	\N	\N	7	\N	\N	\N	\N	\N	\N	\N	\N	\N	\N	\N	\N	\N	\N	\N	\N	\N	\N	\N	\N	\N	\N	\N	\N	\N	\N	\N	\N	\N	\N	\N	\N	\N	\N	\N	\N
1055	\N	685	doc	\N	\N	\N	\N	\N	\N	\N	\N	\N	\N	\N	\N	\N	\N	\N	\N	\N	\N	\N	\N	\N	\N	\N	\N	\N	\N	\N	\N	\N	\N	\N	75	\N	\N	\N	\N	\N	\N	\N	\N	\N	\N	\N	\N	\N	\N
1056	\N	686	doc	\N	\N	\N	\N	\N	\N	\N	\N	\N	\N	\N	\N	\N	\N	\N	\N	\N	\N	\N	\N	\N	\N	\N	\N	\N	\N	\N	\N	\N	\N	\N	76	\N	\N	\N	\N	\N	\N	\N	\N	\N	\N	\N	\N	\N	\N
1057	\N	687	doc	\N	\N	\N	\N	\N	\N	\N	\N	\N	\N	\N	\N	\N	\N	\N	\N	\N	\N	\N	\N	\N	\N	\N	\N	\N	\N	\N	\N	\N	\N	\N	77	\N	\N	\N	\N	\N	\N	\N	\N	\N	\N	\N	\N	\N	\N
1058	\N	567	doc	\N	\N	\N	\N	\N	\N	\N	\N	\N	6	\N	\N	\N	\N	\N	\N	\N	\N	\N	\N	\N	\N	\N	\N	\N	\N	\N	\N	\N	\N	\N	\N	\N	\N	\N	\N	\N	\N	\N	\N	\N	\N	\N	\N	\N	\N
1059	\N	688	doc	\N	\N	\N	\N	\N	\N	\N	\N	\N	\N	\N	\N	\N	\N	\N	\N	\N	\N	\N	\N	\N	\N	\N	\N	\N	\N	\N	\N	\N	\N	\N	78	\N	\N	\N	\N	\N	\N	\N	\N	\N	\N	\N	\N	\N	\N
1060	\N	689	doc	\N	\N	\N	\N	\N	\N	\N	\N	\N	\N	\N	\N	\N	\N	\N	\N	\N	\N	\N	\N	\N	\N	\N	\N	\N	\N	\N	\N	\N	\N	\N	79	\N	\N	\N	\N	\N	\N	\N	\N	\N	\N	\N	\N	\N	\N
1061	\N	690	doc	\N	\N	\N	\N	\N	\N	\N	\N	\N	\N	\N	\N	\N	\N	\N	\N	\N	\N	\N	\N	\N	\N	\N	\N	\N	\N	\N	\N	\N	\N	\N	80	\N	\N	\N	\N	\N	\N	\N	\N	\N	\N	\N	\N	\N	\N
1062	\N	326	doc	\N	\N	\N	\N	\N	\N	\N	\N	\N	5	\N	\N	\N	\N	\N	\N	\N	\N	\N	\N	\N	\N	\N	\N	\N	\N	\N	\N	\N	\N	\N	\N	\N	\N	\N	\N	\N	\N	\N	\N	\N	\N	\N	\N	\N	\N
1063	\N	691	doc	\N	\N	\N	\N	\N	\N	\N	\N	\N	\N	\N	\N	\N	\N	\N	\N	\N	\N	\N	\N	\N	\N	\N	\N	\N	\N	\N	\N	\N	\N	\N	81	\N	\N	\N	\N	\N	\N	\N	\N	\N	\N	\N	\N	\N	\N
1064	\N	692	doc	\N	\N	\N	\N	\N	\N	\N	\N	\N	\N	\N	\N	\N	\N	\N	\N	\N	\N	\N	\N	\N	\N	\N	\N	\N	\N	\N	\N	\N	\N	\N	82	\N	\N	\N	\N	\N	\N	\N	\N	\N	\N	\N	\N	\N	\N
1065	\N	693	doc	\N	\N	\N	\N	\N	\N	\N	\N	\N	\N	\N	\N	\N	\N	\N	\N	\N	\N	\N	\N	\N	\N	\N	\N	\N	\N	\N	\N	\N	\N	\N	83	\N	\N	\N	\N	\N	\N	\N	\N	\N	\N	\N	\N	\N	\N
1066	\N	220	doc	\N	\N	\N	\N	\N	\N	\N	\N	\N	4	\N	\N	\N	\N	\N	\N	\N	\N	\N	\N	\N	\N	\N	\N	\N	\N	\N	\N	\N	\N	\N	\N	\N	\N	\N	\N	\N	\N	\N	\N	\N	\N	\N	\N	\N	\N
1067	\N	694	doc	\N	\N	\N	\N	\N	\N	\N	\N	\N	\N	\N	\N	\N	\N	\N	\N	\N	\N	\N	\N	\N	\N	\N	\N	\N	\N	\N	\N	\N	\N	\N	84	\N	\N	\N	\N	\N	\N	\N	\N	\N	\N	\N	\N	\N	\N
1068	\N	695	doc	\N	\N	\N	\N	\N	\N	\N	\N	\N	\N	\N	\N	\N	\N	\N	\N	\N	\N	\N	\N	\N	\N	\N	\N	\N	\N	\N	\N	\N	\N	\N	85	\N	\N	\N	\N	\N	\N	\N	\N	\N	\N	\N	\N	\N	\N
1069	\N	696	doc	\N	\N	\N	\N	\N	\N	\N	\N	\N	\N	\N	\N	\N	\N	\N	\N	\N	\N	\N	\N	\N	\N	\N	\N	\N	\N	\N	\N	\N	\N	\N	86	\N	\N	\N	\N	\N	\N	\N	\N	\N	\N	\N	\N	\N	\N
1070	\N	219	doc	\N	\N	\N	\N	\N	\N	\N	\N	\N	3	\N	\N	\N	\N	\N	\N	\N	\N	\N	\N	\N	\N	\N	\N	\N	\N	\N	\N	\N	\N	\N	\N	\N	\N	\N	\N	\N	\N	\N	\N	\N	\N	\N	\N	\N	\N
1071	\N	218	doc	\N	\N	\N	\N	\N	\N	\N	\N	\N	2	\N	\N	\N	\N	\N	\N	\N	\N	\N	\N	\N	\N	\N	\N	\N	\N	\N	\N	\N	\N	\N	\N	\N	\N	\N	\N	\N	\N	\N	\N	\N	\N	\N	\N	\N	\N
1072	\N	217	doc	\N	\N	\N	\N	\N	\N	\N	\N	\N	1	\N	\N	\N	\N	\N	\N	\N	\N	\N	\N	\N	\N	\N	\N	\N	\N	\N	\N	\N	\N	\N	\N	\N	\N	\N	\N	\N	\N	\N	\N	\N	\N	\N	\N	\N	\N
1073	\N	697	doc	\N	\N	\N	\N	\N	\N	\N	\N	\N	\N	\N	\N	\N	\N	\N	\N	\N	\N	\N	\N	\N	\N	\N	\N	\N	\N	\N	\N	\N	\N	\N	87	\N	\N	\N	\N	\N	\N	\N	\N	\N	\N	\N	\N	\N	\N
1074	\N	440	doc	\N	\N	\N	\N	\N	\N	\N	\N	\N	\N	\N	5	\N	\N	\N	\N	\N	\N	\N	\N	\N	\N	\N	\N	\N	\N	\N	\N	\N	\N	\N	\N	\N	\N	\N	\N	\N	\N	\N	\N	\N	\N	\N	\N	\N	\N
1075	\N	588	doc	\N	\N	\N	\N	\N	\N	\N	\N	\N	\N	\N	\N	\N	\N	\N	\N	\N	\N	\N	\N	\N	\N	\N	\N	8	\N	\N	\N	\N	\N	\N	\N	\N	\N	\N	\N	\N	\N	\N	\N	\N	\N	\N	\N	\N	\N
1076	\N	268	doc	\N	\N	\N	\N	\N	\N	\N	\N	\N	\N	\N	\N	\N	\N	\N	\N	\N	4	\N	\N	\N	\N	\N	\N	\N	\N	\N	\N	\N	\N	\N	\N	\N	\N	\N	\N	\N	\N	\N	\N	\N	\N	\N	\N	\N	\N
1077	\N	266	doc	\N	\N	\N	\N	\N	\N	\N	\N	\N	\N	\N	\N	\N	\N	\N	\N	\N	2	\N	\N	\N	\N	\N	\N	\N	\N	\N	\N	\N	\N	\N	\N	\N	\N	\N	\N	\N	\N	\N	\N	\N	\N	\N	\N	\N	\N
1080	\N	698	doc	\N	\N	\N	\N	\N	\N	\N	\N	\N	\N	\N	\N	\N	\N	\N	\N	2	\N	\N	\N	\N	\N	\N	\N	\N	\N	\N	\N	\N	\N	\N	\N	\N	\N	\N	\N	\N	\N	\N	\N	\N	\N	\N	\N	\N	\N
1081	\N	699	doc	\N	\N	\N	\N	\N	\N	\N	\N	\N	\N	\N	\N	\N	\N	\N	\N	\N	\N	\N	\N	\N	\N	\N	\N	\N	\N	\N	\N	\N	\N	\N	88	\N	\N	\N	\N	\N	\N	\N	\N	\N	\N	\N	\N	\N	\N
1082	\N	700	doc	\N	\N	\N	\N	\N	\N	\N	\N	\N	\N	\N	\N	\N	\N	\N	\N	\N	\N	\N	\N	\N	\N	\N	\N	\N	\N	\N	\N	\N	\N	\N	89	\N	\N	\N	\N	\N	\N	\N	\N	\N	\N	\N	\N	\N	\N
1083	\N	701	doc	\N	\N	\N	\N	\N	\N	\N	\N	\N	\N	\N	\N	\N	\N	\N	\N	\N	\N	\N	\N	\N	\N	\N	\N	\N	\N	\N	\N	\N	\N	\N	90	\N	\N	\N	\N	\N	\N	\N	\N	\N	\N	\N	\N	\N	\N
1084	\N	702	doc	\N	\N	\N	\N	\N	\N	\N	\N	\N	\N	\N	\N	\N	\N	\N	\N	\N	\N	\N	\N	\N	\N	\N	\N	\N	\N	\N	\N	\N	\N	\N	91	\N	\N	\N	\N	\N	\N	\N	\N	\N	\N	\N	\N	\N	\N
1085	\N	558	doc	\N	\N	\N	\N	\N	\N	\N	\N	\N	\N	\N	10	\N	\N	\N	\N	\N	\N	\N	\N	\N	\N	\N	\N	\N	\N	\N	\N	\N	\N	\N	\N	\N	\N	\N	\N	\N	\N	\N	\N	\N	\N	\N	\N	\N	\N
1086	\N	703	doc	\N	\N	\N	\N	\N	\N	\N	\N	\N	\N	\N	\N	\N	\N	\N	\N	\N	\N	\N	\N	\N	\N	\N	\N	\N	\N	\N	\N	\N	\N	\N	92	\N	\N	\N	\N	\N	\N	\N	\N	\N	\N	\N	\N	\N	\N
1087	\N	210	doc	\N	\N	\N	\N	\N	\N	\N	\N	\N	\N	\N	1	\N	\N	\N	\N	\N	\N	\N	\N	\N	\N	\N	\N	\N	\N	\N	\N	\N	\N	\N	\N	\N	\N	\N	\N	\N	\N	\N	\N	\N	\N	\N	\N	\N	\N
1088	\N	704	doc	\N	\N	\N	\N	\N	\N	\N	\N	\N	\N	\N	\N	\N	\N	\N	\N	\N	\N	\N	\N	\N	\N	\N	\N	\N	\N	\N	\N	\N	\N	\N	93	\N	\N	\N	\N	\N	\N	\N	\N	\N	\N	\N	\N	\N	\N
1089	\N	565	doc	\N	\N	8	\N	\N	\N	\N	\N	\N	\N	\N	\N	\N	\N	\N	\N	\N	\N	\N	\N	\N	\N	\N	\N	\N	\N	\N	\N	\N	\N	\N	\N	\N	\N	\N	\N	\N	\N	\N	\N	\N	\N	\N	\N	\N	\N
1090	\N	705	doc	\N	\N	\N	\N	\N	\N	\N	\N	\N	\N	\N	\N	\N	\N	\N	\N	\N	\N	\N	\N	\N	\N	\N	\N	\N	\N	\N	\N	\N	\N	\N	94	\N	\N	\N	\N	\N	\N	\N	\N	\N	\N	\N	\N	\N	\N
1091	\N	279	doc	\N	\N	\N	\N	\N	\N	\N	\N	\N	\N	\N	\N	\N	\N	\N	\N	\N	\N	\N	\N	\N	\N	\N	\N	\N	\N	\N	\N	\N	\N	\N	\N	\N	\N	\N	\N	\N	\N	\N	\N	\N	\N	\N	\N	3	\N
1098	\N	222	doc	\N	\N	\N	\N	\N	\N	\N	\N	\N	\N	\N	\N	1	\N	\N	\N	\N	\N	\N	\N	\N	\N	\N	\N	\N	\N	\N	\N	\N	\N	\N	\N	\N	\N	\N	\N	\N	\N	\N	\N	\N	\N	\N	\N	\N	\N
\.


--
-- Data for Name: seasons; Type: TABLE DATA; Schema: public; Owner: afmuser
--

COPY public.seasons (id, name, alias, basics_identifiers_code, basics_identifiers_abbreviation, basics_tagline, basics_description, details_series_id, details_history, details_entries, details_races, details_notes, assets_cover_id, assets_trailer_id, generate_slug, slug, updated_at, created_at) FROM stdin;
2	Porsche Sprint Challenge Ibérica 2025	psci-2025	PSCI-2025	PSCI 2025	AF Motorsport's Debut Porsche Campaign	The 2025 Porsche Sprint Challenge Ibérica season marked AF Motorsport's inaugural campaign in Porsche competition and the team's first full season in international one-make GT racing. The season provided the foundation for the team's Porsche program, establishing operational standards, competitive benchmarks, and technical understanding essential for long-term success.	1	{"root": {"type": "root", "format": "", "indent": 0, "version": 1, "children": [{"type": "paragraph", "format": "", "indent": 0, "version": 1, "children": [{"mode": "normal", "text": "The 2025 season represented a transformative year for AF Motorsport, transitioning from national competition to the unified Iberian Porsche championship. The campaign demonstrated the team's capability to compete at elevated levels, with multiple podium finishes validating the preparation standards and driver development approach.", "type": "text", "style": "", "detail": 0, "format": 0, "version": 1}], "direction": null, "textStyle": "", "textFormat": 0}, {"type": "paragraph", "format": "", "indent": 0, "version": 1, "children": [{"mode": "normal", "text": "    ", "type": "text", "style": "", "detail": 0, "format": 0, "version": 1}], "direction": null, "textStyle": "", "textFormat": 0}, {"type": "paragraph", "format": "", "indent": 0, "version": 1, "children": [{"mode": "normal", "text": "    Key achievements included the team's first Porsche victory at Estoril in June, two additional podium finishes at Portimão and Barcelona, and consistent top-five qualifying performance across the season. The campaign provided essential learning regarding the 992 GT3 Cup car's setup sensitivity, tire management characteristics, and race strategy optimization specific to the championship format.", "type": "text", "style": "", "detail": 0, "format": 0, "version": 1}], "direction": null, "textStyle": "", "textFormat": 0}, {"type": "paragraph", "format": "", "indent": 0, "version": 1, "children": [{"mode": "normal", "text": "    ", "type": "text", "style": "", "detail": 0, "format": 0, "version": 1}], "direction": null, "textStyle": "", "textFormat": 0}, {"type": "paragraph", "format": "", "indent": 0, "version": 1, "children": [{"mode": "normal", "text": "    The season established AF Motorsport as a credible competitor within the Porsche paddock, building relationships with Porsche Motorsport personnel, fellow competitors, and championship officials that have proven valuable for the team's continued development.", "type": "text", "style": "", "detail": 0, "format": 0, "version": 1}], "direction": null, "textStyle": "", "textFormat": 0}], "direction": null}}	18	12	Inaugural AF Motorsport Porsche campaign. Two race victories and four total podium finishes achieved.	\N	\N	f	porsche-sprint-challenge-ibrica-2025	2026-04-10 10:22:20.338+05:30	2026-04-09 19:48:27.784+05:30
3	Porsche Sprint Challenge Ibérica 2024	psci-2024	PSCI-2024	PSCI 2024	The Unified Championship Debuts	The 2024 Porsche Sprint Challenge Ibérica season represented the first full year of unified competition following the merger of Portuguese and Spanish national series. The championship established its identity with a balanced calendar across both nations and introduced the new 992-generation GT3 Cup car to the series.	2	{"root": {"type": "root", "format": "", "indent": 0, "version": 1, "children": [{"type": "paragraph", "format": "", "indent": 0, "version": 1, "children": [{"mode": "normal", "text": "The 2024 season was pivotal in establishing the unified championship's credentials. The merger brought together the strongest competitors from both national series, immediately elevating the competitive standard and creating compelling narratives as Portuguese and Spanish teams competed directly for overall honors.", "type": "text", "style": "", "detail": 0, "format": 0, "version": 1}], "direction": null, "textStyle": "", "textFormat": 0}, {"type": "paragraph", "format": "", "indent": 0, "version": 1, "children": [{"mode": "normal", "text": "    ", "type": "text", "style": "", "detail": 0, "format": 0, "version": 1}], "direction": null, "textStyle": "", "textFormat": 0}, {"type": "paragraph", "format": "", "indent": 0, "version": 1, "children": [{"mode": "normal", "text": "    The introduction of the 992 GT3 Cup car brought contemporary Porsche Motorsport technology to the championship, with enhanced aerodynamics, improved safety systems, and the sophisticated double-wishbone front suspension transforming the driving experience. Teams and drivers adapted to the new machinery throughout the season, with setup knowledge accumulating rapidly as data was shared across the paddock.", "type": "text", "style": "", "detail": 0, "format": 0, "version": 1}], "direction": null, "textStyle": "", "textFormat": 0}, {"type": "paragraph", "format": "", "indent": 0, "version": 1, "children": [{"mode": "normal", "text": "    ", "type": "text", "style": "", "detail": 0, "format": 0, "version": 1}], "direction": null, "textStyle": "", "textFormat": 0}, {"type": "paragraph", "format": "", "indent": 0, "version": 1, "children": [{"mode": "normal", "text": "    The season successfully demonstrated the viability of the unified Iberian format, with strong grid numbers, competitive racing, and positive feedback from competitors, circuits, and Porsche Motorsport stakeholders.", "type": "text", "style": "", "detail": 0, "format": 0, "version": 1}], "direction": null, "textStyle": "", "textFormat": 0}], "direction": null}}	16	10	Inaugural season of unified championship. Introduction of 992-generation GT3 Cup car.	\N	\N	f	porsche-sprint-challenge-ibrica-2024	2026-04-10 10:55:12.734+05:30	2026-04-09 19:49:18.086+05:30
6	Porsche Carrera Cup Italia 2025	cci-2025	CCI-2025	CCI 2025	Italy's Premier Porsche Championship	The 2025 Porsche Carrera Cup Italia season represented one of Europe's strongest national Porsche championships, featuring the 992 GT3 Cup car competing at Italy's most prestigious circuits. The series served as a benchmark for competitive standards and operational excellence within the Porsche Motorsport pyramid.	2	{"root": {"type": "root", "format": "", "indent": 0, "version": 1, "children": [{"type": "paragraph", "format": "", "indent": 0, "version": 1, "children": [{"mode": "normal", "text": "The 2025 Carrera Cup Italia season maintained the championship's position as a premier national series within Porsche's European structure. The grid featured a combination of established Italian GT specialists, emerging international talent, and Porsche junior program drivers, creating exceptional competitive depth.", "type": "text", "style": "", "detail": 0, "format": 0, "version": 1}], "direction": null, "textStyle": "", "textFormat": 0}, {"type": "paragraph", "format": "", "indent": 0, "version": 1, "children": [{"mode": "normal", "text": "    ", "type": "text", "style": "", "detail": 0, "format": 0, "version": 1}], "direction": null, "textStyle": "", "textFormat": 0}, {"type": "paragraph", "format": "", "indent": 0, "version": 1, "children": [{"mode": "normal", "text": "    While AF Motorsport did not compete directly in the 2025 season, the championship's technical regulations, sporting format, and performance benchmarks provided valuable reference points for the team's Porsche Sprint Challenge Ibérica program. Setup data and performance metrics from Carrera Cup Italia events informed AF Motorsport's development direction.", "type": "text", "style": "", "detail": 0, "format": 0, "version": 1}], "direction": null, "textStyle": "", "textFormat": 0}], "direction": null}}	22	12	Reference championship for technical benchmarking and performance analysis.	\N	\N	f	porsche-carrera-cup-italia-2025	2026-04-10 10:20:57.167+05:30	2026-04-09 19:52:06.006+05:30
5	Campeonato de Portugal de Velocidade 2024	cpv-2024	CPV-2024	CPV 2024	Portuguese National GT Competition	The 2024 Campeonato de Portugal de Velocidade season represented Portugal's premier national GT and touring car championship. The series provided a competitive platform across multiple classes, with AF Motorsport participating in selected events as part of the team's broader competitive program.	3	{"root": {"type": "root", "format": "", "indent": 0, "version": 1, "children": [{"type": "paragraph", "format": "", "indent": 0, "version": 1, "children": [{"mode": "normal", "text": "The 2024 CPV season continued the championship's tradition as the cornerstone of Portuguese circuit racing. The multi-class format accommodated diverse machinery from GT4 specification to national touring car categories, creating varied competition throughout the field.", "type": "text", "style": "", "detail": 0, "format": 0, "version": 1}], "direction": null, "textStyle": "", "textFormat": 0}, {"type": "paragraph", "format": "", "indent": 0, "version": 1, "children": [{"mode": "normal", "text": "    ", "type": "text", "style": "", "detail": 0, "format": 0, "version": 1}], "direction": null, "textStyle": "", "textFormat": 0}, {"type": "paragraph", "format": "", "indent": 0, "version": 1, "children": [{"mode": "normal", "text": "    AF Motorsport's participation in selected CPV events provided additional competitive mileage and the opportunity to compete at Portuguese circuits not featured on the Porsche Sprint Challenge calendar. The events also served to maintain the team's presence within the national motorsport community alongside the primary Porsche campaign.", "type": "text", "style": "", "detail": 0, "format": 0, "version": 1}], "direction": null, "textStyle": "", "textFormat": 0}], "direction": null}}	28	12	Multi-class national championship. AF Motorsport participated in selected events.	\N	\N	f	campeonato-de-portugal-de-velocidade-2024	2026-04-10 10:21:24.639+05:30	2026-04-09 19:51:07.01+05:30
4	Porsche Sprint Challenge Portugal 2023	pscp-2023	PSCP-2023	PSCP 2023	Final Season of National Championship Format	The 2023 Porsche Sprint Challenge Portugal season represented the final year of standalone national competition before the merger into the unified Iberian championship. The series provided accessible Porsche Cup competition at Portuguese circuits, serving as the entry point to Porsche Motorsport for Portuguese teams and drivers.	3	{"root": {"type": "root", "format": "", "indent": 0, "version": 1, "children": [{"type": "paragraph", "format": "", "indent": 0, "version": 1, "children": [{"mode": "normal", "text": "The 2023 season maintained the successful formula established since the championship's inception, with events at Portugal's principal circuits including Estoril, Portimão, and Braga. The series continued to feature the proven 991.2 GT3 Cup car, providing reliable performance and established setup knowledge.", "type": "text", "style": "", "detail": 0, "format": 0, "version": 1}], "direction": null, "textStyle": "", "textFormat": 0}, {"type": "paragraph", "format": "", "indent": 0, "version": 1, "children": [{"mode": "normal", "text": "    ", "type": "text", "style": "", "detail": 0, "format": 0, "version": 1}], "direction": null, "textStyle": "", "textFormat": 0}, {"type": "paragraph", "format": "", "indent": 0, "version": 1, "children": [{"mode": "normal", "text": "    The season served as a transition period as teams prepared for the upcoming unified championship. Discussions regarding the merger were well advanced throughout the year, with competitors actively planning for the expanded 2024 calendar and the introduction of the 992-generation car.", "type": "text", "style": "", "detail": 0, "format": 0, "version": 1}], "direction": null, "textStyle": "", "textFormat": 0}, {"type": "paragraph", "format": "", "indent": 0, "version": 1, "children": [{"mode": "normal", "text": "    ", "type": "text", "style": "", "detail": 0, "format": 0, "version": 1}], "direction": null, "textStyle": "", "textFormat": 0}, {"type": "paragraph", "format": "", "indent": 0, "version": 1, "children": [{"mode": "normal", "text": "    For the Portuguese motorsport community, the season represented both the conclusion of an era and the foundation for the enhanced opportunities the unified championship would provide.", "type": "text", "style": "", "detail": 0, "format": 0, "version": 1}], "direction": null, "textStyle": "", "textFormat": 0}], "direction": null}}	12	10	Final season of standalone Portuguese national championship. 991.2 GT3 Cup car utilized throughout.	\N	\N	f	porsche-sprint-challenge-portugal-2023	2026-04-10 10:21:52.662+05:30	2026-04-09 19:50:07.299+05:30
1	Porsche Sprint Challenge Ibérica 2026	psci-2026	PSCI-2026	PSCI 2026	The Third Season of Unified Iberian Competition	The 2026 Porsche Sprint Challenge Ibérica season represents the championship's third year as a unified Iberian series and marks AF Motorsport's second full campaign in the championship. The season features an expanded six-round calendar spanning Portugal and Spain's premier circuits, with the series continuing to establish itself as the definitive GT platform in the region.	1	{"root": {"type": "root", "format": "", "indent": 0, "version": 1, "children": [{"type": "paragraph", "format": "", "indent": 0, "version": 1, "children": [{"mode": "normal", "text": "The 2026 season builds upon the successful foundation established during the championship's first two unified seasons. Grid numbers have consistently increased as teams and drivers recognize the value proposition of the championship's professional presentation, competitive format, and direct connection to Porsche's international motorsport pyramid.", "type": "text", "style": "", "detail": 0, "format": 0, "version": 1}], "direction": null, "textStyle": "", "textFormat": 0}, {"type": "paragraph", "format": "", "indent": 0, "version": 1, "children": [{"mode": "normal", "text": "    ", "type": "text", "style": "", "detail": 0, "format": 0, "version": 1}], "direction": null, "textStyle": "", "textFormat": 0}, {"type": "paragraph", "format": "", "indent": 0, "version": 1, "children": [{"mode": "normal", "text": "    Key developments for 2026 include enhanced television coverage through extended broadcast agreements, introduction of additional driver categorization to maintain competitive balance, and continued refinement of the sporting regulations based on competitor feedback and evolving FIA standards.", "type": "text", "style": "", "detail": 0, "format": 0, "version": 1}], "direction": null, "textStyle": "", "textFormat": 0}, {"type": "paragraph", "format": "", "indent": 0, "version": 1, "children": [{"mode": "normal", "text": "    ", "type": "text", "style": "", "detail": 0, "format": 0, "version": 1}], "direction": null, "textStyle": "", "textFormat": 0}, {"type": "paragraph", "format": "", "indent": 0, "version": 1, "children": [{"mode": "normal", "text": "    For AF Motorsport, the 2026 season represents an opportunity to consolidate the competitive progress demonstrated in 2025. The team has expanded to a two-car entry for selected events while maintaining focused engineering resources to maximize performance from the primary entry. Season objectives include consistent podium contention and championship position improvement.", "type": "text", "style": "", "detail": 0, "format": 0, "version": 1}], "direction": null, "textStyle": "", "textFormat": 0}], "direction": null}}	24	12	Season calendar subject to final FIA and national federation approvals. Balance of Performance adjustments may be applied per Porsche Motorsport technical directives.	\N	\N	f	porsche-sprint-challenge-ibrica-2026	2026-04-10 10:22:49.854+05:30	2026-04-09 19:46:31.639+05:30
\.


--
-- Data for Name: seasons_locales; Type: TABLE DATA; Schema: public; Owner: afmuser
--

COPY public.seasons_locales (seo_title, seo_image_id, seo_description, id, _locale, _parent_id) FROM stdin;
\.


--
-- Data for Name: seasons_rels; Type: TABLE DATA; Schema: public; Owner: afmuser
--

COPY public.seasons_rels (id, "order", parent_id, path, media_id, categories_id, tags_id) FROM stdin;
1	1	6	categories	\N	1	\N
2	2	6	categories	\N	3	\N
3	3	6	categories	\N	5	\N
4	4	6	categories	\N	7	\N
5	5	6	categories	\N	9	\N
6	6	6	categories	\N	10	\N
7	1	6	tags	\N	\N	1
8	2	6	tags	\N	\N	3
9	3	6	tags	\N	\N	2
10	4	6	tags	\N	\N	6
11	5	6	tags	\N	\N	9
12	6	6	tags	\N	\N	10
13	7	6	tags	\N	\N	12
14	1	5	categories	\N	1	\N
15	2	5	categories	\N	3	\N
16	3	5	categories	\N	6	\N
17	4	5	categories	\N	5	\N
18	5	5	categories	\N	10	\N
19	6	5	categories	\N	11	\N
20	7	5	categories	\N	12	\N
21	1	5	tags	\N	\N	1
22	2	5	tags	\N	\N	5
23	3	5	tags	\N	\N	7
24	4	5	tags	\N	\N	9
25	5	5	tags	\N	\N	11
26	6	5	tags	\N	\N	12
27	7	5	tags	\N	\N	13
28	1	4	categories	\N	1	\N
29	2	4	categories	\N	3	\N
30	3	4	categories	\N	6	\N
31	4	4	categories	\N	9	\N
32	5	4	categories	\N	12	\N
33	6	4	categories	\N	13	\N
34	7	4	categories	\N	15	\N
35	8	4	categories	\N	11	\N
36	1	4	tags	\N	\N	1
37	2	4	tags	\N	\N	3
38	3	4	tags	\N	\N	5
39	4	4	tags	\N	\N	8
40	5	4	tags	\N	\N	9
41	6	4	tags	\N	\N	6
42	7	4	tags	\N	\N	15
43	1	2	categories	\N	1	\N
44	2	2	categories	\N	3	\N
45	3	2	categories	\N	5	\N
46	4	2	categories	\N	7	\N
47	5	2	categories	\N	9	\N
48	6	2	categories	\N	11	\N
49	7	2	categories	\N	12	\N
50	8	2	categories	\N	10	\N
51	1	2	tags	\N	\N	1
52	2	2	tags	\N	\N	3
53	3	2	tags	\N	\N	6
54	4	2	tags	\N	\N	8
55	5	2	tags	\N	\N	11
56	6	2	tags	\N	\N	10
57	7	2	tags	\N	\N	12
58	1	1	categories	\N	1	\N
59	2	1	categories	\N	3	\N
60	3	1	categories	\N	6	\N
61	4	1	categories	\N	9	\N
62	5	1	categories	\N	11	\N
63	6	1	categories	\N	13	\N
64	7	1	categories	\N	14	\N
65	1	1	tags	\N	\N	1
66	2	1	tags	\N	\N	3
67	3	1	tags	\N	\N	6
68	4	1	tags	\N	\N	8
69	5	1	tags	\N	\N	9
70	6	1	tags	\N	\N	10
71	7	1	tags	\N	\N	15
72	1	3	categories	\N	2	\N
73	2	3	categories	\N	5	\N
74	1	3	tags	\N	\N	4
75	2	3	tags	\N	\N	6
76	3	3	tags	\N	\N	9
\.


--
-- Data for Name: series; Type: TABLE DATA; Schema: public; Owner: afmuser
--

COPY public.series (id, name, alias, basics_identifiers_code, basics_identifiers_abbreviation, basics_tagline, basics_description, details_status, details_access, details_agenda, details_history, details_predecessor_id, details_successor_id, details_start_date, details_end_date, details_location, assets_logo_id, assets_thumbnail_id, assets_cover_id, generate_slug, slug, updated_at, created_at) FROM stdin;
4	Campeonato de Portugal de Velocidade	cpv	CPV	CPV	Portuguese National GT Championship	The Campeonato de Portugal de Velocidade is Portugal's premier national GT and touring car championship, sanctioned by FPAK. The series features multiple classes accommodating various GT and touring car specifications, providing a competitive platform for teams and drivers across the Portuguese motorsport landscape. The championship visits Portugal's principal circuits with events typically featuring multiple races per weekend.	Active	Public	The championship calendar comprises five to six events at Portuguese circuits including Estoril, Portimão, Braga, and Vila Real street circuit. Events feature multiple races with combined classifications across classes, providing extensive track time and competitive opportunities throughout the season.	{"root": {"type": "root", "format": "", "indent": 0, "version": 1, "children": [{"type": "paragraph", "format": "", "indent": 0, "version": 1, "children": [{"mode": "normal", "text": "The CPV represents the continuation of Portugal's national circuit racing tradition dating back to the 1960s. The championship has evolved through various iterations and class structures, currently providing a home for GT4, TCR, and various national specification categories.", "type": "text", "style": "", "detail": 0, "format": 0, "version": 1}], "direction": null, "textStyle": "", "textFormat": 0}, {"type": "paragraph", "format": "", "indent": 0, "version": 1, "children": [{"mode": "normal", "text": "    ", "type": "text", "style": "", "detail": 0, "format": 0, "version": 1}], "direction": null, "textStyle": "", "textFormat": 0}, {"type": "paragraph", "format": "", "indent": 0, "version": 1, "children": [{"mode": "normal", "text": "    The series serves as an important component of the Portuguese motorsport ecosystem, providing competitive opportunities for teams and drivers while maintaining the national racing heritage. The championship's position complements international series visiting Portugal by developing local talent and providing competitive outlets between major events.", "type": "text", "style": "", "detail": 0, "format": 0, "version": 1}], "direction": null, "textStyle": "", "textFormat": 0}], "direction": null}}	3	5	1966-05-01 17:00:00+05:30	1966-05-31 17:00:00+05:30	0101000020E61000001CEBE2361A604340992A1895D4C922C0	\N	\N	\N	f	campeonato-de-portugal-de-velocidade	2026-04-10 10:17:23.209+05:30	2026-04-09 19:54:05.271+05:30
3	Porsche Mobil 1 Supercup	porsche-supercup	PMSC	PMSC	The Ultimate One-Make GT Championship	The Porsche Mobil 1 Supercup represents the pinnacle of Porsche's global one-make racing pyramid, running as primary support to Formula 1 at selected European Grand Prix events. The championship features identical Porsche 992 GT3 Cup cars competing for substantial prize money and the prestige of being crowned Supercup champion. The series provides unparalleled exposure with global television coverage and the opportunity to compete in front of Formula 1 audiences and decision-makers.	Active	Public	The championship typically comprises eight rounds at Formula 1 European Grand Prix events, with each weekend featuring a single race of approximately 30 minutes duration. The limited track time places extraordinary premium on preparation and qualifying performance, with grid position often determining race outcome on circuits where overtaking is challenging.	{"root": {"type": "root", "format": "", "indent": 0, "version": 1, "children": [{"type": "paragraph", "format": "", "indent": 0, "version": 1, "children": [{"mode": "normal", "text": "Established in 1993 as a direct support series to Formula 1, the Porsche Supercup has evolved into the definitive proving ground for GT talent. Champions include numerous drivers who progressed to factory GT programs, prototype racing, and in some cases Formula 1 opportunities.", "type": "text", "style": "", "detail": 0, "format": 0, "version": 1}], "direction": null, "textStyle": "", "textFormat": 0}, {"type": "paragraph", "format": "", "indent": 0, "version": 1, "children": [{"mode": "normal", "text": "    ", "type": "text", "style": "", "detail": 0, "format": 0, "version": 1}], "direction": null, "textStyle": "", "textFormat": 0}, {"type": "paragraph", "format": "", "indent": 0, "version": 1, "children": [{"mode": "normal", "text": "    The series' position within Formula 1 weekends provides unmatched exposure and networking opportunities, with team principals, driver managers, and manufacturer representatives regularly present in the paddock. The competitive standard is exceptionally high, with many national Carrera Cup champions stepping up to Supercup competition.", "type": "text", "style": "", "detail": 0, "format": 0, "version": 1}], "direction": null, "textStyle": "", "textFormat": 0}], "direction": null}}	2	4	1993-05-01 17:00:00+05:30	\N	0101000020E610000086C954C1A85C4840A167B3EA73B52240	\N	\N	\N	f	porsche-mobil-1-supercup	2026-04-10 10:18:56.326+05:30	2026-04-09 19:45:53.121+05:30
2	Porsche Carrera Cup Italia	porsche-carrera-cup-italia	CCI	CCI	Italy's Premier One-Make Championship	The Porsche Carrera Cup Italia represents Italy's highest level of one-make GT racing, forming a key component of Porsche Motorsport's European competition pyramid. The championship features the Porsche 992 GT3 Cup car competing at Italy's most prestigious circuits including Monza, Imola, and Mugello. The series enjoys significant manufacturer support and extensive television coverage, making it a destination championship for emerging GT talent.	Active	Public	The championship typically features six race weekends across the Italian motorsport calendar, with each event comprising two races including one endurance-format event per weekend. The series shares billing with major Italian motorsport events including the GT Italian Championship, maximizing exposure and providing drivers experience in high-profile race meeting environments.	{"root": {"type": "root", "format": "", "indent": 0, "version": 1, "children": [{"type": "paragraph", "format": "", "indent": 0, "version": 1, "children": [{"mode": "normal", "text": "  Established in 2007, the Porsche Carrera Cup Italia has developed into one of Europe's strongest national Porsche championships. The series has launched numerous drivers into international GT competition and serves as a crucial stepping stone toward the Porsche Mobil 1 Supercup and factory driving opportunities.", "type": "text", "style": "", "detail": 0, "format": 0, "version": 1}], "direction": null, "textStyle": "", "textFormat": 0}, {"type": "paragraph", "format": "", "indent": 0, "version": 1, "children": [{"mode": "normal", "text": "    ", "type": "text", "style": "", "detail": 0, "format": 0, "version": 1}], "direction": null, "textStyle": "", "textFormat": 0}, {"type": "paragraph", "format": "", "indent": 0, "version": 1, "children": [{"mode": "normal", "text": "    The championship's position within Italian motorsport provides unique benefits including racing at world-renowned circuits and exposure to the passionate Italian motorsport audience. The series maintains close technical alignment with Porsche's international Cup specifications, ensuring that competitive performance in Italy translates directly to Carrera Cup and Supercup opportunities elsewhere.", "type": "text", "style": "", "detail": 0, "format": 0, "version": 1}], "direction": null, "textStyle": "", "textFormat": 0}, {"type": "paragraph", "format": "", "indent": 0, "version": 1, "children": [], "direction": null, "textStyle": "", "textFormat": 0}], "direction": null}}	1	3	2007-04-01 17:00:00+05:30	\N	0101000020E61000009FCDAACFD5CE464055302AA913902240	\N	\N	\N	f	porsche-carrera-cup-italia	2026-04-10 10:19:31.248+05:30	2026-04-09 19:44:11.38+05:30
1	Porsche Sprint Challenge Ibérica	porsche-sprint-challenge-iberica	PSCI	PSCI	The Pinnacle of Iberian Porsche Racing	The Porsche Sprint Challenge Ibérica is the premier one-make GT championship spanning Portugal and Spain, featuring the latest generation Porsche 992 GT3 Cup car. The series provides a professional competitive platform for drivers progressing through the Porsche Motorsport pyramid, offering sprint-format races at iconic Iberian circuits with comprehensive television coverage and manufacturer support. The championship serves as a direct pathway to the Porsche Mobil 1 Supercup and international Carrera Cup competitions.	Active	Public	The championship calendar comprises six race weekends across Portugal and Spain, with each event featuring two 30-minute sprint races. The format emphasizes driver skill and team execution, with limited practice time placing premium on efficient preparation and strong opening laps. Championship points are awarded to the top fifteen finishers in each race, with additional points for pole position and fastest lap.	{"root": {"type": "root", "format": "", "indent": 0, "version": 1, "children": [{"type": "paragraph", "format": "", "indent": 0, "version": 1, "children": [{"mode": "normal", "text": "The Porsche Sprint Challenge Ibérica was established in 2023 through the merger of the Porsche Sprint Challenge Portugal and Porsche Sprint Challenge España, creating a unified Iberian championship. This consolidation elevated the competitive standard by combining the strongest teams and drivers from both nations into a single premier series.", "type": "text", "style": "", "detail": 0, "format": 0, "version": 1}], "direction": null, "textStyle": "", "textFormat": 0}, {"type": "paragraph", "format": "", "indent": 0, "version": 1, "children": [{"mode": "normal", "text": "    ", "type": "text", "style": "", "detail": 0, "format": 0, "version": 1}], "direction": null, "textStyle": "", "textFormat": 0}, {"type": "paragraph", "format": "", "indent": 0, "version": 1, "children": [{"mode": "normal", "text": "The championship represents the entry point to Porsche's international one-make pyramid in the region, sitting below the Porsche Carrera Cup Italia and Porsche Mobil 1 Supercup. The series has quickly established itself as the reference for GT racing in Iberia, attracting top regional talent and international drivers seeking competitive seat time at iconic European circuits.", "type": "text", "style": "", "detail": 0, "format": 0, "version": 1}], "direction": null, "textStyle": "", "textFormat": 0}, {"type": "paragraph", "format": "", "indent": 0, "version": 1, "children": [{"mode": "normal", "text": "    ", "type": "text", "style": "", "detail": 0, "format": 0, "version": 1}], "direction": null, "textStyle": "", "textFormat": 0}, {"type": "paragraph", "format": "", "indent": 0, "version": 1, "children": [{"mode": "normal", "text": "    The 992 GT3 Cup car introduced for the 2024 season brought significant performance advancements including enhanced aerodynamics, the double-wishbone front suspension derived from the 911 RSR, and the latest Cosworth electronics package. These improvements have elevated the driving experience while maintaining the accessibility and reliability that characterize Porsche one-make racing.", "type": "text", "style": "", "detail": 0, "format": 0, "version": 1}], "direction": null, "textStyle": "", "textFormat": 0}], "direction": null}}	\N	2	2023-03-01 17:00:00+05:30	2026-09-15 17:00:00+05:30	0101000020E61000001CEBE2361A604340992A1895D4C922C0	\N	\N	\N	f	porsche-sprint-challenge-ibrica	2026-04-10 10:20:02.92+05:30	2026-04-09 19:41:59.237+05:30
6	GT Cup Europe	gt-cup-europe	GTCUPE	GTCE	Accessible European GT Competition	GT Cup Europe provides a professional platform for GT4 and Cup-class machinery competing at premier European circuits. The championship emphasizes competitive parity and driver development within a cost-controlled framework.	Active	Private	The 2026 GT Cup Europe calendar features six events at leading circuits across Portugal, Spain, France, and Belgium. Each weekend comprises two 60-minute practice sessions, 30-minute qualifying, and two 50-minute sprint races with driver changes required for Pro-Am entries.	{"root": {"type": "root", "format": "", "indent": 0, "version": 1, "children": [{"type": "paragraph", "format": "", "indent": 0, "version": 1, "children": [{"mode": "normal", "text": "Established in 2020, GT Cup Europe has grown into a respected category within the European GT landscape, attracting teams and drivers from national championships seeking international competition. The series' focus on driver talent over budgetary advantage aligns with AF Motorsport's competitive philosophy.", "type": "text", "style": "", "detail": 0, "format": 0, "version": 1}], "direction": null, "textStyle": "", "textFormat": 0}, {"type": "paragraph", "format": "", "indent": 0, "version": 1, "children": [{"mode": "normal", "text": "    ", "type": "text", "style": "", "detail": 0, "format": 0, "version": 1}], "direction": null, "textStyle": "", "textFormat": 0}, {"type": "paragraph", "format": "", "indent": 0, "version": 1, "children": [{"mode": "normal", "text": "    The championship serves as an ideal stepping stone between national GT competition and premier international categories, providing drivers with experience at European circuits and exposure to professional race operations.", "type": "text", "style": "", "detail": 0, "format": 0, "version": 1}], "direction": null, "textStyle": "", "textFormat": 0}], "direction": null}}	\N	\N	2020-04-01 17:00:00+05:30	\N	0101000020E610000045D8F0F44AB14440DE02098A1F630140	\N	\N	\N	f	gt-cup-europe	2026-04-10 15:50:51.567+05:30	2026-04-10 15:50:31.078+05:30
5	Iberian Historic Endurance	iberian-historic-endurance	IHE	IHE	Preserving Motorsport Heritage	The Iberian Historic Endurance series celebrates motorsport heritage through competition for period-correct historic racing cars at classic circuits across Portugal and Spain. The series caters to vehicles spanning multiple decades of motorsport history, with classes structured by era and specification. Events combine competitive track sessions with significant social and display elements, creating a festival atmosphere celebrating motorsport history.	Inactive	Public	The series calendar features four to five events annually at historic circuits including Estoril, Jerez, and Portimão. Events typically span two days with practice, qualifying, and multiple race sessions per class. The paddock environment emphasizes accessibility and heritage appreciation, with cars displayed for public viewing between sessions.	{"root": {"type": "root", "format": "", "indent": 0, "version": 1, "children": [{"type": "paragraph", "format": "", "indent": 0, "version": 1, "children": [{"mode": "normal", "text": "Established in 2010 by a consortium of historic racing enthusiasts, the Iberian Historic Endurance series has grown to become the reference for historic motorsport competition in the region. The series maintains strong relationships with circuit operators and motorsport federations, ensuring appropriate competitive conditions while preserving the character of historic racing.", "type": "text", "style": "", "detail": 0, "format": 0, "version": 1}], "direction": null, "textStyle": "", "textFormat": 0}, {"type": "paragraph", "format": "", "indent": 0, "version": 1, "children": [{"mode": "normal", "text": "    ", "type": "text", "style": "", "detail": 0, "format": 0, "version": 1}], "direction": null, "textStyle": "", "textFormat": 0}, {"type": "paragraph", "format": "", "indent": 0, "version": 1, "children": [{"mode": "normal", "text": "    The series' philosophy emphasizes enjoyment and preservation over outright competition, with sporting regulations designed to encourage participation while maintaining appropriate standards. Technical regulations require period-correct specifications with concessions for modern safety equipment.", "type": "text", "style": "", "detail": 0, "format": 0, "version": 1}], "direction": null, "textStyle": "", "textFormat": 0}], "direction": null}}	4	\N	2010-09-01 17:00:00+05:30	2010-09-30 17:00:00+05:30	0101000020E61000001CEBE2361A604340992A1895D4C922C0	\N	\N	\N	f	iberian-historic-endurance	2026-04-10 10:18:04.07+05:30	2026-04-09 19:55:20.978+05:30
7	International GT Open	international-gt-open	IGTO	GT Open	Europe's Premier GT Championship	The International GT Open is one of Europe's leading GT championships, featuring GT3 machinery competing at iconic circuits including Portimão, Spa-Francorchamps, Monza, and Barcelona. The series attracts factory-supported and independent teams with professional driver lineups.	Active	Private	The 2026 International GT Open calendar spans seven European rounds from March through October. Each event features two 70-minute races with mandatory driver changes, success ballast based on championship position, and full FIA GT3 technical regulations.	{"root": {"type": "root", "format": "", "indent": 0, "version": 1, "children": [{"type": "paragraph", "format": "", "indent": 0, "version": 1, "children": [{"mode": "normal", "text": "Established in 2006 by GT Sport Organización, the International GT Open has developed into a benchmark for professional GT competition. The championship has launched numerous drivers to factory GT programs and global endurance racing success.", "type": "text", "style": "", "detail": 0, "format": 0, "version": 1}], "direction": null, "textStyle": "", "textFormat": 0}, {"type": "paragraph", "format": "", "indent": 0, "version": 1, "children": [{"mode": "normal", "text": "    ", "type": "text", "style": "", "detail": 0, "format": 0, "version": 1}], "direction": null, "textStyle": "", "textFormat": 0}, {"type": "paragraph", "format": "", "indent": 0, "version": 1, "children": [{"mode": "normal", "text": "    AF Motorsport's participation in 2026 represents the team's continued progression within the Porsche Motorsport pyramid and provides valuable experience at Europe's most demanding circuits. The championship's professional standards and competitive depth create an ideal environment for organizational development.", "type": "text", "style": "", "detail": 0, "format": 0, "version": 1}], "direction": null, "textStyle": "", "textFormat": 0}], "direction": null}}	\N	\N	2006-04-01 17:00:00+05:30	\N	0101000020E610000045D8F0F44AB14440DE02098A1F630140	\N	\N	\N	f	international-gt-open	2026-04-10 15:52:16.873+05:30	2026-04-10 15:52:16.873+05:30
8	GT Winter Series	gt-winter-series	GTWS	GTWS	European Winter Competition	The GT Winter Series provides competitive racing opportunities during the traditional European off-season, with events at Southern European circuits offering favorable winter climate. The series features GT3, GT4, and Cup class machinery across multiple categories including overall, class, and junior classifications.	Active	Private	The 2026 GT Winter Series calendar includes four rounds at circuits in Portugal and Spain, running from January through March. Events feature sprint races, endurance formats, and combined classifications with multiple classes competing simultaneously. The Barcelona round serves as the traditional season finale.	{"root": {"type": "root", "format": "", "indent": 0, "version": 1, "children": [{"type": "paragraph", "format": "", "indent": 0, "version": 1, "children": [{"mode": "normal", "text": "The GT Winter Series, organized by GEDLICH Racing, has become an essential component of European motorsport calendars since its establishment in 2019. The series provides teams valuable testing and competition during winter months when most championships are dormant.", "type": "text", "style": "", "detail": 0, "format": 0, "version": 1}], "direction": null, "textStyle": "", "textFormat": 0}, {"type": "paragraph", "format": "", "indent": 0, "version": 1, "children": [{"mode": "normal", "text": "    ", "type": "text", "style": "", "detail": 0, "format": 0, "version": 1}], "direction": null, "textStyle": "", "textFormat": 0}, {"type": "paragraph", "format": "", "indent": 0, "version": 1, "children": [{"mode": "normal", "text": "    The Barcelona season finale represents the series' marquee event, consistently attracting international entries including former Formula 1 drivers, factory GT competitors, and emerging talent seeking competitive mileage. AF Motorsport's participation with Felipe and Pipo Massa generated significant media attention and fan engagement.", "type": "text", "style": "", "detail": 0, "format": 0, "version": 1}], "direction": null, "textStyle": "", "textFormat": 0}], "direction": null}}	\N	\N	2019-01-10 17:00:00+05:30	2026-03-15 17:00:00+05:30	0101000020E61000002E90A0F8310E4940053411363C5D2140	\N	\N	\N	f	gt-winter-series	2026-04-10 15:53:33.297+05:30	2026-04-10 15:53:33.297+05:30
\.


--
-- Data for Name: series_locales; Type: TABLE DATA; Schema: public; Owner: afmuser
--

COPY public.series_locales (seo_title, seo_image_id, seo_description, id, _locale, _parent_id) FROM stdin;
\.


--
-- Data for Name: series_rels; Type: TABLE DATA; Schema: public; Owner: afmuser
--

COPY public.series_rels (id, "order", parent_id, path, media_id, categories_id, tags_id) FROM stdin;
11	1	4	categories	\N	2	\N
12	2	4	categories	\N	7	\N
13	3	4	categories	\N	8	\N
14	4	4	categories	\N	10	\N
15	5	4	categories	\N	11	\N
16	1	4	tags	\N	\N	3
17	2	4	tags	\N	\N	4
18	3	4	tags	\N	\N	8
19	4	4	tags	\N	\N	12
20	5	4	tags	\N	\N	9
21	6	4	tags	\N	\N	7
22	7	4	tags	\N	\N	14
23	1	5	categories	\N	1	\N
24	2	5	categories	\N	3	\N
25	3	5	categories	\N	7	\N
26	4	5	categories	\N	10	\N
27	5	5	categories	\N	11	\N
28	6	5	categories	\N	12	\N
29	1	5	tags	\N	\N	1
30	2	5	tags	\N	\N	5
31	3	5	tags	\N	\N	10
32	4	5	tags	\N	\N	11
33	5	5	tags	\N	\N	13
34	6	5	tags	\N	\N	17
35	7	5	tags	\N	\N	16
36	8	5	tags	\N	\N	15
37	1	3	categories	\N	1	\N
38	2	3	categories	\N	3	\N
39	3	3	categories	\N	9	\N
40	4	3	categories	\N	17	\N
41	5	3	categories	\N	12	\N
42	6	3	categories	\N	18	\N
43	1	3	tags	\N	\N	3
44	2	3	tags	\N	\N	6
45	3	3	tags	\N	\N	9
46	4	3	tags	\N	\N	12
47	5	3	tags	\N	\N	14
48	6	3	tags	\N	\N	11
49	7	3	tags	\N	\N	1
50	8	3	tags	\N	\N	2
51	1	2	categories	\N	2	\N
52	2	2	categories	\N	4	\N
53	3	2	categories	\N	8	\N
54	4	2	categories	\N	11	\N
55	5	2	categories	\N	12	\N
56	6	2	categories	\N	3	\N
57	7	2	categories	\N	10	\N
58	1	2	tags	\N	\N	3
59	2	2	tags	\N	\N	7
60	3	2	tags	\N	\N	9
61	4	2	tags	\N	\N	12
62	5	2	tags	\N	\N	4
63	6	2	tags	\N	\N	5
64	7	2	tags	\N	\N	2
65	1	1	categories	\N	1	\N
66	2	1	categories	\N	3	\N
67	3	1	categories	\N	2	\N
68	4	1	categories	\N	7	\N
69	5	1	categories	\N	11	\N
70	6	1	categories	\N	13	\N
71	7	1	categories	\N	14	\N
72	8	1	categories	\N	15	\N
73	1	1	tags	\N	\N	2
74	2	1	tags	\N	\N	6
75	3	1	tags	\N	\N	8
76	4	1	tags	\N	\N	10
77	5	1	tags	\N	\N	4
78	6	1	tags	\N	\N	7
79	1	6	categories	\N	2	\N
80	2	6	categories	\N	3	\N
81	3	6	categories	\N	1	\N
82	1	6	tags	\N	\N	1
83	2	6	tags	\N	\N	2
84	3	6	tags	\N	\N	7
85	4	6	tags	\N	\N	10
86	1	7	categories	\N	2	\N
87	2	7	categories	\N	1	\N
88	3	7	categories	\N	3	\N
89	1	7	tags	\N	\N	2
90	2	7	tags	\N	\N	1
91	3	7	tags	\N	\N	4
92	4	7	tags	\N	\N	9
93	5	7	tags	\N	\N	5
94	6	7	tags	\N	\N	13
\.


--
-- Data for Name: sessions; Type: TABLE DATA; Schema: public; Owner: afmuser
--

COPY public.sessions (id, name, alias, basics_identifiers_code, basics_segment, basics_description, details_access, details_specification, details_history, details_notes, metrics_quantifiers_laps, metrics_quantifiers_distance, metrics_quantifiers_duration, metrics_quantifiers_interval, metrics_quantifiers_specification, assets_thumbnail_id, generate_slug, slug, updated_at, created_at) FROM stdin;
1	PSCI Estoril 2026 - Free Practice 1	psci-estoril-2026-fp1	PSCI-2026-R1-FP1	Free Practice	Opening practice session of the 2026 Porsche Sprint Challenge Ibérica season at Autódromo do Estoril. This 45-minute session provides the first competitive running of the year, enabling teams to validate setup direction, bed in new components, and establish baseline performance references for the weekend.	private	Standard free practice format with open pit lane for session duration. No restrictions on tire usage or fuel load. Overtaking permitted with standard sporting regulations applying. Session may be red-flagged for incidents or safety concerns with time not recovered.	{"root": {"type": "root", "format": "", "indent": 0, "version": 1, "children": [{"type": "paragraph", "format": "", "indent": 0, "version": 1, "children": [{"mode": "normal", "text": "Free Practice 1 at the season opener carries particular significance as teams transition from pre-season testing to competitive running. The session often reveals relative performance levels obscured during private testing, providing first indication of competitive order for the new season.", "type": "text", "style": "", "detail": 0, "format": 0, "version": 1}], "direction": null, "textStyle": "", "textFormat": 0}, {"type": "paragraph", "format": "", "indent": 0, "version": 1, "children": [{"mode": "normal", "text": "    ", "type": "text", "style": "", "detail": 0, "format": 0, "version": 1}], "direction": null, "textStyle": "", "textFormat": 0}, {"type": "paragraph", "format": "", "indent": 0, "version": 1, "children": [{"mode": "normal", "text": "    For AF Motorsport, the session focuses on validating the car's baseline setup derived from winter testing, ensuring systems function correctly, and providing the driver with reference points and confidence ahead of qualifying. Data collection priorities include tire behavior on green track surface and brake system performance under sustained running.", "type": "text", "style": "", "detail": 0, "format": 0, "version": 1}], "direction": null, "textStyle": "", "textFormat": 0}], "direction": null}}	Track typically green with limited rubber deposition. Fuel load and tire allocation unrestricted.	22	92.004	45	0	Session duration measured in minutes. Laps and distance represent typical completion for lead driver during unrestricted practice session.	\N	f	psci-estoril-2026---free-practice-1	2026-04-09 20:02:40.878+05:30	2026-04-09 20:02:40.877+05:30
3	PSCI Estoril 2026 - Qualifying	psci-estoril-2026-quali	PSCI-2026-R1-QUAL	Qualifying	Official qualifying session determining the starting grid for both races of the Estoril weekend. The 30-minute session establishes grid position for Race 1, with each driver's fastest lap setting their Race 2 starting position under championship sporting regulations.	private	30-minute qualifying session with all cars on track simultaneously. Standard sporting regulations apply including track limits enforcement and minimum lap time requirements. Fastest single lap determines grid position for Race 1. Second-fastest lap from each driver determines Race 2 grid per championship format.	{"root": {"type": "root", "format": "", "indent": 0, "version": 1, "children": [{"type": "paragraph", "format": "", "indent": 0, "version": 1, "children": [{"mode": "normal", "text": "Estoril qualifying places premium on clean lap execution, with traffic management critical on the relatively short 4.182-kilometer layout. Finding clear track space while maintaining tire temperature for optimal single-lap performance requires strategic session management and effective communication between driver and engineer.", "type": "text", "style": "", "detail": 0, "format": 0, "version": 1}], "direction": null, "textStyle": "", "textFormat": 0}, {"type": "paragraph", "format": "", "indent": 0, "version": 1, "children": [{"mode": "normal", "text": "    ", "type": "text", "style": "", "detail": 0, "format": 0, "version": 1}], "direction": null, "textStyle": "", "textFormat": 0}, {"type": "paragraph", "format": "", "indent": 0, "version": 1, "children": [{"mode": "normal", "text": "    Grid position at Estoril carries elevated importance due to the circuit's challenging overtaking characteristics. The combination of high-speed corners in the first sector and the technical final section limits passing opportunities, making qualifying performance a strong predictor of race outcomes.", "type": "text", "style": "", "detail": 0, "format": 0, "version": 1}], "direction": null, "textStyle": "", "textFormat": 0}], "direction": null}}	Two timed laps determine Race 1 and Race 2 grid positions. Traffic management critical.	8	33.456	30	5	Lap count includes out laps, timed laps, and in laps. Typically two complete timed run sequences per session.	\N	f	psci-estoril-2026---qualifying	2026-04-10 10:29:11.185+05:30	2026-04-09 20:05:39.161+05:30
2	PSCI Estoril 2026 - Free Practice 2	psci-estoril-2026-fp2	PSCI-2026-R1-FP2	Free Practice	Second practice session of the Estoril weekend, typically scheduled for Saturday morning ahead of qualifying. Track conditions evolve significantly from Friday running, with increased rubber deposition improving grip levels and altering setup requirements.	private	Standard free practice format with 45-minute duration. Teams typically focus on qualifying preparation including new tire evaluation and low-fuel running to establish qualifying performance potential.	{"root": {"type": "root", "format": "", "indent": 0, "version": 1, "children": [{"type": "paragraph", "format": "", "indent": 0, "version": 1, "children": [{"mode": "normal", "text": "Free Practice 2 serves as the final preparation before qualifying, with session priorities shifting from broad setup validation to specific qualifying and race preparation. Teams evaluate performance on fresh tires, validate qualifying engine modes and procedures, and simulate qualifying runs to prepare drivers for the intensity of single-lap performance extraction.", "type": "text", "style": "", "detail": 0, "format": 0, "version": 1}], "direction": null, "textStyle": "", "textFormat": 0}, {"type": "paragraph", "format": "", "indent": 0, "version": 1, "children": [{"mode": "normal", "text": "    ", "type": "text", "style": "", "detail": 0, "format": 0, "version": 1}], "direction": null, "textStyle": "", "textFormat": 0}, {"type": "paragraph", "format": "", "indent": 0, "version": 1, "children": [{"mode": "normal", "text": "    The session also provides opportunity to evaluate setup changes implemented overnight based on FP1 data analysis. Track evolution through the session often mirrors the progression expected during qualifying, enabling drivers to anticipate grip level changes.", "type": "text", "style": "", "detail": 0, "format": 0, "version": 1}], "direction": null, "textStyle": "", "textFormat": 0}], "direction": null}}	Final preparation before qualifying. New tire evaluation priority.	20	83.64	45	0	Slightly reduced lap count compared to FP1 due to qualifying simulation runs requiring in and out laps.	\N	f	psci-estoril-2026---free-practice-2	2026-04-10 10:29:32.949+05:30	2026-04-09 20:04:08.867+05:30
7	PSCI Barcelona 2026 - Free Practice 2	psci-barcelona-2026-fp2	PSCI-2026-R2-FP2	Free Practice	Second practice session at Barcelona, scheduled ahead of qualifying. Focus shifts to qualifying simulation and race pace evaluation on long runs.	private	Standard 45-minute free practice format. Qualifying preparation includes new tire evaluation and low-fuel running.	{"root": {"type": "root", "format": "", "indent": 0, "version": 1, "children": [{"type": "paragraph", "format": "", "indent": 0, "version": 1, "children": [{"mode": "normal", "text": "Free Practice 2 at Barcelona emphasizes qualifying preparation due to the circuit's challenging overtaking characteristics. Grid position carries elevated importance, with the session providing final opportunity to optimize setup for single-lap performance.", "type": "text", "style": "", "detail": 0, "format": 0, "version": 1}], "direction": null, "textStyle": "", "textFormat": 0}, {"type": "paragraph", "format": "", "indent": 0, "version": 1, "children": [{"mode": "normal", "text": "    ", "type": "text", "style": "", "detail": 0, "format": 0, "version": 1}], "direction": null, "textStyle": "", "textFormat": 0}, {"type": "paragraph", "format": "", "indent": 0, "version": 1, "children": [{"mode": "normal", "text": "    Long run simulations evaluate tire degradation characteristics essential for race strategy. Barcelona's abrasive surface produces more significant degradation than other championship venues, making race pace evaluation critical.", "type": "text", "style": "", "detail": 0, "format": 0, "version": 1}], "direction": null, "textStyle": "", "textFormat": 0}], "direction": null}}	Qualifying simulation priority. Tire degradation data collection for race strategy.	16	74.512	45	0	Reduced lap count due to qualifying simulation runs requiring out and in lap procedures.	\N	f	psci-barcelona-2026---free-practice-2	2026-04-09 20:10:04.926+05:30	2026-04-09 20:10:04.926+05:30
6	PSCI Barcelona 2026 - Free Practice 1	psci-barcelona-2026-fp1	PSCI-2026-R2-FP1	Free Practice	Opening practice session at Circuit de Barcelona-Catalunya. The 4.657-kilometer Grand Prix circuit demands aerodynamic efficiency and precise setup, with initial running focused on establishing baseline balance for the unique demands of the Catalan venue.	private	Standard 45-minute free practice format. Open pit lane with unrestricted tire and fuel usage. Full circuit configuration utilized.	{"root": {"type": "root", "format": "", "indent": 0, "version": 1, "children": [{"type": "paragraph", "format": "", "indent": 0, "version": 1, "children": [{"mode": "normal", "text": "Barcelona Free Practice 1 provides essential data for setup direction at a circuit where aerodynamic performance significantly influences competitiveness. The session enables evaluation of downforce levels and balance characteristics through high-speed corners including the demanding Turn 9 right-hander.", "type": "text", "style": "", "detail": 0, "format": 0, "version": 1}], "direction": null, "textStyle": "", "textFormat": 0}, {"type": "paragraph", "format": "", "indent": 0, "version": 1, "children": [{"mode": "normal", "text": "    ", "type": "text", "style": "", "detail": 0, "format": 0, "version": 1}], "direction": null, "textStyle": "", "textFormat": 0}, {"type": "paragraph", "format": "", "indent": 0, "version": 1, "children": [{"mode": "normal", "text": "    Track conditions typically evolve rapidly at Barcelona as rubber deposition increases grip levels. Initial running may feature lower grip than anticipated, requiring setup adjustments throughout the session.", "type": "text", "style": "", "detail": 0, "format": 0, "version": 1}], "direction": null, "textStyle": "", "textFormat": 0}], "direction": null}}	Track evolution significant through session. Aerodynamic balance evaluation priority.	18	83.826	45	0	Fewer laps than Estoril due to longer circuit length. Emphasis on quality timed runs over quantity.	\N	f	psci-barcelona-2026---free-practice-1	2026-04-10 10:27:57.216+05:30	2026-04-09 20:08:40.906+05:30
10	PSCI Barcelona 2026 - Race 2	psci-barcelona-2026-race2	PSCI-2026-R2-RACE2	Race	Second race of the Barcelona weekend completing the Spanish round. Grid determined by second-fastest qualifying laps creating potential variation from Race 1 starting order.	private	30-minute sprint race with grid from second-fastest qualifying times. Full championship points awarded.	{"root": {"type": "root", "format": "", "indent": 0, "version": 1, "children": [{"type": "paragraph", "format": "", "indent": 0, "version": 1, "children": [{"mode": "normal", "text": "Race 2 at Barcelona often features different competitive dynamics due to the alternative grid order. Drivers and teams apply learnings from Race 1 regarding tire behavior and race pace to optimize Sunday performance.", "type": "text", "style": "", "detail": 0, "format": 0, "version": 1}], "direction": null, "textStyle": "", "textFormat": 0}, {"type": "paragraph", "format": "", "indent": 0, "version": 1, "children": [{"mode": "normal", "text": "    ", "type": "text", "style": "", "detail": 0, "format": 0, "version": 1}], "direction": null, "textStyle": "", "textFormat": 0}, {"type": "paragraph", "format": "", "indent": 0, "version": 1, "children": [{"mode": "normal", "text": "    The race provides final opportunity for championship points at the Spanish venue before the series returns to Portugal. Strategic approaches vary based on championship positions and individual objectives.", "type": "text", "style": "", "detail": 0, "format": 0, "version": 1}], "direction": null, "textStyle": "", "textFormat": 0}], "direction": null}}	Grid from second-fastest qualifying laps. Tire strategy informed by Race 1 data.	14	65.198	30	0	Identical race distance and duration to Race 1. Grid from second-fastest qualifying times.	\N	f	psci-barcelona-2026---race-2	2026-04-09 20:13:04.121+05:30	2026-04-09 20:13:04.121+05:30
11	PSCI Portimão 2026 - Free Practice 1	psci-portimao-2026-fp1	PSCI-2026-R3-FP1	Free Practice	Opening practice at Autódromo Internacional do Algarve. The circuit's dramatic elevation changes and challenging layout demand immediate driver acclimatization and setup validation for the unique characteristics of the Algarve venue.	private	Standard 45-minute free practice format. Full circuit configuration including signature elevation changes and blind crests.	{"root": {"type": "root", "format": "", "indent": 0, "version": 1, "children": [{"type": "paragraph", "format": "", "indent": 0, "version": 1, "children": [{"mode": "normal", "text": "Portimão Free Practice 1 prioritizes driver confidence building through the circuit's challenging sections. The blind Turn 5 crest and the compression through Turns 10 and 11 require commitment that develops with seat time.", "type": "text", "style": "", "detail": 0, "format": 0, "version": 1}], "direction": null, "textStyle": "", "textFormat": 0}, {"type": "paragraph", "format": "", "indent": 0, "version": 1, "children": [{"mode": "normal", "text": "    ", "type": "text", "style": "", "detail": 0, "format": 0, "version": 1}], "direction": null, "textStyle": "", "textFormat": 0}, {"type": "paragraph", "format": "", "indent": 0, "version": 1, "children": [{"mode": "normal", "text": "    Setup validation focuses on high-speed stability through the undulating first sector while maintaining mechanical grip through the technical final corners. AF Motorsport's satellite facility at Portimão provides extensive reference data for setup optimization.", "type": "text", "style": "", "detail": 0, "format": 0, "version": 1}], "direction": null, "textStyle": "", "textFormat": 0}], "direction": null}}	Driver confidence building priority. Setup validation for unique elevation characteristics.	20	93.06	45	0	Higher lap count achievable due to circuit's flowing nature and limited traffic at typical test venue.	\N	f	psci-portimo-2026---free-practice-1	2026-04-10 10:26:35.799+05:30	2026-04-09 20:14:08.757+05:30
9	PSCI Barcelona 2026 - Race 1	psci-barcelona-2026-race1	PSCI-2026-R2-RACE1	Race	First race of the Barcelona weekend, utilizing the full 4.657-kilometer Grand Prix circuit. The race features the championship's longest lap and most demanding aerodynamic test, with the long main straight and heavy braking into Turn 1 creating the series' premier overtaking opportunity.	private	30-minute sprint race from standing start. Full championship format with points awarded to top fifteen finishers plus pole position and fastest lap bonuses.	{"root": {"type": "root", "format": "", "indent": 0, "version": 1, "children": [{"type": "paragraph", "format": "", "indent": 0, "version": 1, "children": [{"mode": "normal", "text": "Barcelona Race 1 often produces strategic variation as teams balance aerodynamic setup compromises. Higher downforce configurations benefit high-speed corner performance but reduce straight-line speed, affecting both overtaking and defending capabilities through Turn 1. The optimal compromise varies based on grid position and championship considerations.", "type": "text", "style": "", "detail": 0, "format": 0, "version": 1}], "direction": null, "textStyle": "", "textFormat": 0}, {"type": "paragraph", "format": "", "indent": 0, "version": 1, "children": [{"mode": "normal", "text": "    ", "type": "text", "style": "", "detail": 0, "format": 0, "version": 1}], "direction": null, "textStyle": "", "textFormat": 0}, {"type": "paragraph", "format": "", "indent": 0, "version": 1, "children": [{"mode": "normal", "text": "    The race start demands precise execution, with the long run to Turn 1 providing extended opportunity for position changes but also increased risk as cars reach maximum speed in close proximity. Tire degradation is typically more pronounced at Barcelona than at other championship venues, introducing strategic complexity in the closing laps.", "type": "text", "style": "", "detail": 0, "format": 0, "version": 1}], "direction": null, "textStyle": "", "textFormat": 0}], "direction": null}}	Longest lap of championship. Significant tire management considerations.	14	65.198	30	0	Race distance of 14 laps covering 65.198 kilometers. Tire degradation management critical.	\N	f	psci-barcelona-2026---race-1	2026-04-10 10:26:55.318+05:30	2026-04-09 20:12:03.815+05:30
13	PSCI Portimão 2026 - Qualifying	psci-portimao-2026-quali	PSCI-2026-R3-QUAL	Qualifying	Qualifying session at Autódromo Internacional do Algarve, widely considered the championship's most demanding single-lap challenge. The circuit's dramatic elevation changes, blind crests, and technical complexity place extraordinary premium on driver confidence and precise car setup.	private	30-minute qualifying session determining grids for both Portimão races. Track limits strictly enforced particularly through the final sector where corner exit violations compromise lap validity.	{"root": {"type": "root", "format": "", "indent": 0, "version": 1, "children": [{"type": "paragraph", "format": "", "indent": 0, "version": 1, "children": [{"mode": "normal", "text": "Portimão qualifying separates drivers based on commitment through blind corners, particularly the daunting Turn 5 crest and the compression through Turns 10 and 11. The circuit's layout provides limited clear-track opportunity, requiring strategic session management to avoid traffic during critical qualifying attempts.", "type": "text", "style": "", "detail": 0, "format": 0, "version": 1}, {"type": "linebreak", "version": 1}, {"mode": "normal", "text": "    ", "type": "text", "style": "", "detail": 0, "format": 0, "version": 1}, {"type": "linebreak", "version": 1}, {"mode": "normal", "text": "    Setup refinement at Portimão requires compromise between high-speed stability through the undulating first sector and mechanical grip through the technical final corners. Teams with extensive circuit data, including AF Motorsport through its satellite facility, hold significant advantage in achieving this balance.", "type": "text", "style": "", "detail": 0, "format": 0, "version": 1}], "direction": null, "textStyle": "", "textFormat": 0}], "direction": null}}	Premium on driver commitment through blind sections. AF Motorsport satellite facility provides data advantage.	8	37.224	30	0	Lap count includes out laps, timed laps, and in laps. Two complete timed run sequences typical.	\N	f	psci-portimo-2026---qualifying	2026-04-10 10:25:47.797+05:30	2026-04-09 20:17:04.123+05:30
12	PSCI Portimão 2026 - Free Practice 2	psci-portimao-2026-fp2	PSCI-2026-R3-FP2	Free Practice	Second practice session at Portimão ahead of qualifying. Focus shifts to qualifying preparation and race pace simulation on the challenging Algarve layout.	public	Standard 45-minute free practice format. Qualifying simulation and long run evaluation.	{"root": {"type": "root", "format": "", "indent": 0, "version": 1, "children": [{"type": "paragraph", "format": "", "indent": 0, "version": 1, "children": [{"mode": "normal", "text": "Free Practice 2 at Portimão emphasizes qualifying preparation, with the circuit's limited overtaking opportunities placing premium on grid position. New tire evaluation and low-fuel running establish qualifying performance potential.", "type": "text", "style": "", "detail": 0, "format": 0, "version": 1}], "direction": null, "textStyle": "", "textFormat": 0}, {"type": "paragraph", "format": "", "indent": 0, "version": 1, "children": [{"mode": "normal", "text": "    ", "type": "text", "style": "", "detail": 0, "format": 0, "version": 1}], "direction": null, "textStyle": "", "textFormat": 0}, {"type": "paragraph", "format": "", "indent": 0, "version": 1, "children": [{"mode": "normal", "text": "    Race pace simulation evaluates tire degradation characteristics on a circuit that stresses tires through high-speed direction changes and heavy braking zones. The data informs race strategy and setup compromises.", "type": "text", "style": "", "detail": 0, "format": 0, "version": 1}], "direction": null, "textStyle": "", "textFormat": 0}], "direction": null}}	Qualifying simulation priority. Tire degradation evaluation for strategic planning.	18	83.754	45	0	Slightly reduced lap count due to qualifying simulation runs.	\N	f	psci-portimo-2026---free-practice-2	2026-04-10 10:26:15.589+05:30	2026-04-09 20:15:16.269+05:30
8	PSCI Barcelona 2026 - Qualifying	psci-barcelona-2026-quali	PSCI-2026-R2-QUAL	Qualifying	Qualifying session for the Barcelona round of the 2026 Porsche Sprint Challenge Ibérica championship. The circuit layout demands aerodynamic efficiency and precise setup, with qualifying performance heavily influenced by car balance through the high-speed Turn 9 and traction from the final chicane.	private	30-minute qualifying session with standard championship format determining Race 1 and Race 2 grid positions from fastest and second-fastest laps respectively.	{"root": {"type": "root", "format": "", "indent": 0, "version": 1, "children": [{"type": "paragraph", "format": "", "indent": 0, "version": 1, "children": [{"mode": "normal", "text": "Barcelona qualifying emphasizes the 992 GT3 Cup car's aerodynamic performance, with the long main straight and high-speed corners rewarding efficient downforce and stable platform control. Drivers must manage tire preparation carefully, as the circuit's abrasive surface can degrade performance across multiple qualifying attempts.", "type": "text", "style": "", "detail": 0, "format": 0, "version": 1}], "direction": null, "textStyle": "", "textFormat": 0}, {"type": "paragraph", "format": "", "indent": 0, "version": 1, "children": [{"mode": "normal", "text": "    ", "type": "text", "style": "", "detail": 0, "format": 0, "version": 1}], "direction": null, "textStyle": "", "textFormat": 0}, {"type": "paragraph", "format": "", "indent": 0, "version": 1, "children": [{"mode": "normal", "text": "    Track evolution at Barcelona is pronounced, with lap times typically improving throughout the session as rubber deposition increases. The optimal qualifying strategy often involves an initial banker lap followed by a single additional attempt on fresh tires late in the session when track conditions peak.", "type": "text", "style": "", "detail": 0, "format": 0, "version": 1}], "direction": null, "textStyle": "", "textFormat": 0}], "direction": null}}	Significant track evolution through session. Single-lap performance critical due to circuit length.	7	32.599	30	0	Lower lap count due to circuit length. Typically two complete timed run sequences.	\N	f	psci-barcelona-2026---qualifying	2026-04-10 10:27:21.003+05:30	2026-04-09 20:10:55.571+05:30
5	PSCI Estoril 2026 - Race 2	psci-estoril-2026-race2	PSCI-2026-R1-RACE2	Race	Second sprint race completing the Estoril weekend program. Grid positions are determined by each driver's second-fastest qualifying lap, creating potential variation from Race 1 starting order and strategic complexity for championship contenders.	private	30-minute sprint race with grid determined by second-fastest qualifying times. Standing start procedure identical to Race 1. Full championship points awarded. Event classification combines Race 1 and Race 2 results for weekend honors.	{"root": {"type": "root", "format": "", "indent": 0, "version": 1, "children": [{"type": "paragraph", "format": "", "indent": 0, "version": 1, "children": [{"mode": "normal", "text": "Race 2 at Estoril often produces more varied outcomes than the opening contest, with the alternative grid order creating different competitive dynamics. Drivers who maximized their second qualifying lap may find themselves in stronger grid positions than their Race 1 performance would indicate.", "type": "text", "style": "", "detail": 0, "format": 0, "version": 1}], "direction": null, "textStyle": "", "textFormat": 0}, {"type": "paragraph", "format": "", "indent": 0, "version": 1, "children": [{"mode": "normal", "text": "    ", "type": "text", "style": "", "detail": 0, "format": 0, "version": 1}], "direction": null, "textStyle": "", "textFormat": 0}, {"type": "paragraph", "format": "", "indent": 0, "version": 1, "children": [{"mode": "normal", "text": "    The Sunday race typically features more aggressive driving as competitors adapt to established weekend conditions and pursue final opportunities for championship points. Tire management may be complicated by higher track temperatures during afternoon sessions, requiring adjustment to driving technique and strategic approach.", "type": "text", "style": "", "detail": 0, "format": 0, "version": 1}], "direction": null, "textStyle": "", "textFormat": 0}], "direction": null}}	Grid from second-fastest qualifying laps. Sunday afternoon timing with potential temperature variation.	18	75.276	30	0	Identical race distance and duration to Race 1. Grid determined by second-fastest qualifying lap per championship regulations.	\N	f	psci-estoril-2026---race-2	2026-04-10 10:28:26.555+05:30	2026-04-09 20:07:53.918+05:30
4	PSCI Estoril 2026 - Race 1	psci-estoril-2026-race1	PSCI-2026-R1-RACE1	Race	First sprint race of the Estoril weekend and opening race of the 2026 championship. The 30-minute contest awards full championship points and sets the competitive tone for the season ahead.	private	30-minute sprint race from standing start. Formation lap precedes race start with rolling start procedure. No mandatory pit stop. Full championship points awarded to top fifteen finishers with additional points for pole position and fastest lap.	{"root": {"type": "root", "format": "", "indent": 0, "version": 1, "children": [{"type": "paragraph", "format": "", "indent": 0, "version": 1, "children": [{"mode": "normal", "text": "Race 1 at the season opener carries unique pressure as drivers balance championship point accumulation against the need to complete the first race without incident. The standing start at Estoril requires precise clutch engagement and wheelspin management, with the run to Turn 1 demanding commitment while avoiding contact in the tightly-bunched opening laps.", "type": "text", "style": "", "detail": 0, "format": 0, "version": 1}], "direction": null, "textStyle": "", "textFormat": 0}, {"type": "paragraph", "format": "", "indent": 0, "version": 1, "children": [{"mode": "normal", "text": "    ", "type": "text", "style": "", "detail": 0, "format": 0, "version": 1}], "direction": null, "textStyle": "", "textFormat": 0}, {"type": "paragraph", "format": "", "indent": 0, "version": 1, "children": [{"mode": "normal", "text": "    Tire management across the 30-minute duration requires strategic discipline, with degradation typically manageable at Estoril under normal conditions. The race often features strategic variation in tire preparation and early-race aggression levels as teams optimize their championship positions.", "type": "text", "style": "", "detail": 0, "format": 0, "version": 1}], "direction": null, "textStyle": "", "textFormat": 0}], "direction": null}}	Standing start procedure. Full championship points awarded. No mandatory pit stop.	18	75.276	30	0	Race distance of 18 laps covering 75.276 kilometers. Duration of 30 minutes with one additional lap after leader completes scheduled distance.	\N	f	psci-estoril-2026---race-1	2026-04-10 10:28:48.316+05:30	2026-04-09 20:06:46.277+05:30
14	Barcelona Winter Series Friday Private Practice	barcelona-friday-private-practice-2026	GTWS-2026-R4-FRI	Practice	Private practice sessions on Friday preceding the Barcelona Winter Series race weekend. AF Motorsport completed successful preparation runs with all entries, validating car setup and providing drivers essential circuit familiarization.	private	Private testing sessions reserved for Winter Series entrants. Four 45-minute sessions throughout the day. Teams conduct system verification, setup validation, and driver familiarization ahead of competitive sessions.	{"root": {"type": "root", "format": "", "indent": 0, "version": 1, "children": [{"type": "paragraph", "format": "", "indent": 0, "version": 1, "children": [{"mode": "normal", "text": " Friday private sessions at Barcelona allowed AF Motorsport to optimize car setup across their multi-car entry and provide all drivers—including Felipe and Pipo Massa—essential circuit time before competitive sessions commenced. The productive day included both single-car runs and pit stop practice for the endurance formats.", "type": "text", "style": "", "detail": 0, "format": 0, "version": 1}], "direction": null, "textStyle": "", "textFormat": 0}, {"type": "paragraph", "format": "", "indent": 0, "version": 1, "children": [{"mode": "normal", "text": "    ", "type": "text", "style": "", "detail": 0, "format": 0, "version": 1}], "direction": null, "textStyle": "", "textFormat": 0}, {"type": "paragraph", "format": "", "indent": 0, "version": 1, "children": [{"mode": "normal", "text": "    All cars completed their planned programs without significant issues. Data collection from the sessions informed final setup decisions for qualifying and races. The team concluded the day confident and well-prepared for the weekend ahead.", "type": "text", "style": "", "detail": 0, "format": 0, "version": 1}], "direction": null, "textStyle": "", "textFormat": 0}, {"type": "paragraph", "format": "", "indent": 0, "version": 1, "children": [], "direction": null, "textStyle": "", "textFormat": 0}], "direction": null}}	All sessions completed successfully. Cars performed reliably. Drivers reported positive feedback on setup direction. Ready for Saturday qualifying and Race 1.	7	12	240	0	Four 45-minute private sessions. Laps and distance varied per car based on individual run plans.	\N	f	barcelona-winter-series-friday-private-practice	2026-04-10 16:49:44.511+05:30	2026-04-10 16:49:44.511+05:30
\.


--
-- Data for Name: sessions_locales; Type: TABLE DATA; Schema: public; Owner: afmuser
--

COPY public.sessions_locales (seo_title, seo_image_id, seo_description, id, _locale, _parent_id) FROM stdin;
\.


--
-- Data for Name: sessions_rels; Type: TABLE DATA; Schema: public; Owner: afmuser
--

COPY public.sessions_rels (id, "order", parent_id, path, media_id, categories_id, tags_id) FROM stdin;
1	1	13	categories	\N	3	\N
2	2	13	categories	\N	6	\N
3	3	13	categories	\N	5	\N
4	4	13	categories	\N	7	\N
5	5	13	categories	\N	10	\N
6	1	13	tags	\N	\N	2
7	2	13	tags	\N	\N	6
8	3	13	tags	\N	\N	5
9	4	13	tags	\N	\N	7
10	5	13	tags	\N	\N	8
11	6	13	tags	\N	\N	4
20	1	12	categories	\N	4	\N
21	2	12	categories	\N	3	\N
22	3	12	categories	\N	9	\N
23	4	12	categories	\N	8	\N
24	1	12	tags	\N	\N	2
25	2	12	tags	\N	\N	6
26	3	12	tags	\N	\N	7
27	4	12	tags	\N	\N	9
28	5	12	tags	\N	\N	10
29	1	11	categories	\N	4	\N
30	2	11	categories	\N	5	\N
31	3	11	categories	\N	8	\N
32	4	11	categories	\N	10	\N
33	5	11	categories	\N	9	\N
34	1	11	tags	\N	\N	3
35	2	11	tags	\N	\N	6
36	3	11	tags	\N	\N	5
37	4	11	tags	\N	\N	8
38	5	11	tags	\N	\N	9
39	1	9	categories	\N	2	\N
40	2	9	categories	\N	6	\N
41	3	9	categories	\N	7	\N
42	4	9	categories	\N	8	\N
43	1	9	tags	\N	\N	4
44	2	9	tags	\N	\N	5
45	3	9	tags	\N	\N	6
46	4	9	tags	\N	\N	10
47	5	9	tags	\N	\N	14
48	6	9	tags	\N	\N	15
49	1	8	categories	\N	2	\N
50	2	8	categories	\N	4	\N
51	3	8	categories	\N	7	\N
52	4	8	categories	\N	6	\N
53	5	8	categories	\N	10	\N
54	1	8	tags	\N	\N	3
55	2	8	tags	\N	\N	6
56	3	8	tags	\N	\N	5
57	4	8	tags	\N	\N	8
58	5	8	tags	\N	\N	9
59	6	8	tags	\N	\N	16
60	7	8	tags	\N	\N	13
61	1	6	categories	\N	2	\N
62	2	6	categories	\N	5	\N
63	3	6	categories	\N	9	\N
64	1	6	tags	\N	\N	19
65	2	6	tags	\N	\N	8
66	3	6	tags	\N	\N	9
67	4	6	tags	\N	\N	17
68	1	5	categories	\N	1	\N
69	2	5	categories	\N	5	\N
70	3	5	categories	\N	7	\N
71	4	5	categories	\N	10	\N
72	1	5	tags	\N	\N	2
73	2	5	tags	\N	\N	6
74	3	5	tags	\N	\N	5
75	4	5	tags	\N	\N	9
76	1	4	categories	\N	3	\N
77	2	4	categories	\N	7	\N
78	1	4	tags	\N	\N	8
79	2	4	tags	\N	\N	9
80	3	4	tags	\N	\N	19
81	1	3	categories	\N	4	\N
82	2	3	categories	\N	7	\N
83	3	3	categories	\N	12	\N
84	1	3	tags	\N	\N	20
85	2	3	tags	\N	\N	9
86	3	3	tags	\N	\N	34
87	1	2	categories	\N	3	\N
88	2	2	categories	\N	11	\N
89	3	2	categories	\N	20	\N
90	1	2	tags	\N	\N	4
91	2	2	tags	\N	\N	20
92	3	2	tags	\N	\N	19
93	1	14	categories	\N	1	\N
94	2	14	categories	\N	6	\N
95	3	14	categories	\N	12	\N
96	1	14	tags	\N	\N	5
97	2	14	tags	\N	\N	39
98	3	14	tags	\N	\N	58
99	4	14	tags	\N	\N	9
\.


--
-- Data for Name: skills; Type: TABLE DATA; Schema: public; Owner: afmuser
--

COPY public.skills (id, name, alias, basics_description, details_scale, details_depth, details_rarity, details_complexity, generate_slug, slug, updated_at, created_at) FROM stdin;
4	Tire Management	tire-management	The comprehensive discipline of optimizing tire performance, longevity, and consistency throughout competitive sessions by managing thermal loads, mechanical stress, and wear patterns. Tire management encompasses the full spectrum of driver inputs that affect tire behavior including acceleration aggression, braking intensity, cornering forces, and the timing of these inputs relative to tire temperature states. Elite tire managers understand the complex relationship between surface temperature, core temperature, pressure evolution, and compound behavior, adjusting their driving style in real-time to maintain tires within optimal operating windows. This skill extends beyond individual lap optimization to strategic management across entire stints, balancing short-term pace against long-term degradation. Expert practitioners can identify the precise moment when pushing harder yields diminishing returns due to overheating, and conversely recognize when conservative management is unnecessarily sacrificing performance. The skill incorporates surface management techniques including avoiding graining through proper warm-up procedures, preventing blistering by managing core temperature buildup, and minimizing wear through smooth load application. At the highest levels, tire management becomes a competitive weapon where drivers extract multiple tenths per lap from their tires late in stints while competitors struggle with degraded performance.	Comprehensive	Expert	Rare	Extreme	f	tire-management	2026-04-10 10:42:59.565+05:30	2026-04-09 18:43:15.049+05:30
3	Race Craft	race-craft	The comprehensive art and science of wheel-to-wheel competition encompassing overtaking techniques, defensive positioning, strategic thinking, and psychological warfare in direct combat situations. Race craft transcends pure driving speed, representing the tactical intelligence and situational awareness required to convert raw pace into competitive results. This skill includes the spatial judgment to place a car precisely alongside competitors through braking zones, the timing instinct to execute overtaking maneuvers without contact, and the defensive acumen to protect position without compromising exit speed. Elite race craft practitioners possess an encyclopedic knowledge of their competitors' tendencies, strengths, weaknesses, and psychological profiles, exploiting this intelligence to create and seize opportunities. The skill incorporates energy management in series with hybrid systems or push-to-pass functionality, strategically deploying additional power for maximum competitive effect. Expert race craft requires extraordinary peripheral vision, mirror awareness, and the ability to process multiple dynamic threats simultaneously while maintaining reference points and braking markers. At its highest expression, race craft becomes an intuitive extension of competitive instinct where complex multi-variable scenarios are processed and optimal actions executed at a subconscious level.	Comprehensive	Expert	Unique	Extreme	f	race-craft	2026-04-10 10:43:49.017+05:30	2026-04-09 18:43:10.682+05:30
2	Trail Braking	trail-braking	The sophisticated driving technique of continuing brake application after turn-in, gradually reducing brake pressure as steering angle increases through corner entry. Trail braking manipulates the vehicle's weight distribution to maintain front tire contact patch load during the critical transition from straight-line braking to cornering, effectively combining deceleration and lateral acceleration phases that novices treat as discrete events. This skill fundamentally alters a car's corner entry behavior by keeping the front suspension compressed and the tire contact patch enlarged precisely when steering inputs demand maximum front grip. Expert trail brakers use this technique to induce controlled rotation, helping the rear of the car pivot around the corner while the loaded front tires provide precise directional response. The technique requires extraordinary coordination between brake pedal release rate and steering wheel rotation, with the optimal relationship varying by corner type, vehicle characteristics, tire compound behavior, and driver preference. Mastery enables corner entry speeds that exceed static grip calculations by exploiting the dynamic weight transfer window, effectively expanding the vehicle's performance envelope beyond its nominal mechanical limits.	Narrow	Expert	Rare	Extreme	f	trail-braking	2026-04-10 10:44:02.515+05:30	2026-04-09 18:42:41.018+05:30
6	Wet Weather Driving	wet-weather-driving	The specialized driving discipline required to extract maximum performance in reduced-grip conditions including rain, damp tracks, and variable surface moisture. Wet weather driving fundamentally transforms vehicle dynamics, requiring complete recalibration of all driving inputs and the development of unique techniques that exploit available grip while managing the dramatically reduced performance envelope. Expert wet weather drivers possess extraordinary sensitivity to grip variations across the track surface, identifying wet patches, standing water, rivers, and drying lines through visual, tactile, and vehicle behavior cues. This skill includes the ability to identify and exploit the grippier 'wet line' that often diverges significantly from the traditional dry racing line, running wider entries, later apexes, and avoiding rubbered-in sections that become treacherously slippery when wet. Mastery requires understanding of tire behavior in wet conditions including tread pattern effectiveness at different water depths, temperature management challenges, and the precise moment when conditions justify transition to intermediate or slick tires. Elite wet weather performers can process multiple grip references simultaneously, building a dynamic mental map of track conditions that evolves with every lap as rain intensity changes, standing water shifts, and the racing line slowly dries.	Moderate	Expert	Rare	High	f	wet-weather-driving	2026-04-10 10:41:44.66+05:30	2026-04-09 18:44:29.401+05:30
5	Data Analysis Interpretation	data-analysis-interpretation	The technical skill of extracting actionable performance insights from telemetry data, video analysis, and performance metrics to identify improvement opportunities and optimize driving technique. This skill bridges the gap between raw data streams from vehicle sensors and tangible changes to driving inputs, setup direction, or strategic approach. Proficient practitioners understand the relationships between hundreds of data channels including throttle position, brake pressure, steering angle, lateral and longitudinal acceleration, wheel speeds, damper positions, and aerodynamic load sensors. They can correlate data anomalies with specific track features, driving technique issues, or mechanical behaviors, translating complex multi-channel information into clear cause-and-effect narratives. Expert data interpreters recognize subtle patterns that indicate performance limitations such as understeer entry phase, mid-corner push, exit oversteer, or traction deficits, and can identify whether these originate from driving technique, setup compromise, or vehicle characteristics. The skill includes the ability to overlay telemetry from different drivers or sessions, identifying precise locations and magnitudes of performance differentials. At the highest level, this capability enables drivers to self-diagnose technique flaws, validate setup changes, and continuously refine their performance without requiring external coaching interpretation.	Broad	Advanced	Uncommon	High	f	data-analysis-interpretation	2026-04-10 10:42:23.775+05:30	2026-04-09 18:43:20.648+05:30
1	Threshold Braking	threshold-braking	The advanced driving technique of applying maximum brake pressure at the absolute limit of tire adhesion without triggering wheel lockup or ABS intervention. This skill represents the pinnacle of braking proficiency in motorsport, allowing a driver to extract maximum deceleration from the vehicle by maintaining tire slip at the optimal percentage—typically between five and twelve percent longitudinal slip depending on tire compound and track conditions. Mastery of threshold braking requires exquisite sensitivity to pedal pressure feedback, the ability to modulate force in response to changing grip levels, and the spatial awareness to adjust braking points as fuel load, tire degradation, and track evolution alter the available traction throughout a stint. Expert practitioners can detect the subtle vibrational cues that precede lockup, making micro-adjustments to pedal pressure measured in millimeters of travel and kilograms of force. This skill is foundational to lap time generation, as braking zones represent the greatest opportunity for time gain or loss on any circuit. Drivers who excel at threshold braking consistently out-perform telemetry predictions, carrying more speed deeper into corners while maintaining perfect vehicle stability."	Narrow	Expert	Rare	Extreme	f	threshold-braking	2026-04-10 10:44:32.275+05:30	2026-04-09 18:40:57.931+05:30
\.


--
-- Data for Name: skills_details_features_list; Type: TABLE DATA; Schema: public; Owner: afmuser
--

COPY public.skills_details_features_list (_order, _parent_id, id, name, description) FROM stdin;
1	6	69d7a620af77aef9910e6af2	Wet Line Mapping	The skill of identifying and navigating the optimal path through wet conditions that avoids rubbered dry line sections, standing water, and painted surfaces while maximizing available grip.
1	5	69d7a5e852a7810020809bfa	Throttle Trace Analysis	The interpretation of throttle position data to identify pickup points, application rate, and modulation patterns that affect traction, balance, and acceleration performance.
1	4	69d7a5f5daa821209e1e78ab	Graining Prevention	The technique of managing surface temperature and load during warm-up phases to prevent the formation of grained rubber on the tire surface that dramatically reduces grip and accelerates wear.
1	3	69d7a5eb9d013f04e57f6735	Overtaking Maneuver Execution	The comprehensive skill set required to plan, set up, and execute successful overtakes including dummy moves, switchback techniques, braking zone positioning, and exit speed optimization.
1	1	69d7a5de9ea0d1ffeba680d4	Pedal Feel Calibration	The mental process of establishing baseline brake pedal response characteristics during installation laps and continuously updating this model as system temperatures, pad material transfer, and fluid compressibility evolve throughout a session."\n   
\.


--
-- Data for Name: skills_details_specifications_list; Type: TABLE DATA; Schema: public; Owner: afmuser
--

COPY public.skills_details_specifications_list (_order, _parent_id, id, parameter, value, description) FROM stdin;
1	6	69d7a5e7af77aef9910e6af0	Grip Detection Sensitivity	Real-time surface coefficient estimation	The driver's ability to detect minute variations in surface grip coefficient through steering weight, chassis movement, and tire feedback before committing to corner entry speed.
2	6	69d7a5ffaf77aef9910e6af1	Aquaplaning Recognition	Pre-hydroplane warning detection	The capacity to sense the early indicators of incipient aquaplaning through steering lightness, engine note changes, and subtle yaw movements before full loss of control.
1	5	69d7a5af52a7810020809bf9	Channel Correlation Speed	5-10 channels simultaneously	The number of distinct data channels a skilled interpreter can simultaneously correlate to form coherent performance narratives during analysis sessions.
1	4	69d7a593daa821209e1e78a9	Warm-Up Cycle Optimization	3-5 lap progressive loading	The precise sequence of load application required to bring tires from ambient to optimal operating temperature without inducing surface graining or creating uneven temperature distribution.
2	4	69d7a5d7daa821209e1e78aa	Thermal Window Awareness	±5°C surface temperature band	The driver's calibrated sensitivity to tire temperature states and ability to modify driving style when temperatures deviate from the optimal window for a given compound.
1	3	69d7a5a69d013f04e57f6734	Spatial Judgment Accuracy	Centimeter-level positioning	The precision with which a driver can place their car relative to competitors, barriers, and track limits during close-quarters combat at racing speeds.
1	2	69d7a57ff79071157c778580	Brake-Steer Phase Overlap	30-70% of corner entry duration	The percentage of the corner entry phase during which brake pressure and steering angle are simultaneously applied, varying by corner geometry and vehicle balance characteristics.
2	2	69d7a5c1f79071157c778581	Pressure Decay Rate	Custom curve per corner type	The rate at which brake pressure is reduced during trail braking, expressed as a function of steering angle increase and vehicle yaw response, with optimal profiles ranging from linear to progressive decay.
1	1	69d7a5bf9ea0d1ffeba680d3	Response Time	Sub-50ms pedal pressure adjustment	The time required for a driver to sense incipient lockup and reduce brake pressure by the necessary increment to maintain optimal slip ratio without losing deceleration force.
\.


--
-- Data for Name: skills_locales; Type: TABLE DATA; Schema: public; Owner: afmuser
--

COPY public.skills_locales (seo_title, seo_image_id, seo_description, id, _locale, _parent_id) FROM stdin;
\.


--
-- Data for Name: skills_rels; Type: TABLE DATA; Schema: public; Owner: afmuser
--

COPY public.skills_rels (id, "order", parent_id, path, categories_id, tags_id) FROM stdin;
1	1	6	categories	2	\N
2	2	6	categories	6	\N
3	3	6	categories	8	\N
4	4	6	categories	7	\N
5	1	6	tags	\N	3
6	2	6	tags	\N	7
7	3	6	tags	\N	8
8	4	6	tags	\N	9
9	5	6	tags	\N	10
10	6	6	tags	\N	12
11	7	6	tags	\N	13
12	8	6	tags	\N	11
13	1	5	categories	4	\N
14	2	5	categories	7	\N
15	3	5	categories	6	\N
16	4	5	categories	12	\N
17	1	5	tags	\N	3
18	2	5	tags	\N	8
19	3	5	tags	\N	9
20	4	5	tags	\N	4
21	5	5	tags	\N	10
22	6	5	tags	\N	11
23	7	5	tags	\N	7
24	8	5	tags	\N	14
25	9	5	tags	\N	15
26	10	5	tags	\N	13
27	1	4	categories	4	\N
28	2	4	categories	7	\N
29	3	4	categories	9	\N
30	4	4	categories	8	\N
31	1	4	tags	\N	2
32	2	4	tags	\N	6
33	3	4	tags	\N	7
34	4	4	tags	\N	8
35	5	4	tags	\N	9
36	6	4	tags	\N	10
37	7	4	tags	\N	14
38	8	4	tags	\N	11
39	9	4	tags	\N	5
40	1	3	categories	4	\N
41	2	3	categories	7	\N
42	3	3	categories	5	\N
43	4	3	categories	6	\N
44	1	3	tags	\N	3
45	2	3	tags	\N	6
46	3	3	tags	\N	9
47	4	3	tags	\N	10
48	5	3	tags	\N	5
49	6	3	tags	\N	12
50	7	3	tags	\N	11
51	8	3	tags	\N	16
52	9	3	tags	\N	8
53	10	3	tags	\N	13
54	1	2	categories	3	\N
55	1	2	tags	\N	3
56	2	2	tags	\N	6
57	3	2	tags	\N	9
58	4	2	tags	\N	10
59	5	2	tags	\N	8
60	1	1	categories	6	\N
61	2	1	categories	9	\N
62	3	1	categories	10	\N
63	4	1	categories	11	\N
64	5	1	categories	8	\N
65	1	1	tags	\N	3
66	2	1	tags	\N	7
67	3	1	tags	\N	5
68	4	1	tags	\N	8
69	5	1	tags	\N	9
70	6	1	tags	\N	11
71	7	1	tags	\N	13
72	8	1	tags	\N	14
73	9	1	tags	\N	16
74	10	1	tags	\N	6
\.


--
-- Data for Name: slides; Type: TABLE DATA; Schema: public; Owner: afmuser
--

COPY public.slides (id, name, alias, basics_identifiers_code, basics_description, basics_story, details_type, details_orientation, details_template, details_transition, details_duration, details_order, details_notes, traits_notes, assets_background_id, assets_thumbnail_id, assets_foreground_id, generate_slug, slug, updated_at, created_at) FROM stdin;
3	Driver Development Pathway	driver-development-pathway	SLD-DEV-001	Educational slide illustrating AF Motorsport's comprehensive approach to driver development including coaching methodology, performance analysis, and career progression support.	{"root": {"type": "root", "format": "", "indent": 0, "version": 1, "children": [{"type": "paragraph", "format": "", "indent": 0, "version": 1, "children": [{"mode": "normal", "text": "Developing Complete Racing Professionals", "type": "text", "style": "", "detail": 0, "format": 0, "version": 1}, {"type": "linebreak", "version": 1}, {"mode": "normal", "text": "Speed is only the foundation. AF Motorsport develops drivers who communicate effectively with engineers, represent partners professionally, and understand the complete performance equation.", "type": "text", "style": "", "detail": 0, "format": 0, "version": 1}], "direction": null, "textStyle": "", "textFormat": 0}], "direction": null}}	overview	landscape	sporty	fade	22	5	This slide resonates strongly with driver families and young talent. Emphasize the holistic approach beyond just lap time improvement.	Use visuals showing data analysis sessions, simulator training, and driver-engineer debriefs. Show the process, not just the outcome.	\N	\N	\N	f	driver-development-pathway	2026-04-10 10:43:53.452+05:30	2026-04-09 19:01:50.575+05:30
1	2026 Season Highlights Summary	2026-highlights-summary	SLD-HL-2026-001	Statistical summary slide showcasing key performance metrics and achievements from the 2026 racing season. Used in end-of-season reviews, partner reports, and new business development presentations.	{"root": {"type": "root", "format": "", "indent": 0, "version": 1, "children": [{"type": "paragraph", "format": "", "indent": 0, "version": 1, "children": [{"mode": "normal", "text": "2026 Season Highlights", "type": "text", "style": "", "detail": 0, "format": 0, "version": 1}], "direction": null, "textStyle": "", "textFormat": 0}, {"type": "paragraph", "format": "", "indent": 0, "version": 1, "children": [{"mode": "normal", "text": "A season of growth, podiums, and established competitiveness across multiple championships.", "type": "text", "style": "", "detail": 0, "format": 0, "version": 1}], "direction": null, "textStyle": "", "textFormat": 0}], "direction": null}}	highlight	landscape	sporty	fade	25	3	Present data with enthusiasm. These numbers represent real achievement. Allow each statistic to land before moving to the next point.	Data visualization should include: 8 podium finishes, 2 race wins, 95% finish rate, 3 track records. Use bold typography for key numbers.	\N	\N	\N	f	2026-season-highlights-summary	2026-04-10 10:44:49.215+05:30	2026-04-09 19:01:32.535+05:30
6	Technical Capabilities Overview	technical-capabilities	SLD-TECH-001	Detailed overview of AF Motorsport's technical infrastructure, engineering capabilities, data analysis tools, and vehicle preparation standards. Demonstrates operational sophistication to potential partners and competitors.	{"root": {"type": "root", "format": "", "indent": 0, "version": 1, "children": [{"type": "paragraph", "format": "", "indent": 0, "version": 1, "children": [{"mode": "normal", "text": "Technical Excellence", "type": "text", "style": "", "detail": 0, "format": 0, "version": 1}], "direction": null, "textStyle": "", "textFormat": 0}, {"type": "paragraph", "format": "", "indent": 0, "version": 1, "children": [{"mode": "normal", "text": "AF Motorsport's technical operation combines decades of collective experience with modern data-driven methodology. Our Estoril workshop and trackside engineering capabilities ensure every car leaves the garage optimized for performance.", "type": "text", "style": "", "detail": 0, "format": 0, "version": 1}], "direction": null, "textStyle": "", "textFormat": 0}], "direction": null}}	overview	landscape	corporate	slide	25	6	Technical audiences appreciate specificity. Be prepared to discuss damper dyno capabilities, simulation correlation, and setup methodology in Q&A.	Include images of workshop, setup equipment, data acquisition screens, and car preparation detail shots.	\N	\N	\N	f	technical-capabilities-overview	2026-04-10 10:41:37.437+05:30	2026-04-09 19:03:33.293+05:30
5	Welcome to AF Motorsport - Intro Slide	welcome-intro	SLD-INTRO-001	Opening introduction slide for AF Motorsport presentations establishing brand identity, core values, and presentation context. Used as the lead-in for partner presentations, driver briefings, and stakeholder updates.	{"root": {"type": "root", "format": "", "indent": 0, "version": 1, "children": [{"type": "paragraph", "format": "", "indent": 0, "version": 1, "children": [{"mode": "normal", "text": "AF Motorsport", "type": "text", "style": "", "detail": 0, "format": 0, "version": 1}], "direction": null, "textStyle": "", "textFormat": 0}], "direction": null}}	intro	landscape	corporate	fade	8	1	Present with confident, measured delivery. Allow brand mark to establish presence before speaking. This slide sets the professional tone for everything that follows.	Ensure consistent use across all presentation decks. Fonts, colors, and spacing must match brand guidelines exactly.	\N	\N	\N	f	welcome-to-af-motorsport---intro-slide	2026-04-10 10:42:27.725+05:30	2026-04-09 19:02:47.213+05:30
4	Partnership Value Proposition	partnership-value-proposition	SLD-PART-001	Strategic slide articulating the commercial value and activation opportunities available to AF Motorsport partners. Core component of sponsorship proposals and partnership renewal presentations.	{"root": {"type": "root", "format": "", "indent": 0, "version": 1, "children": [{"type": "paragraph", "format": "", "indent": 0, "version": 1, "children": [], "direction": null, "textStyle": "", "textFormat": 0}, {"type": "paragraph", "format": "", "indent": 0, "version": 1, "children": [{"mode": "normal", "text": "Partnership Value", "type": "text", "style": "", "detail": 0, "format": 0, "version": 1}], "direction": null, "textStyle": "", "textFormat": 0}, {"type": "paragraph", "format": "", "indent": 0, "version": 1, "children": [{"mode": "normal", "text": "AF Motorsport partnerships deliver measurable business outcomes through authentic motorsport engagement, targeted audience reach, and premium hospitality experiences.", "type": "text", "style": "", "detail": 0, "format": 0, "version": 1}], "direction": null, "textStyle": "", "textFormat": 0}], "direction": null}}	highlight	landscape	corporate	slide	30	4	Focus on ROI metrics and activation examples. Partners want to understand tangible benefits, not just logo placement. Use specific case studies where possible.	Include activation imagery showing partner branding on cars, team wear, and at events. Visual proof of exposure matters.	\N	\N	\N	f	partnership-value-proposition	2026-04-10 10:43:28.135+05:30	2026-04-09 19:02:17.849+05:30
2	Team Overview - Who We Are	team-overview	SLD-OV-002	Comprehensive team overview slide presenting AF Motorsport's structure, key personnel, operational capabilities, and competitive history. Essential for first-time partner meetings and stakeholder orientations.	{"root": {"type": "root", "format": "", "indent": 0, "version": 1, "children": [{"type": "paragraph", "format": "", "indent": 0, "version": 1, "children": [], "direction": null, "textStyle": "", "textFormat": 0}, {"type": "paragraph", "format": "", "indent": 0, "version": 1, "children": [{"mode": "normal", "text": "Who We Are", "type": "text", "style": "", "detail": 0, "format": 0, "version": 1}], "direction": null, "textStyle": "", "textFormat": 0}, {"type": "paragraph", "format": "", "indent": 0, "version": 1, "children": [{"mode": "normal", "text": "AF Motorsport is an Estoril-based professional racing organization competing in premier Iberian and European championships. Founded on principles of engineering excellence and driver development, we combine Portuguese racing heritage with modern motorsport methodology.", "type": "text", "style": "", "detail": 0, "format": 0, "version": 1}], "direction": null, "textStyle": "", "textFormat": 0}], "direction": null}}	overview	landscape	corporate	slide	20	2	Emphasize three key pillars: Technical Excellence, Driver Development, Commercial Professionalism. Use this slide to establish credibility with new audiences.	Update with current season statistics and personnel changes before each presentation.	\N	\N	\N	f	team-overview---who-we-are	2026-04-10 10:44:15.11+05:30	2026-04-09 19:01:33.454+05:30
\.


--
-- Data for Name: slides_locales; Type: TABLE DATA; Schema: public; Owner: afmuser
--

COPY public.slides_locales (seo_title, seo_image_id, seo_description, id, _locale, _parent_id) FROM stdin;
\.


--
-- Data for Name: slides_rels; Type: TABLE DATA; Schema: public; Owner: afmuser
--

COPY public.slides_rels (id, "order", parent_id, path, categories_id, tags_id) FROM stdin;
1	1	6	categories	2	\N
2	2	6	categories	6	\N
3	1	6	tags	\N	2
4	2	6	tags	\N	7
5	3	6	tags	\N	8
6	4	6	tags	\N	12
7	5	6	tags	\N	9
8	6	6	tags	\N	6
9	7	6	tags	\N	5
10	1	5	categories	10	\N
11	2	5	categories	5	\N
12	3	5	categories	7	\N
13	1	5	tags	\N	3
14	2	5	tags	\N	4
15	3	5	tags	\N	9
16	4	5	tags	\N	7
17	5	5	tags	\N	17
18	6	5	tags	\N	15
19	7	5	tags	\N	8
20	8	5	tags	\N	12
21	1	4	categories	5	\N
22	1	4	tags	\N	5
23	2	4	tags	\N	9
24	3	4	tags	\N	1
25	4	4	tags	\N	11
26	5	4	tags	\N	7
27	6	4	tags	\N	12
28	7	4	tags	\N	14
29	1	3	categories	5	\N
30	2	3	categories	6	\N
31	1	3	tags	\N	4
32	2	3	tags	\N	8
33	3	3	tags	\N	15
34	4	3	tags	\N	10
35	5	3	tags	\N	5
36	6	3	tags	\N	7
37	7	3	tags	\N	9
38	8	3	tags	\N	12
39	9	3	tags	\N	6
40	1	2	categories	9	\N
41	2	2	categories	6	\N
42	1	2	tags	\N	4
43	2	2	tags	\N	5
44	3	2	tags	\N	7
45	4	2	tags	\N	11
46	5	2	tags	\N	12
47	6	2	tags	\N	8
48	7	2	tags	\N	6
49	1	1	categories	2	\N
50	1	1	tags	\N	2
51	2	1	tags	\N	7
52	3	1	tags	\N	8
53	4	1	tags	\N	9
54	5	1	tags	\N	10
55	6	1	tags	\N	6
\.


--
-- Data for Name: slides_traits_tags_list; Type: TABLE DATA; Schema: public; Owner: afmuser
--

COPY public.slides_traits_tags_list (_order, _parent_id, id, name) FROM stdin;
1	6	69d7aa96af77aef9910e6af3	technical
2	6	69d7aa97af77aef9910e6af4	engineering
3	6	69d7aaaaaf77aef9910e6af5	capabilities
1	5	69d7aa6e9ea0d1ffeba680d7	introduction
1	4	69d7aa5c9d013f04e57f6736	partnership
2	4	69d7aa629d013f04e57f6737	sponsorship
1	3	69d7aa2752a7810020809bfb	driver-development
2	3	69d7aa3752a7810020809bfc	coaching
3	3	69d7aa4152a7810020809bfd	academy
1	2	69d7aa226f284ea0674cde16	overview
2	2	69d7aa356f284ea0674cde17	capabilities
3	2	69d7aa3f6f284ea0674cde18	introduction
1	1	69d7aa09daa821209e1e78ac	statistics
2	1	69d7aa1adaa821209e1e78ad	achievements
3	1	69d7aa28daa821209e1e78ae	2026-season
\.


--
-- Data for Name: socials; Type: TABLE DATA; Schema: public; Owner: afmuser
--

COPY public.socials (id, updated_at, created_at) FROM stdin;
1	2026-04-09 10:58:29.677+05:30	2026-04-09 10:58:29.677+05:30
\.


--
-- Data for Name: socials_accounts; Type: TABLE DATA; Schema: public; Owner: afmuser
--

COPY public.socials_accounts (_order, _parent_id, id, platform, label, handle, url, visible) FROM stdin;
1	1	69d738fdbcec256e15dc913c	instagram	Instagram	@afmotorsport	https://instagram.com/afmotorsport	t
2	1	69d738fdbcec256e15dc913d	x	X	@afmotorsport	https://x.com/afmotorsport	t
3	1	69d738fdbcec256e15dc913e	youtube	YouTube	AF Motorsport	https://youtube.com/@afmotorsport	t
4	1	69d738fdbcec256e15dc913f	facebook	Facebook	AF Motorsport	https://facebook.com/afmotorsport	t
5	1	69d738fdbcec256e15dc9140	linkedin	LinkedIn	AF Motorsport	https://linkedin.com/company/afmotorsport	t
6	1	69d738fdbcec256e15dc9141	tiktok	TikTok	@afmotorsport	https://tiktok.com/@afmotorsport	f
\.


--
-- Data for Name: spatial_ref_sys; Type: TABLE DATA; Schema: public; Owner: afmuser
--

COPY public.spatial_ref_sys (srid, auth_name, auth_srid, srtext, proj4text) FROM stdin;
\.


--
-- Data for Name: statements; Type: TABLE DATA; Schema: public; Owner: afmuser
--

COPY public.statements (id, name, alias, basics_description, basics_status, basics_statement, basics_issued_date, basics_authority_id, generate_slug, slug, updated_at, created_at) FROM stdin;
5	Press Release - AF Motorsport 2026 Season Announcement	press-release-2026-season	Official press release announcing AF Motorsport's 2026 competitive program including series participation, driver lineup, technical partnerships, and season objectives. Distributed to motorsport media, partners, and stakeholders.	Published	{"root": {"type": "root", "format": "", "indent": 0, "version": 1, "children": [{"type": "paragraph", "format": "", "indent": 0, "version": 1, "children": [{"mode": "normal", "text": "AF Motorsport Announces Expanded 2026 Program with Multi-Series Campaign", "type": "text", "style": "", "detail": 0, "format": 0, "version": 1}], "direction": null, "textStyle": "", "textFormat": 0}, {"type": "paragraph", "format": "", "indent": 0, "version": 1, "children": [{"mode": "normal", "text": "ESTORIL, PORTUGAL — AF Motorsport today announced its most ambitious competitive program to date, confirming participation in multiple championships for the 2026 season alongside an expanded driver lineup and new technical partnerships.", "type": "text", "style": "", "detail": 0, "format": 0, "version": 1}], "direction": null, "textStyle": "", "textFormat": 0}, {"type": "paragraph", "format": "", "indent": 0, "version": 1, "children": [{"mode": "normal", "text": "The Estoril-based organization will field entries in the Porsche Sprint Challenge Ibérica, with additional programs to be announced in the coming weeks. Team Principal André Fernandes has assembled a strengthened technical department and invested in enhanced operational capabilities to support the expanded program.", "type": "text", "style": "", "detail": 0, "format": 0, "version": 1}], "direction": null, "textStyle": "", "textFormat": 0}, {"type": "paragraph", "format": "", "indent": 0, "version": 1, "children": [{"mode": "normal", "text": "André Fernandes returns to lead the team's Porsche campaign, building on a successful 2025 season that included multiple podium finishes. Additional driver announcements for companion entries and support categories will follow as contracts are finalized.", "type": "text", "style": "", "detail": 0, "format": 0, "version": 1}], "direction": null, "textStyle": "", "textFormat": 0}], "direction": null}}	2026-01-10 17:00:00+05:30	4	f	press-release---af-motorsport-2026-season-announcement	2026-04-10 10:15:26.331+05:30	2026-04-09 18:57:58.138+05:30
3	AF Motorsport Mission Statement	mission-statement	Core mission declaration that defines AF Motorsport's fundamental purpose, operational philosophy, and strategic direction. This statement articulates why the organization exists and what it fundamentally seeks to achieve through its competitive and commercial activities.	Published	{"root": {"type": "root", "format": "", "indent": 0, "version": 1, "children": [{"type": "paragraph", "format": "", "indent": 0, "version": 1, "children": [{"mode": "normal", "text": "Our Mission", "type": "text", "style": "", "detail": 0, "format": 0, "version": 1}], "direction": null, "textStyle": "", "textFormat": 0}], "direction": null}}	2020-01-15 17:00:00+05:30	4	f	af-motorsport-mission-statement	2026-04-10 10:15:48.903+05:30	2026-04-09 18:57:12.479+05:30
2	Racing Philosophy - AF Motorsport Approach	racing-philosophy	Foundational document articulating AF Motorsport's core beliefs about competitive racing, driver development, and team culture. This philosophy guides decision-making at all levels of the organization from strategic planning to trackside execution.	Published	{"root": {"type": "root", "format": "", "indent": 0, "version": 1, "children": [{"type": "paragraph", "format": "", "indent": 0, "version": 1, "children": [{"mode": "normal", "text": "The AF Motorsport Racing Philosophy", "type": "text", "style": "", "detail": 0, "format": 0, "version": 1}], "direction": null, "textStyle": "", "textFormat": 0}, {"type": "paragraph", "format": "", "indent": 0, "version": 1, "children": [{"mode": "normal", "text": "Preparation Precedes Performance", "type": "text", "style": "", "detail": 0, "format": 0, "version": 1}], "direction": null, "textStyle": "", "textFormat": 0}, {"type": "paragraph", "format": "", "indent": 0, "version": 1, "children": [{"mode": "normal", "text": "We believe that race results are determined long before lights out. Victory is forged in the workshop through meticulous preparation, in engineering meetings through rigorous analysis, and in countless simulator hours before arriving at the circuit. We never confuse effort with effectiveness—every hour of preparation must translate to measurable competitive advantage.", "type": "text", "style": "", "detail": 0, "format": 0, "version": 1}], "direction": null, "textStyle": "", "textFormat": 0}, {"type": "paragraph", "format": "", "indent": 0, "version": 1, "children": [{"mode": "normal", "text": "Data Informs, Instinct Executes", "type": "text", "style": "", "detail": 0, "format": 0, "version": 1}], "direction": null, "textStyle": "", "textFormat": 0}, {"type": "paragraph", "format": "", "indent": 0, "version": 1, "children": [{"mode": "normal", "text": "We embrace analytical rigor without surrendering to paralysis by data. Telemetry, simulation, and performance metrics provide the foundation for informed decision-making, but racing ultimately demands human judgment. Our drivers must develop the instinct to execute when milliseconds matter, trusting preparation while remaining adaptable to dynamic competitive situations.", "type": "text", "style": "", "detail": 0, "format": 0, "version": 1}], "direction": null, "textStyle": "", "textFormat": 0}, {"type": "paragraph", "format": "", "indent": 0, "version": 1, "children": [{"mode": "normal", "text": "Respect the Sport, Challenge Convention", "type": "text", "style": "", "detail": 0, "format": 0, "version": 1}], "direction": null, "textStyle": "", "textFormat": 0}, {"type": "paragraph", "format": "", "indent": 0, "version": 1, "children": [{"mode": "normal", "text": "We maintain profound respect for motorsport tradition, safety protocols, and sporting regulations while continuously questioning established methods. Innovation within the rulebook separates champions from competitors. We encourage intellectual curiosity at every level, rewarding those who identify legitimate competitive advantages others have overlooked.", "type": "text", "style": "", "detail": 0, "format": 0, "version": 1}], "direction": null, "textStyle": "", "textFormat": 0}, {"type": "paragraph", "format": "", "indent": 0, "version": 1, "children": [{"mode": "normal", "text": "Team Above Individual", "type": "text", "style": "", "detail": 0, "format": 0, "version": 1}], "direction": null, "textStyle": "", "textFormat": 0}, {"type": "paragraph", "format": "", "indent": 0, "version": 1, "children": [{"mode": "normal", "text": "While drivers occupy the spotlight, championships are won by organizations. Every mechanic turning wrenches, every engineer analyzing data, and every team member fulfilling their role contributes equally to our collective success. We celebrate individual achievement as the natural outcome of team excellence, never the reverse.", "type": "text", "style": "", "detail": 0, "format": 0, "version": 1}], "direction": null, "textStyle": "", "textFormat": 0}, {"type": "paragraph", "format": "", "indent": 0, "version": 1, "children": [{"mode": "normal", "text": "Long-Term Relationships Over Short-Term Gains", "type": "text", "style": "", "detail": 0, "format": 0, "version": 1}], "direction": null, "textStyle": "", "textFormat": 0}, {"type": "paragraph", "format": "", "indent": 0, "version": 1, "children": [{"mode": "normal", "text": "We build for sustainable success rather than momentary advantage. This applies equally to driver development, commercial partnerships, and technical direction. We make decisions that strengthen our position over seasons, not merely sessions, recognizing that motorsport reputations are earned through consistent demonstration of values and capability.", "type": "text", "style": "", "detail": 0, "format": 0, "version": 1}], "direction": null, "textStyle": "", "textFormat": 0}], "direction": null}}	2021-03-10 17:00:00+05:30	5	f	racing-philosophy---af-motorsport-approach	2026-04-10 10:16:03.056+05:30	2026-04-09 18:57:10.392+05:30
6	AF Motorsport Diversity and Inclusion Commitment	diversity-inclusion-commitment	Formal organizational commitment to fostering diversity, equity, and inclusion within AF Motorsport's operations, competitive programs, and broader motorsport engagement. This statement establishes principles and actionable commitments to expand access and opportunity.	Published	{"root": {"type": "root", "format": "", "indent": 0, "version": 1, "children": [{"type": "paragraph", "format": "", "indent": 0, "version": 1, "children": [{"mode": "normal", "text": "Our Commitment to Diversity and Inclusion", "type": "text", "style": "", "detail": 0, "format": 0, "version": 1}], "direction": null, "textStyle": "", "textFormat": 0}, {"type": "paragraph", "format": "", "indent": 0, "version": 1, "children": [{"mode": "normal", "text": "AF Motorsport recognizes that motorsport has historically presented barriers to participation for underrepresented groups. We commit to being part of the solution—actively working to create pathways, remove obstacles, and foster an environment where talent can flourish regardless of background, gender, ethnicity, or circumstance.", "type": "text", "style": "", "detail": 0, "format": 0, "version": 1}], "direction": null, "textStyle": "", "textFormat": 0}, {"type": "paragraph", "format": "", "indent": 0, "version": 1, "children": [{"mode": "normal", "text": "Our Principles", "type": "text", "style": "", "detail": 0, "format": 0, "version": 1}], "direction": null, "textStyle": "", "textFormat": 0}, {"type": "paragraph", "format": "", "indent": 0, "version": 1, "children": [{"mode": "normal", "text": "We believe that diverse perspectives strengthen our organization, enhance our problem-solving capabilities, and expand our relevance to broader audiences. We further believe that merit and potential exist across all communities, and that our role includes identifying and developing talent that might otherwise go unrecognized due to structural barriers.", "type": "text", "style": "", "detail": 0, "format": 0, "version": 1}], "direction": null, "textStyle": "", "textFormat": 0}, {"type": "paragraph", "format": "", "indent": 0, "version": 1, "children": [{"mode": "normal", "text": "Our Commitments", "type": "text", "style": "", "detail": 0, "format": 0, "version": 1}], "direction": null, "textStyle": "", "textFormat": 0}, {"type": "paragraph", "format": "", "indent": 0, "version": 1, "children": [{"mode": "normal", "text": "This commitment is not performative—it is operational. We will measure our progress, acknowledge our shortcomings, and continuously work toward a more inclusive motorsport ecosystem.", "type": "text", "style": "", "detail": 0, "format": 0, "version": 1}], "direction": null, "textStyle": "", "textFormat": 0}], "direction": null}}	2022-06-01 17:00:00+05:30	2	f	af-motorsport-diversity-and-inclusion-commitment	2026-04-10 10:15:16.918+05:30	2026-04-09 18:58:03.049+05:30
4	Sustainability Statement - AF Motorsport Environmental Responsibility	sustainability-statement	Organizational position on environmental sustainability and commitment to reducing motorsport's ecological footprint. Outlines specific initiatives, targets, and accountability measures for environmental performance.	Published	{"root": {"type": "root", "format": "", "indent": 0, "version": 1, "children": [{"type": "paragraph", "format": "", "indent": 0, "version": 1, "children": [{"mode": "normal", "text": "Environmental Responsibility at AF Motorsport", "type": "text", "style": "", "detail": 0, "format": 0, "version": 1}, {"type": "linebreak", "version": 1}, {"mode": "normal", "text": "AF Motorsport acknowledges the environmental impact of motorsport activities and accepts responsibility to minimize our footprint while advocating for sustainable practices throughout the sport. We recognize that long-term viability of motorsport depends on environmental stewardship and adaptation to changing societal expectations.", "type": "text", "style": "", "detail": 0, "format": 0, "version": 1}, {"type": "linebreak", "version": 1}, {"mode": "normal", "text": "Our Commitments", "type": "text", "style": "", "detail": 0, "format": 0, "version": 1}, {"type": "linebreak", "version": 1}, {"mode": "normal", "text": "2026 Targets", "type": "text", "style": "", "detail": 0, "format": 0, "version": 1}, {"type": "linebreak", "version": 1}, {"mode": "normal", "text": "We commit to transparency in reporting our environmental performance and to continuous improvement in our sustainability practices.", "type": "text", "style": "", "detail": 0, "format": 0, "version": 1}], "direction": null, "textStyle": "", "textFormat": 0}], "direction": null}}	2025-01-20 17:00:00+05:30	5	f	sustainability-statement---af-motorsport-environmental-responsibility	2026-04-10 10:15:38.376+05:30	2026-04-09 18:57:34.594+05:30
1	AF Motorsport Vision Statement	vision-statement	Forward-looking vision statement describing AF Motorsport's aspirational future state and long-term organizational goals. This declaration provides strategic direction and inspiration for all team members, partners, and stakeholders.	Published	{"root": {"type": "root", "format": "", "indent": 0, "version": 1, "children": [{"type": "paragraph", "format": "", "indent": 0, "version": 1, "children": [], "direction": null, "textStyle": "", "textFormat": 0}, {"type": "paragraph", "format": "", "indent": 0, "version": 1, "children": [], "direction": null, "textStyle": "", "textFormat": 0}, {"type": "paragraph", "format": "", "indent": 0, "version": 1, "children": [{"mode": "normal", "text": "AF Motorsport envisions becoming the Iberian Peninsula's premier independent motorsport organization—a benchmark for professionalism, driver development, and competitive achievement. Within five years, we aim to establish championship-winning programs across multiple categories, serve as the definitive pathway for Portuguese and Spanish driving talent, and build commercial partnerships that demonstrate the unique value proposition of motorsport investment.", "type": "text", "style": "", "detail": 0, "format": 0, "version": 1}], "direction": null, "textStyle": "", "textFormat": 0}, {"type": "paragraph", "format": "", "indent": 0, "version": 1, "children": [{"mode": "normal", "text": "Our vision extends to the broader motorsport ecosystem: we will contribute to the growth of Iberian motorsport through event promotion, youth engagement programs, and knowledge sharing that elevates the entire paddock. We see AF Motorsport as a career destination where the region's finest mechanics, engineers, and operational staff can develop their craft at the highest levels of the sport.", "type": "text", "style": "", "detail": 0, "format": 0, "version": 1}], "direction": null, "textStyle": "", "textFormat": 0}, {"type": "paragraph", "format": "", "indent": 0, "version": 1, "children": [{"mode": "normal", "text": "We will measure our success not solely through silverware, but through the careers we launch, the partnerships we sustain, and the reputation we build as an organization of integrity, excellence, and unwavering commitment.", "type": "text", "style": "", "detail": 0, "format": 0, "version": 1}], "direction": null, "textStyle": "", "textFormat": 0}], "direction": null}}	2020-01-15 17:00:00+05:30	7	f	af-motorsport-vision-statement	2026-04-10 10:16:13.6+05:30	2026-04-09 18:57:10.368+05:30
8	Murça 2025 Reflection	murca-2025-reflection	AF Motorsport reflects on the memorable 2025 Rampa Porca de Murça ahead of the 2026 edition, capturing the emotional connection between drivers and Portugal's most challenging hillclimb.	Published	{"root": {"type": "root", "format": "", "indent": 0, "version": 1, "children": [{"type": "paragraph", "format": "", "indent": 0, "version": 1, "children": [{"mode": "normal", "text": "The road remembers what we did in 2025.", "type": "text", "style": "", "detail": 0, "format": 0, "version": 1}], "direction": null, "textStyle": "", "textFormat": 0}, {"type": "paragraph", "format": "", "indent": 0, "version": 1, "children": [{"mode": "normal", "text": "    ", "type": "text", "style": "", "detail": 0, "format": 0, "version": 1}], "direction": null, "textStyle": "", "textFormat": 0}, {"type": "paragraph", "format": "", "indent": 0, "version": 1, "children": [{"mode": "normal", "text": "    Speed, limits and pure adrenaline. Every corner, every braking zone, every moment of commitment etched into the asphalt.", "type": "text", "style": "", "detail": 0, "format": 0, "version": 1}], "direction": null, "textStyle": "", "textFormat": 0}, {"type": "paragraph", "format": "", "indent": 0, "version": 1, "children": [{"mode": "normal", "text": "    ", "type": "text", "style": "", "detail": 0, "format": 0, "version": 1}], "direction": null, "textStyle": "", "textFormat": 0}, {"type": "paragraph", "format": "", "indent": 0, "version": 1, "children": [{"mode": "normal", "text": "    Now… we go again.", "type": "text", "style": "", "detail": 0, "format": 0, "version": 1}], "direction": null, "textStyle": "", "textFormat": 0}, {"type": "paragraph", "format": "", "indent": 0, "version": 1, "children": [{"mode": "normal", "text": "    ", "type": "text", "style": "", "detail": 0, "format": 0, "version": 1}], "direction": null, "textStyle": "", "textFormat": 0}, {"type": "paragraph", "format": "", "indent": 0, "version": 1, "children": [{"mode": "normal", "text": "    Murça 2026 awaits. And we're coming back stronger.", "type": "text", "style": "", "detail": 0, "format": 0, "version": 1}], "direction": null, "textStyle": "", "textFormat": 0}, {"type": "paragraph", "format": "", "indent": 0, "version": 1, "children": [{"mode": "normal", "text": "    ", "type": "text", "style": "", "detail": 0, "format": 0, "version": 1}], "direction": null, "textStyle": "", "textFormat": 0}, {"type": "paragraph", "format": "", "indent": 0, "version": 1, "children": [{"mode": "normal", "text": "    #RampaDeMurca #Murca #Hillclimb #Motorsport #Porsche #AFMotorsport #TheRoadRemembers", "type": "text", "style": "", "detail": 0, "format": 0, "version": 1}], "direction": null, "textStyle": "", "textFormat": 0}], "direction": null}}	2026-03-15 17:00:00+05:30	6	f	mura-2025-reflection	2026-04-10 16:08:26.586+05:30	2026-04-10 16:08:26.586+05:30
9	André Fernandes Birthday 2026	andre-fernandes-birthday-2026	AF Motorsport celebrates Team Principal and lead driver André Fernandes's birthday, recognizing his vision and dedication that drive the organization forward.	Published	{"root": {"type": "root", "format": "", "indent": 0, "version": 1, "children": [{"type": "paragraph", "format": "", "indent": 0, "version": 1, "children": [{"mode": "normal", "text": " Happy Birthday to our Team Principal and lead driver, André Fernandes!", "type": "text", "style": "", "detail": 0, "format": 0, "version": 1}], "direction": null, "textStyle": "", "textFormat": 0}, {"type": "paragraph", "format": "", "indent": 0, "version": 1, "children": [{"mode": "normal", "text": "    ", "type": "text", "style": "", "detail": 0, "format": 0, "version": 1}], "direction": null, "textStyle": "", "textFormat": 0}, {"type": "paragraph", "format": "", "indent": 0, "version": 1, "children": [{"mode": "normal", "text": "    Your vision, dedication, and speed behind the wheel continue to drive AF Motorsport forward. From the Estoril workshop to podiums across Iberia, your leadership inspires excellence in everyone around you.", "type": "text", "style": "", "detail": 0, "format": 0, "version": 1}], "direction": null, "textStyle": "", "textFormat": 0}, {"type": "paragraph", "format": "", "indent": 0, "version": 1, "children": [{"mode": "normal", "text": "    ", "type": "text", "style": "", "detail": 0, "format": 0, "version": 1}], "direction": null, "textStyle": "", "textFormat": 0}, {"type": "paragraph", "format": "", "indent": 0, "version": 1, "children": [{"mode": "normal", "text": "    Here's to another year of podiums, progress, and Porsche perfection.", "type": "text", "style": "", "detail": 0, "format": 0, "version": 1}], "direction": null, "textStyle": "", "textFormat": 0}, {"type": "paragraph", "format": "", "indent": 0, "version": 1, "children": [{"mode": "normal", "text": "    ", "type": "text", "style": "", "detail": 0, "format": 0, "version": 1}], "direction": null, "textStyle": "", "textFormat": 0}, {"type": "paragraph", "format": "", "indent": 0, "version": 1, "children": [{"mode": "normal", "text": "    Feliz aniversário, chefe!", "type": "text", "style": "", "detail": 0, "format": 0, "version": 1}], "direction": null, "textStyle": "", "textFormat": 0}, {"type": "paragraph", "format": "", "indent": 0, "version": 1, "children": [{"mode": "normal", "text": "    ", "type": "text", "style": "", "detail": 0, "format": 0, "version": 1}], "direction": null, "textStyle": "", "textFormat": 0}, {"type": "paragraph", "format": "", "indent": 0, "version": 1, "children": [{"mode": "normal", "text": "    #HappyBirthday #AndreFernandes #AFMotorsport #TeamPrincipal #Porsche #Racing #PortugueseMotorsport", "type": "text", "style": "", "detail": 0, "format": 0, "version": 1}], "direction": null, "textStyle": "", "textFormat": 0}, {"type": "paragraph", "format": "", "indent": 0, "version": 1, "children": [], "direction": null, "textStyle": "", "textFormat": 0}], "direction": null}}	2026-03-17 17:00:00+05:30	7	f	andr-fernandes-birthday-2026	2026-04-10 16:10:03.78+05:30	2026-04-10 16:10:03.78+05:30
7	Happy St. Patrick's Day 2026	st-patricks-day-2026	AF Motorsport extends St. Patrick's Day greetings to the global motorsport community, celebrating with Irish spirit and racing passion.	Published	{"root": {"type": "root", "format": "", "indent": 0, "version": 1, "children": [{"type": "paragraph", "format": "", "indent": 0, "version": 1, "children": [{"mode": "normal", "text": " Happy St. Patrick's Day from AF Motorsport!", "type": "text", "style": "", "detail": 0, "format": 0, "version": 1}], "direction": null, "textStyle": "", "textFormat": 0}, {"type": "paragraph", "format": "", "indent": 0, "version": 1, "children": [{"mode": "normal", "text": "    ", "type": "text", "style": "", "detail": 0, "format": 0, "version": 1}], "direction": null, "textStyle": "", "textFormat": 0}, {"type": "paragraph", "format": "", "indent": 0, "version": 1, "children": [{"mode": "normal", "text": "    Speed, passion and a little bit of Irish luck to all our fans, partners, competitors, and the entire motorsport community.", "type": "text", "style": "", "detail": 0, "format": 0, "version": 1}], "direction": null, "textStyle": "", "textFormat": 0}, {"type": "paragraph", "format": "", "indent": 0, "version": 1, "children": [{"mode": "normal", "text": "    ", "type": "text", "style": "", "detail": 0, "format": 0, "version": 1}], "direction": null, "textStyle": "", "textFormat": 0}, {"type": "paragraph", "format": "", "indent": 0, "version": 1, "children": [{"mode": "normal", "text": "    May the road rise to meet you and the checkered flag wave in your favor.", "type": "text", "style": "", "detail": 0, "format": 0, "version": 1}], "direction": null, "textStyle": "", "textFormat": 0}, {"type": "paragraph", "format": "", "indent": 0, "version": 1, "children": [{"mode": "normal", "text": "    ", "type": "text", "style": "", "detail": 0, "format": 0, "version": 1}], "direction": null, "textStyle": "", "textFormat": 0}, {"type": "paragraph", "format": "", "indent": 0, "version": 1, "children": [{"mode": "normal", "text": "    #StPatricksDay #AFMotorsport #Motorsport #Irish #Luck #Porsche #Racing", "type": "text", "style": "", "detail": 0, "format": 0, "version": 1}], "direction": null, "textStyle": "", "textFormat": 0}, {"type": "paragraph", "format": "", "indent": 0, "version": 1, "children": [], "direction": null, "textStyle": "", "textFormat": 0}], "direction": null}}	2026-03-17 17:00:00+05:30	4	f	happy-st-patricks-day-2026	2026-04-10 16:10:18.024+05:30	2026-04-10 16:06:37.076+05:30
11	Gabriela Correia Murça Incident Response	gabriela-correia-murca-incident	AF Motorsport statement following Gabriela Correia's off-track incident during practice at Rampa Porca de Murça 2026, highlighting the team's remarkable repair effort.	\N	{"root": {"type": "root", "format": "", "indent": 0, "version": 1, "children": [{"type": "paragraph", "format": "", "indent": 0, "version": 1, "children": [{"mode": "normal", "text": "The team came together like an orchestra—focused, precise, and fully committed.", "type": "text", "style": "", "detail": 0, "format": 0, "version": 1}], "direction": null, "textStyle": "", "textFormat": 0}, {"type": "paragraph", "format": "", "indent": 0, "version": 1, "children": [{"mode": "normal", "text": "    ", "type": "text", "style": "", "detail": 0, "format": 0, "version": 1}], "direction": null, "textStyle": "", "textFormat": 0}, {"type": "paragraph", "format": "", "indent": 0, "version": 1, "children": [{"mode": "normal", "text": "    Gabriela's off-track moment could have ended our weekend. Instead, our mechanics and engineers performed a remarkable repair in under 30 minutes.", "type": "text", "style": "", "detail": 0, "format": 0, "version": 1}], "direction": null, "textStyle": "", "textFormat": 0}, {"type": "paragraph", "format": "", "indent": 0, "version": 1, "children": [{"mode": "normal", "text": "    ", "type": "text", "style": "", "detail": 0, "format": 0, "version": 1}], "direction": null, "textStyle": "", "textFormat": 0}, {"type": "paragraph", "format": "", "indent": 0, "version": 1, "children": [{"mode": "normal", "text": "    This is the AF Motorsport spirit. We don't give up. We overcome.", "type": "text", "style": "", "detail": 0, "format": 0, "version": 1}], "direction": null, "textStyle": "", "textFormat": 0}, {"type": "paragraph", "format": "", "indent": 0, "version": 1, "children": [{"mode": "normal", "text": "    ", "type": "text", "style": "", "detail": 0, "format": 0, "version": 1}], "direction": null, "textStyle": "", "textFormat": 0}, {"type": "paragraph", "format": "", "indent": 0, "version": 1, "children": [{"mode": "normal", "text": "    The Princess of the Mountain will return to the road. Watch this space.", "type": "text", "style": "", "detail": 0, "format": 0, "version": 1}], "direction": null, "textStyle": "", "textFormat": 0}], "direction": null}}	2026-03-29 17:00:00+05:30	\N	f	gabriela-correia-mura-incident-response	2026-04-10 16:13:31.203+05:30	2026-04-10 16:13:31.203+05:30
10	Barcelona Weekend Team Appreciation	barcelona-team-appreciation	AF Motorsport leadership recognizes the outstanding work and commitment from every team member throughout the Barcelona Winter Series weekend.	Published	{"root": {"type": "root", "format": "", "indent": 0, "version": 1, "children": [{"type": "paragraph", "format": "", "indent": 0, "version": 1, "children": [{"mode": "normal", "text": "Outstanding work and commitment from everyone involved throughout the weekend!!!", "type": "text", "style": "", "detail": 0, "format": 0, "version": 1}], "direction": null, "textStyle": "", "textFormat": 0}, {"type": "paragraph", "format": "", "indent": 0, "version": 1, "children": [{"mode": "normal", "text": "    ", "type": "text", "style": "", "detail": 0, "format": 0, "version": 1}], "direction": null, "textStyle": "", "textFormat": 0}, {"type": "paragraph", "format": "", "indent": 0, "version": 1, "children": [{"mode": "normal", "text": "    Strong performances. Tough moments. The true spirit of racing.", "type": "text", "style": "", "detail": 0, "format": 0, "version": 1}], "direction": null, "textStyle": "", "textFormat": 0}, {"type": "paragraph", "format": "", "indent": 0, "version": 1, "children": [{"mode": "normal", "text": "    ", "type": "text", "style": "", "detail": 0, "format": 0, "version": 1}], "direction": null, "textStyle": "", "textFormat": 0}, {"type": "paragraph", "format": "", "indent": 0, "version": 1, "children": [{"mode": "normal", "text": "    We take the positives, keep learning, and keep pushing forward. This is only the beginning.", "type": "text", "style": "", "detail": 0, "format": 0, "version": 1}], "direction": null, "textStyle": "", "textFormat": 0}, {"type": "paragraph", "format": "", "indent": 0, "version": 1, "children": [{"mode": "normal", "text": "    ", "type": "text", "style": "", "detail": 0, "format": 0, "version": 1}], "direction": null, "textStyle": "", "textFormat": 0}, {"type": "paragraph", "format": "", "indent": 0, "version": 1, "children": [{"mode": "normal", "text": "    Huge thanks to the entire AF Motorsport family—drivers, mechanics, engineers, and support staff. You make this possible.", "type": "text", "style": "", "detail": 0, "format": 0, "version": 1}], "direction": null, "textStyle": "", "textFormat": 0}], "direction": null}}	2026-03-15 17:00:00+05:30	7	f	barcelona-weekend-team-appreciation	2026-04-10 16:14:44.278+05:30	2026-04-10 16:11:34.511+05:30
12	Gabriela Correia Welcome Statement	gabriela-correia-welcome	AF Motorsport proudly announces Gabriela Correia joining the team for the 2026 Rampa Porca de Murça hillclimb.	Published	{"root": {"type": "root", "format": "", "indent": 0, "version": 1, "children": [{"type": "paragraph", "format": "", "indent": 0, "version": 1, "children": [{"mode": "normal", "text": "New chapter begins. This one is special.", "type": "text", "style": "", "detail": 0, "format": 0, "version": 1}], "direction": null, "textStyle": "", "textFormat": 0}, {"type": "paragraph", "format": "", "indent": 0, "version": 1, "children": [{"mode": "normal", "text": "    Gabriela Correia joins AF Motorsport for her absolute debut with the team at Rampa Porca de Murça.", "type": "text", "style": "", "detail": 0, "format": 0, "version": 1}], "direction": null, "textStyle": "", "textFormat": 0}, {"type": "paragraph", "format": "", "indent": 0, "version": 1, "children": [{"mode": "normal", "text": "    New challenges. New stories. Same ambition.", "type": "text", "style": "", "detail": 0, "format": 0, "version": 1}], "direction": null, "textStyle": "", "textFormat": 0}, {"type": "paragraph", "format": "", "indent": 0, "version": 1, "children": [{"mode": "normal", "text": "    Murça won't be ready for what's coming. The Princess of the Mountain has found her castle.", "type": "text", "style": "", "detail": 0, "format": 0, "version": 1}], "direction": null, "textStyle": "", "textFormat": 0}, {"type": "paragraph", "format": "", "indent": 0, "version": 1, "children": [{"mode": "normal", "text": "    Bem-vinda, Gabriela!", "type": "text", "style": "", "detail": 0, "format": 0, "version": 1}], "direction": null, "textStyle": "", "textFormat": 0}], "direction": null}}	2026-03-10 17:00:00+05:30	\N	f	gabriela-correia-welcome-statement	2026-04-10 16:17:27.138+05:30	2026-04-10 16:17:19.031+05:30
13	Welcome José Barros	jose-barros-welcome	AF Motorsport welcomes José Barros to the team for the 2026 GT Cup Europe campaign.	Published	{"root": {"type": "root", "format": "", "indent": 0, "version": 1, "children": [{"type": "paragraph", "format": "", "indent": 0, "version": 1, "children": [{"mode": "normal", "text": "Welcome to the AF Motorsport family, José Barros!", "type": "text", "style": "", "detail": 0, "format": 0, "version": 1}], "direction": null, "textStyle": "", "textFormat": 0}, {"type": "paragraph", "format": "", "indent": 0, "version": 1, "children": [{"mode": "normal", "text": "    Consistency. Precision. Racecraft. José brings all the qualities we value to our GT Cup Europe program.", "type": "text", "style": "", "detail": 0, "format": 0, "version": 1}], "direction": null, "textStyle": "", "textFormat": 0}, {"type": "paragraph", "format": "", "indent": 0, "version": 1, "children": [{"mode": "normal", "text": "    Together, we aim for podiums and progress. The journey starts now.", "type": "text", "style": "", "detail": 0, "format": 0, "version": 1}], "direction": null, "textStyle": "", "textFormat": 0}], "direction": null}}	2026-02-20 17:00:00+05:30	\N	f	welcome-jos-barros	2026-04-10 16:19:08.669+05:30	2026-04-10 16:19:08.669+05:30
14	Pipo Massa First European Victory	pipo-massa-first-european-victory	AF Motorsport celebrates Pipo Massa's historic first European race victory at Barcelona in challenging wet conditions.	Published	{"root": {"type": "root", "format": "", "indent": 0, "version": 1, "children": [{"type": "paragraph", "format": "", "indent": 0, "version": 1, "children": [{"mode": "normal", "text": "PURE EMOTION. AMAZING PERFORMANCE.", "type": "text", "style": "", "detail": 0, "format": 0, "version": 1}], "direction": null, "textStyle": "", "textFormat": 0}, {"type": "paragraph", "format": "", "indent": 0, "version": 1, "children": [{"mode": "normal", "text": "    A true driving masterclass in wet conditions. Hard work, passion, belief—this is what it's all about.", "type": "text", "style": "", "detail": 0, "format": 0, "version": 1}], "direction": null, "textStyle": "", "textFormat": 0}, {"type": "paragraph", "format": "", "indent": 0, "version": 1, "children": [{"mode": "normal", "text": "    Pipo Massa secures his first-ever European victory in Barcelona. Unstoppable.", "type": "text", "style": "", "detail": 0, "format": 0, "version": 1}], "direction": null, "textStyle": "", "textFormat": 0}, {"type": "paragraph", "format": "", "indent": 0, "version": 1, "children": [{"mode": "normal", "text": "    Very proud of this young man. The journey continues, but tonight we celebrate.", "type": "text", "style": "", "detail": 0, "format": 0, "version": 1}], "direction": null, "textStyle": "", "textFormat": 0}, {"type": "paragraph", "format": "", "indent": 0, "version": 1, "children": [{"mode": "normal", "text": "    Let's keep pushing.", "type": "text", "style": "", "detail": 0, "format": 0, "version": 1}], "direction": null, "textStyle": "", "textFormat": 0}], "direction": null}}	2026-03-14 17:00:00+05:30	\N	f	pipo-massa-first-european-victory	2026-04-10 16:21:35.514+05:30	2026-04-10 16:21:35.513+05:30
19	Special Moment - Felipe and Pipo Massa	felipe-massa-special-moment	Felipe Massa reflects on the special experience of racing alongside his son Pipo with AF Motorsport at Barcelona.	Published	{"root": {"type": "root", "format": "", "indent": 0, "version": 1, "children": [{"type": "paragraph", "format": "", "indent": 0, "version": 1, "children": [{"mode": "normal", "text": "\\"A special moment. A unique experience that makes this race even more meaningful.\\"", "type": "text", "style": "", "detail": 0, "format": 0, "version": 1}], "direction": null, "textStyle": "", "textFormat": 0}, {"type": "paragraph", "format": "", "indent": 0, "version": 1, "children": [{"mode": "normal", "text": "    Felipe Massa on competing alongside his son Pipo with AF Motorsport.", "type": "text", "style": "", "detail": 0, "format": 0, "version": 1}], "direction": null, "textStyle": "", "textFormat": 0}, {"type": "paragraph", "format": "", "indent": 0, "version": 1, "children": [{"mode": "normal", "text": "    Father and son. Same team. Same passion.", "type": "text", "style": "", "detail": 0, "format": 0, "version": 1}], "direction": null, "textStyle": "", "textFormat": 0}], "direction": null}}	2026-03-14 17:00:00+05:30	\N	f	special-moment---felipe-and-pipo-massa	2026-04-10 16:30:45.941+05:30	2026-04-10 16:30:45.941+05:30
15	Amazing Start - Pipo Massa Victory	pipo-massa-amazing-start	AF Motorsport celebrates Pipo Massa's breakthrough race win in his first European victory.	\N	{"root": {"type": "root", "format": "", "indent": 0, "version": 1, "children": [{"type": "paragraph", "format": "", "indent": 0, "version": 1, "children": [{"mode": "normal", "text": "AMAZING START!", "type": "text", "style": "", "detail": 0, "format": 0, "version": 1}], "direction": null, "textStyle": "", "textFormat": 0}, {"type": "paragraph", "format": "", "indent": 0, "version": 1, "children": [{"mode": "normal", "text": "    Race win. First race victory in Europe.", "type": "text", "style": "", "detail": 0, "format": 0, "version": 1}], "direction": null, "textStyle": "", "textFormat": 0}, {"type": "paragraph", "format": "", "indent": 0, "version": 1, "children": [{"mode": "normal", "text": "    Pipo Massa announces himself on the European stage.", "type": "text", "style": "", "detail": 0, "format": 0, "version": 1}], "direction": null, "textStyle": "", "textFormat": 0}, {"type": "paragraph", "format": "", "indent": 0, "version": 1, "children": [{"mode": "normal", "text": "    This is just the beginning.", "type": "text", "style": "", "detail": 0, "format": 0, "version": 1}], "direction": null, "textStyle": "", "textFormat": 0}], "direction": null}}	2026-03-14 17:00:00+05:30	\N	f	amazing-start---pipo-massa-victory	2026-04-10 16:22:52.488+05:30	2026-04-10 16:22:52.488+05:30
16	Pure Emotion - Massa Victory	pure-emotion-massa-victory	AF Motorsport captures the emotional significance of Pipo Massa's first European victory and the family milestone achieved.	\N	{"root": {"type": "root", "format": "", "indent": 0, "version": 1, "children": [{"type": "paragraph", "format": "", "indent": 0, "version": 1, "children": [{"mode": "normal", "text": "PURE EMOTION!", "type": "text", "style": "", "detail": 0, "format": 0, "version": 1}], "direction": null, "textStyle": "", "textFormat": 0}, {"type": "paragraph", "format": "", "indent": 0, "version": 1, "children": [{"mode": "normal", "text": "    Amazing performance. A true driving masterclass.", "type": "text", "style": "", "detail": 0, "format": 0, "version": 1}], "direction": null, "textStyle": "", "textFormat": 0}, {"type": "paragraph", "format": "", "indent": 0, "version": 1, "children": [{"mode": "normal", "text": "    Hard work, passion, belief—this is what it's all about.", "type": "text", "style": "", "detail": 0, "format": 0, "version": 1}], "direction": null, "textStyle": "", "textFormat": 0}, {"type": "paragraph", "format": "", "indent": 0, "version": 1, "children": [{"mode": "normal", "text": "    Let's keep pushing!", "type": "text", "style": "", "detail": 0, "format": 0, "version": 1}], "direction": null, "textStyle": "", "textFormat": 0}], "direction": null}}	2026-03-14 17:00:00+05:30	\N	f	pure-emotion---massa-victory	2026-04-10 16:24:19.603+05:30	2026-04-10 16:24:19.603+05:30
17	Pipo Massa and Anders Steiner Victory	massa-steiner-cup2-victory	AF Motorsport and Team Steiner Racing celebrate Cup 2 class victory at Barcelona GT Winter Series with drivers Pipo Massa and Anders Steiner.	Published	{"root": {"type": "root", "format": "", "indent": 0, "version": 1, "children": [{"type": "paragraph", "format": "", "indent": 0, "version": 1, "children": [{"mode": "normal", "text": "STRONG VICTORY!", "type": "text", "style": "", "detail": 0, "format": 0, "version": 1}], "direction": null, "textStyle": "", "textFormat": 0}, {"type": "paragraph", "format": "", "indent": 0, "version": 1, "children": [{"mode": "normal", "text": "    Consistent race. Managed pressure. Maintained small but crucial gap.", "type": "text", "style": "", "detail": 0, "format": 0, "version": 1}], "direction": null, "textStyle": "", "textFormat": 0}, {"type": "paragraph", "format": "", "indent": 0, "version": 1, "children": [{"mode": "normal", "text": "    Pipo Massa and Anders Steiner take Cup 2 class win in Race 1 at Barcelona!", "type": "text", "style": "", "detail": 0, "format": 0, "version": 1}], "direction": null, "textStyle": "", "textFormat": 0}, {"type": "paragraph", "format": "", "indent": 0, "version": 1, "children": [{"mode": "normal", "text": "    Winning margin: 0.637 seconds. Close fight until the end.", "type": "text", "style": "", "detail": 0, "format": 0, "version": 1}], "direction": null, "textStyle": "", "textFormat": 0}], "direction": null}}	2026-03-14 17:00:00+05:30	\N	f	pipo-massa-and-anders-steiner-victory	2026-04-10 16:26:06.117+05:30	2026-04-10 16:26:06.117+05:30
18	Friday Sessions Complete - Ready for Barcelona	friday-sessions-complete-barcelona	AF Motorsport completes Friday private practice sessions at Barcelona and confirms readiness for qualifying and races.	Published	{"root": {"type": "root", "format": "", "indent": 0, "version": 1, "children": [{"type": "paragraph", "format": "", "indent": 0, "version": 1, "children": [{"mode": "normal", "text": "Friday private sessions: COMPLETE", "type": "text", "style": "", "detail": 0, "format": 0, "version": 1}], "direction": null, "textStyle": "", "textFormat": 0}, {"type": "paragraph", "format": "", "indent": 0, "version": 1, "children": [{"mode": "normal", "text": "    Ready. Focused. Prepared.", "type": "text", "style": "", "detail": 0, "format": 0, "version": 1}], "direction": null, "textStyle": "", "textFormat": 0}, {"type": "paragraph", "format": "", "indent": 0, "version": 1, "children": [{"mode": "normal", "text": "    Let's go! Race 1 tomorrow. Qualifying first.", "type": "text", "style": "", "detail": 0, "format": 0, "version": 1}], "direction": null, "textStyle": "", "textFormat": 0}], "direction": null}}	2026-03-13 17:00:00+05:30	\N	f	friday-sessions-complete---ready-for-barcelona	2026-04-10 16:27:29.976+05:30	2026-04-10 16:27:29.976+05:30
20	Unstoppable in Barcelona Rain	pipo-massa-unstoppable-rain	AF Motorsport celebrates Pipo Massa's exceptional wet-weather performance securing his first European victory.	Published	{"root": {"type": "root", "format": "", "indent": 0, "version": 1, "children": [{"type": "paragraph", "format": "", "indent": 0, "version": 1, "children": [{"mode": "normal", "text": " First-ever victory in Europe for Pipo Massa! Rainy race in Barcelona. Challenging conditions. Amazing performance.", "type": "text", "style": "", "detail": 0, "format": 0, "version": 1}], "direction": null, "textStyle": "", "textFormat": 0}, {"type": "paragraph", "format": "", "indent": 0, "version": 1, "children": [{"mode": "normal", "text": "  Very proud of this young man. The future is bright. 🇧🇷", "type": "text", "style": "", "detail": 0, "format": 0, "version": 1}], "direction": null, "textStyle": "", "textFormat": 0}], "direction": null}}	2026-03-14 17:00:00+05:30	4	f	unstoppable-in-barcelona-rain	2026-04-10 16:31:51.656+05:30	2026-04-10 16:31:51.656+05:30
\.


--
-- Data for Name: statements_locales; Type: TABLE DATA; Schema: public; Owner: afmuser
--

COPY public.statements_locales (seo_title, seo_image_id, seo_description, id, _locale, _parent_id) FROM stdin;
\.


--
-- Data for Name: statements_rels; Type: TABLE DATA; Schema: public; Owner: afmuser
--

COPY public.statements_rels (id, "order", parent_id, path, categories_id, tags_id) FROM stdin;
8	1	8	categories	9	\N
9	2	8	categories	10	\N
10	1	8	tags	\N	5
11	2	8	tags	\N	8
12	3	8	tags	\N	10
13	4	8	tags	\N	17
14	1	9	categories	1	\N
15	2	9	categories	3	\N
16	3	9	categories	8	\N
17	1	9	tags	\N	2
18	2	9	tags	\N	4
19	3	9	tags	\N	9
20	4	9	tags	\N	11
21	1	7	categories	2	\N
22	2	7	categories	7	\N
23	3	7	categories	10	\N
24	1	7	tags	\N	2
25	2	7	tags	\N	8
26	3	7	tags	\N	10
27	4	7	tags	\N	19
32	1	11	tags	\N	7
33	2	11	tags	\N	35
34	3	11	tags	\N	1
35	4	11	tags	\N	37
36	5	11	tags	\N	38
37	1	10	categories	1	\N
38	1	10	tags	\N	7
39	2	10	tags	\N	35
40	3	10	tags	\N	5
41	4	10	tags	\N	39
42	5	10	tags	\N	1
43	6	10	tags	\N	40
44	7	10	tags	\N	41
55	1	12	tags	\N	43
56	2	12	tags	\N	36
57	3	12	tags	\N	44
58	4	12	tags	\N	7
59	5	12	tags	\N	1
60	6	12	tags	\N	45
61	7	12	tags	\N	9
62	8	12	tags	\N	46
63	9	12	tags	\N	47
64	10	12	tags	\N	48
65	1	13	tags	\N	7
66	2	13	tags	\N	49
67	3	13	tags	\N	50
68	4	13	tags	\N	51
69	5	13	tags	\N	52
70	6	13	tags	\N	1
71	7	13	tags	\N	53
72	1	14	tags	\N	54
73	2	14	tags	\N	55
74	3	14	tags	\N	5
75	4	14	tags	\N	39
76	5	14	tags	\N	7
77	6	14	tags	\N	1
78	7	14	tags	\N	56
79	8	14	tags	\N	57
80	9	14	tags	\N	58
81	1	15	tags	\N	54
82	2	15	tags	\N	9
83	3	15	tags	\N	55
84	4	15	tags	\N	39
85	5	15	tags	\N	5
86	6	15	tags	\N	7
87	7	15	tags	\N	1
88	8	15	tags	\N	59
89	1	16	tags	\N	54
90	2	16	tags	\N	55
91	3	16	tags	\N	60
92	4	16	tags	\N	61
93	5	16	tags	\N	7
94	6	16	tags	\N	5
95	7	16	tags	\N	1
96	1	17	tags	\N	39
97	2	17	tags	\N	63
98	3	17	tags	\N	54
99	4	17	tags	\N	64
100	5	17	tags	\N	65
101	6	17	tags	\N	1
102	7	17	tags	\N	5
103	1	18	tags	\N	5
104	2	18	tags	\N	39
105	3	18	tags	\N	7
106	4	18	tags	\N	1
107	5	18	tags	\N	45
108	6	18	tags	\N	66
109	1	19	tags	\N	67
110	2	19	tags	\N	54
111	3	19	tags	\N	68
112	4	19	tags	\N	7
113	5	19	tags	\N	5
114	6	19	tags	\N	39
115	7	19	tags	\N	41
116	8	19	tags	\N	69
117	1	20	tags	\N	55
118	2	20	tags	\N	5
119	3	20	tags	\N	39
\.


--
-- Data for Name: statuses; Type: TABLE DATA; Schema: public; Owner: afmuser
--

COPY public.statuses (id, name, alias, basics_description, generate_slug, slug, updated_at, created_at) FROM stdin;
1	Inactive	inactive	Designates an entity that is temporarily not participating or operational but remains associated with the organization and may return to active status. This status applies to drivers taking sabbaticals or recovering from injury, team members on extended leave, cars undergoing major rebuilds or preservation, and programs temporarily suspended due to external factors. Unlike Retired or Archived statuses, Inactive implies a clear pathway to reactivation and continued association with the team. Entities with Inactive status maintain their relationships and historical data connections but are typically excluded from current operational views and active rosters until status changes.	f	inactive	2026-04-09 18:43:55.892+05:30	2026-04-09 18:43:55.891+05:30
2	Retired	retired	Indicates permanent cessation of competitive or operational activity with no expectation of return to active duty. For drivers, this status marks the end of professional racing career, whether by choice, circumstance, or age. For cars, it denotes vehicles no longer used in competition and transitioned to museum, collection, or display roles. For leaders and members, it signifies formal retirement from professional motorsport involvement. Retired status preserves all historical relationships, achievements, and contributions while clearly communicating that the entity is no longer active in current operations.	f	retired	2026-04-09 18:45:04.857+05:30	2026-04-09 18:45:04.857+05:30
3	Development	development	Signifies an entity in active preparation, construction, or evolution toward operational readiness but not yet deployed in competitive or production contexts. This status applies to cars undergoing design and build phases, drivers progressing through academy or junior programs, facilities under construction, and plans in detailed formulation stages. Development status indicates active investment of resources and forward progress while clearly communicating that the entity is not yet ready for its ultimate intended purpose. For cars, this includes prototype, testing, and validation phases. For personnel, it encompasses training, evaluation, and preparation periods before competitive deployment.	f	development	2026-04-09 18:45:19.572+05:30	2026-04-09 18:45:19.571+05:30
4	Suspended	suspended	Represents temporary removal from active participation due to regulatory, disciplinary, or administrative action. This status is applied to drivers serving competition bans, team members under investigation, or entities temporarily barred from participation by series officials or team management. Suspended status carries specific temporal boundaries with defined start and anticipated end dates, distinguishing it from Inactive status which is typically voluntary or circumstantial rather than imposed. During suspension, entities maintain their relationships and records but are restricted from participation in designated activities. The status implies a formal process for reinstatement upon completion of suspension terms.	f	suspended	2026-04-09 18:45:22.935+05:30	2026-04-09 18:45:22.935+05:30
5	Archived	archived	Designates content, records, or entities that have been preserved for historical reference but are no longer active in current operations. This status applies to completed seasons, concluded championships, former regulations, outdated policies, and historical documents. Archived entities maintain full data integrity and relationships but are typically filtered from active management views and current operational interfaces. The status indicates that while the information remains valuable for reference, analysis, and historical context, it should not appear in active selection lists, current rosters, or default content displays. Archived status differs from deletion in that data remains fully accessible and queryable when specifically requested.	f	archived	2026-04-09 18:45:46.996+05:30	2026-04-09 18:45:46.996+05:30
6	Active	active	Indicates that an entity is currently operational, participating, or engaged in its designated function. For drivers, this status means currently competing in races or series. For team members, it denotes current employment and active involvement in team operations. For cars, it signifies the vehicle is race-ready and in current competitive use. For plans and programs, it indicates ongoing execution and current relevance. The Active status is the default operational state for most entities and implies full availability, participation, and engagement in all normal activities and responsibilities associated with the role or asset.	f	active	2026-04-09 18:46:20.158+05:30	2026-04-09 18:46:20.157+05:30
7	Pending	pending	Indicates an entity awaiting approval, confirmation, or completion of prerequisite conditions before transitioning to Active status. This status applies to driver contracts awaiting final signature, entries awaiting confirmation from series organizers, plans awaiting budget approval, and members completing onboarding requirements. Pending status serves as a holding state that acknowledges the entity's existence and anticipated activation while preventing premature inclusion in active operational contexts. The status implies forward momentum toward activation and typically includes expected resolution timelines or outstanding requirements that must be satisfied before status advancement.	f	pending	2026-04-09 18:46:20.487+05:30	2026-04-09 18:46:20.487+05:30
\.


--
-- Data for Name: statuses_locales; Type: TABLE DATA; Schema: public; Owner: afmuser
--

COPY public.statuses_locales (seo_title, seo_image_id, seo_description, id, _locale, _parent_id) FROM stdin;
\.


--
-- Data for Name: statuses_rels; Type: TABLE DATA; Schema: public; Owner: afmuser
--

COPY public.statuses_rels (id, "order", parent_id, path, categories_id, tags_id) FROM stdin;
\.


--
-- Data for Name: suits; Type: TABLE DATA; Schema: public; Owner: afmuser
--

COPY public.suits (id, name, alias, basics_tagline, basics_description, details_usage, details_durability, details_material, details_appearance, assets_thumbnail_id, assets_video_id, generate_slug, slug, updated_at, created_at) FROM stdin;
1	OMP KS-3 ART - André Fernandes Primary	omp-ks3-art-fernandes-primary	Race Day Suit - Porsche Sprint Challenge Ibérica	Primary competition race suit worn by André Fernandes during Porsche Sprint Challenge Ibérica events. The OMP KS-3 ART represents OMP's premium offering in FIA-homologated race wear, featuring lightweight construction, exceptional breathability, and the brand's proprietary ART (Advanced Racing Technology) ergonomic patterning that maximizes mobility and comfort in the seated driving position. The suit carries full custom design incorporating AF Motorsport team colors and partner branding executed to FIA regulations.	Track	High	Nomex	Modern	\N	\N	f	omp-ks-3-art---andr-fernandes-primary	2026-04-10 10:40:15.479+05:30	2026-04-09 19:21:19.941+05:30
2	OMP KS-3 ART - André Fernandes Test	 omp-ks3-art-fernandes-test	Testing and Training Sessions	Secondary OMP KS-3 ART suit used by André Fernandes for private testing, track days, simulator sessions, and physical training. This suit provides identical safety performance and comfort to the primary race suit while managing wear on the competition suit and providing a practical alternative for high-frequency use environments. The suit carries simplified branding appropriate for non-competitive activities.	Track	High	Nomex	Modern	\N	\N	f	omp-ks-3-art---andr-fernandes-test	2026-04-10 10:40:32.646+05:30	2026-04-09 19:21:24.844+05:30
3	Sparco X-Light Pro - AFM Premium Guest	sparco-xlight-pro-afm-guest	VIP Guest Experience Suit	Sparco X-Light Pro suit maintained for premium guest experiences, VIP passenger rides, and corporate partner track activities. The X-Light Pro represents Sparco's ultra-lightweight race suit technology, offering exceptional comfort and mobility that accommodates guests unfamiliar with race wear. The premium positioning of this suit reflects the elevated experience AF Motorsport provides to key partners and stakeholders.	Track	Medium	Nomex	Modern	\N	\N	f	sparco-x-light-pro---afm-premium-guest	2026-04-10 10:40:47.068+05:30	2026-04-09 19:21:41.978+05:30
4	OMP Classic Overalls - AFM Mechanics	omp-classic-afm-mechanics	Garage and Pit Lane Operations	OMP Classic overalls issued to AF Motorsport mechanics and technical staff for garage, pit lane, and paddock operations. These durable work overalls provide protection, team identification, and practical functionality including multiple pockets and reinforced stress points. The Classic overalls are designed for the demanding workshop and trackside environment.	Track	Extreme	Cotton	Classic	\N	\N	f	omp-classic-overalls---afm-mechanics	2026-04-10 10:41:09.595+05:30	2026-04-09 19:21:49.612+05:30
5	OMP First Evo - AFM Team Driver	omp-first-evo-afm-team	Team Driver Specification	OMP First Evo race suit maintained as team equipment for second drivers, development drivers, and guest competitors. The First Evo offers excellent value within the FIA-homologated segment, providing OMP's core safety technology and comfortable fit in a durable, practical package suitable for team pool use. The suit is configured with standardized AF Motorsport branding.	Track	High	Nomex	Modern	\N	\N	f	omp-first-evo---afm-team-driver	2026-04-10 10:41:27.013+05:30	2026-04-09 19:22:42.826+05:30
\.


--
-- Data for Name: suits_details_manufacturers_list; Type: TABLE DATA; Schema: public; Owner: afmuser
--

COPY public.suits_details_manufacturers_list (_order, _parent_id, id, name, description) FROM stdin;
1	1	69d7aed152a7810020809c09	OMP Racing SpA	Italian manufacturer of premium motorsport safety equipment founded in 1973. OMP produces race wear, seats, harnesses, and accessories for competitors ranging from grassroots to Formula 1. The KS-3 ART suit is manufactured at OMP's Italian facilities using proprietary construction techniques developed through decades of top-level motorsport involvement.
1	2	69d7aedb6f284ea0674cde1e	OMP Racing SpA	Premium Italian race wear manufacturer.\n
1	3	69d7aef19d013f04e57f673d	Sparco SpA	Leading Italian manufacturer of motorsport safety equipment and accessories. Sparco's X-Light Pro incorporates advanced lightweight materials and construction techniques to reduce suit weight while maintaining full FIA homologation.
1	4	69d7aeecaf77aef9910e6af9	OMP Racing SpA	Italian manufacturer providing comprehensive team equipment solutions.
1	5	69d7af39daa821209e1e78b7	OMP Racing SpA	Italian race wear manufacturer providing accessible FIA-homologated equipment.
\.


--
-- Data for Name: suits_locales; Type: TABLE DATA; Schema: public; Owner: afmuser
--

COPY public.suits_locales (seo_title, seo_image_id, seo_description, id, _locale, _parent_id) FROM stdin;
\.


--
-- Data for Name: suits_rels; Type: TABLE DATA; Schema: public; Owner: afmuser
--

COPY public.suits_rels (id, "order", parent_id, path, media_id, categories_id, tags_id) FROM stdin;
1	1	1	categories	\N	4	\N
2	2	1	categories	\N	6	\N
3	3	1	categories	\N	9	\N
4	1	1	tags	\N	\N	3
5	2	1	tags	\N	\N	1
6	3	1	tags	\N	\N	4
7	4	1	tags	\N	\N	9
8	5	1	tags	\N	\N	10
9	1	2	categories	\N	6	\N
10	2	2	categories	\N	5	\N
11	3	2	categories	\N	8	\N
12	1	2	tags	\N	\N	4
13	2	2	tags	\N	\N	6
14	3	2	tags	\N	\N	13
15	4	2	tags	\N	\N	9
16	5	2	tags	\N	\N	7
17	1	3	categories	\N	4	\N
18	2	3	categories	\N	2	\N
19	1	3	tags	\N	\N	2
20	2	3	tags	\N	\N	7
21	3	3	tags	\N	\N	18
22	4	3	tags	\N	\N	19
23	1	4	categories	\N	5	\N
24	2	4	categories	\N	7	\N
25	3	4	categories	\N	10	\N
26	1	4	tags	\N	\N	4
27	2	4	tags	\N	\N	7
28	3	4	tags	\N	\N	8
29	4	4	tags	\N	\N	11
30	1	5	categories	\N	6	\N
31	2	5	categories	\N	8	\N
32	3	5	categories	\N	11	\N
33	1	5	tags	\N	\N	2
34	2	5	tags	\N	\N	5
35	3	5	tags	\N	\N	6
36	4	5	tags	\N	\N	9
37	5	5	tags	\N	\N	10
\.


--
-- Data for Name: tags; Type: TABLE DATA; Schema: public; Owner: afmuser
--

COPY public.tags (id, generate_slug, slug, updated_at, created_at) FROM stdin;
1	f	porsche	2026-04-10 10:07:35.65+05:30	2026-04-10 10:07:35.65+05:30
2	f	992-gt3-cup	2026-04-10 10:10:32.422+05:30	2026-04-10 10:10:32.422+05:30
3	f	estoril	2026-04-10 10:11:32.297+05:30	2026-04-10 10:11:32.297+05:30
4	f	portimo	2026-04-10 10:11:58.149+05:30	2026-04-10 10:11:58.149+05:30
5	f	barcelona	2026-04-10 10:12:32.213+05:30	2026-04-10 10:12:32.212+05:30
6	f	jerez	2026-04-10 10:12:58.882+05:30	2026-04-10 10:12:58.882+05:30
7	f	af-motorsport	2026-04-10 10:13:20.385+05:30	2026-04-10 10:13:20.385+05:30
8	f	fernandes	2026-04-10 10:13:44.033+05:30	2026-04-10 10:13:44.033+05:30
9	f	race-win	2026-04-10 10:14:06.139+05:30	2026-04-10 10:14:06.139+05:30
10	f	podium	2026-04-10 10:14:31.882+05:30	2026-04-10 10:14:31.882+05:30
11	f	pole-position	2026-04-10 10:15:03.554+05:30	2026-04-10 10:15:03.554+05:30
12	f	fastest-lap	2026-04-10 10:15:29.136+05:30	2026-04-10 10:15:29.136+05:30
13	f	track-record	2026-04-10 10:15:57.316+05:30	2026-04-10 10:15:57.316+05:30
14	f	championship	2026-04-10 10:16:17.704+05:30	2026-04-10 10:16:17.704+05:30
15	f	points	2026-04-10 10:16:41.843+05:30	2026-04-10 10:16:41.843+05:30
16	f	season-opener	2026-04-10 10:17:04.789+05:30	2026-04-10 10:17:04.789+05:30
17	f	season-finale	2026-04-10 10:17:29.033+05:30	2026-04-10 10:17:29.033+05:30
18	f	pre-season	2026-04-10 10:17:51.682+05:30	2026-04-10 10:17:51.682+05:30
19	f	testing	2026-04-10 10:18:15.261+05:30	2026-04-10 10:18:15.26+05:30
20	f	development	2026-04-10 10:18:58.194+05:30	2026-04-10 10:18:58.193+05:30
21	f	setup	2026-04-10 10:19:21.254+05:30	2026-04-10 10:19:21.254+05:30
22	f	data-analysis	2026-04-10 10:19:49.942+05:30	2026-04-10 10:19:49.942+05:30
23	f	telemetry	2026-04-10 10:20:14.248+05:30	2026-04-10 10:20:14.248+05:30
24	f	simulator	2026-04-10 10:20:38.677+05:30	2026-04-10 10:20:38.676+05:30
25	f	driver-coaching	2026-04-10 10:21:01.492+05:30	2026-04-10 10:21:01.492+05:30
26	f	race-engineering	2026-04-10 10:21:29.572+05:30	2026-04-10 10:21:29.571+05:30
27	f	strategy	2026-04-10 10:21:56.136+05:30	2026-04-10 10:21:56.136+05:30
28	f	pit-stop	2026-04-10 10:22:21.804+05:30	2026-04-10 10:22:21.804+05:30
29	f	tire-management	2026-04-10 10:22:44.745+05:30	2026-04-10 10:22:44.745+05:30
30	f	wet-race	2026-04-10 10:23:12.966+05:30	2026-04-10 10:23:12.965+05:30
31	f	overtake	2026-04-10 10:23:34.859+05:30	2026-04-10 10:23:34.859+05:30
32	f	battle	2026-04-10 10:24:02.8+05:30	2026-04-10 10:24:02.8+05:30
33	f	victory-lane	2026-04-10 10:24:22.028+05:30	2026-04-10 10:24:22.028+05:30
34	f	celebration	2026-04-10 10:24:43.043+05:30	2026-04-10 10:24:43.043+05:30
35	f	teamwork	2026-04-10 10:25:11.34+05:30	2026-04-10 10:25:11.34+05:30
36	f	murca	2026-04-10 16:12:40.101+05:30	2026-04-10 16:12:40.1+05:30
37	f	mechanics	2026-04-10 16:12:58.125+05:30	2026-04-10 16:12:58.125+05:30
38	f	resilience	2026-04-10 16:13:10.026+05:30	2026-04-10 16:13:10.026+05:30
39	f	gt-winter-series	2026-04-10 16:14:02.167+05:30	2026-04-10 16:14:02.167+05:30
40	f	racing	2026-04-10 16:14:26.338+05:30	2026-04-10 16:14:26.338+05:30
41	f	family	2026-04-10 16:14:34.117+05:30	2026-04-10 16:14:34.117+05:30
43	f	rampa-de-murca	2026-04-10 16:15:47.494+05:30	2026-04-10 16:15:47.493+05:30
44	f	hill-climb	2026-04-10 16:16:02.131+05:30	2026-04-10 16:16:02.131+05:30
45	f	gt-3	2026-04-10 16:16:26.734+05:30	2026-04-10 16:16:26.734+05:30
46	f	announcement	2026-04-10 16:16:53.744+05:30	2026-04-10 16:16:53.744+05:30
47	f	coming-in-hot	2026-04-10 16:17:07.102+05:30	2026-04-10 16:17:07.102+05:30
48	f	princess-of-the-mountain	2026-04-10 16:17:16.234+05:30	2026-04-10 16:17:16.233+05:30
49	f	welcome	2026-04-10 16:18:22.66+05:30	2026-04-10 16:18:22.66+05:30
50	f	jose-barros	2026-04-10 16:18:34.735+05:30	2026-04-10 16:18:34.735+05:30
51	f	gt-cup-europe	2026-04-10 16:18:43.96+05:30	2026-04-10 16:18:43.96+05:30
52	f	portuguese-motorsport	2026-04-10 16:18:54.039+05:30	2026-04-10 16:18:54.039+05:30
53	f	new-chapter	2026-04-10 16:19:07.299+05:30	2026-04-10 16:19:07.299+05:30
54	f	pipo-massa	2026-04-10 16:20:18.082+05:30	2026-04-10 16:20:18.082+05:30
55	f	first-victory	2026-04-10 16:20:26.572+05:30	2026-04-10 16:20:26.572+05:30
56	f	wet-weather	2026-04-10 16:21:04.792+05:30	2026-04-10 16:21:04.792+05:30
57	f	driver-development	2026-04-10 16:21:18.11+05:30	2026-04-10 16:21:18.11+05:30
58	f	proud-moment	2026-04-10 16:21:30.324+05:30	2026-04-10 16:21:30.324+05:30
59	f	brazilian-talent	2026-04-10 16:22:51.268+05:30	2026-04-10 16:22:51.267+05:30
60	f	emotional	2026-04-10 16:23:55.106+05:30	2026-04-10 16:23:55.106+05:30
61	f	hard-work-pays-off	2026-04-10 16:24:06.527+05:30	2026-04-10 16:24:06.527+05:30
63	f	victory	2026-04-10 16:25:20.537+05:30	2026-04-10 16:25:20.537+05:30
64	f	anders-steiner	2026-04-10 16:25:39.57+05:30	2026-04-10 16:25:39.57+05:30
65	f	team-steiner	2026-04-10 16:25:56.011+05:30	2026-04-10 16:25:56.011+05:30
66	f	race-weekend	2026-04-10 16:27:26.4+05:30	2026-04-10 16:27:26.4+05:30
68	f	father-and-son	2026-04-10 16:29:29.394+05:30	2026-04-10 16:29:29.393+05:30
69	f	motorsport	2026-04-10 16:30:04.275+05:30	2026-04-10 16:30:04.275+05:30
67	f	felipe-massa	2026-04-10 16:30:23.271+05:30	2026-04-10 16:29:06.213+05:30
70	f	season-preview	2026-04-10 16:43:46.912+05:30	2026-04-10 16:43:46.912+05:30
71	f	team-development	2026-04-10 16:44:05.758+05:30	2026-04-10 16:44:05.758+05:30
72	f	learning-experience	2026-04-10 16:46:34.315+05:30	2026-04-10 16:46:34.315+05:30
73	f	honest-reflection	2026-04-10 16:46:48.726+05:30	2026-04-10 16:46:48.726+05:30
\.


--
-- Data for Name: tags_locales; Type: TABLE DATA; Schema: public; Owner: afmuser
--

COPY public.tags_locales (name, basics_description, basics_context, seo_title, seo_image_id, seo_description, id, _locale, _parent_id) FROM stdin;
Porsche	Content tagged with the Porsche brand, manufacturer, or specific Porsche Motorsport references.		\N	\N	\N	1	en	1
992 GT3 Cup	Content specifically related to the Porsche 992-generation GT3 Cup car, its specifications, and competition.		\N	\N	\N	2	en	2
Estoril	Content associated with Autódromo do Estoril, the home circuit of AF Motorsport and historic Portuguese venue.		\N	\N	\N	3	en	3
Portimão	Content related to Autódromo Internacional do Algarve in Portimão, Portugal's premier modern racing facility.		\N	\N	\N	4	en	4
Barcelona	Content associated with Circuit de Barcelona-Catalunya, Spain's premier Formula 1 and testing venue.		\N	\N	\N	5	en	5
Jerez	Content related to Circuito de Jerez - Ángel Nieto, the historic Andalusian racing circuit.		\N	\N	\N	6	en	6
AF Motorsport	Content specifically about or related to AF Motorsport, the professional Portuguese racing team.		\N	\N	\N	7	en	7
Fernandes	Content featuring or related to André Fernandes, Team Principal and lead driver of AF Motorsport.		\N	\N	\N	8	en	8
Race Win	Content celebrating or documenting race victories and winning performances.		\N	\N	\N	9	en	9
Podium	Content featuring podium finishes, celebrations, and top-three competitive achievements.		\N	\N	\N	10	en	10
Pole Position	Content related to qualifying performance and pole position achievements.		\N	\N	\N	11	en	11
Fastest Lap	Content featuring fastest race lap achievements and exceptional single-lap performance.\n		\N	\N	\N	12	en	12
Track Record	Content documenting track record achievements and record-breaking performances.		\N	\N	\N	13	en	13
Championship	Content related to championship competition, standings, and title battles.		\N	\N	\N	14	en	14
Points	Content focused on championship points accumulation, standings updates, and points-scoring performances.		\N	\N	\N	15	en	15
Season Opener	Content covering the opening round of a championship season and season launch activities.		\N	\N	\N	16	en	16
Season Finale	Content covering championship-deciding final rounds and season conclusion events.		\N	\N	\N	17	en	17
pre-season	Content related to pre-season preparation, testing, and season build-up activities.		\N	\N	\N	18	en	18
Testing	Content covering private and official test sessions, development running, and evaluation activities.		\N	\N	\N	19	en	19
Development	Content focused on technical development, car evolution, and performance improvement processes.		\N	\N	\N	20	en	20
Setup	Content related to car setup, chassis tuning, and performance optimization through mechanical adjustment.		\N	\N	\N	21	en	21
Data Analysis	Content covering telemetry analysis, data-driven performance improvement, and analytical methodologies.		\N	\N	\N	22	en	22
Telemetry	Content specifically focused on telemetry data, sensor information, and data acquisition systems.		\N	\N	\N	23	en	23
Simulator	Content related to simulator training, simulation technology, and virtual preparation activities.		\N	\N	\N	24	en	24
Driver Coaching	Content covering driver instruction, coaching sessions, and performance development guidance.		\N	\N	\N	25	en	25
Race Engineering	Content focused on the engineering aspects of race operations and trackside engineering activities.		\N	\N	\N	26	en	26
Strategy	Content covering race strategy, tactical decision-making, and competitive planning.		\N	\N	\N	27	en	27
Pit Stop	Content related to pit stop operations, procedures, and competitive pit lane activity.		\N	\N	\N	28	en	28
Tire Management	Content focused on tire strategy, degradation management, and tire performance optimization.		\N	\N	\N	29	en	29
Wet Race	Content covering wet weather competition, rain-affected events, and challenging conditions.		\N	\N	\N	30	en	30
Overtake	Content featuring overtaking maneuvers, passing opportunities, and wheel-to-wheel competition.		\N	\N	\N	31	en	31
Battle	Content documenting competitive battles, close racing, and wheel-to-wheel action.		\N	\N	\N	32	en	32
Victory Lane	Content capturing victory celebrations, winner's circle moments, and post-race triumph.		\N	\N	\N	33	en	33
Celebration	Content featuring celebratory moments, team achievements, and emotional victories.		\N	\N	\N	34	en	34
Teamwork	Content highlighting team collaboration, collective effort, and organizational achievement.		\N	\N	\N	35	en	35
Murca			\N	\N	\N	36	en	36
Mechanics			\N	\N	\N	37	en	37
Resilience			\N	\N	\N	38	en	38
GT Winter Series			\N	\N	\N	39	en	39
Racing			\N	\N	\N	40	en	40
Family			\N	\N	\N	41	en	41
Rampa De Murca			\N	\N	\N	42	en	43
Hill Climb			\N	\N	\N	43	en	44
GT 3			\N	\N	\N	44	en	45
Announcement			\N	\N	\N	45	en	46
Coming In Hot			\N	\N	\N	46	en	47
Princess Of The Mountain			\N	\N	\N	47	en	48
Welcome			\N	\N	\N	48	en	49
Jose Barros			\N	\N	\N	49	en	50
GT Cup Europe			\N	\N	\N	50	en	51
Portuguese Motorsport			\N	\N	\N	51	en	52
New Chapter			\N	\N	\N	52	en	53
Pipo Massa			\N	\N	\N	53	en	54
First Victory			\N	\N	\N	54	en	55
Wet Weather			\N	\N	\N	55	en	56
Driver Development			\N	\N	\N	56	en	57
Proud Moment			\N	\N	\N	57	en	58
Brazilian Talent			\N	\N	\N	58	en	59
Emotional			\N	\N	\N	59	en	60
Hard Work Pays Off			\N	\N	\N	60	en	61
Victory			\N	\N	\N	62	en	63
Anders Steiner			\N	\N	\N	63	en	64
Team Steiner			\N	\N	\N	64	en	65
Race Weekend			\N	\N	\N	65	en	66
Father and Son			\N	\N	\N	67	en	68
Motorsport			\N	\N	\N	68	en	69
Felipe Massa			\N	\N	\N	70	en	67
Season Preview			\N	\N	\N	71	en	70
Team Development			\N	\N	\N	72	en	71
Learning Experience			\N	\N	\N	73	en	72
Honest Reflection			\N	\N	\N	74	en	73
\.


--
-- Data for Name: tags_rels; Type: TABLE DATA; Schema: public; Owner: afmuser
--

COPY public.tags_rels (id, "order", parent_id, path, categories_id, tags_id) FROM stdin;
1	1	1	type	1	\N
2	1	2	type	2	\N
3	1	3	type	4	\N
4	2	3	type	6	\N
5	1	4	type	3	\N
6	2	4	type	10	\N
7	1	5	type	5	\N
8	2	5	type	9	\N
9	1	6	type	4	\N
10	2	6	type	9	\N
11	1	7	type	4	\N
12	2	7	type	9	\N
13	1	8	type	4	\N
14	1	9	type	3	\N
15	2	9	type	8	\N
16	1	10	type	2	\N
17	2	10	type	9	\N
18	1	11	type	6	\N
19	2	11	type	9	\N
20	1	12	type	3	\N
21	2	12	type	8	\N
22	1	13	type	3	\N
23	2	13	type	8	\N
24	1	14	type	3	\N
25	2	14	type	9	\N
26	1	15	type	2	\N
27	2	15	type	7	\N
28	1	16	type	3	\N
29	2	16	type	9	\N
30	3	16	type	10	\N
31	1	17	type	3	\N
32	2	17	type	9	\N
33	3	17	type	11	\N
34	1	18	type	4	\N
35	2	18	type	8	\N
36	1	19	type	3	\N
37	2	19	type	1	\N
38	3	19	type	20	\N
39	1	20	type	1	\N
40	2	20	type	18	\N
41	3	20	type	6	\N
42	1	20	categories	2	\N
43	2	20	categories	5	\N
44	1	20	tags	\N	1
45	2	20	tags	\N	7
46	1	21	type	2	\N
47	2	21	type	5	\N
48	3	21	type	10	\N
49	1	22	type	4	\N
50	2	22	type	9	\N
51	3	22	type	6	\N
52	4	22	type	10	\N
53	1	23	type	2	\N
54	2	23	type	8	\N
55	3	23	type	11	\N
56	1	24	type	3	\N
57	2	24	type	8	\N
58	3	24	type	10	\N
59	1	25	type	3	\N
60	2	25	type	8	\N
61	3	25	type	7	\N
62	1	26	type	3	\N
63	2	26	type	8	\N
64	3	26	type	11	\N
65	1	27	type	3	\N
66	2	27	type	4	\N
67	3	27	type	10	\N
68	4	27	type	15	\N
69	1	28	type	4	\N
70	2	28	type	9	\N
71	3	28	type	6	\N
72	1	29	type	3	\N
73	2	29	type	8	\N
74	3	29	type	6	\N
75	1	30	type	2	\N
76	2	30	type	8	\N
77	3	30	type	14	\N
78	1	31	type	2	\N
79	2	31	type	1	\N
80	3	31	type	5	\N
81	1	32	type	3	\N
82	2	32	type	6	\N
83	3	32	type	10	\N
84	1	33	type	3	\N
85	2	33	type	7	\N
86	3	33	type	10	\N
87	4	33	type	12	\N
88	1	34	type	2	\N
89	2	34	type	6	\N
90	3	34	type	7	\N
91	1	35	type	3	\N
92	2	35	type	6	\N
93	3	35	type	19	\N
94	4	35	type	10	\N
95	1	36	type	1	\N
\.


--
-- Data for Name: teams; Type: TABLE DATA; Schema: public; Owner: afmuser
--

COPY public.teams (id, name, alias, basics_tagline, basics_description, details_history, details_country_id, details_start_date, details_end_date, details_website, assets_logo_id, assets_cover_id, generate_slug, slug, updated_at, created_at) FROM stdin;
5	Autosport Portugal Lda	autosport-portugal	Motorsport Equipment and Service Provider	Autosport Portugal is a leading Portuguese motorsport equipment supplier and service provider. The organization supplies AF Motorsport with consumables, safety equipment, workshop supplies, and specialized motorsport products essential for team operations.	{"root": {"type": "root", "format": "", "indent": 0, "version": 1, "children": [{"type": "paragraph", "format": "", "indent": 0, "version": 1, "children": [{"mode": "normal", "text": "Established in 1995, Autosport Portugal has grown to become Portugal's premier motorsport supplier, serving teams across national and international competition. The company's comprehensive inventory and established supply chains ensure reliable access to essential motorsport products.", "type": "text", "style": "", "detail": 0, "format": 0, "version": 1}], "direction": null, "textStyle": "", "textFormat": 0}, {"type": "paragraph", "format": "", "indent": 0, "version": 1, "children": [{"mode": "normal", "text": "    ", "type": "text", "style": "", "detail": 0, "format": 0, "version": 1}], "direction": null, "textStyle": "", "textFormat": 0}, {"type": "paragraph", "format": "", "indent": 0, "version": 1, "children": [{"mode": "normal", "text": " Autosport Portugal's relationship with AF Motorsport extends beyond product supply to include technical consultation and logistics support. The partnership ensures AF Motorsport maintains operational readiness with consistent access to quality equipment and consumables.", "type": "text", "style": "", "detail": 0, "format": 0, "version": 1}], "direction": null, "textStyle": "", "textFormat": 0}, {"type": "paragraph", "format": "", "indent": 0, "version": 1, "children": [], "direction": null, "textStyle": "", "textFormat": 0}], "direction": null}}	12	1995-09-10 17:00:00+05:30	2026-04-15 17:00:00+05:30	https://www.autosport.pt	\N	\N	f	autosport-portugal-lda	2026-04-10 17:23:31.663+05:30	2026-04-09 20:20:40.327+05:30
4	JLF Designs UK	jlf-designs	Helmet Art and Motorsport Livery Design	JLF Designs is a premium helmet painting and motorsport livery design studio based in the United Kingdom. The studio has created custom helmet designs for AF Motorsport drivers including André Fernandes's signature Portuguese Navigator concept, and provides livery design consultation for the team's competition vehicles.	{"root": {"type": "root", "format": "", "indent": 0, "version": 1, "children": [{"type": "paragraph", "format": "", "indent": 0, "version": 1, "children": [{"mode": "normal", "text": " Established by Jason Lefroy, JLF Designs has earned international recognition for exceptional helmet artwork and motorsport livery design. The studio's work adorns helmets of drivers across Formula 1, GT racing, and international Porsche championships, with a reputation for translating driver personalities and heritage into striking visual designs.", "type": "text", "style": "", "detail": 0, "format": 0, "version": 1}], "direction": null, "textStyle": "", "textFormat": 0}, {"type": "paragraph", "format": "", "indent": 0, "version": 1, "children": [{"mode": "normal", "text": "    ", "type": "text", "style": "", "detail": 0, "format": 0, "version": 1}], "direction": null, "textStyle": "", "textFormat": 0}, {"type": "paragraph", "format": "", "indent": 0, "version": 1, "children": [{"mode": "normal", "text": "    JLF Designs has collaborated with AF Motorsport since the team's Porsche program inception, developing the distinctive helmet designs that have become synonymous with the team's visual identity. The partnership combines British design craftsmanship with Portuguese racing heritage.", "type": "text", "style": "", "detail": 0, "format": 0, "version": 1}], "direction": null, "textStyle": "", "textFormat": 0}], "direction": null}}	27	2010-03-01 17:00:00+05:30	2026-10-22 17:00:00+05:30	https://www.jlfdesigns.com	\N	\N	f	jlf-designs-uk	2026-04-10 17:27:06.911+05:30	2026-04-09 20:19:37.671+05:30
7	Steiner Racing	steiner-racing	German Precision in GT Competition	Steiner Racing is a German motorsport organization competing in European GT and Porsche championships. The team fields Porsche 992 GT3 Cup machinery in the GT Winter Series, partnering with AF Motorsport for selected events.	{"root": {"type": "root", "format": "", "indent": 0, "version": 1, "children": [{"type": "paragraph", "format": "", "indent": 0, "version": 1, "children": [{"mode": "normal", "text": "Founded by former Porsche Cup competitor Markus Steiner, Team Steiner Racing has established itself within European Porsche competition through meticulous preparation and professional race execution. The team's collaboration with AF Motorsport at Barcelona demonstrated effective partnership, with the combined entry securing a Cup 2 class victory by a narrow 0.637-second margin.", "type": "text", "style": "", "detail": 0, "format": 0, "version": 1}], "direction": null, "textStyle": "", "textFormat": 0}, {"type": "paragraph", "format": "", "indent": 0, "version": 1, "children": [{"mode": "normal", "text": "    ", "type": "text", "style": "", "detail": 0, "format": 0, "version": 1}], "direction": null, "textStyle": "", "textFormat": 0}, {"type": "paragraph", "format": "", "indent": 0, "version": 1, "children": [{"mode": "normal", "text": "    The organization's philosophy emphasizes driver development alongside competitive achievement, making them natural partners for AF Motorsport's approach. Shared technical resources and complementary expertise benefit both organizations.", "type": "text", "style": "", "detail": 0, "format": 0, "version": 1}], "direction": null, "textStyle": "", "textFormat": 0}], "direction": null}}	57	2019-03-01 17:00:00+05:30	\N	https://www.steiner-racing.de	\N	\N	f	steiner-racing	2026-04-10 17:16:27.338+05:30	2026-04-10 15:49:07.575+05:30
2	Porsche Motorsport Ibérica	porsche-motorsport-iberica	Regional Porsche Motorsport Operations	The Iberian regional division of Porsche Motorsport, responsible for customer racing support, championship organization, and technical assistance for Porsche competition programs across Portugal and Spain. This entity manages the Porsche Sprint Challenge Ibérica championship and provides essential support to regional Porsche racing teams.	{"root": {"type": "root", "format": "", "indent": 0, "version": 1, "children": [{"type": "paragraph", "format": "", "indent": 0, "version": 1, "children": [], "direction": null, "textStyle": "", "textFormat": 0}, {"type": "paragraph", "format": "", "indent": 0, "version": 1, "children": [{"mode": "normal", "text": "Porsche Motorsport Ibérica was established to provide dedicated support for the growing Porsche customer racing community in Portugal and Spain. The organization coordinates championship operations, technical support, parts supply, and driver development programs specific to the Iberian region.", "type": "text", "style": "", "detail": 0, "format": 0, "version": 1}], "direction": null, "textStyle": "", "textFormat": 0}, {"type": "paragraph", "format": "", "indent": 0, "version": 1, "children": [{"mode": "normal", "text": "    ", "type": "text", "style": "", "detail": 0, "format": 0, "version": 1}], "direction": null, "textStyle": "", "textFormat": 0}, {"type": "paragraph", "format": "", "indent": 0, "version": 1, "children": [{"mode": "normal", "text": "    The division played a central role in the merger of Portuguese and Spanish national Porsche championships into the unified Porsche Sprint Challenge Ibérica series, creating a stronger competitive platform and more efficient operational structure for regional Porsche competition.", "type": "text", "style": "", "detail": 0, "format": 0, "version": 1}], "direction": null, "textStyle": "", "textFormat": 0}], "direction": null}}	42	2022-01-01 17:00:00+05:30	2026-04-29 17:00:00+05:30	https://www.porsche.com/spain/motorsport	\N	\N	f	porsche-motorsport-ibrica	2026-04-10 17:34:29.345+05:30	2026-04-09 20:15:33.024+05:30
6	Estoril Racing Experience	estoril-racing-experience	Track Day and Experience Organizer	Estoril Racing Experience organizes track days, driving experiences, and corporate motorsport events at Autódromo do Estoril and circuits throughout Portugal. The organization partners with AF Motorsport for guest driver programs and corporate partner activation events.	{"root": {"type": "root", "format": "", "indent": 0, "version": 1, "children": [{"type": "paragraph", "format": "", "indent": 0, "version": 1, "children": [{"mode": "normal", "text": "Estoril Racing Experience was founded to provide accessible motorsport experiences for enthusiasts and corporate clients. The organization has developed comprehensive programs ranging from introductory track experiences to advanced driver development, utilizing the Estoril circuit's facilities and a fleet of professionally maintained vehicles.", "type": "text", "style": "", "detail": 0, "format": 0, "version": 1}], "direction": null, "textStyle": "", "textFormat": 0}, {"type": "paragraph", "format": "", "indent": 0, "version": 1, "children": [{"mode": "normal", "text": "    ", "type": "text", "style": "", "detail": 0, "format": 0, "version": 1}], "direction": null, "textStyle": "", "textFormat": 0}, {"type": "paragraph", "format": "", "indent": 0, "version": 1, "children": [{"mode": "normal", "text": "The partnership with AF Motorsport enables elevated experience offerings including Porsche Cup car passenger rides, professional instruction from team drivers, and behind-the-scenes access to professional race team operations.", "type": "text", "style": "", "detail": 0, "format": 0, "version": 1}], "direction": null, "textStyle": "", "textFormat": 0}], "direction": null}}	6	2015-04-01 17:00:00+05:30	2026-04-22 17:00:00+05:30	https://www.estorilracingexperience.pt	\N	\N	f	estoril-racing-experience	2026-04-10 17:20:26.053+05:30	2026-04-09 20:21:44.99+05:30
3	P21 Motorsport	p21-motorsport	Technical Partner and Porsche Specialist	P21 Motorsport is a specialized Porsche service and preparation facility based in Barcelona, Spain. The organization provides technical support, parts supply, and specialist services to Porsche racing teams throughout the Iberian region. P21 serves as a key technical partner to AF Motorsport for specialized Porsche Cup car preparation and support.	{"root": {"type": "root", "format": "", "indent": 0, "version": 1, "children": [{"type": "paragraph", "format": "", "indent": 0, "version": 1, "children": [{"mode": "normal", "text": "Founded by former Porsche Motorsport technicians, P21 Motorsport has established itself as the reference for independent Porsche racing support in Iberia. The organization's expertise spans multiple generations of Porsche Cup cars, with particular specialization in the 991.2 and 992 platforms campaigned by AF Motorsport.", "type": "text", "style": "", "detail": 0, "format": 0, "version": 1}], "direction": null, "textStyle": "", "textFormat": 0}, {"type": "paragraph", "format": "", "indent": 0, "version": 1, "children": [{"mode": "normal", "text": "    ", "type": "text", "style": "", "detail": 0, "format": 0, "version": 1}], "direction": null, "textStyle": "", "textFormat": 0}, {"type": "paragraph", "format": "", "indent": 0, "version": 1, "children": [{"mode": "normal", "text": "P21 provides specialist services including gearbox rebuilding, damper servicing, and advanced diagnostics that complement AF Motorsport's in-house capabilities. The partnership enables AF Motorsport to maintain factory-specification standards while benefiting from P21's specialized equipment and deep Porsche technical knowledge.", "type": "text", "style": "", "detail": 0, "format": 0, "version": 1}], "direction": null, "textStyle": "", "textFormat": 0}], "direction": null}}	22	2018-05-15 17:00:00+05:30	2026-04-15 17:00:00+05:30	https://www.p21motorsport.com	\N	\N	f	p21-motorsport	2026-04-10 17:31:07.767+05:30	2026-04-09 20:17:01.365+05:30
1	AF Motorsport	af-motorsport	Performance Through Preparation	AF Motorsport is a professional motorsport organization based at Autódromo do Estoril, Portugal. Founded by André Fernandes, the team competes in the Porsche Sprint Challenge Ibérica championship and selected international events, combining Portuguese racing heritage with modern motorsport methodology. The organization's philosophy emphasizes meticulous preparation, driver development, and commercial professionalism.	{"root": {"type": "root", "format": "", "indent": 0, "version": 1, "children": [{"type": "paragraph", "format": "", "indent": 0, "version": 1, "children": [{"mode": "normal", "text": " AF Motorsport was established in 2020 by André Fernandes, transitioning from individual competition to a structured team organization. The team initially competed in Portuguese national championships, building operational capability and competitive experience before expanding to international Porsche competition in 2025.", "type": "text", "style": "", "detail": 0, "format": 0, "version": 1}], "direction": null, "textStyle": "", "textFormat": 0}, {"type": "paragraph", "format": "", "indent": 0, "version": 1, "children": [{"mode": "normal", "text": "    ", "type": "text", "style": "", "detail": 0, "format": 0, "version": 1}], "direction": null, "textStyle": "", "textFormat": 0}, {"type": "paragraph", "format": "", "indent": 0, "version": 1, "children": [{"mode": "normal", "text": "    The organization's development has been methodical and strategic, with each season building upon previous foundations. Key milestones include establishing the Estoril workshop facility in 2020, expanding to a two-car Porsche program in 2025, and achieving multiple race victories and championship podiums in the Porsche Sprint Challenge Ibérica series.", "type": "text", "style": "", "detail": 0, "format": 0, "version": 1}], "direction": null, "textStyle": "", "textFormat": 0}, {"type": "paragraph", "format": "", "indent": 0, "version": 1, "children": [{"mode": "normal", "text": "    ", "type": "text", "style": "", "detail": 0, "format": 0, "version": 1}], "direction": null, "textStyle": "", "textFormat": 0}, {"type": "paragraph", "format": "", "indent": 0, "version": 1, "children": [{"mode": "normal", "text": "    AF Motorsport's approach integrates Portuguese racing passion with professional standards and commercial discipline. The team has cultivated strong relationships with technical partners, sponsors, and the broader motorsport community, establishing a reputation for professionalism and competitive integrity.", "type": "text", "style": "", "detail": 0, "format": 0, "version": 1}], "direction": null, "textStyle": "", "textFormat": 0}], "direction": null}}	15	2020-03-01 17:00:00+05:30	2026-04-28 17:00:00+05:30	https://www.afmotorsport.com	\N	\N	f	af-motorsport	2026-04-10 17:35:11.78+05:30	2026-04-09 20:14:04.252+05:30
\.


--
-- Data for Name: teams_locales; Type: TABLE DATA; Schema: public; Owner: afmuser
--

COPY public.teams_locales (seo_title, seo_image_id, seo_description, id, _locale, _parent_id) FROM stdin;
\.


--
-- Data for Name: teams_rels; Type: TABLE DATA; Schema: public; Owner: afmuser
--

COPY public.teams_rels (id, "order", parent_id, path, media_id, categories_id, tags_id) FROM stdin;
150	1	7	assets.gallery	42	\N	\N
151	2	7	assets.gallery	43	\N	\N
152	3	7	assets.gallery	44	\N	\N
153	4	7	assets.gallery	45	\N	\N
154	1	7	categories	\N	2	\N
155	2	7	categories	\N	3	\N
156	1	7	tags	\N	\N	1
157	2	7	tags	\N	\N	2
158	3	7	tags	\N	\N	5
159	1	6	assets.gallery	46	\N	\N
160	2	6	assets.gallery	47	\N	\N
161	3	6	assets.gallery	48	\N	\N
162	4	6	assets.gallery	49	\N	\N
163	1	6	categories	\N	4	\N
164	2	6	categories	\N	2	\N
165	3	6	categories	\N	9	\N
166	4	6	categories	\N	5	\N
167	1	6	tags	\N	\N	5
168	2	6	tags	\N	\N	4
169	3	6	tags	\N	\N	7
170	4	6	tags	\N	\N	8
171	5	6	tags	\N	\N	10
172	6	6	tags	\N	\N	6
173	7	6	tags	\N	\N	11
174	1	5	assets.gallery	50	\N	\N
175	2	5	assets.gallery	51	\N	\N
176	3	5	assets.gallery	52	\N	\N
177	4	5	assets.gallery	53	\N	\N
178	1	5	categories	\N	2	\N
179	2	5	categories	\N	8	\N
180	3	5	categories	\N	9	\N
181	1	5	tags	\N	\N	2
182	2	5	tags	\N	\N	5
183	3	5	tags	\N	\N	9
184	4	5	tags	\N	\N	12
185	5	5	tags	\N	\N	13
186	6	5	tags	\N	\N	19
187	7	5	tags	\N	\N	4
188	8	5	tags	\N	\N	15
189	1	4	assets.gallery	54	\N	\N
190	2	4	assets.gallery	55	\N	\N
191	3	4	assets.gallery	56	\N	\N
192	4	4	assets.gallery	57	\N	\N
193	1	4	categories	\N	2	\N
194	2	4	categories	\N	6	\N
195	3	4	categories	\N	5	\N
196	1	4	tags	\N	\N	2
197	2	4	tags	\N	\N	6
198	3	4	tags	\N	\N	8
199	4	4	tags	\N	\N	7
200	5	4	tags	\N	\N	13
201	6	4	tags	\N	\N	9
202	7	4	tags	\N	\N	11
203	8	4	tags	\N	\N	12
204	1	3	assets.gallery	58	\N	\N
205	2	3	assets.gallery	59	\N	\N
206	3	3	assets.gallery	60	\N	\N
207	4	3	assets.gallery	61	\N	\N
208	1	3	categories	\N	2	\N
209	2	3	categories	\N	4	\N
210	1	3	tags	\N	\N	4
211	2	3	tags	\N	\N	7
212	3	3	tags	\N	\N	9
213	4	3	tags	\N	\N	10
214	5	3	tags	\N	\N	6
215	6	3	tags	\N	\N	11
216	7	3	tags	\N	\N	12
217	8	3	tags	\N	\N	5
218	1	2	assets.gallery	62	\N	\N
219	2	2	assets.gallery	63	\N	\N
220	3	2	assets.gallery	64	\N	\N
221	4	2	assets.gallery	65	\N	\N
222	1	2	categories	\N	3	\N
223	2	2	categories	\N	8	\N
224	3	2	categories	\N	7	\N
225	4	2	categories	\N	11	\N
226	1	2	tags	\N	\N	3
227	2	2	tags	\N	\N	7
228	3	2	tags	\N	\N	9
229	4	2	tags	\N	\N	8
230	5	2	tags	\N	\N	13
231	6	2	tags	\N	\N	11
232	7	2	tags	\N	\N	18
233	8	2	tags	\N	\N	22
234	1	1	assets.gallery	42	\N	\N
235	2	1	assets.gallery	51	\N	\N
236	3	1	assets.gallery	58	\N	\N
237	4	1	assets.gallery	65	\N	\N
238	1	1	categories	\N	2	\N
239	2	1	categories	\N	8	\N
240	3	1	categories	\N	10	\N
241	4	1	categories	\N	7	\N
242	1	1	tags	\N	\N	3
243	2	1	tags	\N	\N	6
244	3	1	tags	\N	\N	8
245	4	1	tags	\N	\N	10
246	5	1	tags	\N	\N	11
247	6	1	tags	\N	\N	7
248	7	1	tags	\N	\N	14
\.


--
-- Data for Name: timelines; Type: TABLE DATA; Schema: public; Owner: afmuser
--

COPY public.timelines (id, name, alias, basics_description, details_scope, details_status, details_start_date, details_end_date, details_color_scheme, details_orientation, details_notes, assets_thumbnail_id, assets_cover_id, generate_slug, slug, updated_at, created_at) FROM stdin;
2	AF Motorsport 2026 Season Timeline	afm-2026-season-timeline	Comprehensive chronological overview of AF Motorsport's 2026 competitive season including all championship rounds, testing activities, partner events, and key organizational milestones. This timeline serves as the master planning reference for all team operations throughout the calendar year.	team	active	2026-01-05 17:00:00+05:30	2026-12-20 17:00:00+05:30	dark	horizontal	Timeline maintained as living document with updates reflecting confirmed event dates and operational adjustments. Distributed to all team personnel and key partners.	\N	\N	f	af-motorsport-2026-season-timeline	2026-04-10 17:04:14.095+05:30	2026-04-10 09:34:16.715+05:30
1	AF Motorsport Technical Development Timeline 2026	afm-technical-timeline-2026	Chronological roadmap for technical development activities throughout the 2026 season including setup optimization programs, data analysis enhancements, component evaluation schedules, and engineering process improvements.	project	active	2026-01-01 17:00:00+05:30	2026-12-31 17:00:00+05:30	monochrome	horizontal	Technical timeline integrated with championship calendar to optimize development activities around competitive schedule. Regular review points ensure alignment with performance objectives.	\N	\N	f	af-motorsport-technical-development-timeline-2026	2026-04-10 17:05:21.352+05:30	2026-04-10 09:33:19.884+05:30
3	AF Motorsport Driver Development Timeline 2026	afm-driver-development-timeline-2026	Structured timeline tracking driver development activities, assessments, and progression milestones throughout the 2026 season. This timeline coordinates coaching sessions, simulator training, physical preparation, and performance reviews for all AF Motorsport development drivers.	personal	active	2026-01-05 17:00:00+05:30	2026-12-15 17:00:00+05:30	vibrant	vertical	Individual driver timelines maintained separately with personalized milestones. This master timeline coordinates resource allocation and coaching availability.	\N	94	f	af-motorsport-driver-development-timeline-2026	2026-04-25 18:32:40.121+05:30	2026-04-10 09:34:58.714+05:30
\.


--
-- Data for Name: timelines_locales; Type: TABLE DATA; Schema: public; Owner: afmuser
--

COPY public.timelines_locales (seo_title, seo_image_id, seo_description, id, _locale, _parent_id) FROM stdin;
\.


--
-- Data for Name: timelines_rels; Type: TABLE DATA; Schema: public; Owner: afmuser
--

COPY public.timelines_rels (id, "order", parent_id, path, media_id, categories_id, tags_id) FROM stdin;
42	1	2	assets.documents	39	\N	\N
43	1	2	categories	\N	4	\N
44	2	2	categories	\N	9	\N
45	3	2	categories	\N	6	\N
46	4	2	categories	\N	5	\N
47	1	2	tags	\N	\N	4
48	2	2	tags	\N	\N	5
49	3	2	tags	\N	\N	10
50	4	2	tags	\N	\N	9
51	5	2	tags	\N	\N	7
52	6	2	tags	\N	\N	11
53	7	2	tags	\N	\N	3
54	8	2	tags	\N	\N	14
55	1	1	assets.documents	40	\N	\N
56	2	1	assets.documents	41	\N	\N
57	1	1	categories	\N	6	\N
58	2	1	categories	\N	3	\N
59	1	1	tags	\N	\N	4
60	2	1	tags	\N	\N	7
61	3	1	tags	\N	\N	6
62	4	1	tags	\N	\N	5
63	5	1	tags	\N	\N	8
64	6	1	tags	\N	\N	11
65	1	3	assets.documents	38	\N	\N
66	1	3	categories	\N	3	\N
67	2	3	categories	\N	6	\N
68	3	3	categories	\N	2	\N
69	1	3	tags	\N	\N	3
70	2	3	tags	\N	\N	7
71	3	3	tags	\N	\N	10
72	4	3	tags	\N	\N	8
73	5	3	tags	\N	\N	6
74	6	3	tags	\N	\N	5
75	7	3	tags	\N	\N	13
\.


--
-- Data for Name: timelines_traits_events_list; Type: TABLE DATA; Schema: public; Owner: afmuser
--

COPY public.timelines_traits_events_list (_order, _parent_id, id, name, date, description, location) FROM stdin;
1	2	69d876bf69e146bab7877df9	Porsche Motorsport Technical Seminar	2026-02-20 14:30:00+05:30	Mandatory manufacturer technical briefing covering 2026 regulations, technical updates, and operational procedures for all championship entrants.	0101000020E6100000295C8FC2F5C844400000000000000000
1	1	69d8767c77a3d48442ffedf9	KW Damper Technical Consultation	2026-02-10 15:30:00+05:30	 Factory technical support session with KW suspension engineers providing setup guidance and damper optimization recommendations.	0101000020E61000008048BF7D1D604340448B6CE7FBC922C0
1	3	69d876ca4917f56e6c75e315	Driver Development Seminar	2026-03-15 14:30:00+05:30	Full-day educational program covering technical fundamentals, data analysis introduction, physical preparation, and media training.	0101000020E610000000000000000026C08048BF7D1D604340
\.


--
-- Data for Name: timelines_traits_milestones_list; Type: TABLE DATA; Schema: public; Owner: afmuser
--

COPY public.timelines_traits_milestones_list (_order, _parent_id, id, name, date, description, icon_id) FROM stdin;
1	2	69d8769b69e146bab7877df8	Season Planning and Budget Approval	2026-01-15 17:00:00+05:30	Formal approval of 2026 championship campaign plan, budget allocation, and resource commitment by team leadership.	\N
1	1	69d8766077a3d48442ffedf8	Setup Database Framework Launch	2026-01-31 17:00:00+05:30	Implementation of structured setup database with circuit-specific optimization references and historical performance correlation.	\N
1	3	69d876ae4917f56e6c75e314	Baseline Assessment Complete	2026-01-31 17:00:00+05:30	Comprehensive evaluation of all development drivers establishing performance benchmarks across technical understanding, physical condition, and driving metrics.	\N
\.


--
-- Data for Name: trainings; Type: TABLE DATA; Schema: public; Owner: afmuser
--

COPY public.trainings (id, name, alias, basics_description, basics_intensity, basics_format, details_start_date, details_end_date, generate_slug, slug, updated_at, created_at) FROM stdin;
3	Race Strategy and Decision Making	race-strategy-training	{"root": {"type": "root", "format": "", "indent": 0, "version": 1, "children": [{"type": "paragraph", "format": "", "indent": 0, "version": 1, "children": [{"mode": "normal", "text": "Specialized training focusing on race strategy formulation, real-time decision making, and competitive scenario management for motorsport competition. The program develops the analytical and decision-making skills required for effective race strategy execution in the Porsche Sprint Challenge Ibérica format.", "type": "text", "style": "", "detail": 0, "format": 0, "version": 1}], "direction": null, "textStyle": "", "textFormat": 0}, {"type": "paragraph", "format": "", "indent": 0, "version": 1, "children": [{"mode": "normal", "text": "Training utilizes simulation exercises and historical race scenario analysis to develop strategic thinking and pressure decision capabilities. Participants practice responding to dynamic race situations including safety car periods, weather changes, and competitive threats.", "type": "text", "style": "", "detail": 0, "format": 0, "version": 1}], "direction": null, "textStyle": "", "textFormat": 0}], "direction": null}}	medium	simulated	2026-02-25 17:00:00+05:30	2026-02-26 17:00:00+05:30	f	race-strategy-and-decision-making	2026-04-10 17:00:21.844+05:30	2026-04-10 09:40:04.109+05:30
2	Data Analysis and Telemetry Interpretation	data-analysis-telemetry-training	{"root": {"type": "root", "format": "", "indent": 0, "version": 1, "children": [{"type": "paragraph", "format": "start", "indent": 0, "version": 1, "children": [{"mode": "normal", "text": "Structured training program developing competency in motorsport data analysis and telemetry interpretation using the Cosworth data acquisition system fitted to AF Motorsport's Porsche 992 GT3 Cup cars. The training enables drivers and engineers to extract actionable performance insights from vehicle data.", "type": "text", "style": "", "detail": 0, "format": 0, "version": 1}, {"type": "linebreak", "version": 1}, {"mode": "normal", "text": "    ", "type": "text", "style": "", "detail": 0, "format": 0, "version": 1}, {"type": "linebreak", "version": 1}, {"mode": "normal", "text": "    The curriculum covers fundamental data concepts through to advanced analysis techniques, with emphasis on practical application to AF Motorsport's specific performance optimization context. Participants learn to identify performance opportunities, validate setup changes, and communicate findings effectively.", "type": "text", "style": "", "detail": 0, "format": 0, "version": 1}], "direction": null, "textStyle": "", "textFormat": 0}], "direction": null}}	medium	classroom	2026-02-05 17:00:00+05:30	2026-02-07 17:00:00+05:30	f	data-analysis-and-telemetry-interpretation	2026-04-10 17:01:03.858+05:30	2026-04-10 00:58:01.447+05:30
5	Media and Communication Skills	media-communication-training	{"root": {"type": "root", "format": "", "indent": 0, "version": 1, "children": [{"type": "paragraph", "format": "", "indent": 0, "version": 1, "children": [{"mode": "normal", "text": "Professional development training focusing on effective communication with media, partners, and stakeholders. The program develops the skills required for professional media engagement including interview technique, message discipline, and brand representation.", "type": "text", "style": "", "detail": 0, "format": 0, "version": 1}], "direction": null, "textStyle": "", "textFormat": 0}, {"type": "paragraph", "format": "", "indent": 0, "version": 1, "children": [{"mode": "normal", "text": "    ", "type": "text", "style": "", "detail": 0, "format": 0, "version": 1}], "direction": null, "textStyle": "", "textFormat": 0}, {"type": "paragraph", "format": "", "indent": 0, "version": 1, "children": [{"mode": "normal", "text": "    Training utilizes practical exercises including mock interviews, press conference simulations, and presentation practice. Participants receive constructive feedback on communication style, content clarity, and professional presence.", "type": "text", "style": "", "detail": 0, "format": 0, "version": 1}], "direction": null, "textStyle": "", "textFormat": 0}], "direction": null}}	medium	group	2026-02-18 17:00:00+05:30	2026-02-18 17:00:00+05:30	f	media-and-communication-skills	2026-04-10 16:59:47.109+05:30	2026-04-10 09:46:50.375+05:30
4	Physical Preparation for Motorsport Performance	physical-preparation-training	{"root": {"type": "root", "format": "", "indent": 0, "version": 1, "children": [{"type": "paragraph", "format": "", "indent": 0, "version": 1, "children": [{"mode": "normal", "text": "Comprehensive physical conditioning program designed specifically for the physiological demands of professional motorsport competition. The training develops the strength, endurance, and recovery capabilities essential for maintaining peak performance through race weekends and across championship seasons.", "type": "text", "style": "", "detail": 0, "format": 0, "version": 1}], "direction": null, "textStyle": "", "textFormat": 0}, {"type": "paragraph", "format": "", "indent": 0, "version": 1, "children": [{"mode": "normal", "text": "    ", "type": "text", "style": "", "detail": 0, "format": 0, "version": 1}], "direction": null, "textStyle": "", "textFormat": 0}, {"type": "paragraph", "format": "", "indent": 0, "version": 1, "children": [{"mode": "normal", "text": "    The program addresses motorsport-specific requirements including neck strength for g-force management, cardiovascular endurance for heat stress tolerance, and fine motor control for precise vehicle inputs under fatigue. Individual assessment and personalized programming ensure training targets each driver's specific development needs.", "type": "text", "style": "", "detail": 0, "format": 0, "version": 1}], "direction": null, "textStyle": "", "textFormat": 0}], "direction": null}}	high	individual	2026-01-05 17:00:00+05:30	2026-12-15 17:00:00+05:30	f	physical-preparation-for-motorsport-performance	2026-04-10 16:59:32.394+05:30	2026-04-10 09:46:02.498+05:30
1	Porsche 992 GT3 Cup Systems Familiarization	porsche-992-systems-familiarization	{"root": {"type": "root", "format": "", "indent": 0, "version": 1, "children": [{"type": "paragraph", "format": "start", "indent": 0, "version": 1, "children": [{"mode": "normal", "text": "Comprehensive technical training module covering all vehicle systems of the Porsche 992 GT3 Cup car. The training provides mechanics and engineers with detailed understanding of system architecture, component function, maintenance requirements, and diagnostic procedures essential for professional race car preparation and track side support.", "type": "text", "style": "", "detail": 0, "format": 0, "version": 1}, {"type": "linebreak", "version": 1}, {"mode": "normal", "text": "    ", "type": "text", "style": "", "detail": 0, "format": 0, "version": 1}, {"type": "linebreak", "version": 1}, {"mode": "normal", "text": "    The curriculum progresses from foundational system overview through to advanced diagnostic techniques, ensuring participants develop both theoretical understanding and practical competency. Hands-on exercises utilizing team equipment reinforce classroom learning with direct application to AF Motorsport's specific operational context.", "type": "text", "style": "", "detail": 0, "format": 0, "version": 1}], "direction": null, "textStyle": "", "textFormat": 0}], "direction": null}}	high	hands_on	2026-01-15 17:00:00+05:30	2026-01-17 17:00:00+05:30	f	porsche-992-gt3-cup-systems-familiarization	2026-04-10 17:01:33.036+05:30	2026-04-10 00:54:41.75+05:30
\.


--
-- Data for Name: trainings_details_expectations_list; Type: TABLE DATA; Schema: public; Owner: afmuser
--

COPY public.trainings_details_expectations_list (_order, _parent_id, id, name, type, criteria, statement) FROM stdin;
1	4	69d8797355eef4b438b5aed5	Cardiovascular Conditioning	\N	Achievement of prescribed heart rate and endurance benchmarks	Driver maintains cardiovascular fitness sufficient for managing cockpit heat stress and sustaining concentration through race duration.
1	5	69d8797b40b9fa0a0f55b46c	Message Clarity and Consistency	\N	Clear articulation of key messages across multiple interview formats	Participant communicates clearly and maintains consistent messaging aligned with team and partner objectives.
2	5	69d879ab40b9fa0a0f55b46d	Professional Presence	\N	Demonstrated professional demeanor appropriate for media and stakeholder engagement	Participant presents professionally in appearance, body language, and verbal communication.
1	3	69d8781677a3d48442ffedfd	Strategic Scenario Planning	\N	Development of comprehensive pre-race strategy covering primary and contingency scenarios	Participant demonstrates ability to anticipate race scenarios and develop appropriate response strategies.
1	2	69d7fd7d7b3fb53a83a6afc2	Channel Identification and Understanding	\N	Correct identification and interpretation of all primary telemetry channels	Participant demonstrates understanding of all relevant data channels and their relationship to vehicle behavior and driver inputs.
2	2	69d7fd987b3fb53a83a6afc3	Performance Opportunity Identification	\N	Accurate identification of specific areas for performance improvement from data analysis	Participant can analyze telemetry data to identify specific corners or phases where performance gains are available.
3	2	69d7fda67b3fb53a83a6afc4	Comparative Analysis Competency	\N	Effective comparison of multiple data traces to identify performance differentials	Participant demonstrates ability to overlay and compare telemetry from different drivers, sessions, or setup configurations.
4	2	69d7fdb87b3fb53a83a6afc5	Communication of Findings	\N	Clear articulation of analysis findings to drivers and team personnel	Participant communicates technical findings in accessible language appropriate for diverse audience.
1	1	69d7fca97b3fb53a83a6afb9	System Architecture Understanding	\N	Accurate identification and description of all major vehicle systems and their interactions.	Participant demonstrates comprehensive understanding of 992 GT3 Cup vehicle systems including powertrain, chassis, electronics, and safety systems.
2	1	69d7fcc77b3fb53a83a6afba	Maintenance Procedure Competency	\N	Correct execution of standard maintenance procedures per Porsche Motorsport specifications	Participant performs specified maintenance tasks accurately and efficiently following manufacturer procedures.
3	1	69d7fcd77b3fb53a83a6afbb	Diagnostic Capability	\N	Systematic approach to fault identification using available diagnostic tools and resources	Participant demonstrates ability to diagnose common system issues using logical troubleshooting methodology.
4	1	69d7fce47b3fb53a83a6afbc	Documentation Compliance	\N	Accurate completion of all required service and inspection documentation	Participant maintains proper documentation standards in accordance with team procedures.
\.


--
-- Data for Name: trainings_details_specifications_list; Type: TABLE DATA; Schema: public; Owner: afmuser
--

COPY public.trainings_details_specifications_list (_order, _parent_id, id, parameter, value, description) FROM stdin;
1	4	69d8795955eef4b438b5aed4	Duration	Ongoing throughout season	Year-round program with periodized intensity aligned with competitive calendar.
1	5	69d8795640b9fa0a0f55b46a	Duration	8 hours	Single-day intensive program with extensive practical exercises.
2	5	69d8796740b9fa0a0f55b46b	Format	Workshop with individual coaching	Combination of group instruction and individual communication coaching.
1	3	69d8780477a3d48442ffedfc	Duration	12 hours total	Two-day intensive program with progressive scenario complexity.
1	2	69d7fd1f7b3fb53a83a6afbd	Duration	18 hours totat	Three-day program with progressive complexity from fundamentals to advanced analysis.
2	2	69d7fd317b3fb53a83a6afbe	Software Platform	Cosworth Toolbox	Training utilizes Cosworth analysis software matching team's operational environment.
3	2	69d7fd3c7b3fb53a83a6afbf	Data Sources	AF Motorsport race data archive	Training uses actual team data providing relevant and authentic analysis scenarios.
4	2	69d7fd587b3fb53a83a6afc0	Certification	Competency Assessment	Practical analysis exercise demonstrating applied learning.
1	1	69d7fc737b3fb53a83a6afb5	Duration	24 hours total	Three-day intensive program combining classroom instruction with practical workshop application.
2	1	69d7fc7f7b3fb53a83a6afb6	Instructor Ratio	1:4	One instructor per four participants ensuring individual attention and competency verification.
3	1	69d7fc8d7b3fb53a83a6afb7	Prerequisites	Motorsport mechanical experience	Participants must possess foundational motorsport or automotive mechanical experience.
4	1	69d7fc9a7b3fb53a83a6afb8	Certification	Internal Certification	Successful completion documented in personnel training records.
\.


--
-- Data for Name: trainings_locales; Type: TABLE DATA; Schema: public; Owner: afmuser
--

COPY public.trainings_locales (seo_title, seo_image_id, seo_description, id, _locale, _parent_id) FROM stdin;
\.


--
-- Data for Name: trainings_rels; Type: TABLE DATA; Schema: public; Owner: afmuser
--

COPY public.trainings_rels (id, "order", parent_id, path, media_id, categories_id, tags_id) FROM stdin;
57	1	4	assets.gallery	34	\N	\N
58	1	4	categories	\N	5	\N
59	2	4	categories	\N	9	\N
60	3	4	categories	\N	11	\N
61	4	4	categories	\N	8	\N
62	5	4	categories	\N	12	\N
63	1	4	tags	\N	\N	4
64	2	4	tags	\N	\N	8
65	3	4	tags	\N	\N	6
66	4	4	tags	\N	\N	10
67	5	4	tags	\N	\N	7
68	6	4	tags	\N	\N	14
69	7	4	tags	\N	\N	9
70	8	4	tags	\N	\N	11
71	9	4	tags	\N	\N	13
72	10	4	tags	\N	\N	12
73	11	4	tags	\N	\N	2
74	1	5	assets.gallery	33	\N	\N
75	1	5	categories	\N	4	\N
76	2	5	categories	\N	9	\N
77	3	5	categories	\N	10	\N
78	4	5	categories	\N	11	\N
79	1	5	tags	\N	\N	2
80	2	5	tags	\N	\N	7
81	3	5	tags	\N	\N	8
82	4	5	tags	\N	\N	5
83	5	5	tags	\N	\N	10
84	6	5	tags	\N	\N	9
85	7	5	tags	\N	\N	13
86	8	5	tags	\N	\N	17
87	9	5	tags	\N	\N	16
88	1	3	assets.gallery	35	\N	\N
89	1	3	categories	\N	4	\N
90	2	3	categories	\N	6	\N
91	1	3	tags	\N	\N	2
92	2	3	tags	\N	\N	6
93	3	3	tags	\N	\N	7
94	4	3	tags	\N	\N	9
95	5	3	tags	\N	\N	10
96	6	3	tags	\N	\N	12
97	1	2	assets.gallery	36	\N	\N
98	1	2	categories	\N	3	\N
99	1	2	tags	\N	\N	4
100	2	2	tags	\N	\N	9
101	3	2	tags	\N	\N	8
102	4	2	tags	\N	\N	11
103	5	2	tags	\N	\N	12
104	6	2	tags	\N	\N	13
105	7	2	tags	\N	\N	14
106	1	1	assets.gallery	37	\N	\N
107	1	1	categories	\N	5	\N
108	2	1	categories	\N	9	\N
109	3	1	categories	\N	8	\N
110	4	1	categories	\N	10	\N
111	1	1	tags	\N	\N	3
112	2	1	tags	\N	\N	7
113	3	1	tags	\N	\N	5
114	4	1	tags	\N	\N	10
115	5	1	tags	\N	\N	9
116	6	1	tags	\N	\N	8
117	7	1	tags	\N	\N	12
\.


--
-- Data for Name: transactions; Type: TABLE DATA; Schema: public; Owner: afmuser
--

COPY public.transactions (id, payment_method, stripe_customer_i_d, stripe_payment_intent_i_d, billing_address_title, billing_address_first_name, billing_address_last_name, billing_address_company, billing_address_address_line1, billing_address_address_line2, billing_address_city, billing_address_state, billing_address_postal_code, billing_address_country, billing_address_phone, status, customer_id, customer_email, order_id, cart_id, amount, currency, updated_at, created_at) FROM stdin;
1	stripe	cus_ULEpanKk6B8K2W	pi_3TMYM1SBkkHdr6ak1wC9L9od	Mr.	TEst	Tester	Testing Company	Tasdfa sdfa df asd fad fa 	dfghd fgh dfgh dfgh dfg	sdfasdfas	asdfasdf asasdf	666561	US	+121245124012	pending	2	\N	\N	7	2500	USD	2026-04-16 00:10:01.476+05:30	2026-04-16 00:10:01.475+05:30
10	stripe	cus_ULEpl3TIizlZum	pi_3TMZrjSBkkHdr6ak0sD5NWCv	Mr.	Test	Tester		123 TEST ADDRESS	TEST STREET	TEST	TESTER	123456	IN	+1 616564626465	pending	2	\N	\N	8	3100	USD	2026-04-16 01:46:51.866+05:30	2026-04-16 01:46:51.859+05:30
13	stripe	cus_U7AYzRct5UgZLp	pi_3TO6K9SBkkHdr6ak1WYlJBSR	Mr.	Test	Tester		123 TEST ADDRESS	TEST STREET	TEST	TESTER	600001	IN	+91 9999999999	pending	1	\N	\N	10	7900	USD	2026-04-20 06:38:29.837+05:30	2026-04-20 06:38:29.836+05:30
16	stripe	cus_UPjxDtDBTGnkBU	pi_3TQuTTSBkkHdr6ak0YYJS5pJ	Mr.	tEST	Test	test	test	test	test	etstets	sa5s15	US	1234567890	pending	\N	test@test.com	\N	12	5500	USD	2026-04-28 00:35:43.792+05:30	2026-04-28 00:35:43.791+05:30
\.


--
-- Data for Name: transactions_items; Type: TABLE DATA; Schema: public; Owner: afmuser
--

COPY public.transactions_items (_order, _parent_id, id, product_id, variant_id, quantity) FROM stdin;
1	1	69dfc27d21cdcc414d20b73f	5	\N	1
1	10	69dfeae17bd5b18623b21f29	6	\N	1
2	10	69dff2027bd5b18623b21f2a	4	\N	1
1	13	69e4e1c3852b4478a77b56ae	4	\N	2
2	13	69e57b9b7f55525c36233135	7	\N	1
1	16	69efb129107afa9e2332afb8	7	\N	1
\.


--
-- Data for Name: users; Type: TABLE DATA; Schema: public; Owner: afmuser
--

COPY public.users (id, name, updated_at, created_at, email, reset_password_token, reset_password_expiration, salt, hash, login_attempts, lock_until) FROM stdin;
1	Administrator	2026-04-09 09:40:23.838+05:30	2026-04-09 09:40:23.837+05:30	admin@afmotorsport.com	\N	\N	fc50e883a472f21b2fa6c7eef61e081b0ed7b7b1820f53b9c63808375026f95a	99d4bf486bc0b175aa2d130a25d19cbc1ae8bc7d7c89c253263f4ea879b85889467bb32a0d04c7a70ef608d78c988248c1dc9d3f31e6fff3bee06e612c2f1c3361de5f8fc0471d98fa820c8978463250a5148cbe227e37d5d9b7fe81d25898560537f8949cbc9659a9d9c45595fbd73d854b337f5a928b5c80dc8ce34905ba20eb99bea523f9a9a432fef7e5f58bf5e44ae42505df19e1425dc9f0149d5c7034f9355a56d5e4622f613b41feec71a4845b839e08f5c923189bb608f185492769af1b404f9ba74d5153a96de71cbab129b1aa3c98bdc1494363150cbc2655f02d68515e19c3a47e93f9c5466c0205ee3d65a86df1bda97f87a3a7d0ee18858d51476fa1c839db271ce6523bb0d6df76e5df446d0cc74a2e0cea4dc52e600775d5d09ca4dbc7f2aa95bf761275156f99d960ee6b2043aefbe7e0f3754c3aac0b6016ae06d655264ca354ee6fb5a882e283a3a1c8c6fb401b76ee60984d39ea59ed8e6ac341950c1e82b073f3e85e1253d117a6ac3049badd686081f11f5c825b82b672cad21c20decaf22bbe5a970a2fcdd3b75fb35be5070c8971755d91b5bcd2bc3a4ed59b134a65cc18b53b542483e90341b0f683fba739e1ee69416996233cdc632fe2daa1815991050e4e5942500315e9f08e66aa75755b1f69bf4bcb4ac7e8f93cbfb783bdd764a40cb6124f2ba78e278c34cc08f2e61e25010ffd275ff2	0	\N
2	\N	2026-04-15 23:44:34.417+05:30	2026-04-15 23:44:34.415+05:30	customer@afmotorsport.com	\N	\N	7fa9e9127df0bcc7be2ab19d39ea3aaf3328ee5b1a3bc4e8b9888807fd2cfd9a	f8c26074299597e02bd7d7ae7638c1d8fdf11d3d9cd404699bd0d8be08fbf430138249af4c7b2eaaf6c0dd036249180945ede093d260549430dce0b96236ece9692f090729bbc4322b7ce56aef81cd15b6425e3af979f97ba1284e37219b9c5bde11db2db0ed2256ae95f0708b57edfed9f232454d5e653b1ca37b3bfbc933b7286096c82f22f3cb19b8dd4cb62abe7092130198fed7594beff29f74ef797dcbdb43a63b618b44b38bd5360a386159594d26fca7524994d65b26b96876eea38d342055c53f73676f618f03f0e41b8cff9e2ed978d797e0bf8f8f541cb2e747ac66b5572c13f1e76514279ae9ec05f3c2593f94601aa6f5ad5f84df2403b9e3b358cf607670f7680dfff83f8da7ee1f62c8e9d6f4c46bed2ed9508d9bca8dda8b02527f22ecd34410f6ddeb5d3e4a03e2931ee2ffc29aaa3722d6ba5923018ba3bfa3b11beb7c577c5dc75eceeb083faee58654aa857a09057e756c9f822f5b09a4c0adcb4a2793bb994997ae77e438c5480aa550060a93024e9dda38dfe1944603ba3f77291c60f01dc1afaf66ddf5152c4fb4c7e52d47dc8b91a021ff212cc78e11c94658621f21d0d257c16a54a79cdcc65ff6bcb5e87e89416ceff92c22b62e964338c5822371f1d14255116cfe8236bb1c3b818edabc174323e23355b40b60b864afedc15879c5ad59ed1520067881d6f2e4a46558cd9c6ff9c3d4122cac	0	\N
\.


--
-- Data for Name: users_roles; Type: TABLE DATA; Schema: public; Owner: afmuser
--

COPY public.users_roles ("order", parent_id, value, id) FROM stdin;
1	2	customer	23
1	1	customer	30
2	1	admin	31
\.


--
-- Data for Name: users_sessions; Type: TABLE DATA; Schema: public; Owner: afmuser
--

COPY public.users_sessions (_order, _parent_id, id, created_at, expires_at) FROM stdin;
1	2	101418da-13b7-4b5a-84c7-7f8995bbe858	2026-04-15 23:44:34.608+05:30	2026-04-29 23:44:34.608+05:30
2	2	d19827f5-a315-462a-a86c-7884aeeba4a7	2026-04-16 00:52:51.985+05:30	2026-04-30 00:52:51.985+05:30
1	1	844ac1af-b360-40ca-a615-b62d589446fe	2026-04-27 20:27:30.733+05:30	2026-05-11 20:27:30.733+05:30
2	1	9105d3dd-1b8a-4317-a7ee-88a606253b5f	2026-05-07 13:30:52.495+05:30	2026-05-21 13:30:52.495+05:30
\.


--
-- Data for Name: vacancies; Type: TABLE DATA; Schema: public; Owner: afmuser
--

COPY public.vacancies (id, name, alias, basics_title, basics_description, details_department, details_contract, details_locations, assets_thumbnail_id, generate_slug, slug, updated_at, created_at) FROM stdin;
5	Team Operations and Logistics Coordinator	operations-coordinator-2026	Team Operations and Logistics Coordinator	AF Motorsport seeks an organized and proactive Operations and Logistics Coordinator to manage the complex logistical requirements of our championship program. The role oversees all aspects of event logistics, travel coordination, equipment management, and operational administration ensuring smooth team function across the race calendar.	Operations	full_time	0101000020E61000008048BF7D1D604340448B6CE7FBC922C0	\N	f	team-operations-and-logistics-coordinator	2026-04-10 10:33:14.27+05:30	2026-04-10 09:51:15.95+05:30
4	Commercial and Partnership Coordinator	commercial-coordinator-2026	Commercial and Partnership Coordinator	AF Motorsport is seeking a Commercial and Partnership Coordinator to support the team's commercial operations including partner relationship management, activation delivery, hospitality coordination, and business development activities. The role is central to delivering exceptional partner experiences and building sustainable commercial foundations.	 Commercial	full_time	0101000020E61000008048BF7D1D60434000000000000024C0	\N	f	commercial-and-partnership-coordinator	2026-04-10 10:33:37.073+05:30	2026-04-10 09:49:00.829+05:30
3	Data Engineer - Performance Analysis	data-engineer-2026	Data Engineer	AF Motorsport seeks a Data Engineer to support our Porsche Sprint Challenge Ibérica program through comprehensive telemetry analysis, performance modeling, and competitor benchmarking. The role provides critical analytical support to race engineering and driver development functions, translating complex data into actionable performance insights.	Engineering	part_time	0101000020E61000008048BF7D1D604340448B6CE7FBC922C0	\N	f	data-engineer---performance-analysis	2026-04-10 10:33:57.788+05:30	2026-04-10 01:06:10.516+05:30
2	Number One Mechanic - GT Racing Program	mechanic-gt-program-2026	Number One Mechanic	AF Motorsport is seeking an experienced Number One Mechanic to join our Porsche Sprint Challenge Ibérica program. The role involves primary responsibility for vehicle preparation, trackside service, and mechanical operations on our Porsche 992 GT3 Cup cars. The ideal candidate combines exceptional mechanical skill with professional work standards and team collaboration.	Mechanical	full_time	0101000020E61000008048BF7D1D604340448B6CE7FBC922C0	\N	f	number-one-mechanic---gt-racing-program	2026-04-10 10:34:39.328+05:30	2026-04-10 01:03:44.213+05:30
1	Porsche Sprint Challenge Ibérica Program	race-engineer-porsche-2026	Race Engineer	AF Motorsport seeks an experienced Race Engineer to lead trackside engineering operations for our Porsche 992 GT3 Cup program competing in the Porsche Sprint Challenge Ibérica championship. The successful candidate will be responsible for all aspects of vehicle performance optimization, setup development, and driver performance support during race events and testing.	Engineering	full_time	0101000020E61000008048BF7D1D604340448B6CE7FBC922C0	\N	f	porsche-sprint-challenge-ibrica-program	2026-04-10 10:35:08.514+05:30	2026-04-10 01:01:37.75+05:30
\.


--
-- Data for Name: vacancies_details_expectations_list; Type: TABLE DATA; Schema: public; Owner: afmuser
--

COPY public.vacancies_details_expectations_list (_order, _parent_id, id, name, type, criteria, statement) FROM stdin;
1	5	69d87a6940b9fa0a0f55b470	Logistical Execution	\N	Flawless coordination of all team travel, accommodation, and equipment logistics	Coordinator ensures all logistical elements are executed without issues affecting competitive preparation.
2	5	69d87a8640b9fa0a0f55b471	Administrative Compliance	\N	Accurate and timely completion of all entry, credential, and administrative requirements	Coordinator maintains full compliance with all championship and circuit administrative requirements.
1	4	69d87a1155eef4b438b5aed7	Partner Relationship Management	\N	Maintenance of positive partner relationships with proactive communication and issue resolution	Coordinator builds and maintains strong partner relationships supporting retention and growth.
1	3	69d7ff6e7b3fb53a83a6afda	Analysis Quality	\N	Production of accurate, insightful analysis that identifies specific performance opportunities	Data Engineer consistently delivers analysis that translates to measurable performance improvement.
2	3	69d7ff827b3fb53a83a6afdb	Communication Effectiveness	\N	Clear presentation of complex analytical findings to diverse audience	Data Engineer communicates findings in accessible format enabling effective decision-making by engineers and drivers.
3	3	69d7ff8e7b3fb53a83a6afdc	Responsiveness	\N	Timely delivery of analysis supporting trackside and development requirements	Data Engineer meets demanding timelines for post-session analysis and development support.
1	2	69d7fef17b3fb53a83a6afd3	Preparation Excellence	\N	Consistent high-quality vehicle preparation meeting all technical and safety standards	Mechanic delivers vehicles prepared to exemplary standard with zero preparation-related issues.
2	2	69d7fefb7b3fb53a83a6afd4	Trackside Performance	\N	Positive contribution to team culture and effective cooperation with all personnel	Mechanic works collaboratively within mechanical team and across departments supporting overall team objectives.
1	1	69d7fe457b3fb53a83a6afca	Performance Optimization	\N	Demonstrated ability to extract competitive performance through setup development and driver coaching	Engineer consistently improves vehicle performance and driver execution across varying circuit types and conditions.
2	1	69d7fe517b3fb53a83a6afcb	Communication Excellence	\N	Clear technical communication with drivers, mechanics, and team leadership	Engineer translates complex technical information into actionable guidance for diverse audiences.
3	1	69d7fe677b3fb53a83a6afcc	Operational Reliability	\N	Consistent preparation and execution across all event responsibilities	Engineer maintains high standards of preparation and reliability throughout demanding race weekend schedule.
\.


--
-- Data for Name: vacancies_details_positions_list; Type: TABLE DATA; Schema: public; Owner: afmuser
--

COPY public.vacancies_details_positions_list (_order, _parent_id, id, title, start, "end") FROM stdin;
1	5	69d87ab140b9fa0a0f55b472	Team Operations and Logistics Coordinator	2026-02-01 17:00:00+05:30	2026-11-30 17:00:00+05:30
1	4	69d87a3155eef4b438b5aed8	Commercial and Partnership Coordinator	2026-02-01 17:00:00+05:30	2026-04-09 17:00:00+05:30
1	3	69d7ff9d7b3fb53a83a6afdd	Data Engineer - Race Event Support	2026-03-15 17:00:00+05:30	2026-10-31 17:00:00+05:30
1	2	69d7ff097b3fb53a83a6afd5	Number One Mechanic - Primary Car	2026-02-15 17:00:00+05:30	2026-11-15 17:00:00+05:30
1	1	69d7fe847b3fb53a83a6afcd	Race Engineer - Primary Car	2026-03-01 17:00:00+05:30	2026-10-31 17:00:00+05:30
2	1	69d7fe8e7b3fb53a83a6afce	Race Engineer - Second Car	2026-04-01 17:00:00+05:30	2026-10-31 17:00:00+05:30
\.


--
-- Data for Name: vacancies_details_specifications_list; Type: TABLE DATA; Schema: public; Owner: afmuser
--

COPY public.vacancies_details_specifications_list (_order, _parent_id, id, parameter, value, description) FROM stdin;
1	5	69d87a3b40b9fa0a0f55b46e	Experience Level	3 years logistics or operations role	Proven experience in logistics coordination, event operations, or similar organizational role.
2	5	69d87a5240b9fa0a0f55b46f	Skills	Exceptional organization and attention to detail	Demonstrated ability to manage complex logistics with multiple stakeholders and tight timelines.
1	4	69d879f855eef4b438b5aed6	Experience Level	3 years commercial or partnership role	Experience in partnership management, sports marketing, or commercial roles with client relationship responsibility.
1	3	69d7ff3c7b3fb53a83a6afd6	Experience Level	2 years motorsport data analysis	Proven experience in motorsport data analysis with demonstrated ability to identify performance opportunities.
2	3	69d7ff487b3fb53a83a6afd7	Technical Skills	Expert data analysis proficiency	Advanced skills in motorsport data analysis software with programming capability for custom analysis.
3	3	69d7ff5a7b3fb53a83a6afd8	Educational Background	Engineering or Data Science degree	Relevant degree in engineering, data science, or related technical field.
4	3	69d7ff627b3fb53a83a6afd9	Language	English essential	Professional proficiency in English required for technical communication.
1	2	69d7fec07b3fb53a83a6afcf	Experience Level	Minimum 5 years motorsport mechanical	Substantial experience in professional motorsport mechanical roles with GT or single-seater experience
2	2	69d7fecd7b3fb53a83a6afd0	Technical Skills	Comprehensive race car preparation	Full competency in all aspects of race car mechanical preparation including setup changes, system service, and component replacement.
3	2	69d7fed87b3fb53a83a6afd1	Platform Experience	Porsche or GT experience preferred	Direct experience with Porsche Cup cars or similar GT machinery highly valued.
4	2	69d7fee27b3fb53a83a6afd2	Language	Portuguese and English	Working proficiency in Portuguese required. Basic English for technical communication beneficial.
1	1	69d7fe0f7b3fb53a83a6afc6	Experience Level	Minimum 3 years race engineering	Proven experience in GT or formula car race engineering with demonstrated performance responsibility.
2	1	69d7fe1b7b3fb53a83a6afc7	Technical Competency	Advanced data analysis and vehicle dynamics	Expert-level proficiency with motorsport data analysis tools and deep understanding of vehicle dynamics principles.
3	1	69d7fe2b7b3fb53a83a6afc8	Platform Knowledge	Porsche Cup experience preferred	Direct experience with Porsche Cup cars or similar GT machinery highly valued.
4	1	69d7fe397b3fb53a83a6afc9	Language Requirements	English essential, Portuguese beneficial	Professional proficiency in English required for technical communication. Portuguese language skills advantageous.
\.


--
-- Data for Name: vacancies_locales; Type: TABLE DATA; Schema: public; Owner: afmuser
--

COPY public.vacancies_locales (seo_title, seo_image_id, seo_description, id, _locale, _parent_id) FROM stdin;
\.


--
-- Data for Name: vacancies_rels; Type: TABLE DATA; Schema: public; Owner: afmuser
--

COPY public.vacancies_rels (id, "order", parent_id, path, categories_id, tags_id) FROM stdin;
1	1	5	categories	2	\N
2	2	5	categories	5	\N
3	3	5	categories	7	\N
4	1	5	tags	\N	3
5	2	5	tags	\N	6
6	3	5	tags	\N	10
7	4	5	tags	\N	13
8	5	5	tags	\N	8
9	6	5	tags	\N	7
10	1	4	categories	2	\N
11	2	4	categories	4	\N
12	1	4	tags	\N	3
13	2	4	tags	\N	6
14	3	4	tags	\N	9
15	4	4	tags	\N	8
16	5	4	tags	\N	7
17	1	3	categories	2	\N
18	1	3	tags	\N	3
19	2	3	tags	\N	8
20	3	3	tags	\N	10
21	4	3	tags	\N	9
22	5	3	tags	\N	7
23	6	3	tags	\N	13
24	1	2	categories	5	\N
25	2	2	categories	7	\N
26	3	2	categories	4	\N
27	1	2	tags	\N	2
28	2	2	tags	\N	8
29	3	2	tags	\N	10
30	4	2	tags	\N	7
31	5	2	tags	\N	5
32	6	2	tags	\N	6
33	1	1	categories	2	\N
34	2	1	categories	8	\N
35	3	1	categories	6	\N
36	4	1	categories	11	\N
37	1	1	tags	\N	5
38	2	1	tags	\N	7
39	3	1	tags	\N	6
40	4	1	tags	\N	9
41	5	1	tags	\N	10
42	6	1	tags	\N	8
43	7	1	tags	\N	11
\.


--
-- Data for Name: variant_options; Type: TABLE DATA; Schema: public; Owner: afmuser
--

COPY public.variant_options (id, _variantoptions_options_order, variant_type_id, label, value, updated_at, created_at, deleted_at) FROM stdin;
\.


--
-- Data for Name: variant_types; Type: TABLE DATA; Schema: public; Owner: afmuser
--

COPY public.variant_types (id, label, name, updated_at, created_at, deleted_at) FROM stdin;
\.


--
-- Data for Name: variants; Type: TABLE DATA; Schema: public; Owner: afmuser
--

COPY public.variants (id, title, product_id, inventory, price_in_u_s_d_enabled, price_in_u_s_d, updated_at, created_at, deleted_at, _status) FROM stdin;
\.


--
-- Data for Name: variants_rels; Type: TABLE DATA; Schema: public; Owner: afmuser
--

COPY public.variants_rels (id, "order", parent_id, path, variant_options_id) FROM stdin;
\.


--
-- Name: _products_v_blocks_content_columns_id_seq; Type: SEQUENCE SET; Schema: public; Owner: afmuser
--

SELECT pg_catalog.setval('public._products_v_blocks_content_columns_id_seq', 1, true);


--
-- Name: _products_v_blocks_content_id_seq; Type: SEQUENCE SET; Schema: public; Owner: afmuser
--

SELECT pg_catalog.setval('public._products_v_blocks_content_id_seq', 2, true);


--
-- Name: _products_v_blocks_cta_id_seq; Type: SEQUENCE SET; Schema: public; Owner: afmuser
--

SELECT pg_catalog.setval('public._products_v_blocks_cta_id_seq', 1, false);


--
-- Name: _products_v_blocks_cta_links_id_seq; Type: SEQUENCE SET; Schema: public; Owner: afmuser
--

SELECT pg_catalog.setval('public._products_v_blocks_cta_links_id_seq', 1, false);


--
-- Name: _products_v_blocks_media_block_id_seq; Type: SEQUENCE SET; Schema: public; Owner: afmuser
--

SELECT pg_catalog.setval('public._products_v_blocks_media_block_id_seq', 1, false);


--
-- Name: _products_v_id_seq; Type: SEQUENCE SET; Schema: public; Owner: afmuser
--

SELECT pg_catalog.setval('public._products_v_id_seq', 39, true);


--
-- Name: _products_v_locales_id_seq; Type: SEQUENCE SET; Schema: public; Owner: afmuser
--

SELECT pg_catalog.setval('public._products_v_locales_id_seq', 348, true);


--
-- Name: _products_v_rels_id_seq; Type: SEQUENCE SET; Schema: public; Owner: afmuser
--

SELECT pg_catalog.setval('public._products_v_rels_id_seq', 11, true);


--
-- Name: _products_v_version_gallery_id_seq; Type: SEQUENCE SET; Schema: public; Owner: afmuser
--

SELECT pg_catalog.setval('public._products_v_version_gallery_id_seq', 127, true);


--
-- Name: _variants_v_id_seq; Type: SEQUENCE SET; Schema: public; Owner: afmuser
--

SELECT pg_catalog.setval('public._variants_v_id_seq', 1, false);


--
-- Name: _variants_v_rels_id_seq; Type: SEQUENCE SET; Schema: public; Owner: afmuser
--

SELECT pg_catalog.setval('public._variants_v_rels_id_seq', 1, false);


--
-- Name: addresses_id_seq; Type: SEQUENCE SET; Schema: public; Owner: afmuser
--

SELECT pg_catalog.setval('public.addresses_id_seq', 1, true);


--
-- Name: announcements_id_seq; Type: SEQUENCE SET; Schema: public; Owner: afmuser
--

SELECT pg_catalog.setval('public.announcements_id_seq', 1, true);


--
-- Name: announcements_items_locales_id_seq; Type: SEQUENCE SET; Schema: public; Owner: afmuser
--

SELECT pg_catalog.setval('public.announcements_items_locales_id_seq', 3, true);


--
-- Name: awards_id_seq; Type: SEQUENCE SET; Schema: public; Owner: afmuser
--

SELECT pg_catalog.setval('public.awards_id_seq', 9, true);


--
-- Name: awards_locales_id_seq; Type: SEQUENCE SET; Schema: public; Owner: afmuser
--

SELECT pg_catalog.setval('public.awards_locales_id_seq', 1, false);


--
-- Name: awards_rels_id_seq; Type: SEQUENCE SET; Schema: public; Owner: afmuser
--

SELECT pg_catalog.setval('public.awards_rels_id_seq', 54, true);


--
-- Name: cars_id_seq; Type: SEQUENCE SET; Schema: public; Owner: afmuser
--

SELECT pg_catalog.setval('public.cars_id_seq', 7, true);


--
-- Name: cars_locales_id_seq; Type: SEQUENCE SET; Schema: public; Owner: afmuser
--

SELECT pg_catalog.setval('public.cars_locales_id_seq', 1, false);


--
-- Name: cars_rels_id_seq; Type: SEQUENCE SET; Schema: public; Owner: afmuser
--

SELECT pg_catalog.setval('public.cars_rels_id_seq', 99, true);


--
-- Name: carts_id_seq; Type: SEQUENCE SET; Schema: public; Owner: afmuser
--

SELECT pg_catalog.setval('public.carts_id_seq', 12, true);


--
-- Name: categories_details_type_locales_id_seq; Type: SEQUENCE SET; Schema: public; Owner: afmuser
--

SELECT pg_catalog.setval('public.categories_details_type_locales_id_seq', 1, false);


--
-- Name: categories_id_seq; Type: SEQUENCE SET; Schema: public; Owner: afmuser
--

SELECT pg_catalog.setval('public.categories_id_seq', 25, true);


--
-- Name: categories_locales_id_seq; Type: SEQUENCE SET; Schema: public; Owner: afmuser
--

SELECT pg_catalog.setval('public.categories_locales_id_seq', 25, true);


--
-- Name: categories_rels_id_seq; Type: SEQUENCE SET; Schema: public; Owner: afmuser
--

SELECT pg_catalog.setval('public.categories_rels_id_seq', 1, false);


--
-- Name: celebrations_id_seq; Type: SEQUENCE SET; Schema: public; Owner: afmuser
--

SELECT pg_catalog.setval('public.celebrations_id_seq', 10, true);


--
-- Name: celebrations_locales_id_seq; Type: SEQUENCE SET; Schema: public; Owner: afmuser
--

SELECT pg_catalog.setval('public.celebrations_locales_id_seq', 1, false);


--
-- Name: celebrations_rels_id_seq; Type: SEQUENCE SET; Schema: public; Owner: afmuser
--

SELECT pg_catalog.setval('public.celebrations_rels_id_seq', 131, true);


--
-- Name: championships_id_seq; Type: SEQUENCE SET; Schema: public; Owner: afmuser
--

SELECT pg_catalog.setval('public.championships_id_seq', 5, true);


--
-- Name: championships_locales_id_seq; Type: SEQUENCE SET; Schema: public; Owner: afmuser
--

SELECT pg_catalog.setval('public.championships_locales_id_seq', 1, false);


--
-- Name: championships_rels_id_seq; Type: SEQUENCE SET; Schema: public; Owner: afmuser
--

SELECT pg_catalog.setval('public.championships_rels_id_seq', 25, true);


--
-- Name: circuits_id_seq; Type: SEQUENCE SET; Schema: public; Owner: afmuser
--

SELECT pg_catalog.setval('public.circuits_id_seq', 7, true);


--
-- Name: circuits_locales_id_seq; Type: SEQUENCE SET; Schema: public; Owner: afmuser
--

SELECT pg_catalog.setval('public.circuits_locales_id_seq', 1, false);


--
-- Name: circuits_rels_id_seq; Type: SEQUENCE SET; Schema: public; Owner: afmuser
--

SELECT pg_catalog.setval('public.circuits_rels_id_seq', 48, true);


--
-- Name: countries_id_seq; Type: SEQUENCE SET; Schema: public; Owner: afmuser
--

SELECT pg_catalog.setval('public.countries_id_seq', 241, true);


--
-- Name: countries_locales_id_seq; Type: SEQUENCE SET; Schema: public; Owner: afmuser
--

SELECT pg_catalog.setval('public.countries_locales_id_seq', 1, false);


--
-- Name: countries_rels_id_seq; Type: SEQUENCE SET; Schema: public; Owner: afmuser
--

SELECT pg_catalog.setval('public.countries_rels_id_seq', 1, false);


--
-- Name: designations_id_seq; Type: SEQUENCE SET; Schema: public; Owner: afmuser
--

SELECT pg_catalog.setval('public.designations_id_seq', 9, true);


--
-- Name: designations_locales_id_seq; Type: SEQUENCE SET; Schema: public; Owner: afmuser
--

SELECT pg_catalog.setval('public.designations_locales_id_seq', 1, false);


--
-- Name: designations_rels_id_seq; Type: SEQUENCE SET; Schema: public; Owner: afmuser
--

SELECT pg_catalog.setval('public.designations_rels_id_seq', 1, false);


--
-- Name: drivers_id_seq; Type: SEQUENCE SET; Schema: public; Owner: afmuser
--

SELECT pg_catalog.setval('public.drivers_id_seq', 11, true);


--
-- Name: drivers_locales_id_seq; Type: SEQUENCE SET; Schema: public; Owner: afmuser
--

SELECT pg_catalog.setval('public.drivers_locales_id_seq', 1, false);


--
-- Name: drivers_rels_id_seq; Type: SEQUENCE SET; Schema: public; Owner: afmuser
--

SELECT pg_catalog.setval('public.drivers_rels_id_seq', 514, true);


--
-- Name: entries_id_seq; Type: SEQUENCE SET; Schema: public; Owner: afmuser
--

SELECT pg_catalog.setval('public.entries_id_seq', 6, true);


--
-- Name: entries_locales_id_seq; Type: SEQUENCE SET; Schema: public; Owner: afmuser
--

SELECT pg_catalog.setval('public.entries_locales_id_seq', 1, false);


--
-- Name: entries_rels_id_seq; Type: SEQUENCE SET; Schema: public; Owner: afmuser
--

SELECT pg_catalog.setval('public.entries_rels_id_seq', 29, true);


--
-- Name: events_id_seq; Type: SEQUENCE SET; Schema: public; Owner: afmuser
--

SELECT pg_catalog.setval('public.events_id_seq', 8, true);


--
-- Name: events_locales_id_seq; Type: SEQUENCE SET; Schema: public; Owner: afmuser
--

SELECT pg_catalog.setval('public.events_locales_id_seq', 1, false);


--
-- Name: events_rels_id_seq; Type: SEQUENCE SET; Schema: public; Owner: afmuser
--

SELECT pg_catalog.setval('public.events_rels_id_seq', 99, true);


--
-- Name: footer_id_seq; Type: SEQUENCE SET; Schema: public; Owner: afmuser
--

SELECT pg_catalog.setval('public.footer_id_seq', 1, true);


--
-- Name: footer_rels_id_seq; Type: SEQUENCE SET; Schema: public; Owner: afmuser
--

SELECT pg_catalog.setval('public.footer_rels_id_seq', 1, false);


--
-- Name: form_submissions_id_seq; Type: SEQUENCE SET; Schema: public; Owner: afmuser
--

SELECT pg_catalog.setval('public.form_submissions_id_seq', 1, false);


--
-- Name: forms_blocks_checkbox_locales_id_seq; Type: SEQUENCE SET; Schema: public; Owner: afmuser
--

SELECT pg_catalog.setval('public.forms_blocks_checkbox_locales_id_seq', 1, true);


--
-- Name: forms_blocks_country_locales_id_seq; Type: SEQUENCE SET; Schema: public; Owner: afmuser
--

SELECT pg_catalog.setval('public.forms_blocks_country_locales_id_seq', 1, true);


--
-- Name: forms_blocks_email_locales_id_seq; Type: SEQUENCE SET; Schema: public; Owner: afmuser
--

SELECT pg_catalog.setval('public.forms_blocks_email_locales_id_seq', 1, true);


--
-- Name: forms_blocks_message_locales_id_seq; Type: SEQUENCE SET; Schema: public; Owner: afmuser
--

SELECT pg_catalog.setval('public.forms_blocks_message_locales_id_seq', 1, false);


--
-- Name: forms_blocks_number_locales_id_seq; Type: SEQUENCE SET; Schema: public; Owner: afmuser
--

SELECT pg_catalog.setval('public.forms_blocks_number_locales_id_seq', 1, true);


--
-- Name: forms_blocks_select_locales_id_seq; Type: SEQUENCE SET; Schema: public; Owner: afmuser
--

SELECT pg_catalog.setval('public.forms_blocks_select_locales_id_seq', 1, false);


--
-- Name: forms_blocks_select_options_locales_id_seq; Type: SEQUENCE SET; Schema: public; Owner: afmuser
--

SELECT pg_catalog.setval('public.forms_blocks_select_options_locales_id_seq', 1, false);


--
-- Name: forms_blocks_state_locales_id_seq; Type: SEQUENCE SET; Schema: public; Owner: afmuser
--

SELECT pg_catalog.setval('public.forms_blocks_state_locales_id_seq', 1, true);


--
-- Name: forms_blocks_text_locales_id_seq; Type: SEQUENCE SET; Schema: public; Owner: afmuser
--

SELECT pg_catalog.setval('public.forms_blocks_text_locales_id_seq', 6, true);


--
-- Name: forms_blocks_textarea_locales_id_seq; Type: SEQUENCE SET; Schema: public; Owner: afmuser
--

SELECT pg_catalog.setval('public.forms_blocks_textarea_locales_id_seq', 1, true);


--
-- Name: forms_emails_locales_id_seq; Type: SEQUENCE SET; Schema: public; Owner: afmuser
--

SELECT pg_catalog.setval('public.forms_emails_locales_id_seq', 1, false);


--
-- Name: forms_id_seq; Type: SEQUENCE SET; Schema: public; Owner: afmuser
--

SELECT pg_catalog.setval('public.forms_id_seq', 1, true);


--
-- Name: forms_locales_id_seq; Type: SEQUENCE SET; Schema: public; Owner: afmuser
--

SELECT pg_catalog.setval('public.forms_locales_id_seq', 1, true);


--
-- Name: garages_id_seq; Type: SEQUENCE SET; Schema: public; Owner: afmuser
--

SELECT pg_catalog.setval('public.garages_id_seq', 5, true);


--
-- Name: garages_locales_id_seq; Type: SEQUENCE SET; Schema: public; Owner: afmuser
--

SELECT pg_catalog.setval('public.garages_locales_id_seq', 1, false);


--
-- Name: garages_rels_id_seq; Type: SEQUENCE SET; Schema: public; Owner: afmuser
--

SELECT pg_catalog.setval('public.garages_rels_id_seq', 68, true);


--
-- Name: header_id_seq; Type: SEQUENCE SET; Schema: public; Owner: afmuser
--

SELECT pg_catalog.setval('public.header_id_seq', 1, true);


--
-- Name: header_rels_id_seq; Type: SEQUENCE SET; Schema: public; Owner: afmuser
--

SELECT pg_catalog.setval('public.header_rels_id_seq', 1, false);


--
-- Name: helmets_id_seq; Type: SEQUENCE SET; Schema: public; Owner: afmuser
--

SELECT pg_catalog.setval('public.helmets_id_seq', 6, true);


--
-- Name: helmets_locales_id_seq; Type: SEQUENCE SET; Schema: public; Owner: afmuser
--

SELECT pg_catalog.setval('public.helmets_locales_id_seq', 1, false);


--
-- Name: helmets_rels_id_seq; Type: SEQUENCE SET; Schema: public; Owner: afmuser
--

SELECT pg_catalog.setval('public.helmets_rels_id_seq', 50, true);


--
-- Name: hospitalities_id_seq; Type: SEQUENCE SET; Schema: public; Owner: afmuser
--

SELECT pg_catalog.setval('public.hospitalities_id_seq', 5, true);


--
-- Name: hospitalities_locales_id_seq; Type: SEQUENCE SET; Schema: public; Owner: afmuser
--

SELECT pg_catalog.setval('public.hospitalities_locales_id_seq', 1, false);


--
-- Name: hospitalities_rels_id_seq; Type: SEQUENCE SET; Schema: public; Owner: afmuser
--

SELECT pg_catalog.setval('public.hospitalities_rels_id_seq', 48, true);


--
-- Name: identity_id_seq; Type: SEQUENCE SET; Schema: public; Owner: afmuser
--

SELECT pg_catalog.setval('public.identity_id_seq', 1, true);


--
-- Name: identity_locales_id_seq; Type: SEQUENCE SET; Schema: public; Owner: afmuser
--

SELECT pg_catalog.setval('public.identity_locales_id_seq', 1, true);


--
-- Name: identity_rels_id_seq; Type: SEQUENCE SET; Schema: public; Owner: afmuser
--

SELECT pg_catalog.setval('public.identity_rels_id_seq', 1, false);


--
-- Name: identity_sustainability_initiative_names_locales_id_seq; Type: SEQUENCE SET; Schema: public; Owner: afmuser
--

SELECT pg_catalog.setval('public.identity_sustainability_initiative_names_locales_id_seq', 2, true);


--
-- Name: identity_values_locales_id_seq; Type: SEQUENCE SET; Schema: public; Owner: afmuser
--

SELECT pg_catalog.setval('public.identity_values_locales_id_seq', 5, true);


--
-- Name: identity_voice_tone_keywords_locales_id_seq; Type: SEQUENCE SET; Schema: public; Owner: afmuser
--

SELECT pg_catalog.setval('public.identity_voice_tone_keywords_locales_id_seq', 5, true);


--
-- Name: incidents_id_seq; Type: SEQUENCE SET; Schema: public; Owner: afmuser
--

SELECT pg_catalog.setval('public.incidents_id_seq', 7, true);


--
-- Name: incidents_locales_id_seq; Type: SEQUENCE SET; Schema: public; Owner: afmuser
--

SELECT pg_catalog.setval('public.incidents_locales_id_seq', 1, false);


--
-- Name: incidents_rels_id_seq; Type: SEQUENCE SET; Schema: public; Owner: afmuser
--

SELECT pg_catalog.setval('public.incidents_rels_id_seq', 70, true);


--
-- Name: individuals_id_seq; Type: SEQUENCE SET; Schema: public; Owner: afmuser
--

SELECT pg_catalog.setval('public.individuals_id_seq', 6, true);


--
-- Name: individuals_locales_id_seq; Type: SEQUENCE SET; Schema: public; Owner: afmuser
--

SELECT pg_catalog.setval('public.individuals_locales_id_seq', 1, false);


--
-- Name: individuals_rels_id_seq; Type: SEQUENCE SET; Schema: public; Owner: afmuser
--

SELECT pg_catalog.setval('public.individuals_rels_id_seq', 56, true);


--
-- Name: initiatives_id_seq; Type: SEQUENCE SET; Schema: public; Owner: afmuser
--

SELECT pg_catalog.setval('public.initiatives_id_seq', 5, true);


--
-- Name: initiatives_locales_id_seq; Type: SEQUENCE SET; Schema: public; Owner: afmuser
--

SELECT pg_catalog.setval('public.initiatives_locales_id_seq', 1, false);


--
-- Name: initiatives_rels_id_seq; Type: SEQUENCE SET; Schema: public; Owner: afmuser
--

SELECT pg_catalog.setval('public.initiatives_rels_id_seq', 65, true);


--
-- Name: interviews_id_seq; Type: SEQUENCE SET; Schema: public; Owner: afmuser
--

SELECT pg_catalog.setval('public.interviews_id_seq', 7, true);


--
-- Name: interviews_locales_id_seq; Type: SEQUENCE SET; Schema: public; Owner: afmuser
--

SELECT pg_catalog.setval('public.interviews_locales_id_seq', 1, false);


--
-- Name: interviews_rels_id_seq; Type: SEQUENCE SET; Schema: public; Owner: afmuser
--

SELECT pg_catalog.setval('public.interviews_rels_id_seq', 35, true);


--
-- Name: leaders_id_seq; Type: SEQUENCE SET; Schema: public; Owner: afmuser
--

SELECT pg_catalog.setval('public.leaders_id_seq', 5, true);


--
-- Name: leaders_locales_id_seq; Type: SEQUENCE SET; Schema: public; Owner: afmuser
--

SELECT pg_catalog.setval('public.leaders_locales_id_seq', 1, false);


--
-- Name: leaders_rels_id_seq; Type: SEQUENCE SET; Schema: public; Owner: afmuser
--

SELECT pg_catalog.setval('public.leaders_rels_id_seq', 234, true);


--
-- Name: media_id_seq; Type: SEQUENCE SET; Schema: public; Owner: afmuser
--

SELECT pg_catalog.setval('public.media_id_seq', 94, true);


--
-- Name: meetups_id_seq; Type: SEQUENCE SET; Schema: public; Owner: afmuser
--

SELECT pg_catalog.setval('public.meetups_id_seq', 7, true);


--
-- Name: meetups_locales_id_seq; Type: SEQUENCE SET; Schema: public; Owner: afmuser
--

SELECT pg_catalog.setval('public.meetups_locales_id_seq', 1, false);


--
-- Name: meetups_rels_id_seq; Type: SEQUENCE SET; Schema: public; Owner: afmuser
--

SELECT pg_catalog.setval('public.meetups_rels_id_seq', 251, true);


--
-- Name: members_id_seq; Type: SEQUENCE SET; Schema: public; Owner: afmuser
--

SELECT pg_catalog.setval('public.members_id_seq', 5, true);


--
-- Name: members_locales_id_seq; Type: SEQUENCE SET; Schema: public; Owner: afmuser
--

SELECT pg_catalog.setval('public.members_locales_id_seq', 1, false);


--
-- Name: members_rels_id_seq; Type: SEQUENCE SET; Schema: public; Owner: afmuser
--

SELECT pg_catalog.setval('public.members_rels_id_seq', 257, true);


--
-- Name: onboardings_id_seq; Type: SEQUENCE SET; Schema: public; Owner: afmuser
--

SELECT pg_catalog.setval('public.onboardings_id_seq', 5, true);


--
-- Name: onboardings_locales_id_seq; Type: SEQUENCE SET; Schema: public; Owner: afmuser
--

SELECT pg_catalog.setval('public.onboardings_locales_id_seq', 1, false);


--
-- Name: onboardings_rels_id_seq; Type: SEQUENCE SET; Schema: public; Owner: afmuser
--

SELECT pg_catalog.setval('public.onboardings_rels_id_seq', 43, true);


--
-- Name: orders_id_seq; Type: SEQUENCE SET; Schema: public; Owner: afmuser
--

SELECT pg_catalog.setval('public.orders_id_seq', 1, false);


--
-- Name: orders_rels_id_seq; Type: SEQUENCE SET; Schema: public; Owner: afmuser
--

SELECT pg_catalog.setval('public.orders_rels_id_seq', 1, false);


--
-- Name: organizations_id_seq; Type: SEQUENCE SET; Schema: public; Owner: afmuser
--

SELECT pg_catalog.setval('public.organizations_id_seq', 7, true);


--
-- Name: organizations_locales_id_seq; Type: SEQUENCE SET; Schema: public; Owner: afmuser
--

SELECT pg_catalog.setval('public.organizations_locales_id_seq', 1, false);


--
-- Name: organizations_rels_id_seq; Type: SEQUENCE SET; Schema: public; Owner: afmuser
--

SELECT pg_catalog.setval('public.organizations_rels_id_seq', 44, true);


--
-- Name: pages_id_seq; Type: SEQUENCE SET; Schema: public; Owner: afmuser
--

SELECT pg_catalog.setval('public.pages_id_seq', 1, false);


--
-- Name: pages_locales_id_seq; Type: SEQUENCE SET; Schema: public; Owner: afmuser
--

SELECT pg_catalog.setval('public.pages_locales_id_seq', 1, false);


--
-- Name: pages_rels_id_seq; Type: SEQUENCE SET; Schema: public; Owner: afmuser
--

SELECT pg_catalog.setval('public.pages_rels_id_seq', 1, false);


--
-- Name: payload_kv_id_seq; Type: SEQUENCE SET; Schema: public; Owner: afmuser
--

SELECT pg_catalog.setval('public.payload_kv_id_seq', 1, false);


--
-- Name: payload_locked_documents_id_seq; Type: SEQUENCE SET; Schema: public; Owner: afmuser
--

SELECT pg_catalog.setval('public.payload_locked_documents_id_seq', 518, true);


--
-- Name: payload_locked_documents_rels_id_seq; Type: SEQUENCE SET; Schema: public; Owner: afmuser
--

SELECT pg_catalog.setval('public.payload_locked_documents_rels_id_seq', 1013, true);


--
-- Name: payload_mcp_api_keys_id_seq; Type: SEQUENCE SET; Schema: public; Owner: afmuser
--

SELECT pg_catalog.setval('public.payload_mcp_api_keys_id_seq', 1, true);


--
-- Name: payload_migrations_id_seq; Type: SEQUENCE SET; Schema: public; Owner: afmuser
--

SELECT pg_catalog.setval('public.payload_migrations_id_seq', 1, true);


--
-- Name: payload_preferences_id_seq; Type: SEQUENCE SET; Schema: public; Owner: afmuser
--

SELECT pg_catalog.setval('public.payload_preferences_id_seq', 279, true);


--
-- Name: payload_preferences_rels_id_seq; Type: SEQUENCE SET; Schema: public; Owner: afmuser
--

SELECT pg_catalog.setval('public.payload_preferences_rels_id_seq', 2189, true);


--
-- Name: plans_id_seq; Type: SEQUENCE SET; Schema: public; Owner: afmuser
--

SELECT pg_catalog.setval('public.plans_id_seq', 4, true);


--
-- Name: plans_locales_id_seq; Type: SEQUENCE SET; Schema: public; Owner: afmuser
--

SELECT pg_catalog.setval('public.plans_locales_id_seq', 1, false);


--
-- Name: plans_rels_id_seq; Type: SEQUENCE SET; Schema: public; Owner: afmuser
--

SELECT pg_catalog.setval('public.plans_rels_id_seq', 62, true);


--
-- Name: points_id_seq; Type: SEQUENCE SET; Schema: public; Owner: afmuser
--

SELECT pg_catalog.setval('public.points_id_seq', 10, true);


--
-- Name: points_locales_id_seq; Type: SEQUENCE SET; Schema: public; Owner: afmuser
--

SELECT pg_catalog.setval('public.points_locales_id_seq', 1, false);


--
-- Name: points_rels_id_seq; Type: SEQUENCE SET; Schema: public; Owner: afmuser
--

SELECT pg_catalog.setval('public.points_rels_id_seq', 46, true);


--
-- Name: policies_id_seq; Type: SEQUENCE SET; Schema: public; Owner: afmuser
--

SELECT pg_catalog.setval('public.policies_id_seq', 1, false);


--
-- Name: policies_locales_id_seq; Type: SEQUENCE SET; Schema: public; Owner: afmuser
--

SELECT pg_catalog.setval('public.policies_locales_id_seq', 1, false);


--
-- Name: policies_rels_id_seq; Type: SEQUENCE SET; Schema: public; Owner: afmuser
--

SELECT pg_catalog.setval('public.policies_rels_id_seq', 1, false);


--
-- Name: products_id_seq; Type: SEQUENCE SET; Schema: public; Owner: afmuser
--

SELECT pg_catalog.setval('public.products_id_seq', 8, true);


--
-- Name: products_locales_id_seq; Type: SEQUENCE SET; Schema: public; Owner: afmuser
--

SELECT pg_catalog.setval('public.products_locales_id_seq', 48, true);


--
-- Name: products_rels_id_seq; Type: SEQUENCE SET; Schema: public; Owner: afmuser
--

SELECT pg_catalog.setval('public.products_rels_id_seq', 5, true);


--
-- Name: programs_id_seq; Type: SEQUENCE SET; Schema: public; Owner: afmuser
--

SELECT pg_catalog.setval('public.programs_id_seq', 5, true);


--
-- Name: programs_locales_id_seq; Type: SEQUENCE SET; Schema: public; Owner: afmuser
--

SELECT pg_catalog.setval('public.programs_locales_id_seq', 1, false);


--
-- Name: programs_rels_id_seq; Type: SEQUENCE SET; Schema: public; Owner: afmuser
--

SELECT pg_catalog.setval('public.programs_rels_id_seq', 105, true);


--
-- Name: questions_categories_items_locales_id_seq; Type: SEQUENCE SET; Schema: public; Owner: afmuser
--

SELECT pg_catalog.setval('public.questions_categories_items_locales_id_seq', 16, true);


--
-- Name: questions_categories_locales_id_seq; Type: SEQUENCE SET; Schema: public; Owner: afmuser
--

SELECT pg_catalog.setval('public.questions_categories_locales_id_seq', 5, true);


--
-- Name: questions_id_seq; Type: SEQUENCE SET; Schema: public; Owner: afmuser
--

SELECT pg_catalog.setval('public.questions_id_seq', 1, true);


--
-- Name: races_id_seq; Type: SEQUENCE SET; Schema: public; Owner: afmuser
--

SELECT pg_catalog.setval('public.races_id_seq', 9, true);


--
-- Name: races_locales_id_seq; Type: SEQUENCE SET; Schema: public; Owner: afmuser
--

SELECT pg_catalog.setval('public.races_locales_id_seq', 1, false);


--
-- Name: races_rels_id_seq; Type: SEQUENCE SET; Schema: public; Owner: afmuser
--

SELECT pg_catalog.setval('public.races_rels_id_seq', 196, true);


--
-- Name: regulations_id_seq; Type: SEQUENCE SET; Schema: public; Owner: afmuser
--

SELECT pg_catalog.setval('public.regulations_id_seq', 6, true);


--
-- Name: regulations_locales_id_seq; Type: SEQUENCE SET; Schema: public; Owner: afmuser
--

SELECT pg_catalog.setval('public.regulations_locales_id_seq', 1, false);


--
-- Name: regulations_rels_id_seq; Type: SEQUENCE SET; Schema: public; Owner: afmuser
--

SELECT pg_catalog.setval('public.regulations_rels_id_seq', 1, false);


--
-- Name: results_id_seq; Type: SEQUENCE SET; Schema: public; Owner: afmuser
--

SELECT pg_catalog.setval('public.results_id_seq', 9, true);


--
-- Name: results_locales_id_seq; Type: SEQUENCE SET; Schema: public; Owner: afmuser
--

SELECT pg_catalog.setval('public.results_locales_id_seq', 1, false);


--
-- Name: results_rels_id_seq; Type: SEQUENCE SET; Schema: public; Owner: afmuser
--

SELECT pg_catalog.setval('public.results_rels_id_seq', 54, true);


--
-- Name: search_id_seq; Type: SEQUENCE SET; Schema: public; Owner: afmuser
--

SELECT pg_catalog.setval('public.search_id_seq', 706, true);


--
-- Name: search_locales_id_seq; Type: SEQUENCE SET; Schema: public; Owner: afmuser
--

SELECT pg_catalog.setval('public.search_locales_id_seq', 1, false);


--
-- Name: search_rels_id_seq; Type: SEQUENCE SET; Schema: public; Owner: afmuser
--

SELECT pg_catalog.setval('public.search_rels_id_seq', 1099, true);


--
-- Name: seasons_id_seq; Type: SEQUENCE SET; Schema: public; Owner: afmuser
--

SELECT pg_catalog.setval('public.seasons_id_seq', 6, true);


--
-- Name: seasons_locales_id_seq; Type: SEQUENCE SET; Schema: public; Owner: afmuser
--

SELECT pg_catalog.setval('public.seasons_locales_id_seq', 1, false);


--
-- Name: seasons_rels_id_seq; Type: SEQUENCE SET; Schema: public; Owner: afmuser
--

SELECT pg_catalog.setval('public.seasons_rels_id_seq', 76, true);


--
-- Name: series_id_seq; Type: SEQUENCE SET; Schema: public; Owner: afmuser
--

SELECT pg_catalog.setval('public.series_id_seq', 8, true);


--
-- Name: series_locales_id_seq; Type: SEQUENCE SET; Schema: public; Owner: afmuser
--

SELECT pg_catalog.setval('public.series_locales_id_seq', 1, false);


--
-- Name: series_rels_id_seq; Type: SEQUENCE SET; Schema: public; Owner: afmuser
--

SELECT pg_catalog.setval('public.series_rels_id_seq', 94, true);


--
-- Name: sessions_id_seq; Type: SEQUENCE SET; Schema: public; Owner: afmuser
--

SELECT pg_catalog.setval('public.sessions_id_seq', 14, true);


--
-- Name: sessions_locales_id_seq; Type: SEQUENCE SET; Schema: public; Owner: afmuser
--

SELECT pg_catalog.setval('public.sessions_locales_id_seq', 1, false);


--
-- Name: sessions_rels_id_seq; Type: SEQUENCE SET; Schema: public; Owner: afmuser
--

SELECT pg_catalog.setval('public.sessions_rels_id_seq', 99, true);


--
-- Name: skills_id_seq; Type: SEQUENCE SET; Schema: public; Owner: afmuser
--

SELECT pg_catalog.setval('public.skills_id_seq', 6, true);


--
-- Name: skills_locales_id_seq; Type: SEQUENCE SET; Schema: public; Owner: afmuser
--

SELECT pg_catalog.setval('public.skills_locales_id_seq', 1, false);


--
-- Name: skills_rels_id_seq; Type: SEQUENCE SET; Schema: public; Owner: afmuser
--

SELECT pg_catalog.setval('public.skills_rels_id_seq', 74, true);


--
-- Name: slides_id_seq; Type: SEQUENCE SET; Schema: public; Owner: afmuser
--

SELECT pg_catalog.setval('public.slides_id_seq', 6, true);


--
-- Name: slides_locales_id_seq; Type: SEQUENCE SET; Schema: public; Owner: afmuser
--

SELECT pg_catalog.setval('public.slides_locales_id_seq', 1, false);


--
-- Name: slides_rels_id_seq; Type: SEQUENCE SET; Schema: public; Owner: afmuser
--

SELECT pg_catalog.setval('public.slides_rels_id_seq', 55, true);


--
-- Name: socials_id_seq; Type: SEQUENCE SET; Schema: public; Owner: afmuser
--

SELECT pg_catalog.setval('public.socials_id_seq', 1, true);


--
-- Name: statements_id_seq; Type: SEQUENCE SET; Schema: public; Owner: afmuser
--

SELECT pg_catalog.setval('public.statements_id_seq', 20, true);


--
-- Name: statements_locales_id_seq; Type: SEQUENCE SET; Schema: public; Owner: afmuser
--

SELECT pg_catalog.setval('public.statements_locales_id_seq', 1, false);


--
-- Name: statements_rels_id_seq; Type: SEQUENCE SET; Schema: public; Owner: afmuser
--

SELECT pg_catalog.setval('public.statements_rels_id_seq', 119, true);


--
-- Name: statuses_id_seq; Type: SEQUENCE SET; Schema: public; Owner: afmuser
--

SELECT pg_catalog.setval('public.statuses_id_seq', 7, true);


--
-- Name: statuses_locales_id_seq; Type: SEQUENCE SET; Schema: public; Owner: afmuser
--

SELECT pg_catalog.setval('public.statuses_locales_id_seq', 1, false);


--
-- Name: statuses_rels_id_seq; Type: SEQUENCE SET; Schema: public; Owner: afmuser
--

SELECT pg_catalog.setval('public.statuses_rels_id_seq', 1, false);


--
-- Name: suits_id_seq; Type: SEQUENCE SET; Schema: public; Owner: afmuser
--

SELECT pg_catalog.setval('public.suits_id_seq', 9, true);


--
-- Name: suits_locales_id_seq; Type: SEQUENCE SET; Schema: public; Owner: afmuser
--

SELECT pg_catalog.setval('public.suits_locales_id_seq', 1, false);


--
-- Name: suits_rels_id_seq; Type: SEQUENCE SET; Schema: public; Owner: afmuser
--

SELECT pg_catalog.setval('public.suits_rels_id_seq', 37, true);


--
-- Name: tags_id_seq; Type: SEQUENCE SET; Schema: public; Owner: afmuser
--

SELECT pg_catalog.setval('public.tags_id_seq', 73, true);


--
-- Name: tags_locales_id_seq; Type: SEQUENCE SET; Schema: public; Owner: afmuser
--

SELECT pg_catalog.setval('public.tags_locales_id_seq', 74, true);


--
-- Name: tags_rels_id_seq; Type: SEQUENCE SET; Schema: public; Owner: afmuser
--

SELECT pg_catalog.setval('public.tags_rels_id_seq', 103, true);


--
-- Name: teams_id_seq; Type: SEQUENCE SET; Schema: public; Owner: afmuser
--

SELECT pg_catalog.setval('public.teams_id_seq', 7, true);


--
-- Name: teams_locales_id_seq; Type: SEQUENCE SET; Schema: public; Owner: afmuser
--

SELECT pg_catalog.setval('public.teams_locales_id_seq', 1, false);


--
-- Name: teams_rels_id_seq; Type: SEQUENCE SET; Schema: public; Owner: afmuser
--

SELECT pg_catalog.setval('public.teams_rels_id_seq', 248, true);


--
-- Name: timelines_id_seq; Type: SEQUENCE SET; Schema: public; Owner: afmuser
--

SELECT pg_catalog.setval('public.timelines_id_seq', 3, true);


--
-- Name: timelines_locales_id_seq; Type: SEQUENCE SET; Schema: public; Owner: afmuser
--

SELECT pg_catalog.setval('public.timelines_locales_id_seq', 1, false);


--
-- Name: timelines_rels_id_seq; Type: SEQUENCE SET; Schema: public; Owner: afmuser
--

SELECT pg_catalog.setval('public.timelines_rels_id_seq', 75, true);


--
-- Name: trainings_id_seq; Type: SEQUENCE SET; Schema: public; Owner: afmuser
--

SELECT pg_catalog.setval('public.trainings_id_seq', 5, true);


--
-- Name: trainings_locales_id_seq; Type: SEQUENCE SET; Schema: public; Owner: afmuser
--

SELECT pg_catalog.setval('public.trainings_locales_id_seq', 1, false);


--
-- Name: trainings_rels_id_seq; Type: SEQUENCE SET; Schema: public; Owner: afmuser
--

SELECT pg_catalog.setval('public.trainings_rels_id_seq', 117, true);


--
-- Name: transactions_id_seq; Type: SEQUENCE SET; Schema: public; Owner: afmuser
--

SELECT pg_catalog.setval('public.transactions_id_seq', 16, true);


--
-- Name: users_id_seq; Type: SEQUENCE SET; Schema: public; Owner: afmuser
--

SELECT pg_catalog.setval('public.users_id_seq', 2, true);


--
-- Name: users_roles_id_seq; Type: SEQUENCE SET; Schema: public; Owner: afmuser
--

SELECT pg_catalog.setval('public.users_roles_id_seq', 31, true);


--
-- Name: vacancies_id_seq; Type: SEQUENCE SET; Schema: public; Owner: afmuser
--

SELECT pg_catalog.setval('public.vacancies_id_seq', 5, true);


--
-- Name: vacancies_locales_id_seq; Type: SEQUENCE SET; Schema: public; Owner: afmuser
--

SELECT pg_catalog.setval('public.vacancies_locales_id_seq', 1, false);


--
-- Name: vacancies_rels_id_seq; Type: SEQUENCE SET; Schema: public; Owner: afmuser
--

SELECT pg_catalog.setval('public.vacancies_rels_id_seq', 43, true);


--
-- Name: variant_options_id_seq; Type: SEQUENCE SET; Schema: public; Owner: afmuser
--

SELECT pg_catalog.setval('public.variant_options_id_seq', 1, false);


--
-- Name: variant_types_id_seq; Type: SEQUENCE SET; Schema: public; Owner: afmuser
--

SELECT pg_catalog.setval('public.variant_types_id_seq', 1, false);


--
-- Name: variants_id_seq; Type: SEQUENCE SET; Schema: public; Owner: afmuser
--

SELECT pg_catalog.setval('public.variants_id_seq', 1, false);


--
-- Name: variants_rels_id_seq; Type: SEQUENCE SET; Schema: public; Owner: afmuser
--

SELECT pg_catalog.setval('public.variants_rels_id_seq', 1, false);


--
-- Name: _products_v_blocks_content_columns _products_v_blocks_content_columns_pkey; Type: CONSTRAINT; Schema: public; Owner: afmuser
--

ALTER TABLE ONLY public._products_v_blocks_content_columns
    ADD CONSTRAINT _products_v_blocks_content_columns_pkey PRIMARY KEY (id);


--
-- Name: _products_v_blocks_content _products_v_blocks_content_pkey; Type: CONSTRAINT; Schema: public; Owner: afmuser
--

ALTER TABLE ONLY public._products_v_blocks_content
    ADD CONSTRAINT _products_v_blocks_content_pkey PRIMARY KEY (id);


--
-- Name: _products_v_blocks_cta_links _products_v_blocks_cta_links_pkey; Type: CONSTRAINT; Schema: public; Owner: afmuser
--

ALTER TABLE ONLY public._products_v_blocks_cta_links
    ADD CONSTRAINT _products_v_blocks_cta_links_pkey PRIMARY KEY (id);


--
-- Name: _products_v_blocks_cta _products_v_blocks_cta_pkey; Type: CONSTRAINT; Schema: public; Owner: afmuser
--

ALTER TABLE ONLY public._products_v_blocks_cta
    ADD CONSTRAINT _products_v_blocks_cta_pkey PRIMARY KEY (id);


--
-- Name: _products_v_blocks_media_block _products_v_blocks_media_block_pkey; Type: CONSTRAINT; Schema: public; Owner: afmuser
--

ALTER TABLE ONLY public._products_v_blocks_media_block
    ADD CONSTRAINT _products_v_blocks_media_block_pkey PRIMARY KEY (id);


--
-- Name: _products_v_locales _products_v_locales_pkey; Type: CONSTRAINT; Schema: public; Owner: afmuser
--

ALTER TABLE ONLY public._products_v_locales
    ADD CONSTRAINT _products_v_locales_pkey PRIMARY KEY (id);


--
-- Name: _products_v _products_v_pkey; Type: CONSTRAINT; Schema: public; Owner: afmuser
--

ALTER TABLE ONLY public._products_v
    ADD CONSTRAINT _products_v_pkey PRIMARY KEY (id);


--
-- Name: _products_v_rels _products_v_rels_pkey; Type: CONSTRAINT; Schema: public; Owner: afmuser
--

ALTER TABLE ONLY public._products_v_rels
    ADD CONSTRAINT _products_v_rels_pkey PRIMARY KEY (id);


--
-- Name: _products_v_version_gallery _products_v_version_gallery_pkey; Type: CONSTRAINT; Schema: public; Owner: afmuser
--

ALTER TABLE ONLY public._products_v_version_gallery
    ADD CONSTRAINT _products_v_version_gallery_pkey PRIMARY KEY (id);


--
-- Name: _variants_v _variants_v_pkey; Type: CONSTRAINT; Schema: public; Owner: afmuser
--

ALTER TABLE ONLY public._variants_v
    ADD CONSTRAINT _variants_v_pkey PRIMARY KEY (id);


--
-- Name: _variants_v_rels _variants_v_rels_pkey; Type: CONSTRAINT; Schema: public; Owner: afmuser
--

ALTER TABLE ONLY public._variants_v_rels
    ADD CONSTRAINT _variants_v_rels_pkey PRIMARY KEY (id);


--
-- Name: addresses addresses_pkey; Type: CONSTRAINT; Schema: public; Owner: afmuser
--

ALTER TABLE ONLY public.addresses
    ADD CONSTRAINT addresses_pkey PRIMARY KEY (id);


--
-- Name: announcements_items_locales announcements_items_locales_pkey; Type: CONSTRAINT; Schema: public; Owner: afmuser
--

ALTER TABLE ONLY public.announcements_items_locales
    ADD CONSTRAINT announcements_items_locales_pkey PRIMARY KEY (id);


--
-- Name: announcements_items announcements_items_pkey; Type: CONSTRAINT; Schema: public; Owner: afmuser
--

ALTER TABLE ONLY public.announcements_items
    ADD CONSTRAINT announcements_items_pkey PRIMARY KEY (id);


--
-- Name: announcements announcements_pkey; Type: CONSTRAINT; Schema: public; Owner: afmuser
--

ALTER TABLE ONLY public.announcements
    ADD CONSTRAINT announcements_pkey PRIMARY KEY (id);


--
-- Name: awards_locales awards_locales_pkey; Type: CONSTRAINT; Schema: public; Owner: afmuser
--

ALTER TABLE ONLY public.awards_locales
    ADD CONSTRAINT awards_locales_pkey PRIMARY KEY (id);


--
-- Name: awards awards_pkey; Type: CONSTRAINT; Schema: public; Owner: afmuser
--

ALTER TABLE ONLY public.awards
    ADD CONSTRAINT awards_pkey PRIMARY KEY (id);


--
-- Name: awards_rels awards_rels_pkey; Type: CONSTRAINT; Schema: public; Owner: afmuser
--

ALTER TABLE ONLY public.awards_rels
    ADD CONSTRAINT awards_rels_pkey PRIMARY KEY (id);


--
-- Name: cars_details_classifications_list cars_details_classifications_list_pkey; Type: CONSTRAINT; Schema: public; Owner: afmuser
--

ALTER TABLE ONLY public.cars_details_classifications_list
    ADD CONSTRAINT cars_details_classifications_list_pkey PRIMARY KEY (id);


--
-- Name: cars_details_specifications_list cars_details_specifications_list_pkey; Type: CONSTRAINT; Schema: public; Owner: afmuser
--

ALTER TABLE ONLY public.cars_details_specifications_list
    ADD CONSTRAINT cars_details_specifications_list_pkey PRIMARY KEY (id);


--
-- Name: cars_locales cars_locales_pkey; Type: CONSTRAINT; Schema: public; Owner: afmuser
--

ALTER TABLE ONLY public.cars_locales
    ADD CONSTRAINT cars_locales_pkey PRIMARY KEY (id);


--
-- Name: cars cars_pkey; Type: CONSTRAINT; Schema: public; Owner: afmuser
--

ALTER TABLE ONLY public.cars
    ADD CONSTRAINT cars_pkey PRIMARY KEY (id);


--
-- Name: cars_rels cars_rels_pkey; Type: CONSTRAINT; Schema: public; Owner: afmuser
--

ALTER TABLE ONLY public.cars_rels
    ADD CONSTRAINT cars_rels_pkey PRIMARY KEY (id);


--
-- Name: carts_items carts_items_pkey; Type: CONSTRAINT; Schema: public; Owner: afmuser
--

ALTER TABLE ONLY public.carts_items
    ADD CONSTRAINT carts_items_pkey PRIMARY KEY (id);


--
-- Name: carts carts_pkey; Type: CONSTRAINT; Schema: public; Owner: afmuser
--

ALTER TABLE ONLY public.carts
    ADD CONSTRAINT carts_pkey PRIMARY KEY (id);


--
-- Name: categories_details_type_locales categories_details_type_locales_pkey; Type: CONSTRAINT; Schema: public; Owner: afmuser
--

ALTER TABLE ONLY public.categories_details_type_locales
    ADD CONSTRAINT categories_details_type_locales_pkey PRIMARY KEY (id);


--
-- Name: categories_details_type categories_details_type_pkey; Type: CONSTRAINT; Schema: public; Owner: afmuser
--

ALTER TABLE ONLY public.categories_details_type
    ADD CONSTRAINT categories_details_type_pkey PRIMARY KEY (id);


--
-- Name: categories_locales categories_locales_pkey; Type: CONSTRAINT; Schema: public; Owner: afmuser
--

ALTER TABLE ONLY public.categories_locales
    ADD CONSTRAINT categories_locales_pkey PRIMARY KEY (id);


--
-- Name: categories categories_pkey; Type: CONSTRAINT; Schema: public; Owner: afmuser
--

ALTER TABLE ONLY public.categories
    ADD CONSTRAINT categories_pkey PRIMARY KEY (id);


--
-- Name: categories_rels categories_rels_pkey; Type: CONSTRAINT; Schema: public; Owner: afmuser
--

ALTER TABLE ONLY public.categories_rels
    ADD CONSTRAINT categories_rels_pkey PRIMARY KEY (id);


--
-- Name: celebrations_locales celebrations_locales_pkey; Type: CONSTRAINT; Schema: public; Owner: afmuser
--

ALTER TABLE ONLY public.celebrations_locales
    ADD CONSTRAINT celebrations_locales_pkey PRIMARY KEY (id);


--
-- Name: celebrations celebrations_pkey; Type: CONSTRAINT; Schema: public; Owner: afmuser
--

ALTER TABLE ONLY public.celebrations
    ADD CONSTRAINT celebrations_pkey PRIMARY KEY (id);


--
-- Name: celebrations_rels celebrations_rels_pkey; Type: CONSTRAINT; Schema: public; Owner: afmuser
--

ALTER TABLE ONLY public.celebrations_rels
    ADD CONSTRAINT celebrations_rels_pkey PRIMARY KEY (id);


--
-- Name: championships_locales championships_locales_pkey; Type: CONSTRAINT; Schema: public; Owner: afmuser
--

ALTER TABLE ONLY public.championships_locales
    ADD CONSTRAINT championships_locales_pkey PRIMARY KEY (id);


--
-- Name: championships championships_pkey; Type: CONSTRAINT; Schema: public; Owner: afmuser
--

ALTER TABLE ONLY public.championships
    ADD CONSTRAINT championships_pkey PRIMARY KEY (id);


--
-- Name: championships_rels championships_rels_pkey; Type: CONSTRAINT; Schema: public; Owner: afmuser
--

ALTER TABLE ONLY public.championships_rels
    ADD CONSTRAINT championships_rels_pkey PRIMARY KEY (id);


--
-- Name: circuits_details_renovated_list circuits_details_renovated_list_pkey; Type: CONSTRAINT; Schema: public; Owner: afmuser
--

ALTER TABLE ONLY public.circuits_details_renovated_list
    ADD CONSTRAINT circuits_details_renovated_list_pkey PRIMARY KEY (id);


--
-- Name: circuits_locales circuits_locales_pkey; Type: CONSTRAINT; Schema: public; Owner: afmuser
--

ALTER TABLE ONLY public.circuits_locales
    ADD CONSTRAINT circuits_locales_pkey PRIMARY KEY (id);


--
-- Name: circuits circuits_pkey; Type: CONSTRAINT; Schema: public; Owner: afmuser
--

ALTER TABLE ONLY public.circuits
    ADD CONSTRAINT circuits_pkey PRIMARY KEY (id);


--
-- Name: circuits_rels circuits_rels_pkey; Type: CONSTRAINT; Schema: public; Owner: afmuser
--

ALTER TABLE ONLY public.circuits_rels
    ADD CONSTRAINT circuits_rels_pkey PRIMARY KEY (id);


--
-- Name: countries_locales countries_locales_pkey; Type: CONSTRAINT; Schema: public; Owner: afmuser
--

ALTER TABLE ONLY public.countries_locales
    ADD CONSTRAINT countries_locales_pkey PRIMARY KEY (id);


--
-- Name: countries countries_pkey; Type: CONSTRAINT; Schema: public; Owner: afmuser
--

ALTER TABLE ONLY public.countries
    ADD CONSTRAINT countries_pkey PRIMARY KEY (id);


--
-- Name: countries_rels countries_rels_pkey; Type: CONSTRAINT; Schema: public; Owner: afmuser
--

ALTER TABLE ONLY public.countries_rels
    ADD CONSTRAINT countries_rels_pkey PRIMARY KEY (id);


--
-- Name: designations_locales designations_locales_pkey; Type: CONSTRAINT; Schema: public; Owner: afmuser
--

ALTER TABLE ONLY public.designations_locales
    ADD CONSTRAINT designations_locales_pkey PRIMARY KEY (id);


--
-- Name: designations designations_pkey; Type: CONSTRAINT; Schema: public; Owner: afmuser
--

ALTER TABLE ONLY public.designations
    ADD CONSTRAINT designations_pkey PRIMARY KEY (id);


--
-- Name: designations_rels designations_rels_pkey; Type: CONSTRAINT; Schema: public; Owner: afmuser
--

ALTER TABLE ONLY public.designations_rels
    ADD CONSTRAINT designations_rels_pkey PRIMARY KEY (id);


--
-- Name: drivers_assets_gallery_list drivers_assets_gallery_list_pkey; Type: CONSTRAINT; Schema: public; Owner: afmuser
--

ALTER TABLE ONLY public.drivers_assets_gallery_list
    ADD CONSTRAINT drivers_assets_gallery_list_pkey PRIMARY KEY (id);


--
-- Name: drivers_details_addresses_list drivers_details_addresses_list_pkey; Type: CONSTRAINT; Schema: public; Owner: afmuser
--

ALTER TABLE ONLY public.drivers_details_addresses_list
    ADD CONSTRAINT drivers_details_addresses_list_pkey PRIMARY KEY (id);


--
-- Name: drivers_details_socials_list drivers_details_socials_list_pkey; Type: CONSTRAINT; Schema: public; Owner: afmuser
--

ALTER TABLE ONLY public.drivers_details_socials_list
    ADD CONSTRAINT drivers_details_socials_list_pkey PRIMARY KEY (id);


--
-- Name: drivers_details_websites_list drivers_details_websites_list_pkey; Type: CONSTRAINT; Schema: public; Owner: afmuser
--

ALTER TABLE ONLY public.drivers_details_websites_list
    ADD CONSTRAINT drivers_details_websites_list_pkey PRIMARY KEY (id);


--
-- Name: drivers_locales drivers_locales_pkey; Type: CONSTRAINT; Schema: public; Owner: afmuser
--

ALTER TABLE ONLY public.drivers_locales
    ADD CONSTRAINT drivers_locales_pkey PRIMARY KEY (id);


--
-- Name: drivers drivers_pkey; Type: CONSTRAINT; Schema: public; Owner: afmuser
--

ALTER TABLE ONLY public.drivers
    ADD CONSTRAINT drivers_pkey PRIMARY KEY (id);


--
-- Name: drivers_rels drivers_rels_pkey; Type: CONSTRAINT; Schema: public; Owner: afmuser
--

ALTER TABLE ONLY public.drivers_rels
    ADD CONSTRAINT drivers_rels_pkey PRIMARY KEY (id);


--
-- Name: entries_locales entries_locales_pkey; Type: CONSTRAINT; Schema: public; Owner: afmuser
--

ALTER TABLE ONLY public.entries_locales
    ADD CONSTRAINT entries_locales_pkey PRIMARY KEY (id);


--
-- Name: entries entries_pkey; Type: CONSTRAINT; Schema: public; Owner: afmuser
--

ALTER TABLE ONLY public.entries
    ADD CONSTRAINT entries_pkey PRIMARY KEY (id);


--
-- Name: entries_rels entries_rels_pkey; Type: CONSTRAINT; Schema: public; Owner: afmuser
--

ALTER TABLE ONLY public.entries_rels
    ADD CONSTRAINT entries_rels_pkey PRIMARY KEY (id);


--
-- Name: events_locales events_locales_pkey; Type: CONSTRAINT; Schema: public; Owner: afmuser
--

ALTER TABLE ONLY public.events_locales
    ADD CONSTRAINT events_locales_pkey PRIMARY KEY (id);


--
-- Name: events events_pkey; Type: CONSTRAINT; Schema: public; Owner: afmuser
--

ALTER TABLE ONLY public.events
    ADD CONSTRAINT events_pkey PRIMARY KEY (id);


--
-- Name: events_rels events_rels_pkey; Type: CONSTRAINT; Schema: public; Owner: afmuser
--

ALTER TABLE ONLY public.events_rels
    ADD CONSTRAINT events_rels_pkey PRIMARY KEY (id);


--
-- Name: footer_columns_links footer_columns_links_pkey; Type: CONSTRAINT; Schema: public; Owner: afmuser
--

ALTER TABLE ONLY public.footer_columns_links
    ADD CONSTRAINT footer_columns_links_pkey PRIMARY KEY (id);


--
-- Name: footer_columns footer_columns_pkey; Type: CONSTRAINT; Schema: public; Owner: afmuser
--

ALTER TABLE ONLY public.footer_columns
    ADD CONSTRAINT footer_columns_pkey PRIMARY KEY (id);


--
-- Name: footer_legal footer_legal_pkey; Type: CONSTRAINT; Schema: public; Owner: afmuser
--

ALTER TABLE ONLY public.footer_legal
    ADD CONSTRAINT footer_legal_pkey PRIMARY KEY (id);


--
-- Name: footer footer_pkey; Type: CONSTRAINT; Schema: public; Owner: afmuser
--

ALTER TABLE ONLY public.footer
    ADD CONSTRAINT footer_pkey PRIMARY KEY (id);


--
-- Name: footer_rels footer_rels_pkey; Type: CONSTRAINT; Schema: public; Owner: afmuser
--

ALTER TABLE ONLY public.footer_rels
    ADD CONSTRAINT footer_rels_pkey PRIMARY KEY (id);


--
-- Name: form_submissions form_submissions_pkey; Type: CONSTRAINT; Schema: public; Owner: afmuser
--

ALTER TABLE ONLY public.form_submissions
    ADD CONSTRAINT form_submissions_pkey PRIMARY KEY (id);


--
-- Name: form_submissions_submission_data form_submissions_submission_data_pkey; Type: CONSTRAINT; Schema: public; Owner: afmuser
--

ALTER TABLE ONLY public.form_submissions_submission_data
    ADD CONSTRAINT form_submissions_submission_data_pkey PRIMARY KEY (id);


--
-- Name: forms_blocks_checkbox_locales forms_blocks_checkbox_locales_pkey; Type: CONSTRAINT; Schema: public; Owner: afmuser
--

ALTER TABLE ONLY public.forms_blocks_checkbox_locales
    ADD CONSTRAINT forms_blocks_checkbox_locales_pkey PRIMARY KEY (id);


--
-- Name: forms_blocks_checkbox forms_blocks_checkbox_pkey; Type: CONSTRAINT; Schema: public; Owner: afmuser
--

ALTER TABLE ONLY public.forms_blocks_checkbox
    ADD CONSTRAINT forms_blocks_checkbox_pkey PRIMARY KEY (id);


--
-- Name: forms_blocks_country_locales forms_blocks_country_locales_pkey; Type: CONSTRAINT; Schema: public; Owner: afmuser
--

ALTER TABLE ONLY public.forms_blocks_country_locales
    ADD CONSTRAINT forms_blocks_country_locales_pkey PRIMARY KEY (id);


--
-- Name: forms_blocks_country forms_blocks_country_pkey; Type: CONSTRAINT; Schema: public; Owner: afmuser
--

ALTER TABLE ONLY public.forms_blocks_country
    ADD CONSTRAINT forms_blocks_country_pkey PRIMARY KEY (id);


--
-- Name: forms_blocks_email_locales forms_blocks_email_locales_pkey; Type: CONSTRAINT; Schema: public; Owner: afmuser
--

ALTER TABLE ONLY public.forms_blocks_email_locales
    ADD CONSTRAINT forms_blocks_email_locales_pkey PRIMARY KEY (id);


--
-- Name: forms_blocks_email forms_blocks_email_pkey; Type: CONSTRAINT; Schema: public; Owner: afmuser
--

ALTER TABLE ONLY public.forms_blocks_email
    ADD CONSTRAINT forms_blocks_email_pkey PRIMARY KEY (id);


--
-- Name: forms_blocks_message_locales forms_blocks_message_locales_pkey; Type: CONSTRAINT; Schema: public; Owner: afmuser
--

ALTER TABLE ONLY public.forms_blocks_message_locales
    ADD CONSTRAINT forms_blocks_message_locales_pkey PRIMARY KEY (id);


--
-- Name: forms_blocks_message forms_blocks_message_pkey; Type: CONSTRAINT; Schema: public; Owner: afmuser
--

ALTER TABLE ONLY public.forms_blocks_message
    ADD CONSTRAINT forms_blocks_message_pkey PRIMARY KEY (id);


--
-- Name: forms_blocks_number_locales forms_blocks_number_locales_pkey; Type: CONSTRAINT; Schema: public; Owner: afmuser
--

ALTER TABLE ONLY public.forms_blocks_number_locales
    ADD CONSTRAINT forms_blocks_number_locales_pkey PRIMARY KEY (id);


--
-- Name: forms_blocks_number forms_blocks_number_pkey; Type: CONSTRAINT; Schema: public; Owner: afmuser
--

ALTER TABLE ONLY public.forms_blocks_number
    ADD CONSTRAINT forms_blocks_number_pkey PRIMARY KEY (id);


--
-- Name: forms_blocks_select_locales forms_blocks_select_locales_pkey; Type: CONSTRAINT; Schema: public; Owner: afmuser
--

ALTER TABLE ONLY public.forms_blocks_select_locales
    ADD CONSTRAINT forms_blocks_select_locales_pkey PRIMARY KEY (id);


--
-- Name: forms_blocks_select_options_locales forms_blocks_select_options_locales_pkey; Type: CONSTRAINT; Schema: public; Owner: afmuser
--

ALTER TABLE ONLY public.forms_blocks_select_options_locales
    ADD CONSTRAINT forms_blocks_select_options_locales_pkey PRIMARY KEY (id);


--
-- Name: forms_blocks_select_options forms_blocks_select_options_pkey; Type: CONSTRAINT; Schema: public; Owner: afmuser
--

ALTER TABLE ONLY public.forms_blocks_select_options
    ADD CONSTRAINT forms_blocks_select_options_pkey PRIMARY KEY (id);


--
-- Name: forms_blocks_select forms_blocks_select_pkey; Type: CONSTRAINT; Schema: public; Owner: afmuser
--

ALTER TABLE ONLY public.forms_blocks_select
    ADD CONSTRAINT forms_blocks_select_pkey PRIMARY KEY (id);


--
-- Name: forms_blocks_state_locales forms_blocks_state_locales_pkey; Type: CONSTRAINT; Schema: public; Owner: afmuser
--

ALTER TABLE ONLY public.forms_blocks_state_locales
    ADD CONSTRAINT forms_blocks_state_locales_pkey PRIMARY KEY (id);


--
-- Name: forms_blocks_state forms_blocks_state_pkey; Type: CONSTRAINT; Schema: public; Owner: afmuser
--

ALTER TABLE ONLY public.forms_blocks_state
    ADD CONSTRAINT forms_blocks_state_pkey PRIMARY KEY (id);


--
-- Name: forms_blocks_text_locales forms_blocks_text_locales_pkey; Type: CONSTRAINT; Schema: public; Owner: afmuser
--

ALTER TABLE ONLY public.forms_blocks_text_locales
    ADD CONSTRAINT forms_blocks_text_locales_pkey PRIMARY KEY (id);


--
-- Name: forms_blocks_text forms_blocks_text_pkey; Type: CONSTRAINT; Schema: public; Owner: afmuser
--

ALTER TABLE ONLY public.forms_blocks_text
    ADD CONSTRAINT forms_blocks_text_pkey PRIMARY KEY (id);


--
-- Name: forms_blocks_textarea_locales forms_blocks_textarea_locales_pkey; Type: CONSTRAINT; Schema: public; Owner: afmuser
--

ALTER TABLE ONLY public.forms_blocks_textarea_locales
    ADD CONSTRAINT forms_blocks_textarea_locales_pkey PRIMARY KEY (id);


--
-- Name: forms_blocks_textarea forms_blocks_textarea_pkey; Type: CONSTRAINT; Schema: public; Owner: afmuser
--

ALTER TABLE ONLY public.forms_blocks_textarea
    ADD CONSTRAINT forms_blocks_textarea_pkey PRIMARY KEY (id);


--
-- Name: forms_emails_locales forms_emails_locales_pkey; Type: CONSTRAINT; Schema: public; Owner: afmuser
--

ALTER TABLE ONLY public.forms_emails_locales
    ADD CONSTRAINT forms_emails_locales_pkey PRIMARY KEY (id);


--
-- Name: forms_emails forms_emails_pkey; Type: CONSTRAINT; Schema: public; Owner: afmuser
--

ALTER TABLE ONLY public.forms_emails
    ADD CONSTRAINT forms_emails_pkey PRIMARY KEY (id);


--
-- Name: forms_locales forms_locales_pkey; Type: CONSTRAINT; Schema: public; Owner: afmuser
--

ALTER TABLE ONLY public.forms_locales
    ADD CONSTRAINT forms_locales_pkey PRIMARY KEY (id);


--
-- Name: forms forms_pkey; Type: CONSTRAINT; Schema: public; Owner: afmuser
--

ALTER TABLE ONLY public.forms
    ADD CONSTRAINT forms_pkey PRIMARY KEY (id);


--
-- Name: garages_details_amenities_list garages_details_amenities_list_pkey; Type: CONSTRAINT; Schema: public; Owner: afmuser
--

ALTER TABLE ONLY public.garages_details_amenities_list
    ADD CONSTRAINT garages_details_amenities_list_pkey PRIMARY KEY (id);


--
-- Name: garages_locales garages_locales_pkey; Type: CONSTRAINT; Schema: public; Owner: afmuser
--

ALTER TABLE ONLY public.garages_locales
    ADD CONSTRAINT garages_locales_pkey PRIMARY KEY (id);


--
-- Name: garages garages_pkey; Type: CONSTRAINT; Schema: public; Owner: afmuser
--

ALTER TABLE ONLY public.garages
    ADD CONSTRAINT garages_pkey PRIMARY KEY (id);


--
-- Name: garages_rels garages_rels_pkey; Type: CONSTRAINT; Schema: public; Owner: afmuser
--

ALTER TABLE ONLY public.garages_rels
    ADD CONSTRAINT garages_rels_pkey PRIMARY KEY (id);


--
-- Name: header_nav_items header_nav_items_pkey; Type: CONSTRAINT; Schema: public; Owner: afmuser
--

ALTER TABLE ONLY public.header_nav_items
    ADD CONSTRAINT header_nav_items_pkey PRIMARY KEY (id);


--
-- Name: header header_pkey; Type: CONSTRAINT; Schema: public; Owner: afmuser
--

ALTER TABLE ONLY public.header
    ADD CONSTRAINT header_pkey PRIMARY KEY (id);


--
-- Name: header_rels header_rels_pkey; Type: CONSTRAINT; Schema: public; Owner: afmuser
--

ALTER TABLE ONLY public.header_rels
    ADD CONSTRAINT header_rels_pkey PRIMARY KEY (id);


--
-- Name: header_utility_nav header_utility_nav_pkey; Type: CONSTRAINT; Schema: public; Owner: afmuser
--

ALTER TABLE ONLY public.header_utility_nav
    ADD CONSTRAINT header_utility_nav_pkey PRIMARY KEY (id);


--
-- Name: helmets_details_classifications_list helmets_details_classifications_list_pkey; Type: CONSTRAINT; Schema: public; Owner: afmuser
--

ALTER TABLE ONLY public.helmets_details_classifications_list
    ADD CONSTRAINT helmets_details_classifications_list_pkey PRIMARY KEY (id);


--
-- Name: helmets_details_manufacturers_list helmets_details_manufacturers_list_pkey; Type: CONSTRAINT; Schema: public; Owner: afmuser
--

ALTER TABLE ONLY public.helmets_details_manufacturers_list
    ADD CONSTRAINT helmets_details_manufacturers_list_pkey PRIMARY KEY (id);


--
-- Name: helmets_locales helmets_locales_pkey; Type: CONSTRAINT; Schema: public; Owner: afmuser
--

ALTER TABLE ONLY public.helmets_locales
    ADD CONSTRAINT helmets_locales_pkey PRIMARY KEY (id);


--
-- Name: helmets helmets_pkey; Type: CONSTRAINT; Schema: public; Owner: afmuser
--

ALTER TABLE ONLY public.helmets
    ADD CONSTRAINT helmets_pkey PRIMARY KEY (id);


--
-- Name: helmets_rels helmets_rels_pkey; Type: CONSTRAINT; Schema: public; Owner: afmuser
--

ALTER TABLE ONLY public.helmets_rels
    ADD CONSTRAINT helmets_rels_pkey PRIMARY KEY (id);


--
-- Name: hospitalities_details_exclusions_list hospitalities_details_exclusions_list_pkey; Type: CONSTRAINT; Schema: public; Owner: afmuser
--

ALTER TABLE ONLY public.hospitalities_details_exclusions_list
    ADD CONSTRAINT hospitalities_details_exclusions_list_pkey PRIMARY KEY (id);


--
-- Name: hospitalities_details_inclusions_list hospitalities_details_inclusions_list_pkey; Type: CONSTRAINT; Schema: public; Owner: afmuser
--

ALTER TABLE ONLY public.hospitalities_details_inclusions_list
    ADD CONSTRAINT hospitalities_details_inclusions_list_pkey PRIMARY KEY (id);


--
-- Name: hospitalities_details_requirements_list hospitalities_details_requirements_list_pkey; Type: CONSTRAINT; Schema: public; Owner: afmuser
--

ALTER TABLE ONLY public.hospitalities_details_requirements_list
    ADD CONSTRAINT hospitalities_details_requirements_list_pkey PRIMARY KEY (id);


--
-- Name: hospitalities_locales hospitalities_locales_pkey; Type: CONSTRAINT; Schema: public; Owner: afmuser
--

ALTER TABLE ONLY public.hospitalities_locales
    ADD CONSTRAINT hospitalities_locales_pkey PRIMARY KEY (id);


--
-- Name: hospitalities hospitalities_pkey; Type: CONSTRAINT; Schema: public; Owner: afmuser
--

ALTER TABLE ONLY public.hospitalities
    ADD CONSTRAINT hospitalities_pkey PRIMARY KEY (id);


--
-- Name: hospitalities_rels hospitalities_rels_pkey; Type: CONSTRAINT; Schema: public; Owner: afmuser
--

ALTER TABLE ONLY public.hospitalities_rels
    ADD CONSTRAINT hospitalities_rels_pkey PRIMARY KEY (id);


--
-- Name: identity_locales identity_locales_pkey; Type: CONSTRAINT; Schema: public; Owner: afmuser
--

ALTER TABLE ONLY public.identity_locales
    ADD CONSTRAINT identity_locales_pkey PRIMARY KEY (id);


--
-- Name: identity identity_pkey; Type: CONSTRAINT; Schema: public; Owner: afmuser
--

ALTER TABLE ONLY public.identity
    ADD CONSTRAINT identity_pkey PRIMARY KEY (id);


--
-- Name: identity_rels identity_rels_pkey; Type: CONSTRAINT; Schema: public; Owner: afmuser
--

ALTER TABLE ONLY public.identity_rels
    ADD CONSTRAINT identity_rels_pkey PRIMARY KEY (id);


--
-- Name: identity_sustainability_initiative_names_locales identity_sustainability_initiative_names_locales_pkey; Type: CONSTRAINT; Schema: public; Owner: afmuser
--

ALTER TABLE ONLY public.identity_sustainability_initiative_names_locales
    ADD CONSTRAINT identity_sustainability_initiative_names_locales_pkey PRIMARY KEY (id);


--
-- Name: identity_sustainability_initiative_names identity_sustainability_initiative_names_pkey; Type: CONSTRAINT; Schema: public; Owner: afmuser
--

ALTER TABLE ONLY public.identity_sustainability_initiative_names
    ADD CONSTRAINT identity_sustainability_initiative_names_pkey PRIMARY KEY (id);


--
-- Name: identity_values_locales identity_values_locales_pkey; Type: CONSTRAINT; Schema: public; Owner: afmuser
--

ALTER TABLE ONLY public.identity_values_locales
    ADD CONSTRAINT identity_values_locales_pkey PRIMARY KEY (id);


--
-- Name: identity_values identity_values_pkey; Type: CONSTRAINT; Schema: public; Owner: afmuser
--

ALTER TABLE ONLY public.identity_values
    ADD CONSTRAINT identity_values_pkey PRIMARY KEY (id);


--
-- Name: identity_voice_tone_keywords_locales identity_voice_tone_keywords_locales_pkey; Type: CONSTRAINT; Schema: public; Owner: afmuser
--

ALTER TABLE ONLY public.identity_voice_tone_keywords_locales
    ADD CONSTRAINT identity_voice_tone_keywords_locales_pkey PRIMARY KEY (id);


--
-- Name: identity_voice_tone_keywords identity_voice_tone_keywords_pkey; Type: CONSTRAINT; Schema: public; Owner: afmuser
--

ALTER TABLE ONLY public.identity_voice_tone_keywords
    ADD CONSTRAINT identity_voice_tone_keywords_pkey PRIMARY KEY (id);


--
-- Name: incidents_locales incidents_locales_pkey; Type: CONSTRAINT; Schema: public; Owner: afmuser
--

ALTER TABLE ONLY public.incidents_locales
    ADD CONSTRAINT incidents_locales_pkey PRIMARY KEY (id);


--
-- Name: incidents incidents_pkey; Type: CONSTRAINT; Schema: public; Owner: afmuser
--

ALTER TABLE ONLY public.incidents
    ADD CONSTRAINT incidents_pkey PRIMARY KEY (id);


--
-- Name: incidents_rels incidents_rels_pkey; Type: CONSTRAINT; Schema: public; Owner: afmuser
--

ALTER TABLE ONLY public.incidents_rels
    ADD CONSTRAINT incidents_rels_pkey PRIMARY KEY (id);


--
-- Name: individuals_locales individuals_locales_pkey; Type: CONSTRAINT; Schema: public; Owner: afmuser
--

ALTER TABLE ONLY public.individuals_locales
    ADD CONSTRAINT individuals_locales_pkey PRIMARY KEY (id);


--
-- Name: individuals individuals_pkey; Type: CONSTRAINT; Schema: public; Owner: afmuser
--

ALTER TABLE ONLY public.individuals
    ADD CONSTRAINT individuals_pkey PRIMARY KEY (id);


--
-- Name: individuals_rels individuals_rels_pkey; Type: CONSTRAINT; Schema: public; Owner: afmuser
--

ALTER TABLE ONLY public.individuals_rels
    ADD CONSTRAINT individuals_rels_pkey PRIMARY KEY (id);


--
-- Name: initiatives_details_expectations_list initiatives_details_expectations_list_pkey; Type: CONSTRAINT; Schema: public; Owner: afmuser
--

ALTER TABLE ONLY public.initiatives_details_expectations_list
    ADD CONSTRAINT initiatives_details_expectations_list_pkey PRIMARY KEY (id);


--
-- Name: initiatives_locales initiatives_locales_pkey; Type: CONSTRAINT; Schema: public; Owner: afmuser
--

ALTER TABLE ONLY public.initiatives_locales
    ADD CONSTRAINT initiatives_locales_pkey PRIMARY KEY (id);


--
-- Name: initiatives initiatives_pkey; Type: CONSTRAINT; Schema: public; Owner: afmuser
--

ALTER TABLE ONLY public.initiatives
    ADD CONSTRAINT initiatives_pkey PRIMARY KEY (id);


--
-- Name: initiatives_rels initiatives_rels_pkey; Type: CONSTRAINT; Schema: public; Owner: afmuser
--

ALTER TABLE ONLY public.initiatives_rels
    ADD CONSTRAINT initiatives_rels_pkey PRIMARY KEY (id);


--
-- Name: interviews_details_tags_list interviews_details_tags_list_pkey; Type: CONSTRAINT; Schema: public; Owner: afmuser
--

ALTER TABLE ONLY public.interviews_details_tags_list
    ADD CONSTRAINT interviews_details_tags_list_pkey PRIMARY KEY (id);


--
-- Name: interviews_locales interviews_locales_pkey; Type: CONSTRAINT; Schema: public; Owner: afmuser
--

ALTER TABLE ONLY public.interviews_locales
    ADD CONSTRAINT interviews_locales_pkey PRIMARY KEY (id);


--
-- Name: interviews interviews_pkey; Type: CONSTRAINT; Schema: public; Owner: afmuser
--

ALTER TABLE ONLY public.interviews
    ADD CONSTRAINT interviews_pkey PRIMARY KEY (id);


--
-- Name: interviews_rels interviews_rels_pkey; Type: CONSTRAINT; Schema: public; Owner: afmuser
--

ALTER TABLE ONLY public.interviews_rels
    ADD CONSTRAINT interviews_rels_pkey PRIMARY KEY (id);


--
-- Name: leaders_details_principles_list leaders_details_principles_list_pkey; Type: CONSTRAINT; Schema: public; Owner: afmuser
--

ALTER TABLE ONLY public.leaders_details_principles_list
    ADD CONSTRAINT leaders_details_principles_list_pkey PRIMARY KEY (id);


--
-- Name: leaders_details_socials_list leaders_details_socials_list_pkey; Type: CONSTRAINT; Schema: public; Owner: afmuser
--

ALTER TABLE ONLY public.leaders_details_socials_list
    ADD CONSTRAINT leaders_details_socials_list_pkey PRIMARY KEY (id);


--
-- Name: leaders_details_websites_list leaders_details_websites_list_pkey; Type: CONSTRAINT; Schema: public; Owner: afmuser
--

ALTER TABLE ONLY public.leaders_details_websites_list
    ADD CONSTRAINT leaders_details_websites_list_pkey PRIMARY KEY (id);


--
-- Name: leaders_locales leaders_locales_pkey; Type: CONSTRAINT; Schema: public; Owner: afmuser
--

ALTER TABLE ONLY public.leaders_locales
    ADD CONSTRAINT leaders_locales_pkey PRIMARY KEY (id);


--
-- Name: leaders leaders_pkey; Type: CONSTRAINT; Schema: public; Owner: afmuser
--

ALTER TABLE ONLY public.leaders
    ADD CONSTRAINT leaders_pkey PRIMARY KEY (id);


--
-- Name: leaders_rels leaders_rels_pkey; Type: CONSTRAINT; Schema: public; Owner: afmuser
--

ALTER TABLE ONLY public.leaders_rels
    ADD CONSTRAINT leaders_rels_pkey PRIMARY KEY (id);


--
-- Name: media media_pkey; Type: CONSTRAINT; Schema: public; Owner: afmuser
--

ALTER TABLE ONLY public.media
    ADD CONSTRAINT media_pkey PRIMARY KEY (id);


--
-- Name: meetups_locales meetups_locales_pkey; Type: CONSTRAINT; Schema: public; Owner: afmuser
--

ALTER TABLE ONLY public.meetups_locales
    ADD CONSTRAINT meetups_locales_pkey PRIMARY KEY (id);


--
-- Name: meetups meetups_pkey; Type: CONSTRAINT; Schema: public; Owner: afmuser
--

ALTER TABLE ONLY public.meetups
    ADD CONSTRAINT meetups_pkey PRIMARY KEY (id);


--
-- Name: meetups_rels meetups_rels_pkey; Type: CONSTRAINT; Schema: public; Owner: afmuser
--

ALTER TABLE ONLY public.meetups_rels
    ADD CONSTRAINT meetups_rels_pkey PRIMARY KEY (id);


--
-- Name: members_details_addresses_list members_details_addresses_list_pkey; Type: CONSTRAINT; Schema: public; Owner: afmuser
--

ALTER TABLE ONLY public.members_details_addresses_list
    ADD CONSTRAINT members_details_addresses_list_pkey PRIMARY KEY (id);


--
-- Name: members_locales members_locales_pkey; Type: CONSTRAINT; Schema: public; Owner: afmuser
--

ALTER TABLE ONLY public.members_locales
    ADD CONSTRAINT members_locales_pkey PRIMARY KEY (id);


--
-- Name: members members_pkey; Type: CONSTRAINT; Schema: public; Owner: afmuser
--

ALTER TABLE ONLY public.members
    ADD CONSTRAINT members_pkey PRIMARY KEY (id);


--
-- Name: members_rels members_rels_pkey; Type: CONSTRAINT; Schema: public; Owner: afmuser
--

ALTER TABLE ONLY public.members_rels
    ADD CONSTRAINT members_rels_pkey PRIMARY KEY (id);


--
-- Name: onboardings_locales onboardings_locales_pkey; Type: CONSTRAINT; Schema: public; Owner: afmuser
--

ALTER TABLE ONLY public.onboardings_locales
    ADD CONSTRAINT onboardings_locales_pkey PRIMARY KEY (id);


--
-- Name: onboardings onboardings_pkey; Type: CONSTRAINT; Schema: public; Owner: afmuser
--

ALTER TABLE ONLY public.onboardings
    ADD CONSTRAINT onboardings_pkey PRIMARY KEY (id);


--
-- Name: onboardings_rels onboardings_rels_pkey; Type: CONSTRAINT; Schema: public; Owner: afmuser
--

ALTER TABLE ONLY public.onboardings_rels
    ADD CONSTRAINT onboardings_rels_pkey PRIMARY KEY (id);


--
-- Name: onboardings_traits_checklist_list onboardings_traits_checklist_list_pkey; Type: CONSTRAINT; Schema: public; Owner: afmuser
--

ALTER TABLE ONLY public.onboardings_traits_checklist_list
    ADD CONSTRAINT onboardings_traits_checklist_list_pkey PRIMARY KEY (id);


--
-- Name: onboardings_traits_modules_list onboardings_traits_modules_list_pkey; Type: CONSTRAINT; Schema: public; Owner: afmuser
--

ALTER TABLE ONLY public.onboardings_traits_modules_list
    ADD CONSTRAINT onboardings_traits_modules_list_pkey PRIMARY KEY (id);


--
-- Name: onboardings_traits_quizzes_list onboardings_traits_quizzes_list_pkey; Type: CONSTRAINT; Schema: public; Owner: afmuser
--

ALTER TABLE ONLY public.onboardings_traits_quizzes_list
    ADD CONSTRAINT onboardings_traits_quizzes_list_pkey PRIMARY KEY (id);


--
-- Name: orders_items orders_items_pkey; Type: CONSTRAINT; Schema: public; Owner: afmuser
--

ALTER TABLE ONLY public.orders_items
    ADD CONSTRAINT orders_items_pkey PRIMARY KEY (id);


--
-- Name: orders orders_pkey; Type: CONSTRAINT; Schema: public; Owner: afmuser
--

ALTER TABLE ONLY public.orders
    ADD CONSTRAINT orders_pkey PRIMARY KEY (id);


--
-- Name: orders_rels orders_rels_pkey; Type: CONSTRAINT; Schema: public; Owner: afmuser
--

ALTER TABLE ONLY public.orders_rels
    ADD CONSTRAINT orders_rels_pkey PRIMARY KEY (id);


--
-- Name: organizations_details_benefits_list organizations_details_benefits_list_pkey; Type: CONSTRAINT; Schema: public; Owner: afmuser
--

ALTER TABLE ONLY public.organizations_details_benefits_list
    ADD CONSTRAINT organizations_details_benefits_list_pkey PRIMARY KEY (id);


--
-- Name: organizations_details_socials_list organizations_details_socials_list_pkey; Type: CONSTRAINT; Schema: public; Owner: afmuser
--

ALTER TABLE ONLY public.organizations_details_socials_list
    ADD CONSTRAINT organizations_details_socials_list_pkey PRIMARY KEY (id);


--
-- Name: organizations_details_websites_list organizations_details_websites_list_pkey; Type: CONSTRAINT; Schema: public; Owner: afmuser
--

ALTER TABLE ONLY public.organizations_details_websites_list
    ADD CONSTRAINT organizations_details_websites_list_pkey PRIMARY KEY (id);


--
-- Name: organizations_locales organizations_locales_pkey; Type: CONSTRAINT; Schema: public; Owner: afmuser
--

ALTER TABLE ONLY public.organizations_locales
    ADD CONSTRAINT organizations_locales_pkey PRIMARY KEY (id);


--
-- Name: organizations organizations_pkey; Type: CONSTRAINT; Schema: public; Owner: afmuser
--

ALTER TABLE ONLY public.organizations
    ADD CONSTRAINT organizations_pkey PRIMARY KEY (id);


--
-- Name: organizations_rels organizations_rels_pkey; Type: CONSTRAINT; Schema: public; Owner: afmuser
--

ALTER TABLE ONLY public.organizations_rels
    ADD CONSTRAINT organizations_rels_pkey PRIMARY KEY (id);


--
-- Name: pages_locales pages_locales_pkey; Type: CONSTRAINT; Schema: public; Owner: afmuser
--

ALTER TABLE ONLY public.pages_locales
    ADD CONSTRAINT pages_locales_pkey PRIMARY KEY (id);


--
-- Name: pages pages_pkey; Type: CONSTRAINT; Schema: public; Owner: afmuser
--

ALTER TABLE ONLY public.pages
    ADD CONSTRAINT pages_pkey PRIMARY KEY (id);


--
-- Name: pages_rels pages_rels_pkey; Type: CONSTRAINT; Schema: public; Owner: afmuser
--

ALTER TABLE ONLY public.pages_rels
    ADD CONSTRAINT pages_rels_pkey PRIMARY KEY (id);


--
-- Name: payload_kv payload_kv_pkey; Type: CONSTRAINT; Schema: public; Owner: afmuser
--

ALTER TABLE ONLY public.payload_kv
    ADD CONSTRAINT payload_kv_pkey PRIMARY KEY (id);


--
-- Name: payload_locked_documents payload_locked_documents_pkey; Type: CONSTRAINT; Schema: public; Owner: afmuser
--

ALTER TABLE ONLY public.payload_locked_documents
    ADD CONSTRAINT payload_locked_documents_pkey PRIMARY KEY (id);


--
-- Name: payload_locked_documents_rels payload_locked_documents_rels_pkey; Type: CONSTRAINT; Schema: public; Owner: afmuser
--

ALTER TABLE ONLY public.payload_locked_documents_rels
    ADD CONSTRAINT payload_locked_documents_rels_pkey PRIMARY KEY (id);


--
-- Name: payload_mcp_api_keys payload_mcp_api_keys_pkey; Type: CONSTRAINT; Schema: public; Owner: afmuser
--

ALTER TABLE ONLY public.payload_mcp_api_keys
    ADD CONSTRAINT payload_mcp_api_keys_pkey PRIMARY KEY (id);


--
-- Name: payload_migrations payload_migrations_pkey; Type: CONSTRAINT; Schema: public; Owner: afmuser
--

ALTER TABLE ONLY public.payload_migrations
    ADD CONSTRAINT payload_migrations_pkey PRIMARY KEY (id);


--
-- Name: payload_preferences payload_preferences_pkey; Type: CONSTRAINT; Schema: public; Owner: afmuser
--

ALTER TABLE ONLY public.payload_preferences
    ADD CONSTRAINT payload_preferences_pkey PRIMARY KEY (id);


--
-- Name: payload_preferences_rels payload_preferences_rels_pkey; Type: CONSTRAINT; Schema: public; Owner: afmuser
--

ALTER TABLE ONLY public.payload_preferences_rels
    ADD CONSTRAINT payload_preferences_rels_pkey PRIMARY KEY (id);


--
-- Name: plans_locales plans_locales_pkey; Type: CONSTRAINT; Schema: public; Owner: afmuser
--

ALTER TABLE ONLY public.plans_locales
    ADD CONSTRAINT plans_locales_pkey PRIMARY KEY (id);


--
-- Name: plans plans_pkey; Type: CONSTRAINT; Schema: public; Owner: afmuser
--

ALTER TABLE ONLY public.plans
    ADD CONSTRAINT plans_pkey PRIMARY KEY (id);


--
-- Name: plans_rels plans_rels_pkey; Type: CONSTRAINT; Schema: public; Owner: afmuser
--

ALTER TABLE ONLY public.plans_rels
    ADD CONSTRAINT plans_rels_pkey PRIMARY KEY (id);


--
-- Name: plans_traits_deliverables_list plans_traits_deliverables_list_pkey; Type: CONSTRAINT; Schema: public; Owner: afmuser
--

ALTER TABLE ONLY public.plans_traits_deliverables_list
    ADD CONSTRAINT plans_traits_deliverables_list_pkey PRIMARY KEY (id);


--
-- Name: plans_traits_kpis_list plans_traits_kpis_list_pkey; Type: CONSTRAINT; Schema: public; Owner: afmuser
--

ALTER TABLE ONLY public.plans_traits_kpis_list
    ADD CONSTRAINT plans_traits_kpis_list_pkey PRIMARY KEY (id);


--
-- Name: plans_traits_milestones_list plans_traits_milestones_list_pkey; Type: CONSTRAINT; Schema: public; Owner: afmuser
--

ALTER TABLE ONLY public.plans_traits_milestones_list
    ADD CONSTRAINT plans_traits_milestones_list_pkey PRIMARY KEY (id);


--
-- Name: plans_traits_risks_list plans_traits_risks_list_pkey; Type: CONSTRAINT; Schema: public; Owner: afmuser
--

ALTER TABLE ONLY public.plans_traits_risks_list
    ADD CONSTRAINT plans_traits_risks_list_pkey PRIMARY KEY (id);


--
-- Name: points_locales points_locales_pkey; Type: CONSTRAINT; Schema: public; Owner: afmuser
--

ALTER TABLE ONLY public.points_locales
    ADD CONSTRAINT points_locales_pkey PRIMARY KEY (id);


--
-- Name: points points_pkey; Type: CONSTRAINT; Schema: public; Owner: afmuser
--

ALTER TABLE ONLY public.points
    ADD CONSTRAINT points_pkey PRIMARY KEY (id);


--
-- Name: points_rels points_rels_pkey; Type: CONSTRAINT; Schema: public; Owner: afmuser
--

ALTER TABLE ONLY public.points_rels
    ADD CONSTRAINT points_rels_pkey PRIMARY KEY (id);


--
-- Name: policies_locales policies_locales_pkey; Type: CONSTRAINT; Schema: public; Owner: afmuser
--

ALTER TABLE ONLY public.policies_locales
    ADD CONSTRAINT policies_locales_pkey PRIMARY KEY (id);


--
-- Name: policies policies_pkey; Type: CONSTRAINT; Schema: public; Owner: afmuser
--

ALTER TABLE ONLY public.policies
    ADD CONSTRAINT policies_pkey PRIMARY KEY (id);


--
-- Name: policies_rels policies_rels_pkey; Type: CONSTRAINT; Schema: public; Owner: afmuser
--

ALTER TABLE ONLY public.policies_rels
    ADD CONSTRAINT policies_rels_pkey PRIMARY KEY (id);


--
-- Name: products_blocks_content_columns products_blocks_content_columns_pkey; Type: CONSTRAINT; Schema: public; Owner: afmuser
--

ALTER TABLE ONLY public.products_blocks_content_columns
    ADD CONSTRAINT products_blocks_content_columns_pkey PRIMARY KEY (id);


--
-- Name: products_blocks_content products_blocks_content_pkey; Type: CONSTRAINT; Schema: public; Owner: afmuser
--

ALTER TABLE ONLY public.products_blocks_content
    ADD CONSTRAINT products_blocks_content_pkey PRIMARY KEY (id);


--
-- Name: products_blocks_cta_links products_blocks_cta_links_pkey; Type: CONSTRAINT; Schema: public; Owner: afmuser
--

ALTER TABLE ONLY public.products_blocks_cta_links
    ADD CONSTRAINT products_blocks_cta_links_pkey PRIMARY KEY (id);


--
-- Name: products_blocks_cta products_blocks_cta_pkey; Type: CONSTRAINT; Schema: public; Owner: afmuser
--

ALTER TABLE ONLY public.products_blocks_cta
    ADD CONSTRAINT products_blocks_cta_pkey PRIMARY KEY (id);


--
-- Name: products_blocks_media_block products_blocks_media_block_pkey; Type: CONSTRAINT; Schema: public; Owner: afmuser
--

ALTER TABLE ONLY public.products_blocks_media_block
    ADD CONSTRAINT products_blocks_media_block_pkey PRIMARY KEY (id);


--
-- Name: products_gallery products_gallery_pkey; Type: CONSTRAINT; Schema: public; Owner: afmuser
--

ALTER TABLE ONLY public.products_gallery
    ADD CONSTRAINT products_gallery_pkey PRIMARY KEY (id);


--
-- Name: products_locales products_locales_pkey; Type: CONSTRAINT; Schema: public; Owner: afmuser
--

ALTER TABLE ONLY public.products_locales
    ADD CONSTRAINT products_locales_pkey PRIMARY KEY (id);


--
-- Name: products products_pkey; Type: CONSTRAINT; Schema: public; Owner: afmuser
--

ALTER TABLE ONLY public.products
    ADD CONSTRAINT products_pkey PRIMARY KEY (id);


--
-- Name: products_rels products_rels_pkey; Type: CONSTRAINT; Schema: public; Owner: afmuser
--

ALTER TABLE ONLY public.products_rels
    ADD CONSTRAINT products_rels_pkey PRIMARY KEY (id);


--
-- Name: programs_locales programs_locales_pkey; Type: CONSTRAINT; Schema: public; Owner: afmuser
--

ALTER TABLE ONLY public.programs_locales
    ADD CONSTRAINT programs_locales_pkey PRIMARY KEY (id);


--
-- Name: programs programs_pkey; Type: CONSTRAINT; Schema: public; Owner: afmuser
--

ALTER TABLE ONLY public.programs
    ADD CONSTRAINT programs_pkey PRIMARY KEY (id);


--
-- Name: programs_rels programs_rels_pkey; Type: CONSTRAINT; Schema: public; Owner: afmuser
--

ALTER TABLE ONLY public.programs_rels
    ADD CONSTRAINT programs_rels_pkey PRIMARY KEY (id);


--
-- Name: programs_traits_curriculum_list programs_traits_curriculum_list_pkey; Type: CONSTRAINT; Schema: public; Owner: afmuser
--

ALTER TABLE ONLY public.programs_traits_curriculum_list
    ADD CONSTRAINT programs_traits_curriculum_list_pkey PRIMARY KEY (id);


--
-- Name: programs_traits_eligibility_list programs_traits_eligibility_list_pkey; Type: CONSTRAINT; Schema: public; Owner: afmuser
--

ALTER TABLE ONLY public.programs_traits_eligibility_list
    ADD CONSTRAINT programs_traits_eligibility_list_pkey PRIMARY KEY (id);


--
-- Name: questions_categories_items_locales questions_categories_items_locales_pkey; Type: CONSTRAINT; Schema: public; Owner: afmuser
--

ALTER TABLE ONLY public.questions_categories_items_locales
    ADD CONSTRAINT questions_categories_items_locales_pkey PRIMARY KEY (id);


--
-- Name: questions_categories_items questions_categories_items_pkey; Type: CONSTRAINT; Schema: public; Owner: afmuser
--

ALTER TABLE ONLY public.questions_categories_items
    ADD CONSTRAINT questions_categories_items_pkey PRIMARY KEY (id);


--
-- Name: questions_categories_locales questions_categories_locales_pkey; Type: CONSTRAINT; Schema: public; Owner: afmuser
--

ALTER TABLE ONLY public.questions_categories_locales
    ADD CONSTRAINT questions_categories_locales_pkey PRIMARY KEY (id);


--
-- Name: questions_categories questions_categories_pkey; Type: CONSTRAINT; Schema: public; Owner: afmuser
--

ALTER TABLE ONLY public.questions_categories
    ADD CONSTRAINT questions_categories_pkey PRIMARY KEY (id);


--
-- Name: questions questions_pkey; Type: CONSTRAINT; Schema: public; Owner: afmuser
--

ALTER TABLE ONLY public.questions
    ADD CONSTRAINT questions_pkey PRIMARY KEY (id);


--
-- Name: races_locales races_locales_pkey; Type: CONSTRAINT; Schema: public; Owner: afmuser
--

ALTER TABLE ONLY public.races_locales
    ADD CONSTRAINT races_locales_pkey PRIMARY KEY (id);


--
-- Name: races races_pkey; Type: CONSTRAINT; Schema: public; Owner: afmuser
--

ALTER TABLE ONLY public.races
    ADD CONSTRAINT races_pkey PRIMARY KEY (id);


--
-- Name: races_rels races_rels_pkey; Type: CONSTRAINT; Schema: public; Owner: afmuser
--

ALTER TABLE ONLY public.races_rels
    ADD CONSTRAINT races_rels_pkey PRIMARY KEY (id);


--
-- Name: regulations_locales regulations_locales_pkey; Type: CONSTRAINT; Schema: public; Owner: afmuser
--

ALTER TABLE ONLY public.regulations_locales
    ADD CONSTRAINT regulations_locales_pkey PRIMARY KEY (id);


--
-- Name: regulations regulations_pkey; Type: CONSTRAINT; Schema: public; Owner: afmuser
--

ALTER TABLE ONLY public.regulations
    ADD CONSTRAINT regulations_pkey PRIMARY KEY (id);


--
-- Name: regulations_rels regulations_rels_pkey; Type: CONSTRAINT; Schema: public; Owner: afmuser
--

ALTER TABLE ONLY public.regulations_rels
    ADD CONSTRAINT regulations_rels_pkey PRIMARY KEY (id);


--
-- Name: results_locales results_locales_pkey; Type: CONSTRAINT; Schema: public; Owner: afmuser
--

ALTER TABLE ONLY public.results_locales
    ADD CONSTRAINT results_locales_pkey PRIMARY KEY (id);


--
-- Name: results results_pkey; Type: CONSTRAINT; Schema: public; Owner: afmuser
--

ALTER TABLE ONLY public.results
    ADD CONSTRAINT results_pkey PRIMARY KEY (id);


--
-- Name: results_rels results_rels_pkey; Type: CONSTRAINT; Schema: public; Owner: afmuser
--

ALTER TABLE ONLY public.results_rels
    ADD CONSTRAINT results_rels_pkey PRIMARY KEY (id);


--
-- Name: search_locales search_locales_pkey; Type: CONSTRAINT; Schema: public; Owner: afmuser
--

ALTER TABLE ONLY public.search_locales
    ADD CONSTRAINT search_locales_pkey PRIMARY KEY (id);


--
-- Name: search search_pkey; Type: CONSTRAINT; Schema: public; Owner: afmuser
--

ALTER TABLE ONLY public.search
    ADD CONSTRAINT search_pkey PRIMARY KEY (id);


--
-- Name: search_rels search_rels_pkey; Type: CONSTRAINT; Schema: public; Owner: afmuser
--

ALTER TABLE ONLY public.search_rels
    ADD CONSTRAINT search_rels_pkey PRIMARY KEY (id);


--
-- Name: seasons_locales seasons_locales_pkey; Type: CONSTRAINT; Schema: public; Owner: afmuser
--

ALTER TABLE ONLY public.seasons_locales
    ADD CONSTRAINT seasons_locales_pkey PRIMARY KEY (id);


--
-- Name: seasons seasons_pkey; Type: CONSTRAINT; Schema: public; Owner: afmuser
--

ALTER TABLE ONLY public.seasons
    ADD CONSTRAINT seasons_pkey PRIMARY KEY (id);


--
-- Name: seasons_rels seasons_rels_pkey; Type: CONSTRAINT; Schema: public; Owner: afmuser
--

ALTER TABLE ONLY public.seasons_rels
    ADD CONSTRAINT seasons_rels_pkey PRIMARY KEY (id);


--
-- Name: series_locales series_locales_pkey; Type: CONSTRAINT; Schema: public; Owner: afmuser
--

ALTER TABLE ONLY public.series_locales
    ADD CONSTRAINT series_locales_pkey PRIMARY KEY (id);


--
-- Name: series series_pkey; Type: CONSTRAINT; Schema: public; Owner: afmuser
--

ALTER TABLE ONLY public.series
    ADD CONSTRAINT series_pkey PRIMARY KEY (id);


--
-- Name: series_rels series_rels_pkey; Type: CONSTRAINT; Schema: public; Owner: afmuser
--

ALTER TABLE ONLY public.series_rels
    ADD CONSTRAINT series_rels_pkey PRIMARY KEY (id);


--
-- Name: sessions_locales sessions_locales_pkey; Type: CONSTRAINT; Schema: public; Owner: afmuser
--

ALTER TABLE ONLY public.sessions_locales
    ADD CONSTRAINT sessions_locales_pkey PRIMARY KEY (id);


--
-- Name: sessions sessions_pkey; Type: CONSTRAINT; Schema: public; Owner: afmuser
--

ALTER TABLE ONLY public.sessions
    ADD CONSTRAINT sessions_pkey PRIMARY KEY (id);


--
-- Name: sessions_rels sessions_rels_pkey; Type: CONSTRAINT; Schema: public; Owner: afmuser
--

ALTER TABLE ONLY public.sessions_rels
    ADD CONSTRAINT sessions_rels_pkey PRIMARY KEY (id);


--
-- Name: skills_details_features_list skills_details_features_list_pkey; Type: CONSTRAINT; Schema: public; Owner: afmuser
--

ALTER TABLE ONLY public.skills_details_features_list
    ADD CONSTRAINT skills_details_features_list_pkey PRIMARY KEY (id);


--
-- Name: skills_details_specifications_list skills_details_specifications_list_pkey; Type: CONSTRAINT; Schema: public; Owner: afmuser
--

ALTER TABLE ONLY public.skills_details_specifications_list
    ADD CONSTRAINT skills_details_specifications_list_pkey PRIMARY KEY (id);


--
-- Name: skills_locales skills_locales_pkey; Type: CONSTRAINT; Schema: public; Owner: afmuser
--

ALTER TABLE ONLY public.skills_locales
    ADD CONSTRAINT skills_locales_pkey PRIMARY KEY (id);


--
-- Name: skills skills_pkey; Type: CONSTRAINT; Schema: public; Owner: afmuser
--

ALTER TABLE ONLY public.skills
    ADD CONSTRAINT skills_pkey PRIMARY KEY (id);


--
-- Name: skills_rels skills_rels_pkey; Type: CONSTRAINT; Schema: public; Owner: afmuser
--

ALTER TABLE ONLY public.skills_rels
    ADD CONSTRAINT skills_rels_pkey PRIMARY KEY (id);


--
-- Name: slides_locales slides_locales_pkey; Type: CONSTRAINT; Schema: public; Owner: afmuser
--

ALTER TABLE ONLY public.slides_locales
    ADD CONSTRAINT slides_locales_pkey PRIMARY KEY (id);


--
-- Name: slides slides_pkey; Type: CONSTRAINT; Schema: public; Owner: afmuser
--

ALTER TABLE ONLY public.slides
    ADD CONSTRAINT slides_pkey PRIMARY KEY (id);


--
-- Name: slides_rels slides_rels_pkey; Type: CONSTRAINT; Schema: public; Owner: afmuser
--

ALTER TABLE ONLY public.slides_rels
    ADD CONSTRAINT slides_rels_pkey PRIMARY KEY (id);


--
-- Name: slides_traits_tags_list slides_traits_tags_list_pkey; Type: CONSTRAINT; Schema: public; Owner: afmuser
--

ALTER TABLE ONLY public.slides_traits_tags_list
    ADD CONSTRAINT slides_traits_tags_list_pkey PRIMARY KEY (id);


--
-- Name: socials_accounts socials_accounts_pkey; Type: CONSTRAINT; Schema: public; Owner: afmuser
--

ALTER TABLE ONLY public.socials_accounts
    ADD CONSTRAINT socials_accounts_pkey PRIMARY KEY (id);


--
-- Name: socials socials_pkey; Type: CONSTRAINT; Schema: public; Owner: afmuser
--

ALTER TABLE ONLY public.socials
    ADD CONSTRAINT socials_pkey PRIMARY KEY (id);


--
-- Name: statements_locales statements_locales_pkey; Type: CONSTRAINT; Schema: public; Owner: afmuser
--

ALTER TABLE ONLY public.statements_locales
    ADD CONSTRAINT statements_locales_pkey PRIMARY KEY (id);


--
-- Name: statements statements_pkey; Type: CONSTRAINT; Schema: public; Owner: afmuser
--

ALTER TABLE ONLY public.statements
    ADD CONSTRAINT statements_pkey PRIMARY KEY (id);


--
-- Name: statements_rels statements_rels_pkey; Type: CONSTRAINT; Schema: public; Owner: afmuser
--

ALTER TABLE ONLY public.statements_rels
    ADD CONSTRAINT statements_rels_pkey PRIMARY KEY (id);


--
-- Name: statuses_locales statuses_locales_pkey; Type: CONSTRAINT; Schema: public; Owner: afmuser
--

ALTER TABLE ONLY public.statuses_locales
    ADD CONSTRAINT statuses_locales_pkey PRIMARY KEY (id);


--
-- Name: statuses statuses_pkey; Type: CONSTRAINT; Schema: public; Owner: afmuser
--

ALTER TABLE ONLY public.statuses
    ADD CONSTRAINT statuses_pkey PRIMARY KEY (id);


--
-- Name: statuses_rels statuses_rels_pkey; Type: CONSTRAINT; Schema: public; Owner: afmuser
--

ALTER TABLE ONLY public.statuses_rels
    ADD CONSTRAINT statuses_rels_pkey PRIMARY KEY (id);


--
-- Name: suits_details_manufacturers_list suits_details_manufacturers_list_pkey; Type: CONSTRAINT; Schema: public; Owner: afmuser
--

ALTER TABLE ONLY public.suits_details_manufacturers_list
    ADD CONSTRAINT suits_details_manufacturers_list_pkey PRIMARY KEY (id);


--
-- Name: suits_locales suits_locales_pkey; Type: CONSTRAINT; Schema: public; Owner: afmuser
--

ALTER TABLE ONLY public.suits_locales
    ADD CONSTRAINT suits_locales_pkey PRIMARY KEY (id);


--
-- Name: suits suits_pkey; Type: CONSTRAINT; Schema: public; Owner: afmuser
--

ALTER TABLE ONLY public.suits
    ADD CONSTRAINT suits_pkey PRIMARY KEY (id);


--
-- Name: suits_rels suits_rels_pkey; Type: CONSTRAINT; Schema: public; Owner: afmuser
--

ALTER TABLE ONLY public.suits_rels
    ADD CONSTRAINT suits_rels_pkey PRIMARY KEY (id);


--
-- Name: tags_locales tags_locales_pkey; Type: CONSTRAINT; Schema: public; Owner: afmuser
--

ALTER TABLE ONLY public.tags_locales
    ADD CONSTRAINT tags_locales_pkey PRIMARY KEY (id);


--
-- Name: tags tags_pkey; Type: CONSTRAINT; Schema: public; Owner: afmuser
--

ALTER TABLE ONLY public.tags
    ADD CONSTRAINT tags_pkey PRIMARY KEY (id);


--
-- Name: tags_rels tags_rels_pkey; Type: CONSTRAINT; Schema: public; Owner: afmuser
--

ALTER TABLE ONLY public.tags_rels
    ADD CONSTRAINT tags_rels_pkey PRIMARY KEY (id);


--
-- Name: teams_locales teams_locales_pkey; Type: CONSTRAINT; Schema: public; Owner: afmuser
--

ALTER TABLE ONLY public.teams_locales
    ADD CONSTRAINT teams_locales_pkey PRIMARY KEY (id);


--
-- Name: teams teams_pkey; Type: CONSTRAINT; Schema: public; Owner: afmuser
--

ALTER TABLE ONLY public.teams
    ADD CONSTRAINT teams_pkey PRIMARY KEY (id);


--
-- Name: teams_rels teams_rels_pkey; Type: CONSTRAINT; Schema: public; Owner: afmuser
--

ALTER TABLE ONLY public.teams_rels
    ADD CONSTRAINT teams_rels_pkey PRIMARY KEY (id);


--
-- Name: timelines_locales timelines_locales_pkey; Type: CONSTRAINT; Schema: public; Owner: afmuser
--

ALTER TABLE ONLY public.timelines_locales
    ADD CONSTRAINT timelines_locales_pkey PRIMARY KEY (id);


--
-- Name: timelines timelines_pkey; Type: CONSTRAINT; Schema: public; Owner: afmuser
--

ALTER TABLE ONLY public.timelines
    ADD CONSTRAINT timelines_pkey PRIMARY KEY (id);


--
-- Name: timelines_rels timelines_rels_pkey; Type: CONSTRAINT; Schema: public; Owner: afmuser
--

ALTER TABLE ONLY public.timelines_rels
    ADD CONSTRAINT timelines_rels_pkey PRIMARY KEY (id);


--
-- Name: timelines_traits_events_list timelines_traits_events_list_pkey; Type: CONSTRAINT; Schema: public; Owner: afmuser
--

ALTER TABLE ONLY public.timelines_traits_events_list
    ADD CONSTRAINT timelines_traits_events_list_pkey PRIMARY KEY (id);


--
-- Name: timelines_traits_milestones_list timelines_traits_milestones_list_pkey; Type: CONSTRAINT; Schema: public; Owner: afmuser
--

ALTER TABLE ONLY public.timelines_traits_milestones_list
    ADD CONSTRAINT timelines_traits_milestones_list_pkey PRIMARY KEY (id);


--
-- Name: trainings_details_expectations_list trainings_details_expectations_list_pkey; Type: CONSTRAINT; Schema: public; Owner: afmuser
--

ALTER TABLE ONLY public.trainings_details_expectations_list
    ADD CONSTRAINT trainings_details_expectations_list_pkey PRIMARY KEY (id);


--
-- Name: trainings_details_specifications_list trainings_details_specifications_list_pkey; Type: CONSTRAINT; Schema: public; Owner: afmuser
--

ALTER TABLE ONLY public.trainings_details_specifications_list
    ADD CONSTRAINT trainings_details_specifications_list_pkey PRIMARY KEY (id);


--
-- Name: trainings_locales trainings_locales_pkey; Type: CONSTRAINT; Schema: public; Owner: afmuser
--

ALTER TABLE ONLY public.trainings_locales
    ADD CONSTRAINT trainings_locales_pkey PRIMARY KEY (id);


--
-- Name: trainings trainings_pkey; Type: CONSTRAINT; Schema: public; Owner: afmuser
--

ALTER TABLE ONLY public.trainings
    ADD CONSTRAINT trainings_pkey PRIMARY KEY (id);


--
-- Name: trainings_rels trainings_rels_pkey; Type: CONSTRAINT; Schema: public; Owner: afmuser
--

ALTER TABLE ONLY public.trainings_rels
    ADD CONSTRAINT trainings_rels_pkey PRIMARY KEY (id);


--
-- Name: transactions_items transactions_items_pkey; Type: CONSTRAINT; Schema: public; Owner: afmuser
--

ALTER TABLE ONLY public.transactions_items
    ADD CONSTRAINT transactions_items_pkey PRIMARY KEY (id);


--
-- Name: transactions transactions_pkey; Type: CONSTRAINT; Schema: public; Owner: afmuser
--

ALTER TABLE ONLY public.transactions
    ADD CONSTRAINT transactions_pkey PRIMARY KEY (id);


--
-- Name: users users_pkey; Type: CONSTRAINT; Schema: public; Owner: afmuser
--

ALTER TABLE ONLY public.users
    ADD CONSTRAINT users_pkey PRIMARY KEY (id);


--
-- Name: users_roles users_roles_pkey; Type: CONSTRAINT; Schema: public; Owner: afmuser
--

ALTER TABLE ONLY public.users_roles
    ADD CONSTRAINT users_roles_pkey PRIMARY KEY (id);


--
-- Name: users_sessions users_sessions_pkey; Type: CONSTRAINT; Schema: public; Owner: afmuser
--

ALTER TABLE ONLY public.users_sessions
    ADD CONSTRAINT users_sessions_pkey PRIMARY KEY (id);


--
-- Name: vacancies_details_expectations_list vacancies_details_expectations_list_pkey; Type: CONSTRAINT; Schema: public; Owner: afmuser
--

ALTER TABLE ONLY public.vacancies_details_expectations_list
    ADD CONSTRAINT vacancies_details_expectations_list_pkey PRIMARY KEY (id);


--
-- Name: vacancies_details_positions_list vacancies_details_positions_list_pkey; Type: CONSTRAINT; Schema: public; Owner: afmuser
--

ALTER TABLE ONLY public.vacancies_details_positions_list
    ADD CONSTRAINT vacancies_details_positions_list_pkey PRIMARY KEY (id);


--
-- Name: vacancies_details_specifications_list vacancies_details_specifications_list_pkey; Type: CONSTRAINT; Schema: public; Owner: afmuser
--

ALTER TABLE ONLY public.vacancies_details_specifications_list
    ADD CONSTRAINT vacancies_details_specifications_list_pkey PRIMARY KEY (id);


--
-- Name: vacancies_locales vacancies_locales_pkey; Type: CONSTRAINT; Schema: public; Owner: afmuser
--

ALTER TABLE ONLY public.vacancies_locales
    ADD CONSTRAINT vacancies_locales_pkey PRIMARY KEY (id);


--
-- Name: vacancies vacancies_pkey; Type: CONSTRAINT; Schema: public; Owner: afmuser
--

ALTER TABLE ONLY public.vacancies
    ADD CONSTRAINT vacancies_pkey PRIMARY KEY (id);


--
-- Name: vacancies_rels vacancies_rels_pkey; Type: CONSTRAINT; Schema: public; Owner: afmuser
--

ALTER TABLE ONLY public.vacancies_rels
    ADD CONSTRAINT vacancies_rels_pkey PRIMARY KEY (id);


--
-- Name: variant_options variant_options_pkey; Type: CONSTRAINT; Schema: public; Owner: afmuser
--

ALTER TABLE ONLY public.variant_options
    ADD CONSTRAINT variant_options_pkey PRIMARY KEY (id);


--
-- Name: variant_types variant_types_pkey; Type: CONSTRAINT; Schema: public; Owner: afmuser
--

ALTER TABLE ONLY public.variant_types
    ADD CONSTRAINT variant_types_pkey PRIMARY KEY (id);


--
-- Name: variants variants_pkey; Type: CONSTRAINT; Schema: public; Owner: afmuser
--

ALTER TABLE ONLY public.variants
    ADD CONSTRAINT variants_pkey PRIMARY KEY (id);


--
-- Name: variants_rels variants_rels_pkey; Type: CONSTRAINT; Schema: public; Owner: afmuser
--

ALTER TABLE ONLY public.variants_rels
    ADD CONSTRAINT variants_rels_pkey PRIMARY KEY (id);


--
-- Name: _products_v_autosave_idx; Type: INDEX; Schema: public; Owner: afmuser
--

CREATE INDEX _products_v_autosave_idx ON public._products_v USING btree (autosave);


--
-- Name: _products_v_blocks_content_columns_order_idx; Type: INDEX; Schema: public; Owner: afmuser
--

CREATE INDEX _products_v_blocks_content_columns_order_idx ON public._products_v_blocks_content_columns USING btree (_order);


--
-- Name: _products_v_blocks_content_columns_parent_id_idx; Type: INDEX; Schema: public; Owner: afmuser
--

CREATE INDEX _products_v_blocks_content_columns_parent_id_idx ON public._products_v_blocks_content_columns USING btree (_parent_id);


--
-- Name: _products_v_blocks_content_order_idx; Type: INDEX; Schema: public; Owner: afmuser
--

CREATE INDEX _products_v_blocks_content_order_idx ON public._products_v_blocks_content USING btree (_order);


--
-- Name: _products_v_blocks_content_parent_id_idx; Type: INDEX; Schema: public; Owner: afmuser
--

CREATE INDEX _products_v_blocks_content_parent_id_idx ON public._products_v_blocks_content USING btree (_parent_id);


--
-- Name: _products_v_blocks_content_path_idx; Type: INDEX; Schema: public; Owner: afmuser
--

CREATE INDEX _products_v_blocks_content_path_idx ON public._products_v_blocks_content USING btree (_path);


--
-- Name: _products_v_blocks_cta_links_order_idx; Type: INDEX; Schema: public; Owner: afmuser
--

CREATE INDEX _products_v_blocks_cta_links_order_idx ON public._products_v_blocks_cta_links USING btree (_order);


--
-- Name: _products_v_blocks_cta_links_parent_id_idx; Type: INDEX; Schema: public; Owner: afmuser
--

CREATE INDEX _products_v_blocks_cta_links_parent_id_idx ON public._products_v_blocks_cta_links USING btree (_parent_id);


--
-- Name: _products_v_blocks_cta_order_idx; Type: INDEX; Schema: public; Owner: afmuser
--

CREATE INDEX _products_v_blocks_cta_order_idx ON public._products_v_blocks_cta USING btree (_order);


--
-- Name: _products_v_blocks_cta_parent_id_idx; Type: INDEX; Schema: public; Owner: afmuser
--

CREATE INDEX _products_v_blocks_cta_parent_id_idx ON public._products_v_blocks_cta USING btree (_parent_id);


--
-- Name: _products_v_blocks_cta_path_idx; Type: INDEX; Schema: public; Owner: afmuser
--

CREATE INDEX _products_v_blocks_cta_path_idx ON public._products_v_blocks_cta USING btree (_path);


--
-- Name: _products_v_blocks_media_block_media_idx; Type: INDEX; Schema: public; Owner: afmuser
--

CREATE INDEX _products_v_blocks_media_block_media_idx ON public._products_v_blocks_media_block USING btree (media_id);


--
-- Name: _products_v_blocks_media_block_order_idx; Type: INDEX; Schema: public; Owner: afmuser
--

CREATE INDEX _products_v_blocks_media_block_order_idx ON public._products_v_blocks_media_block USING btree (_order);


--
-- Name: _products_v_blocks_media_block_parent_id_idx; Type: INDEX; Schema: public; Owner: afmuser
--

CREATE INDEX _products_v_blocks_media_block_parent_id_idx ON public._products_v_blocks_media_block USING btree (_parent_id);


--
-- Name: _products_v_blocks_media_block_path_idx; Type: INDEX; Schema: public; Owner: afmuser
--

CREATE INDEX _products_v_blocks_media_block_path_idx ON public._products_v_blocks_media_block USING btree (_path);


--
-- Name: _products_v_created_at_idx; Type: INDEX; Schema: public; Owner: afmuser
--

CREATE INDEX _products_v_created_at_idx ON public._products_v USING btree (created_at);


--
-- Name: _products_v_latest_idx; Type: INDEX; Schema: public; Owner: afmuser
--

CREATE INDEX _products_v_latest_idx ON public._products_v USING btree (latest);


--
-- Name: _products_v_locales_locale_parent_id_unique; Type: INDEX; Schema: public; Owner: afmuser
--

CREATE UNIQUE INDEX _products_v_locales_locale_parent_id_unique ON public._products_v_locales USING btree (_locale, _parent_id);


--
-- Name: _products_v_parent_idx; Type: INDEX; Schema: public; Owner: afmuser
--

CREATE INDEX _products_v_parent_idx ON public._products_v USING btree (parent_id);


--
-- Name: _products_v_published_locale_idx; Type: INDEX; Schema: public; Owner: afmuser
--

CREATE INDEX _products_v_published_locale_idx ON public._products_v USING btree (published_locale);


--
-- Name: _products_v_rels_categories_id_idx; Type: INDEX; Schema: public; Owner: afmuser
--

CREATE INDEX _products_v_rels_categories_id_idx ON public._products_v_rels USING btree (categories_id);


--
-- Name: _products_v_rels_order_idx; Type: INDEX; Schema: public; Owner: afmuser
--

CREATE INDEX _products_v_rels_order_idx ON public._products_v_rels USING btree ("order");


--
-- Name: _products_v_rels_pages_id_idx; Type: INDEX; Schema: public; Owner: afmuser
--

CREATE INDEX _products_v_rels_pages_id_idx ON public._products_v_rels USING btree (pages_id);


--
-- Name: _products_v_rels_parent_idx; Type: INDEX; Schema: public; Owner: afmuser
--

CREATE INDEX _products_v_rels_parent_idx ON public._products_v_rels USING btree (parent_id);


--
-- Name: _products_v_rels_path_idx; Type: INDEX; Schema: public; Owner: afmuser
--

CREATE INDEX _products_v_rels_path_idx ON public._products_v_rels USING btree (path);


--
-- Name: _products_v_rels_products_id_idx; Type: INDEX; Schema: public; Owner: afmuser
--

CREATE INDEX _products_v_rels_products_id_idx ON public._products_v_rels USING btree (products_id);


--
-- Name: _products_v_rels_variant_types_id_idx; Type: INDEX; Schema: public; Owner: afmuser
--

CREATE INDEX _products_v_rels_variant_types_id_idx ON public._products_v_rels USING btree (variant_types_id);


--
-- Name: _products_v_snapshot_idx; Type: INDEX; Schema: public; Owner: afmuser
--

CREATE INDEX _products_v_snapshot_idx ON public._products_v USING btree (snapshot);


--
-- Name: _products_v_updated_at_idx; Type: INDEX; Schema: public; Owner: afmuser
--

CREATE INDEX _products_v_updated_at_idx ON public._products_v USING btree (updated_at);


--
-- Name: _products_v_version_gallery_image_idx; Type: INDEX; Schema: public; Owner: afmuser
--

CREATE INDEX _products_v_version_gallery_image_idx ON public._products_v_version_gallery USING btree (image_id);


--
-- Name: _products_v_version_gallery_order_idx; Type: INDEX; Schema: public; Owner: afmuser
--

CREATE INDEX _products_v_version_gallery_order_idx ON public._products_v_version_gallery USING btree (_order);


--
-- Name: _products_v_version_gallery_parent_id_idx; Type: INDEX; Schema: public; Owner: afmuser
--

CREATE INDEX _products_v_version_gallery_parent_id_idx ON public._products_v_version_gallery USING btree (_parent_id);


--
-- Name: _products_v_version_gallery_variant_option_idx; Type: INDEX; Schema: public; Owner: afmuser
--

CREATE INDEX _products_v_version_gallery_variant_option_idx ON public._products_v_version_gallery USING btree (variant_option_id);


--
-- Name: _products_v_version_meta_version_meta_image_idx; Type: INDEX; Schema: public; Owner: afmuser
--

CREATE INDEX _products_v_version_meta_version_meta_image_idx ON public._products_v_locales USING btree (version_meta_image_id, _locale);


--
-- Name: _products_v_version_version__status_idx; Type: INDEX; Schema: public; Owner: afmuser
--

CREATE INDEX _products_v_version_version__status_idx ON public._products_v USING btree (version__status);


--
-- Name: _products_v_version_version_created_at_idx; Type: INDEX; Schema: public; Owner: afmuser
--

CREATE INDEX _products_v_version_version_created_at_idx ON public._products_v USING btree (version_created_at);


--
-- Name: _products_v_version_version_deleted_at_idx; Type: INDEX; Schema: public; Owner: afmuser
--

CREATE INDEX _products_v_version_version_deleted_at_idx ON public._products_v USING btree (version_deleted_at);


--
-- Name: _products_v_version_version_slug_idx; Type: INDEX; Schema: public; Owner: afmuser
--

CREATE INDEX _products_v_version_version_slug_idx ON public._products_v USING btree (version_slug);


--
-- Name: _products_v_version_version_updated_at_idx; Type: INDEX; Schema: public; Owner: afmuser
--

CREATE INDEX _products_v_version_version_updated_at_idx ON public._products_v USING btree (version_updated_at);


--
-- Name: _variants_v_autosave_idx; Type: INDEX; Schema: public; Owner: afmuser
--

CREATE INDEX _variants_v_autosave_idx ON public._variants_v USING btree (autosave);


--
-- Name: _variants_v_created_at_idx; Type: INDEX; Schema: public; Owner: afmuser
--

CREATE INDEX _variants_v_created_at_idx ON public._variants_v USING btree (created_at);


--
-- Name: _variants_v_latest_idx; Type: INDEX; Schema: public; Owner: afmuser
--

CREATE INDEX _variants_v_latest_idx ON public._variants_v USING btree (latest);


--
-- Name: _variants_v_parent_idx; Type: INDEX; Schema: public; Owner: afmuser
--

CREATE INDEX _variants_v_parent_idx ON public._variants_v USING btree (parent_id);


--
-- Name: _variants_v_published_locale_idx; Type: INDEX; Schema: public; Owner: afmuser
--

CREATE INDEX _variants_v_published_locale_idx ON public._variants_v USING btree (published_locale);


--
-- Name: _variants_v_rels_order_idx; Type: INDEX; Schema: public; Owner: afmuser
--

CREATE INDEX _variants_v_rels_order_idx ON public._variants_v_rels USING btree ("order");


--
-- Name: _variants_v_rels_parent_idx; Type: INDEX; Schema: public; Owner: afmuser
--

CREATE INDEX _variants_v_rels_parent_idx ON public._variants_v_rels USING btree (parent_id);


--
-- Name: _variants_v_rels_path_idx; Type: INDEX; Schema: public; Owner: afmuser
--

CREATE INDEX _variants_v_rels_path_idx ON public._variants_v_rels USING btree (path);


--
-- Name: _variants_v_rels_variant_options_id_idx; Type: INDEX; Schema: public; Owner: afmuser
--

CREATE INDEX _variants_v_rels_variant_options_id_idx ON public._variants_v_rels USING btree (variant_options_id);


--
-- Name: _variants_v_snapshot_idx; Type: INDEX; Schema: public; Owner: afmuser
--

CREATE INDEX _variants_v_snapshot_idx ON public._variants_v USING btree (snapshot);


--
-- Name: _variants_v_updated_at_idx; Type: INDEX; Schema: public; Owner: afmuser
--

CREATE INDEX _variants_v_updated_at_idx ON public._variants_v USING btree (updated_at);


--
-- Name: _variants_v_version_version__status_idx; Type: INDEX; Schema: public; Owner: afmuser
--

CREATE INDEX _variants_v_version_version__status_idx ON public._variants_v USING btree (version__status);


--
-- Name: _variants_v_version_version_created_at_idx; Type: INDEX; Schema: public; Owner: afmuser
--

CREATE INDEX _variants_v_version_version_created_at_idx ON public._variants_v USING btree (version_created_at);


--
-- Name: _variants_v_version_version_deleted_at_idx; Type: INDEX; Schema: public; Owner: afmuser
--

CREATE INDEX _variants_v_version_version_deleted_at_idx ON public._variants_v USING btree (version_deleted_at);


--
-- Name: _variants_v_version_version_product_idx; Type: INDEX; Schema: public; Owner: afmuser
--

CREATE INDEX _variants_v_version_version_product_idx ON public._variants_v USING btree (version_product_id);


--
-- Name: _variants_v_version_version_updated_at_idx; Type: INDEX; Schema: public; Owner: afmuser
--

CREATE INDEX _variants_v_version_version_updated_at_idx ON public._variants_v USING btree (version_updated_at);


--
-- Name: addresses_created_at_idx; Type: INDEX; Schema: public; Owner: afmuser
--

CREATE INDEX addresses_created_at_idx ON public.addresses USING btree (created_at);


--
-- Name: addresses_customer_idx; Type: INDEX; Schema: public; Owner: afmuser
--

CREATE INDEX addresses_customer_idx ON public.addresses USING btree (customer_id);


--
-- Name: addresses_updated_at_idx; Type: INDEX; Schema: public; Owner: afmuser
--

CREATE INDEX addresses_updated_at_idx ON public.addresses USING btree (updated_at);


--
-- Name: announcements_items_locales_locale_parent_id_unique; Type: INDEX; Schema: public; Owner: afmuser
--

CREATE UNIQUE INDEX announcements_items_locales_locale_parent_id_unique ON public.announcements_items_locales USING btree (_locale, _parent_id);


--
-- Name: announcements_items_order_idx; Type: INDEX; Schema: public; Owner: afmuser
--

CREATE INDEX announcements_items_order_idx ON public.announcements_items USING btree (_order);


--
-- Name: announcements_items_parent_id_idx; Type: INDEX; Schema: public; Owner: afmuser
--

CREATE INDEX announcements_items_parent_id_idx ON public.announcements_items USING btree (_parent_id);


--
-- Name: awards_assets_assets_candid_idx; Type: INDEX; Schema: public; Owner: afmuser
--

CREATE INDEX awards_assets_assets_candid_idx ON public.awards USING btree (assets_candid_id);


--
-- Name: awards_assets_assets_thumbnail_idx; Type: INDEX; Schema: public; Owner: afmuser
--

CREATE INDEX awards_assets_assets_thumbnail_idx ON public.awards USING btree (assets_thumbnail_id);


--
-- Name: awards_assets_assets_video_idx; Type: INDEX; Schema: public; Owner: afmuser
--

CREATE INDEX awards_assets_assets_video_idx ON public.awards USING btree (assets_video_id);


--
-- Name: awards_created_at_idx; Type: INDEX; Schema: public; Owner: afmuser
--

CREATE INDEX awards_created_at_idx ON public.awards USING btree (created_at);


--
-- Name: awards_details_details_awarded_date_idx; Type: INDEX; Schema: public; Owner: afmuser
--

CREATE INDEX awards_details_details_awarded_date_idx ON public.awards USING btree (details_awarded_date);


--
-- Name: awards_details_details_awarded_location_idx; Type: INDEX; Schema: public; Owner: afmuser
--

CREATE INDEX awards_details_details_awarded_location_idx ON public.awards USING btree (details_awarded_location);


--
-- Name: awards_locales_locale_parent_id_unique; Type: INDEX; Schema: public; Owner: afmuser
--

CREATE UNIQUE INDEX awards_locales_locale_parent_id_unique ON public.awards_locales USING btree (_locale, _parent_id);


--
-- Name: awards_name_idx; Type: INDEX; Schema: public; Owner: afmuser
--

CREATE INDEX awards_name_idx ON public.awards USING btree (name);


--
-- Name: awards_rels_categories_id_idx; Type: INDEX; Schema: public; Owner: afmuser
--

CREATE INDEX awards_rels_categories_id_idx ON public.awards_rels USING btree (categories_id);


--
-- Name: awards_rels_order_idx; Type: INDEX; Schema: public; Owner: afmuser
--

CREATE INDEX awards_rels_order_idx ON public.awards_rels USING btree ("order");


--
-- Name: awards_rels_parent_idx; Type: INDEX; Schema: public; Owner: afmuser
--

CREATE INDEX awards_rels_parent_idx ON public.awards_rels USING btree (parent_id);


--
-- Name: awards_rels_path_idx; Type: INDEX; Schema: public; Owner: afmuser
--

CREATE INDEX awards_rels_path_idx ON public.awards_rels USING btree (path);


--
-- Name: awards_rels_tags_id_idx; Type: INDEX; Schema: public; Owner: afmuser
--

CREATE INDEX awards_rels_tags_id_idx ON public.awards_rels USING btree (tags_id);


--
-- Name: awards_seo_seo_image_idx; Type: INDEX; Schema: public; Owner: afmuser
--

CREATE INDEX awards_seo_seo_image_idx ON public.awards_locales USING btree (seo_image_id, _locale);


--
-- Name: awards_slug_idx; Type: INDEX; Schema: public; Owner: afmuser
--

CREATE UNIQUE INDEX awards_slug_idx ON public.awards USING btree (slug);


--
-- Name: awards_updated_at_idx; Type: INDEX; Schema: public; Owner: afmuser
--

CREATE INDEX awards_updated_at_idx ON public.awards USING btree (updated_at);


--
-- Name: cars_assets_assets_avatar_idx; Type: INDEX; Schema: public; Owner: afmuser
--

CREATE INDEX cars_assets_assets_avatar_idx ON public.cars USING btree (assets_avatar_id);


--
-- Name: cars_assets_assets_cover_idx; Type: INDEX; Schema: public; Owner: afmuser
--

CREATE INDEX cars_assets_assets_cover_idx ON public.cars USING btree (assets_cover_id);


--
-- Name: cars_assets_assets_thumbnail_idx; Type: INDEX; Schema: public; Owner: afmuser
--

CREATE INDEX cars_assets_assets_thumbnail_idx ON public.cars USING btree (assets_thumbnail_id);


--
-- Name: cars_assets_assets_video_idx; Type: INDEX; Schema: public; Owner: afmuser
--

CREATE INDEX cars_assets_assets_video_idx ON public.cars USING btree (assets_video_id);


--
-- Name: cars_basics_identifiers_basics_identifiers_chassis_idx; Type: INDEX; Schema: public; Owner: afmuser
--

CREATE INDEX cars_basics_identifiers_basics_identifiers_chassis_idx ON public.cars USING btree (basics_identifiers_chassis);


--
-- Name: cars_created_at_idx; Type: INDEX; Schema: public; Owner: afmuser
--

CREATE INDEX cars_created_at_idx ON public.cars USING btree (created_at);


--
-- Name: cars_details_classifications_list_order_idx; Type: INDEX; Schema: public; Owner: afmuser
--

CREATE INDEX cars_details_classifications_list_order_idx ON public.cars_details_classifications_list USING btree (_order);


--
-- Name: cars_details_classifications_list_parent_id_idx; Type: INDEX; Schema: public; Owner: afmuser
--

CREATE INDEX cars_details_classifications_list_parent_id_idx ON public.cars_details_classifications_list USING btree (_parent_id);


--
-- Name: cars_details_details_status_idx; Type: INDEX; Schema: public; Owner: afmuser
--

CREATE INDEX cars_details_details_status_idx ON public.cars USING btree (details_status);


--
-- Name: cars_details_details_technical_categories_idx; Type: INDEX; Schema: public; Owner: afmuser
--

CREATE INDEX cars_details_details_technical_categories_idx ON public.cars USING btree (details_technical_categories);


--
-- Name: cars_details_specifications_list_order_idx; Type: INDEX; Schema: public; Owner: afmuser
--

CREATE INDEX cars_details_specifications_list_order_idx ON public.cars_details_specifications_list USING btree (_order);


--
-- Name: cars_details_specifications_list_parent_id_idx; Type: INDEX; Schema: public; Owner: afmuser
--

CREATE INDEX cars_details_specifications_list_parent_id_idx ON public.cars_details_specifications_list USING btree (_parent_id);


--
-- Name: cars_locales_locale_parent_id_unique; Type: INDEX; Schema: public; Owner: afmuser
--

CREATE UNIQUE INDEX cars_locales_locale_parent_id_unique ON public.cars_locales USING btree (_locale, _parent_id);


--
-- Name: cars_name_idx; Type: INDEX; Schema: public; Owner: afmuser
--

CREATE INDEX cars_name_idx ON public.cars USING btree (name);


--
-- Name: cars_rels_categories_id_idx; Type: INDEX; Schema: public; Owner: afmuser
--

CREATE INDEX cars_rels_categories_id_idx ON public.cars_rels USING btree (categories_id);


--
-- Name: cars_rels_media_id_idx; Type: INDEX; Schema: public; Owner: afmuser
--

CREATE INDEX cars_rels_media_id_idx ON public.cars_rels USING btree (media_id);


--
-- Name: cars_rels_members_id_idx; Type: INDEX; Schema: public; Owner: afmuser
--

CREATE INDEX cars_rels_members_id_idx ON public.cars_rels USING btree (members_id);


--
-- Name: cars_rels_order_idx; Type: INDEX; Schema: public; Owner: afmuser
--

CREATE INDEX cars_rels_order_idx ON public.cars_rels USING btree ("order");


--
-- Name: cars_rels_organizations_id_idx; Type: INDEX; Schema: public; Owner: afmuser
--

CREATE INDEX cars_rels_organizations_id_idx ON public.cars_rels USING btree (organizations_id);


--
-- Name: cars_rels_parent_idx; Type: INDEX; Schema: public; Owner: afmuser
--

CREATE INDEX cars_rels_parent_idx ON public.cars_rels USING btree (parent_id);


--
-- Name: cars_rels_path_idx; Type: INDEX; Schema: public; Owner: afmuser
--

CREATE INDEX cars_rels_path_idx ON public.cars_rels USING btree (path);


--
-- Name: cars_rels_tags_id_idx; Type: INDEX; Schema: public; Owner: afmuser
--

CREATE INDEX cars_rels_tags_id_idx ON public.cars_rels USING btree (tags_id);


--
-- Name: cars_seo_seo_image_idx; Type: INDEX; Schema: public; Owner: afmuser
--

CREATE INDEX cars_seo_seo_image_idx ON public.cars_locales USING btree (seo_image_id, _locale);


--
-- Name: cars_slug_idx; Type: INDEX; Schema: public; Owner: afmuser
--

CREATE UNIQUE INDEX cars_slug_idx ON public.cars USING btree (slug);


--
-- Name: cars_updated_at_idx; Type: INDEX; Schema: public; Owner: afmuser
--

CREATE INDEX cars_updated_at_idx ON public.cars USING btree (updated_at);


--
-- Name: carts_created_at_idx; Type: INDEX; Schema: public; Owner: afmuser
--

CREATE INDEX carts_created_at_idx ON public.carts USING btree (created_at);


--
-- Name: carts_customer_idx; Type: INDEX; Schema: public; Owner: afmuser
--

CREATE INDEX carts_customer_idx ON public.carts USING btree (customer_id);


--
-- Name: carts_items_order_idx; Type: INDEX; Schema: public; Owner: afmuser
--

CREATE INDEX carts_items_order_idx ON public.carts_items USING btree (_order);


--
-- Name: carts_items_parent_id_idx; Type: INDEX; Schema: public; Owner: afmuser
--

CREATE INDEX carts_items_parent_id_idx ON public.carts_items USING btree (_parent_id);


--
-- Name: carts_items_product_idx; Type: INDEX; Schema: public; Owner: afmuser
--

CREATE INDEX carts_items_product_idx ON public.carts_items USING btree (product_id);


--
-- Name: carts_items_variant_idx; Type: INDEX; Schema: public; Owner: afmuser
--

CREATE INDEX carts_items_variant_idx ON public.carts_items USING btree (variant_id);


--
-- Name: carts_secret_idx; Type: INDEX; Schema: public; Owner: afmuser
--

CREATE INDEX carts_secret_idx ON public.carts USING btree (secret);


--
-- Name: carts_updated_at_idx; Type: INDEX; Schema: public; Owner: afmuser
--

CREATE INDEX carts_updated_at_idx ON public.carts USING btree (updated_at);


--
-- Name: categories_created_at_idx; Type: INDEX; Schema: public; Owner: afmuser
--

CREATE INDEX categories_created_at_idx ON public.categories USING btree (created_at);


--
-- Name: categories_details_type_locales_locale_parent_id_unique; Type: INDEX; Schema: public; Owner: afmuser
--

CREATE UNIQUE INDEX categories_details_type_locales_locale_parent_id_unique ON public.categories_details_type_locales USING btree (_locale, _parent_id);


--
-- Name: categories_details_type_order_idx; Type: INDEX; Schema: public; Owner: afmuser
--

CREATE INDEX categories_details_type_order_idx ON public.categories_details_type USING btree (_order);


--
-- Name: categories_details_type_parent_id_idx; Type: INDEX; Schema: public; Owner: afmuser
--

CREATE INDEX categories_details_type_parent_id_idx ON public.categories_details_type USING btree (_parent_id);


--
-- Name: categories_locales_locale_parent_id_unique; Type: INDEX; Schema: public; Owner: afmuser
--

CREATE UNIQUE INDEX categories_locales_locale_parent_id_unique ON public.categories_locales USING btree (_locale, _parent_id);


--
-- Name: categories_name_idx; Type: INDEX; Schema: public; Owner: afmuser
--

CREATE INDEX categories_name_idx ON public.categories_locales USING btree (name, _locale);


--
-- Name: categories_rels_categories_id_idx; Type: INDEX; Schema: public; Owner: afmuser
--

CREATE INDEX categories_rels_categories_id_idx ON public.categories_rels USING btree (categories_id);


--
-- Name: categories_rels_order_idx; Type: INDEX; Schema: public; Owner: afmuser
--

CREATE INDEX categories_rels_order_idx ON public.categories_rels USING btree ("order");


--
-- Name: categories_rels_parent_idx; Type: INDEX; Schema: public; Owner: afmuser
--

CREATE INDEX categories_rels_parent_idx ON public.categories_rels USING btree (parent_id);


--
-- Name: categories_rels_path_idx; Type: INDEX; Schema: public; Owner: afmuser
--

CREATE INDEX categories_rels_path_idx ON public.categories_rels USING btree (path);


--
-- Name: categories_rels_tags_id_idx; Type: INDEX; Schema: public; Owner: afmuser
--

CREATE INDEX categories_rels_tags_id_idx ON public.categories_rels USING btree (tags_id);


--
-- Name: categories_seo_seo_image_idx; Type: INDEX; Schema: public; Owner: afmuser
--

CREATE INDEX categories_seo_seo_image_idx ON public.categories_locales USING btree (seo_image_id, _locale);


--
-- Name: categories_slug_idx; Type: INDEX; Schema: public; Owner: afmuser
--

CREATE UNIQUE INDEX categories_slug_idx ON public.categories USING btree (slug);


--
-- Name: categories_updated_at_idx; Type: INDEX; Schema: public; Owner: afmuser
--

CREATE INDEX categories_updated_at_idx ON public.categories USING btree (updated_at);


--
-- Name: celebrations_assets_assets_thumbnail_idx; Type: INDEX; Schema: public; Owner: afmuser
--

CREATE INDEX celebrations_assets_assets_thumbnail_idx ON public.celebrations USING btree (assets_thumbnail_id);


--
-- Name: celebrations_assets_assets_video_idx; Type: INDEX; Schema: public; Owner: afmuser
--

CREATE INDEX celebrations_assets_assets_video_idx ON public.celebrations USING btree (assets_video_id);


--
-- Name: celebrations_created_at_idx; Type: INDEX; Schema: public; Owner: afmuser
--

CREATE INDEX celebrations_created_at_idx ON public.celebrations USING btree (created_at);


--
-- Name: celebrations_details_details_date_time_idx; Type: INDEX; Schema: public; Owner: afmuser
--

CREATE INDEX celebrations_details_details_date_time_idx ON public.celebrations USING btree (details_date_time);


--
-- Name: celebrations_details_details_exclusivity_idx; Type: INDEX; Schema: public; Owner: afmuser
--

CREATE INDEX celebrations_details_details_exclusivity_idx ON public.celebrations USING btree (details_exclusivity);


--
-- Name: celebrations_details_details_location_idx; Type: INDEX; Schema: public; Owner: afmuser
--

CREATE INDEX celebrations_details_details_location_idx ON public.celebrations USING btree (details_location);


--
-- Name: celebrations_locales_locale_parent_id_unique; Type: INDEX; Schema: public; Owner: afmuser
--

CREATE UNIQUE INDEX celebrations_locales_locale_parent_id_unique ON public.celebrations_locales USING btree (_locale, _parent_id);


--
-- Name: celebrations_name_idx; Type: INDEX; Schema: public; Owner: afmuser
--

CREATE INDEX celebrations_name_idx ON public.celebrations USING btree (name);


--
-- Name: celebrations_rels_categories_id_idx; Type: INDEX; Schema: public; Owner: afmuser
--

CREATE INDEX celebrations_rels_categories_id_idx ON public.celebrations_rels USING btree (categories_id);


--
-- Name: celebrations_rels_drivers_id_idx; Type: INDEX; Schema: public; Owner: afmuser
--

CREATE INDEX celebrations_rels_drivers_id_idx ON public.celebrations_rels USING btree (drivers_id);


--
-- Name: celebrations_rels_leaders_id_idx; Type: INDEX; Schema: public; Owner: afmuser
--

CREATE INDEX celebrations_rels_leaders_id_idx ON public.celebrations_rels USING btree (leaders_id);


--
-- Name: celebrations_rels_media_id_idx; Type: INDEX; Schema: public; Owner: afmuser
--

CREATE INDEX celebrations_rels_media_id_idx ON public.celebrations_rels USING btree (media_id);


--
-- Name: celebrations_rels_order_idx; Type: INDEX; Schema: public; Owner: afmuser
--

CREATE INDEX celebrations_rels_order_idx ON public.celebrations_rels USING btree ("order");


--
-- Name: celebrations_rels_parent_idx; Type: INDEX; Schema: public; Owner: afmuser
--

CREATE INDEX celebrations_rels_parent_idx ON public.celebrations_rels USING btree (parent_id);


--
-- Name: celebrations_rels_path_idx; Type: INDEX; Schema: public; Owner: afmuser
--

CREATE INDEX celebrations_rels_path_idx ON public.celebrations_rels USING btree (path);


--
-- Name: celebrations_rels_tags_id_idx; Type: INDEX; Schema: public; Owner: afmuser
--

CREATE INDEX celebrations_rels_tags_id_idx ON public.celebrations_rels USING btree (tags_id);


--
-- Name: celebrations_seo_seo_image_idx; Type: INDEX; Schema: public; Owner: afmuser
--

CREATE INDEX celebrations_seo_seo_image_idx ON public.celebrations_locales USING btree (seo_image_id, _locale);


--
-- Name: celebrations_slug_idx; Type: INDEX; Schema: public; Owner: afmuser
--

CREATE UNIQUE INDEX celebrations_slug_idx ON public.celebrations USING btree (slug);


--
-- Name: celebrations_updated_at_idx; Type: INDEX; Schema: public; Owner: afmuser
--

CREATE INDEX celebrations_updated_at_idx ON public.celebrations USING btree (updated_at);


--
-- Name: championships_assets_assets_cover_idx; Type: INDEX; Schema: public; Owner: afmuser
--

CREATE INDEX championships_assets_assets_cover_idx ON public.championships USING btree (assets_cover_id);


--
-- Name: championships_assets_assets_thumbnail_idx; Type: INDEX; Schema: public; Owner: afmuser
--

CREATE INDEX championships_assets_assets_thumbnail_idx ON public.championships USING btree (assets_thumbnail_id);


--
-- Name: championships_assets_assets_trophy_idx; Type: INDEX; Schema: public; Owner: afmuser
--

CREATE INDEX championships_assets_assets_trophy_idx ON public.championships USING btree (assets_trophy_id);


--
-- Name: championships_assets_assets_video_idx; Type: INDEX; Schema: public; Owner: afmuser
--

CREATE INDEX championships_assets_assets_video_idx ON public.championships USING btree (assets_video_id);


--
-- Name: championships_basics_identifiers_basics_identifiers_code_idx; Type: INDEX; Schema: public; Owner: afmuser
--

CREATE INDEX championships_basics_identifiers_basics_identifiers_code_idx ON public.championships USING btree (basics_identifiers_code);


--
-- Name: championships_created_at_idx; Type: INDEX; Schema: public; Owner: afmuser
--

CREATE INDEX championships_created_at_idx ON public.championships USING btree (created_at);


--
-- Name: championships_details_details_points_system_idx; Type: INDEX; Schema: public; Owner: afmuser
--

CREATE INDEX championships_details_details_points_system_idx ON public.championships USING btree (details_points_system_id);


--
-- Name: championships_details_details_regulations_idx; Type: INDEX; Schema: public; Owner: afmuser
--

CREATE INDEX championships_details_details_regulations_idx ON public.championships USING btree (details_regulations_id);


--
-- Name: championships_details_details_runner_up_idx; Type: INDEX; Schema: public; Owner: afmuser
--

CREATE INDEX championships_details_details_runner_up_idx ON public.championships USING btree (details_runner_up_id);


--
-- Name: championships_details_details_season_idx; Type: INDEX; Schema: public; Owner: afmuser
--

CREATE INDEX championships_details_details_season_idx ON public.championships USING btree (details_season_id);


--
-- Name: championships_details_details_series_idx; Type: INDEX; Schema: public; Owner: afmuser
--

CREATE INDEX championships_details_details_series_idx ON public.championships USING btree (details_series_id);


--
-- Name: championships_details_details_third_place_idx; Type: INDEX; Schema: public; Owner: afmuser
--

CREATE INDEX championships_details_details_third_place_idx ON public.championships USING btree (details_third_place_id);


--
-- Name: championships_details_details_winner_idx; Type: INDEX; Schema: public; Owner: afmuser
--

CREATE INDEX championships_details_details_winner_idx ON public.championships USING btree (details_winner_id);


--
-- Name: championships_locales_locale_parent_id_unique; Type: INDEX; Schema: public; Owner: afmuser
--

CREATE UNIQUE INDEX championships_locales_locale_parent_id_unique ON public.championships_locales USING btree (_locale, _parent_id);


--
-- Name: championships_name_idx; Type: INDEX; Schema: public; Owner: afmuser
--

CREATE INDEX championships_name_idx ON public.championships USING btree (name);


--
-- Name: championships_rels_categories_id_idx; Type: INDEX; Schema: public; Owner: afmuser
--

CREATE INDEX championships_rels_categories_id_idx ON public.championships_rels USING btree (categories_id);


--
-- Name: championships_rels_media_id_idx; Type: INDEX; Schema: public; Owner: afmuser
--

CREATE INDEX championships_rels_media_id_idx ON public.championships_rels USING btree (media_id);


--
-- Name: championships_rels_order_idx; Type: INDEX; Schema: public; Owner: afmuser
--

CREATE INDEX championships_rels_order_idx ON public.championships_rels USING btree ("order");


--
-- Name: championships_rels_parent_idx; Type: INDEX; Schema: public; Owner: afmuser
--

CREATE INDEX championships_rels_parent_idx ON public.championships_rels USING btree (parent_id);


--
-- Name: championships_rels_path_idx; Type: INDEX; Schema: public; Owner: afmuser
--

CREATE INDEX championships_rels_path_idx ON public.championships_rels USING btree (path);


--
-- Name: championships_rels_tags_id_idx; Type: INDEX; Schema: public; Owner: afmuser
--

CREATE INDEX championships_rels_tags_id_idx ON public.championships_rels USING btree (tags_id);


--
-- Name: championships_seo_seo_image_idx; Type: INDEX; Schema: public; Owner: afmuser
--

CREATE INDEX championships_seo_seo_image_idx ON public.championships_locales USING btree (seo_image_id, _locale);


--
-- Name: championships_slug_idx; Type: INDEX; Schema: public; Owner: afmuser
--

CREATE UNIQUE INDEX championships_slug_idx ON public.championships USING btree (slug);


--
-- Name: championships_updated_at_idx; Type: INDEX; Schema: public; Owner: afmuser
--

CREATE INDEX championships_updated_at_idx ON public.championships USING btree (updated_at);


--
-- Name: circuits_assets_assets_circuit_map_idx; Type: INDEX; Schema: public; Owner: afmuser
--

CREATE INDEX circuits_assets_assets_circuit_map_idx ON public.circuits USING btree (assets_circuit_map_id);


--
-- Name: circuits_assets_assets_cover_idx; Type: INDEX; Schema: public; Owner: afmuser
--

CREATE INDEX circuits_assets_assets_cover_idx ON public.circuits USING btree (assets_cover_id);


--
-- Name: circuits_assets_assets_thumbnail_idx; Type: INDEX; Schema: public; Owner: afmuser
--

CREATE INDEX circuits_assets_assets_thumbnail_idx ON public.circuits USING btree (assets_thumbnail_id);


--
-- Name: circuits_assets_assets_video_idx; Type: INDEX; Schema: public; Owner: afmuser
--

CREATE INDEX circuits_assets_assets_video_idx ON public.circuits USING btree (assets_video_id);


--
-- Name: circuits_basics_identifiers_basics_identifiers_code_idx; Type: INDEX; Schema: public; Owner: afmuser
--

CREATE INDEX circuits_basics_identifiers_basics_identifiers_code_idx ON public.circuits USING btree (basics_identifiers_code);


--
-- Name: circuits_created_at_idx; Type: INDEX; Schema: public; Owner: afmuser
--

CREATE INDEX circuits_created_at_idx ON public.circuits USING btree (created_at);


--
-- Name: circuits_details_details_country_idx; Type: INDEX; Schema: public; Owner: afmuser
--

CREATE INDEX circuits_details_details_country_idx ON public.circuits USING btree (details_country_id);


--
-- Name: circuits_details_details_fia_grade_idx; Type: INDEX; Schema: public; Owner: afmuser
--

CREATE INDEX circuits_details_details_fia_grade_idx ON public.circuits USING btree (details_fia_grade);


--
-- Name: circuits_details_details_location_idx; Type: INDEX; Schema: public; Owner: afmuser
--

CREATE INDEX circuits_details_details_location_idx ON public.circuits USING btree (details_location);


--
-- Name: circuits_details_details_operator_idx; Type: INDEX; Schema: public; Owner: afmuser
--

CREATE INDEX circuits_details_details_operator_idx ON public.circuits USING btree (details_operator_id);


--
-- Name: circuits_details_details_owner_idx; Type: INDEX; Schema: public; Owner: afmuser
--

CREATE INDEX circuits_details_details_owner_idx ON public.circuits USING btree (details_owner_id);


--
-- Name: circuits_details_details_type_idx; Type: INDEX; Schema: public; Owner: afmuser
--

CREATE INDEX circuits_details_details_type_idx ON public.circuits USING btree (details_type);


--
-- Name: circuits_details_renovated_list_order_idx; Type: INDEX; Schema: public; Owner: afmuser
--

CREATE INDEX circuits_details_renovated_list_order_idx ON public.circuits_details_renovated_list USING btree (_order);


--
-- Name: circuits_details_renovated_list_parent_id_idx; Type: INDEX; Schema: public; Owner: afmuser
--

CREATE INDEX circuits_details_renovated_list_parent_id_idx ON public.circuits_details_renovated_list USING btree (_parent_id);


--
-- Name: circuits_locales_locale_parent_id_unique; Type: INDEX; Schema: public; Owner: afmuser
--

CREATE UNIQUE INDEX circuits_locales_locale_parent_id_unique ON public.circuits_locales USING btree (_locale, _parent_id);


--
-- Name: circuits_metrics_metrics_record_lap_driver_idx; Type: INDEX; Schema: public; Owner: afmuser
--

CREATE INDEX circuits_metrics_metrics_record_lap_driver_idx ON public.circuits USING btree (metrics_record_lap_driver_id);


--
-- Name: circuits_name_idx; Type: INDEX; Schema: public; Owner: afmuser
--

CREATE INDEX circuits_name_idx ON public.circuits USING btree (name);


--
-- Name: circuits_rels_categories_id_idx; Type: INDEX; Schema: public; Owner: afmuser
--

CREATE INDEX circuits_rels_categories_id_idx ON public.circuits_rels USING btree (categories_id);


--
-- Name: circuits_rels_media_id_idx; Type: INDEX; Schema: public; Owner: afmuser
--

CREATE INDEX circuits_rels_media_id_idx ON public.circuits_rels USING btree (media_id);


--
-- Name: circuits_rels_order_idx; Type: INDEX; Schema: public; Owner: afmuser
--

CREATE INDEX circuits_rels_order_idx ON public.circuits_rels USING btree ("order");


--
-- Name: circuits_rels_parent_idx; Type: INDEX; Schema: public; Owner: afmuser
--

CREATE INDEX circuits_rels_parent_idx ON public.circuits_rels USING btree (parent_id);


--
-- Name: circuits_rels_path_idx; Type: INDEX; Schema: public; Owner: afmuser
--

CREATE INDEX circuits_rels_path_idx ON public.circuits_rels USING btree (path);


--
-- Name: circuits_rels_tags_id_idx; Type: INDEX; Schema: public; Owner: afmuser
--

CREATE INDEX circuits_rels_tags_id_idx ON public.circuits_rels USING btree (tags_id);


--
-- Name: circuits_seo_seo_image_idx; Type: INDEX; Schema: public; Owner: afmuser
--

CREATE INDEX circuits_seo_seo_image_idx ON public.circuits_locales USING btree (seo_image_id, _locale);


--
-- Name: circuits_slug_idx; Type: INDEX; Schema: public; Owner: afmuser
--

CREATE UNIQUE INDEX circuits_slug_idx ON public.circuits USING btree (slug);


--
-- Name: circuits_updated_at_idx; Type: INDEX; Schema: public; Owner: afmuser
--

CREATE INDEX circuits_updated_at_idx ON public.circuits USING btree (updated_at);


--
-- Name: countries_basics_basics_flag_idx; Type: INDEX; Schema: public; Owner: afmuser
--

CREATE INDEX countries_basics_basics_flag_idx ON public.countries USING btree (basics_flag_id);


--
-- Name: countries_code_idx; Type: INDEX; Schema: public; Owner: afmuser
--

CREATE UNIQUE INDEX countries_code_idx ON public.countries USING btree (code);


--
-- Name: countries_created_at_idx; Type: INDEX; Schema: public; Owner: afmuser
--

CREATE INDEX countries_created_at_idx ON public.countries USING btree (created_at);


--
-- Name: countries_locales_locale_parent_id_unique; Type: INDEX; Schema: public; Owner: afmuser
--

CREATE UNIQUE INDEX countries_locales_locale_parent_id_unique ON public.countries_locales USING btree (_locale, _parent_id);


--
-- Name: countries_name_idx; Type: INDEX; Schema: public; Owner: afmuser
--

CREATE UNIQUE INDEX countries_name_idx ON public.countries USING btree (name);


--
-- Name: countries_rels_categories_id_idx; Type: INDEX; Schema: public; Owner: afmuser
--

CREATE INDEX countries_rels_categories_id_idx ON public.countries_rels USING btree (categories_id);


--
-- Name: countries_rels_order_idx; Type: INDEX; Schema: public; Owner: afmuser
--

CREATE INDEX countries_rels_order_idx ON public.countries_rels USING btree ("order");


--
-- Name: countries_rels_parent_idx; Type: INDEX; Schema: public; Owner: afmuser
--

CREATE INDEX countries_rels_parent_idx ON public.countries_rels USING btree (parent_id);


--
-- Name: countries_rels_path_idx; Type: INDEX; Schema: public; Owner: afmuser
--

CREATE INDEX countries_rels_path_idx ON public.countries_rels USING btree (path);


--
-- Name: countries_rels_tags_id_idx; Type: INDEX; Schema: public; Owner: afmuser
--

CREATE INDEX countries_rels_tags_id_idx ON public.countries_rels USING btree (tags_id);


--
-- Name: countries_seo_seo_image_idx; Type: INDEX; Schema: public; Owner: afmuser
--

CREATE INDEX countries_seo_seo_image_idx ON public.countries_locales USING btree (seo_image_id, _locale);


--
-- Name: countries_slug_idx; Type: INDEX; Schema: public; Owner: afmuser
--

CREATE UNIQUE INDEX countries_slug_idx ON public.countries USING btree (slug);


--
-- Name: countries_updated_at_idx; Type: INDEX; Schema: public; Owner: afmuser
--

CREATE INDEX countries_updated_at_idx ON public.countries USING btree (updated_at);


--
-- Name: designations_created_at_idx; Type: INDEX; Schema: public; Owner: afmuser
--

CREATE INDEX designations_created_at_idx ON public.designations USING btree (created_at);


--
-- Name: designations_locales_locale_parent_id_unique; Type: INDEX; Schema: public; Owner: afmuser
--

CREATE UNIQUE INDEX designations_locales_locale_parent_id_unique ON public.designations_locales USING btree (_locale, _parent_id);


--
-- Name: designations_name_idx; Type: INDEX; Schema: public; Owner: afmuser
--

CREATE INDEX designations_name_idx ON public.designations USING btree (name);


--
-- Name: designations_rels_categories_id_idx; Type: INDEX; Schema: public; Owner: afmuser
--

CREATE INDEX designations_rels_categories_id_idx ON public.designations_rels USING btree (categories_id);


--
-- Name: designations_rels_order_idx; Type: INDEX; Schema: public; Owner: afmuser
--

CREATE INDEX designations_rels_order_idx ON public.designations_rels USING btree ("order");


--
-- Name: designations_rels_parent_idx; Type: INDEX; Schema: public; Owner: afmuser
--

CREATE INDEX designations_rels_parent_idx ON public.designations_rels USING btree (parent_id);


--
-- Name: designations_rels_path_idx; Type: INDEX; Schema: public; Owner: afmuser
--

CREATE INDEX designations_rels_path_idx ON public.designations_rels USING btree (path);


--
-- Name: designations_rels_tags_id_idx; Type: INDEX; Schema: public; Owner: afmuser
--

CREATE INDEX designations_rels_tags_id_idx ON public.designations_rels USING btree (tags_id);


--
-- Name: designations_seo_seo_image_idx; Type: INDEX; Schema: public; Owner: afmuser
--

CREATE INDEX designations_seo_seo_image_idx ON public.designations_locales USING btree (seo_image_id, _locale);


--
-- Name: designations_slug_idx; Type: INDEX; Schema: public; Owner: afmuser
--

CREATE UNIQUE INDEX designations_slug_idx ON public.designations USING btree (slug);


--
-- Name: designations_updated_at_idx; Type: INDEX; Schema: public; Owner: afmuser
--

CREATE INDEX designations_updated_at_idx ON public.designations USING btree (updated_at);


--
-- Name: drivers_assets_assets_autograph_idx; Type: INDEX; Schema: public; Owner: afmuser
--

CREATE INDEX drivers_assets_assets_autograph_idx ON public.drivers USING btree (assets_autograph_id);


--
-- Name: drivers_assets_assets_avatar_idx; Type: INDEX; Schema: public; Owner: afmuser
--

CREATE INDEX drivers_assets_assets_avatar_idx ON public.drivers USING btree (assets_avatar_id);


--
-- Name: drivers_assets_assets_cover_idx; Type: INDEX; Schema: public; Owner: afmuser
--

CREATE INDEX drivers_assets_assets_cover_idx ON public.drivers USING btree (assets_cover_id);


--
-- Name: drivers_assets_gallery_list_image_idx; Type: INDEX; Schema: public; Owner: afmuser
--

CREATE INDEX drivers_assets_gallery_list_image_idx ON public.drivers_assets_gallery_list USING btree (image_id);


--
-- Name: drivers_assets_gallery_list_order_idx; Type: INDEX; Schema: public; Owner: afmuser
--

CREATE INDEX drivers_assets_gallery_list_order_idx ON public.drivers_assets_gallery_list USING btree (_order);


--
-- Name: drivers_assets_gallery_list_parent_id_idx; Type: INDEX; Schema: public; Owner: afmuser
--

CREATE INDEX drivers_assets_gallery_list_parent_id_idx ON public.drivers_assets_gallery_list USING btree (_parent_id);


--
-- Name: drivers_basics_basics_nationality_idx; Type: INDEX; Schema: public; Owner: afmuser
--

CREATE INDEX drivers_basics_basics_nationality_idx ON public.drivers USING btree (basics_nationality_id);


--
-- Name: drivers_basics_basics_racing_number_idx; Type: INDEX; Schema: public; Owner: afmuser
--

CREATE INDEX drivers_basics_basics_racing_number_idx ON public.drivers USING btree (basics_racing_number);


--
-- Name: drivers_created_at_idx; Type: INDEX; Schema: public; Owner: afmuser
--

CREATE INDEX drivers_created_at_idx ON public.drivers USING btree (created_at);


--
-- Name: drivers_details_addresses_list_location_idx; Type: INDEX; Schema: public; Owner: afmuser
--

CREATE INDEX drivers_details_addresses_list_location_idx ON public.drivers_details_addresses_list USING btree (location);


--
-- Name: drivers_details_addresses_list_order_idx; Type: INDEX; Schema: public; Owner: afmuser
--

CREATE INDEX drivers_details_addresses_list_order_idx ON public.drivers_details_addresses_list USING btree (_order);


--
-- Name: drivers_details_addresses_list_parent_id_idx; Type: INDEX; Schema: public; Owner: afmuser
--

CREATE INDEX drivers_details_addresses_list_parent_id_idx ON public.drivers_details_addresses_list USING btree (_parent_id);


--
-- Name: drivers_details_socials_list_order_idx; Type: INDEX; Schema: public; Owner: afmuser
--

CREATE INDEX drivers_details_socials_list_order_idx ON public.drivers_details_socials_list USING btree (_order);


--
-- Name: drivers_details_socials_list_parent_id_idx; Type: INDEX; Schema: public; Owner: afmuser
--

CREATE INDEX drivers_details_socials_list_parent_id_idx ON public.drivers_details_socials_list USING btree (_parent_id);


--
-- Name: drivers_details_socials_list_username_idx; Type: INDEX; Schema: public; Owner: afmuser
--

CREATE INDEX drivers_details_socials_list_username_idx ON public.drivers_details_socials_list USING btree (username);


--
-- Name: drivers_details_websites_list_order_idx; Type: INDEX; Schema: public; Owner: afmuser
--

CREATE INDEX drivers_details_websites_list_order_idx ON public.drivers_details_websites_list USING btree (_order);


--
-- Name: drivers_details_websites_list_parent_id_idx; Type: INDEX; Schema: public; Owner: afmuser
--

CREATE INDEX drivers_details_websites_list_parent_id_idx ON public.drivers_details_websites_list USING btree (_parent_id);


--
-- Name: drivers_details_websites_list_path_idx; Type: INDEX; Schema: public; Owner: afmuser
--

CREATE INDEX drivers_details_websites_list_path_idx ON public.drivers_details_websites_list USING btree (path);


--
-- Name: drivers_first_name_idx; Type: INDEX; Schema: public; Owner: afmuser
--

CREATE INDEX drivers_first_name_idx ON public.drivers USING btree (first_name);


--
-- Name: drivers_last_name_idx; Type: INDEX; Schema: public; Owner: afmuser
--

CREATE INDEX drivers_last_name_idx ON public.drivers USING btree (last_name);


--
-- Name: drivers_locales_locale_parent_id_unique; Type: INDEX; Schema: public; Owner: afmuser
--

CREATE UNIQUE INDEX drivers_locales_locale_parent_id_unique ON public.drivers_locales USING btree (_locale, _parent_id);


--
-- Name: drivers_rels_awards_id_idx; Type: INDEX; Schema: public; Owner: afmuser
--

CREATE INDEX drivers_rels_awards_id_idx ON public.drivers_rels USING btree (awards_id);


--
-- Name: drivers_rels_cars_id_idx; Type: INDEX; Schema: public; Owner: afmuser
--

CREATE INDEX drivers_rels_cars_id_idx ON public.drivers_rels USING btree (cars_id);


--
-- Name: drivers_rels_categories_id_idx; Type: INDEX; Schema: public; Owner: afmuser
--

CREATE INDEX drivers_rels_categories_id_idx ON public.drivers_rels USING btree (categories_id);


--
-- Name: drivers_rels_order_idx; Type: INDEX; Schema: public; Owner: afmuser
--

CREATE INDEX drivers_rels_order_idx ON public.drivers_rels USING btree ("order");


--
-- Name: drivers_rels_parent_idx; Type: INDEX; Schema: public; Owner: afmuser
--

CREATE INDEX drivers_rels_parent_idx ON public.drivers_rels USING btree (parent_id);


--
-- Name: drivers_rels_path_idx; Type: INDEX; Schema: public; Owner: afmuser
--

CREATE INDEX drivers_rels_path_idx ON public.drivers_rels USING btree (path);


--
-- Name: drivers_rels_points_id_idx; Type: INDEX; Schema: public; Owner: afmuser
--

CREATE INDEX drivers_rels_points_id_idx ON public.drivers_rels USING btree (points_id);


--
-- Name: drivers_rels_results_id_idx; Type: INDEX; Schema: public; Owner: afmuser
--

CREATE INDEX drivers_rels_results_id_idx ON public.drivers_rels USING btree (results_id);


--
-- Name: drivers_rels_skills_id_idx; Type: INDEX; Schema: public; Owner: afmuser
--

CREATE INDEX drivers_rels_skills_id_idx ON public.drivers_rels USING btree (skills_id);


--
-- Name: drivers_rels_tags_id_idx; Type: INDEX; Schema: public; Owner: afmuser
--

CREATE INDEX drivers_rels_tags_id_idx ON public.drivers_rels USING btree (tags_id);


--
-- Name: drivers_seo_seo_image_idx; Type: INDEX; Schema: public; Owner: afmuser
--

CREATE INDEX drivers_seo_seo_image_idx ON public.drivers_locales USING btree (seo_image_id, _locale);


--
-- Name: drivers_slug_idx; Type: INDEX; Schema: public; Owner: afmuser
--

CREATE UNIQUE INDEX drivers_slug_idx ON public.drivers USING btree (slug);


--
-- Name: drivers_updated_at_idx; Type: INDEX; Schema: public; Owner: afmuser
--

CREATE INDEX drivers_updated_at_idx ON public.drivers USING btree (updated_at);


--
-- Name: entries_assets_assets_thumbnail_idx; Type: INDEX; Schema: public; Owner: afmuser
--

CREATE INDEX entries_assets_assets_thumbnail_idx ON public.entries USING btree (assets_thumbnail_id);


--
-- Name: entries_basics_identifiers_basics_identifiers_number_idx; Type: INDEX; Schema: public; Owner: afmuser
--

CREATE INDEX entries_basics_identifiers_basics_identifiers_number_idx ON public.entries USING btree (basics_identifiers_number);


--
-- Name: entries_created_at_idx; Type: INDEX; Schema: public; Owner: afmuser
--

CREATE INDEX entries_created_at_idx ON public.entries USING btree (created_at);


--
-- Name: entries_details_details_session_idx; Type: INDEX; Schema: public; Owner: afmuser
--

CREATE INDEX entries_details_details_session_idx ON public.entries USING btree (details_session_id);


--
-- Name: entries_details_details_status_idx; Type: INDEX; Schema: public; Owner: afmuser
--

CREATE INDEX entries_details_details_status_idx ON public.entries USING btree (details_status);


--
-- Name: entries_locales_locale_parent_id_unique; Type: INDEX; Schema: public; Owner: afmuser
--

CREATE UNIQUE INDEX entries_locales_locale_parent_id_unique ON public.entries_locales USING btree (_locale, _parent_id);


--
-- Name: entries_name_idx; Type: INDEX; Schema: public; Owner: afmuser
--

CREATE INDEX entries_name_idx ON public.entries USING btree (name);


--
-- Name: entries_rels_categories_id_idx; Type: INDEX; Schema: public; Owner: afmuser
--

CREATE INDEX entries_rels_categories_id_idx ON public.entries_rels USING btree (categories_id);


--
-- Name: entries_rels_media_id_idx; Type: INDEX; Schema: public; Owner: afmuser
--

CREATE INDEX entries_rels_media_id_idx ON public.entries_rels USING btree (media_id);


--
-- Name: entries_rels_order_idx; Type: INDEX; Schema: public; Owner: afmuser
--

CREATE INDEX entries_rels_order_idx ON public.entries_rels USING btree ("order");


--
-- Name: entries_rels_parent_idx; Type: INDEX; Schema: public; Owner: afmuser
--

CREATE INDEX entries_rels_parent_idx ON public.entries_rels USING btree (parent_id);


--
-- Name: entries_rels_path_idx; Type: INDEX; Schema: public; Owner: afmuser
--

CREATE INDEX entries_rels_path_idx ON public.entries_rels USING btree (path);


--
-- Name: entries_rels_tags_id_idx; Type: INDEX; Schema: public; Owner: afmuser
--

CREATE INDEX entries_rels_tags_id_idx ON public.entries_rels USING btree (tags_id);


--
-- Name: entries_seo_seo_image_idx; Type: INDEX; Schema: public; Owner: afmuser
--

CREATE INDEX entries_seo_seo_image_idx ON public.entries_locales USING btree (seo_image_id, _locale);


--
-- Name: entries_slug_idx; Type: INDEX; Schema: public; Owner: afmuser
--

CREATE UNIQUE INDEX entries_slug_idx ON public.entries USING btree (slug);


--
-- Name: entries_updated_at_idx; Type: INDEX; Schema: public; Owner: afmuser
--

CREATE INDEX entries_updated_at_idx ON public.entries USING btree (updated_at);


--
-- Name: events_assets_assets_cover_idx; Type: INDEX; Schema: public; Owner: afmuser
--

CREATE INDEX events_assets_assets_cover_idx ON public.events USING btree (assets_cover_id);


--
-- Name: events_assets_assets_poster_idx; Type: INDEX; Schema: public; Owner: afmuser
--

CREATE INDEX events_assets_assets_poster_idx ON public.events USING btree (assets_poster_id);


--
-- Name: events_assets_assets_thumbnail_idx; Type: INDEX; Schema: public; Owner: afmuser
--

CREATE INDEX events_assets_assets_thumbnail_idx ON public.events USING btree (assets_thumbnail_id);


--
-- Name: events_basics_identifiers_basics_identifiers_code_idx; Type: INDEX; Schema: public; Owner: afmuser
--

CREATE INDEX events_basics_identifiers_basics_identifiers_code_idx ON public.events USING btree (basics_identifiers_code);


--
-- Name: events_created_at_idx; Type: INDEX; Schema: public; Owner: afmuser
--

CREATE INDEX events_created_at_idx ON public.events USING btree (created_at);


--
-- Name: events_details_details_location_idx; Type: INDEX; Schema: public; Owner: afmuser
--

CREATE INDEX events_details_details_location_idx ON public.events USING btree (details_location);


--
-- Name: events_details_details_season_idx; Type: INDEX; Schema: public; Owner: afmuser
--

CREATE INDEX events_details_details_season_idx ON public.events USING btree (details_season_id);


--
-- Name: events_details_details_start_date_idx; Type: INDEX; Schema: public; Owner: afmuser
--

CREATE INDEX events_details_details_start_date_idx ON public.events USING btree (details_start_date);


--
-- Name: events_details_details_status_idx; Type: INDEX; Schema: public; Owner: afmuser
--

CREATE INDEX events_details_details_status_idx ON public.events USING btree (details_status);


--
-- Name: events_locales_locale_parent_id_unique; Type: INDEX; Schema: public; Owner: afmuser
--

CREATE UNIQUE INDEX events_locales_locale_parent_id_unique ON public.events_locales USING btree (_locale, _parent_id);


--
-- Name: events_name_idx; Type: INDEX; Schema: public; Owner: afmuser
--

CREATE INDEX events_name_idx ON public.events USING btree (name);


--
-- Name: events_rels_categories_id_idx; Type: INDEX; Schema: public; Owner: afmuser
--

CREATE INDEX events_rels_categories_id_idx ON public.events_rels USING btree (categories_id);


--
-- Name: events_rels_media_id_idx; Type: INDEX; Schema: public; Owner: afmuser
--

CREATE INDEX events_rels_media_id_idx ON public.events_rels USING btree (media_id);


--
-- Name: events_rels_order_idx; Type: INDEX; Schema: public; Owner: afmuser
--

CREATE INDEX events_rels_order_idx ON public.events_rels USING btree ("order");


--
-- Name: events_rels_parent_idx; Type: INDEX; Schema: public; Owner: afmuser
--

CREATE INDEX events_rels_parent_idx ON public.events_rels USING btree (parent_id);


--
-- Name: events_rels_path_idx; Type: INDEX; Schema: public; Owner: afmuser
--

CREATE INDEX events_rels_path_idx ON public.events_rels USING btree (path);


--
-- Name: events_rels_tags_id_idx; Type: INDEX; Schema: public; Owner: afmuser
--

CREATE INDEX events_rels_tags_id_idx ON public.events_rels USING btree (tags_id);


--
-- Name: events_seo_seo_image_idx; Type: INDEX; Schema: public; Owner: afmuser
--

CREATE INDEX events_seo_seo_image_idx ON public.events_locales USING btree (seo_image_id, _locale);


--
-- Name: events_slug_idx; Type: INDEX; Schema: public; Owner: afmuser
--

CREATE UNIQUE INDEX events_slug_idx ON public.events USING btree (slug);


--
-- Name: events_updated_at_idx; Type: INDEX; Schema: public; Owner: afmuser
--

CREATE INDEX events_updated_at_idx ON public.events USING btree (updated_at);


--
-- Name: footer_brand_brand_logo_idx; Type: INDEX; Schema: public; Owner: afmuser
--

CREATE INDEX footer_brand_brand_logo_idx ON public.footer USING btree (brand_logo_id);


--
-- Name: footer_columns_links_order_idx; Type: INDEX; Schema: public; Owner: afmuser
--

CREATE INDEX footer_columns_links_order_idx ON public.footer_columns_links USING btree (_order);


--
-- Name: footer_columns_links_parent_id_idx; Type: INDEX; Schema: public; Owner: afmuser
--

CREATE INDEX footer_columns_links_parent_id_idx ON public.footer_columns_links USING btree (_parent_id);


--
-- Name: footer_columns_order_idx; Type: INDEX; Schema: public; Owner: afmuser
--

CREATE INDEX footer_columns_order_idx ON public.footer_columns USING btree (_order);


--
-- Name: footer_columns_parent_id_idx; Type: INDEX; Schema: public; Owner: afmuser
--

CREATE INDEX footer_columns_parent_id_idx ON public.footer_columns USING btree (_parent_id);


--
-- Name: footer_legal_order_idx; Type: INDEX; Schema: public; Owner: afmuser
--

CREATE INDEX footer_legal_order_idx ON public.footer_legal USING btree (_order);


--
-- Name: footer_legal_parent_id_idx; Type: INDEX; Schema: public; Owner: afmuser
--

CREATE INDEX footer_legal_parent_id_idx ON public.footer_legal USING btree (_parent_id);


--
-- Name: footer_rels_order_idx; Type: INDEX; Schema: public; Owner: afmuser
--

CREATE INDEX footer_rels_order_idx ON public.footer_rels USING btree ("order");


--
-- Name: footer_rels_pages_id_idx; Type: INDEX; Schema: public; Owner: afmuser
--

CREATE INDEX footer_rels_pages_id_idx ON public.footer_rels USING btree (pages_id);


--
-- Name: footer_rels_parent_idx; Type: INDEX; Schema: public; Owner: afmuser
--

CREATE INDEX footer_rels_parent_idx ON public.footer_rels USING btree (parent_id);


--
-- Name: footer_rels_path_idx; Type: INDEX; Schema: public; Owner: afmuser
--

CREATE INDEX footer_rels_path_idx ON public.footer_rels USING btree (path);


--
-- Name: form_submissions_created_at_idx; Type: INDEX; Schema: public; Owner: afmuser
--

CREATE INDEX form_submissions_created_at_idx ON public.form_submissions USING btree (created_at);


--
-- Name: form_submissions_form_idx; Type: INDEX; Schema: public; Owner: afmuser
--

CREATE INDEX form_submissions_form_idx ON public.form_submissions USING btree (form_id);


--
-- Name: form_submissions_submission_data_order_idx; Type: INDEX; Schema: public; Owner: afmuser
--

CREATE INDEX form_submissions_submission_data_order_idx ON public.form_submissions_submission_data USING btree (_order);


--
-- Name: form_submissions_submission_data_parent_id_idx; Type: INDEX; Schema: public; Owner: afmuser
--

CREATE INDEX form_submissions_submission_data_parent_id_idx ON public.form_submissions_submission_data USING btree (_parent_id);


--
-- Name: form_submissions_updated_at_idx; Type: INDEX; Schema: public; Owner: afmuser
--

CREATE INDEX form_submissions_updated_at_idx ON public.form_submissions USING btree (updated_at);


--
-- Name: forms_blocks_checkbox_locales_locale_parent_id_unique; Type: INDEX; Schema: public; Owner: afmuser
--

CREATE UNIQUE INDEX forms_blocks_checkbox_locales_locale_parent_id_unique ON public.forms_blocks_checkbox_locales USING btree (_locale, _parent_id);


--
-- Name: forms_blocks_checkbox_order_idx; Type: INDEX; Schema: public; Owner: afmuser
--

CREATE INDEX forms_blocks_checkbox_order_idx ON public.forms_blocks_checkbox USING btree (_order);


--
-- Name: forms_blocks_checkbox_parent_id_idx; Type: INDEX; Schema: public; Owner: afmuser
--

CREATE INDEX forms_blocks_checkbox_parent_id_idx ON public.forms_blocks_checkbox USING btree (_parent_id);


--
-- Name: forms_blocks_checkbox_path_idx; Type: INDEX; Schema: public; Owner: afmuser
--

CREATE INDEX forms_blocks_checkbox_path_idx ON public.forms_blocks_checkbox USING btree (_path);


--
-- Name: forms_blocks_country_locales_locale_parent_id_unique; Type: INDEX; Schema: public; Owner: afmuser
--

CREATE UNIQUE INDEX forms_blocks_country_locales_locale_parent_id_unique ON public.forms_blocks_country_locales USING btree (_locale, _parent_id);


--
-- Name: forms_blocks_country_order_idx; Type: INDEX; Schema: public; Owner: afmuser
--

CREATE INDEX forms_blocks_country_order_idx ON public.forms_blocks_country USING btree (_order);


--
-- Name: forms_blocks_country_parent_id_idx; Type: INDEX; Schema: public; Owner: afmuser
--

CREATE INDEX forms_blocks_country_parent_id_idx ON public.forms_blocks_country USING btree (_parent_id);


--
-- Name: forms_blocks_country_path_idx; Type: INDEX; Schema: public; Owner: afmuser
--

CREATE INDEX forms_blocks_country_path_idx ON public.forms_blocks_country USING btree (_path);


--
-- Name: forms_blocks_email_locales_locale_parent_id_unique; Type: INDEX; Schema: public; Owner: afmuser
--

CREATE UNIQUE INDEX forms_blocks_email_locales_locale_parent_id_unique ON public.forms_blocks_email_locales USING btree (_locale, _parent_id);


--
-- Name: forms_blocks_email_order_idx; Type: INDEX; Schema: public; Owner: afmuser
--

CREATE INDEX forms_blocks_email_order_idx ON public.forms_blocks_email USING btree (_order);


--
-- Name: forms_blocks_email_parent_id_idx; Type: INDEX; Schema: public; Owner: afmuser
--

CREATE INDEX forms_blocks_email_parent_id_idx ON public.forms_blocks_email USING btree (_parent_id);


--
-- Name: forms_blocks_email_path_idx; Type: INDEX; Schema: public; Owner: afmuser
--

CREATE INDEX forms_blocks_email_path_idx ON public.forms_blocks_email USING btree (_path);


--
-- Name: forms_blocks_message_locales_locale_parent_id_unique; Type: INDEX; Schema: public; Owner: afmuser
--

CREATE UNIQUE INDEX forms_blocks_message_locales_locale_parent_id_unique ON public.forms_blocks_message_locales USING btree (_locale, _parent_id);


--
-- Name: forms_blocks_message_order_idx; Type: INDEX; Schema: public; Owner: afmuser
--

CREATE INDEX forms_blocks_message_order_idx ON public.forms_blocks_message USING btree (_order);


--
-- Name: forms_blocks_message_parent_id_idx; Type: INDEX; Schema: public; Owner: afmuser
--

CREATE INDEX forms_blocks_message_parent_id_idx ON public.forms_blocks_message USING btree (_parent_id);


--
-- Name: forms_blocks_message_path_idx; Type: INDEX; Schema: public; Owner: afmuser
--

CREATE INDEX forms_blocks_message_path_idx ON public.forms_blocks_message USING btree (_path);


--
-- Name: forms_blocks_number_locales_locale_parent_id_unique; Type: INDEX; Schema: public; Owner: afmuser
--

CREATE UNIQUE INDEX forms_blocks_number_locales_locale_parent_id_unique ON public.forms_blocks_number_locales USING btree (_locale, _parent_id);


--
-- Name: forms_blocks_number_order_idx; Type: INDEX; Schema: public; Owner: afmuser
--

CREATE INDEX forms_blocks_number_order_idx ON public.forms_blocks_number USING btree (_order);


--
-- Name: forms_blocks_number_parent_id_idx; Type: INDEX; Schema: public; Owner: afmuser
--

CREATE INDEX forms_blocks_number_parent_id_idx ON public.forms_blocks_number USING btree (_parent_id);


--
-- Name: forms_blocks_number_path_idx; Type: INDEX; Schema: public; Owner: afmuser
--

CREATE INDEX forms_blocks_number_path_idx ON public.forms_blocks_number USING btree (_path);


--
-- Name: forms_blocks_select_locales_locale_parent_id_unique; Type: INDEX; Schema: public; Owner: afmuser
--

CREATE UNIQUE INDEX forms_blocks_select_locales_locale_parent_id_unique ON public.forms_blocks_select_locales USING btree (_locale, _parent_id);


--
-- Name: forms_blocks_select_options_locales_locale_parent_id_unique; Type: INDEX; Schema: public; Owner: afmuser
--

CREATE UNIQUE INDEX forms_blocks_select_options_locales_locale_parent_id_unique ON public.forms_blocks_select_options_locales USING btree (_locale, _parent_id);


--
-- Name: forms_blocks_select_options_order_idx; Type: INDEX; Schema: public; Owner: afmuser
--

CREATE INDEX forms_blocks_select_options_order_idx ON public.forms_blocks_select_options USING btree (_order);


--
-- Name: forms_blocks_select_options_parent_id_idx; Type: INDEX; Schema: public; Owner: afmuser
--

CREATE INDEX forms_blocks_select_options_parent_id_idx ON public.forms_blocks_select_options USING btree (_parent_id);


--
-- Name: forms_blocks_select_order_idx; Type: INDEX; Schema: public; Owner: afmuser
--

CREATE INDEX forms_blocks_select_order_idx ON public.forms_blocks_select USING btree (_order);


--
-- Name: forms_blocks_select_parent_id_idx; Type: INDEX; Schema: public; Owner: afmuser
--

CREATE INDEX forms_blocks_select_parent_id_idx ON public.forms_blocks_select USING btree (_parent_id);


--
-- Name: forms_blocks_select_path_idx; Type: INDEX; Schema: public; Owner: afmuser
--

CREATE INDEX forms_blocks_select_path_idx ON public.forms_blocks_select USING btree (_path);


--
-- Name: forms_blocks_state_locales_locale_parent_id_unique; Type: INDEX; Schema: public; Owner: afmuser
--

CREATE UNIQUE INDEX forms_blocks_state_locales_locale_parent_id_unique ON public.forms_blocks_state_locales USING btree (_locale, _parent_id);


--
-- Name: forms_blocks_state_order_idx; Type: INDEX; Schema: public; Owner: afmuser
--

CREATE INDEX forms_blocks_state_order_idx ON public.forms_blocks_state USING btree (_order);


--
-- Name: forms_blocks_state_parent_id_idx; Type: INDEX; Schema: public; Owner: afmuser
--

CREATE INDEX forms_blocks_state_parent_id_idx ON public.forms_blocks_state USING btree (_parent_id);


--
-- Name: forms_blocks_state_path_idx; Type: INDEX; Schema: public; Owner: afmuser
--

CREATE INDEX forms_blocks_state_path_idx ON public.forms_blocks_state USING btree (_path);


--
-- Name: forms_blocks_text_locales_locale_parent_id_unique; Type: INDEX; Schema: public; Owner: afmuser
--

CREATE UNIQUE INDEX forms_blocks_text_locales_locale_parent_id_unique ON public.forms_blocks_text_locales USING btree (_locale, _parent_id);


--
-- Name: forms_blocks_text_order_idx; Type: INDEX; Schema: public; Owner: afmuser
--

CREATE INDEX forms_blocks_text_order_idx ON public.forms_blocks_text USING btree (_order);


--
-- Name: forms_blocks_text_parent_id_idx; Type: INDEX; Schema: public; Owner: afmuser
--

CREATE INDEX forms_blocks_text_parent_id_idx ON public.forms_blocks_text USING btree (_parent_id);


--
-- Name: forms_blocks_text_path_idx; Type: INDEX; Schema: public; Owner: afmuser
--

CREATE INDEX forms_blocks_text_path_idx ON public.forms_blocks_text USING btree (_path);


--
-- Name: forms_blocks_textarea_locales_locale_parent_id_unique; Type: INDEX; Schema: public; Owner: afmuser
--

CREATE UNIQUE INDEX forms_blocks_textarea_locales_locale_parent_id_unique ON public.forms_blocks_textarea_locales USING btree (_locale, _parent_id);


--
-- Name: forms_blocks_textarea_order_idx; Type: INDEX; Schema: public; Owner: afmuser
--

CREATE INDEX forms_blocks_textarea_order_idx ON public.forms_blocks_textarea USING btree (_order);


--
-- Name: forms_blocks_textarea_parent_id_idx; Type: INDEX; Schema: public; Owner: afmuser
--

CREATE INDEX forms_blocks_textarea_parent_id_idx ON public.forms_blocks_textarea USING btree (_parent_id);


--
-- Name: forms_blocks_textarea_path_idx; Type: INDEX; Schema: public; Owner: afmuser
--

CREATE INDEX forms_blocks_textarea_path_idx ON public.forms_blocks_textarea USING btree (_path);


--
-- Name: forms_created_at_idx; Type: INDEX; Schema: public; Owner: afmuser
--

CREATE INDEX forms_created_at_idx ON public.forms USING btree (created_at);


--
-- Name: forms_emails_locales_locale_parent_id_unique; Type: INDEX; Schema: public; Owner: afmuser
--

CREATE UNIQUE INDEX forms_emails_locales_locale_parent_id_unique ON public.forms_emails_locales USING btree (_locale, _parent_id);


--
-- Name: forms_emails_order_idx; Type: INDEX; Schema: public; Owner: afmuser
--

CREATE INDEX forms_emails_order_idx ON public.forms_emails USING btree (_order);


--
-- Name: forms_emails_parent_id_idx; Type: INDEX; Schema: public; Owner: afmuser
--

CREATE INDEX forms_emails_parent_id_idx ON public.forms_emails USING btree (_parent_id);


--
-- Name: forms_locales_locale_parent_id_unique; Type: INDEX; Schema: public; Owner: afmuser
--

CREATE UNIQUE INDEX forms_locales_locale_parent_id_unique ON public.forms_locales USING btree (_locale, _parent_id);


--
-- Name: forms_updated_at_idx; Type: INDEX; Schema: public; Owner: afmuser
--

CREATE INDEX forms_updated_at_idx ON public.forms USING btree (updated_at);


--
-- Name: garages_assets_assets_cover_idx; Type: INDEX; Schema: public; Owner: afmuser
--

CREATE INDEX garages_assets_assets_cover_idx ON public.garages USING btree (assets_cover_id);


--
-- Name: garages_assets_assets_thumbnail_idx; Type: INDEX; Schema: public; Owner: afmuser
--

CREATE INDEX garages_assets_assets_thumbnail_idx ON public.garages USING btree (assets_thumbnail_id);


--
-- Name: garages_basics_identifiers_basics_identifiers_code_idx; Type: INDEX; Schema: public; Owner: afmuser
--

CREATE INDEX garages_basics_identifiers_basics_identifiers_code_idx ON public.garages USING btree (basics_identifiers_code);


--
-- Name: garages_created_at_idx; Type: INDEX; Schema: public; Owner: afmuser
--

CREATE INDEX garages_created_at_idx ON public.garages USING btree (created_at);


--
-- Name: garages_details_amenities_list_order_idx; Type: INDEX; Schema: public; Owner: afmuser
--

CREATE INDEX garages_details_amenities_list_order_idx ON public.garages_details_amenities_list USING btree (_order);


--
-- Name: garages_details_amenities_list_parent_id_idx; Type: INDEX; Schema: public; Owner: afmuser
--

CREATE INDEX garages_details_amenities_list_parent_id_idx ON public.garages_details_amenities_list USING btree (_parent_id);


--
-- Name: garages_details_details_location_idx; Type: INDEX; Schema: public; Owner: afmuser
--

CREATE INDEX garages_details_details_location_idx ON public.garages USING btree (details_location);


--
-- Name: garages_details_details_ownership_idx; Type: INDEX; Schema: public; Owner: afmuser
--

CREATE INDEX garages_details_details_ownership_idx ON public.garages USING btree (details_ownership_id);


--
-- Name: garages_locales_locale_parent_id_unique; Type: INDEX; Schema: public; Owner: afmuser
--

CREATE UNIQUE INDEX garages_locales_locale_parent_id_unique ON public.garages_locales USING btree (_locale, _parent_id);


--
-- Name: garages_name_idx; Type: INDEX; Schema: public; Owner: afmuser
--

CREATE INDEX garages_name_idx ON public.garages USING btree (name);


--
-- Name: garages_rels_categories_id_idx; Type: INDEX; Schema: public; Owner: afmuser
--

CREATE INDEX garages_rels_categories_id_idx ON public.garages_rels USING btree (categories_id);


--
-- Name: garages_rels_media_id_idx; Type: INDEX; Schema: public; Owner: afmuser
--

CREATE INDEX garages_rels_media_id_idx ON public.garages_rels USING btree (media_id);


--
-- Name: garages_rels_order_idx; Type: INDEX; Schema: public; Owner: afmuser
--

CREATE INDEX garages_rels_order_idx ON public.garages_rels USING btree ("order");


--
-- Name: garages_rels_organizations_id_idx; Type: INDEX; Schema: public; Owner: afmuser
--

CREATE INDEX garages_rels_organizations_id_idx ON public.garages_rels USING btree (organizations_id);


--
-- Name: garages_rels_parent_idx; Type: INDEX; Schema: public; Owner: afmuser
--

CREATE INDEX garages_rels_parent_idx ON public.garages_rels USING btree (parent_id);


--
-- Name: garages_rels_path_idx; Type: INDEX; Schema: public; Owner: afmuser
--

CREATE INDEX garages_rels_path_idx ON public.garages_rels USING btree (path);


--
-- Name: garages_rels_tags_id_idx; Type: INDEX; Schema: public; Owner: afmuser
--

CREATE INDEX garages_rels_tags_id_idx ON public.garages_rels USING btree (tags_id);


--
-- Name: garages_seo_seo_image_idx; Type: INDEX; Schema: public; Owner: afmuser
--

CREATE INDEX garages_seo_seo_image_idx ON public.garages_locales USING btree (seo_image_id, _locale);


--
-- Name: garages_slug_idx; Type: INDEX; Schema: public; Owner: afmuser
--

CREATE UNIQUE INDEX garages_slug_idx ON public.garages USING btree (slug);


--
-- Name: garages_updated_at_idx; Type: INDEX; Schema: public; Owner: afmuser
--

CREATE INDEX garages_updated_at_idx ON public.garages USING btree (updated_at);


--
-- Name: header_nav_items_order_idx; Type: INDEX; Schema: public; Owner: afmuser
--

CREATE INDEX header_nav_items_order_idx ON public.header_nav_items USING btree (_order);


--
-- Name: header_nav_items_parent_id_idx; Type: INDEX; Schema: public; Owner: afmuser
--

CREATE INDEX header_nav_items_parent_id_idx ON public.header_nav_items USING btree (_parent_id);


--
-- Name: header_rels_order_idx; Type: INDEX; Schema: public; Owner: afmuser
--

CREATE INDEX header_rels_order_idx ON public.header_rels USING btree ("order");


--
-- Name: header_rels_pages_id_idx; Type: INDEX; Schema: public; Owner: afmuser
--

CREATE INDEX header_rels_pages_id_idx ON public.header_rels USING btree (pages_id);


--
-- Name: header_rels_parent_idx; Type: INDEX; Schema: public; Owner: afmuser
--

CREATE INDEX header_rels_parent_idx ON public.header_rels USING btree (parent_id);


--
-- Name: header_rels_path_idx; Type: INDEX; Schema: public; Owner: afmuser
--

CREATE INDEX header_rels_path_idx ON public.header_rels USING btree (path);


--
-- Name: header_utility_nav_order_idx; Type: INDEX; Schema: public; Owner: afmuser
--

CREATE INDEX header_utility_nav_order_idx ON public.header_utility_nav USING btree (_order);


--
-- Name: header_utility_nav_parent_id_idx; Type: INDEX; Schema: public; Owner: afmuser
--

CREATE INDEX header_utility_nav_parent_id_idx ON public.header_utility_nav USING btree (_parent_id);


--
-- Name: helmets_assets_assets_avatar_idx; Type: INDEX; Schema: public; Owner: afmuser
--

CREATE INDEX helmets_assets_assets_avatar_idx ON public.helmets USING btree (assets_avatar_id);


--
-- Name: helmets_assets_assets_thumbnail_idx; Type: INDEX; Schema: public; Owner: afmuser
--

CREATE INDEX helmets_assets_assets_thumbnail_idx ON public.helmets USING btree (assets_thumbnail_id);


--
-- Name: helmets_assets_assets_video_idx; Type: INDEX; Schema: public; Owner: afmuser
--

CREATE INDEX helmets_assets_assets_video_idx ON public.helmets USING btree (assets_video_id);


--
-- Name: helmets_created_at_idx; Type: INDEX; Schema: public; Owner: afmuser
--

CREATE INDEX helmets_created_at_idx ON public.helmets USING btree (created_at);


--
-- Name: helmets_details_classifications_list_order_idx; Type: INDEX; Schema: public; Owner: afmuser
--

CREATE INDEX helmets_details_classifications_list_order_idx ON public.helmets_details_classifications_list USING btree (_order);


--
-- Name: helmets_details_classifications_list_parent_id_idx; Type: INDEX; Schema: public; Owner: afmuser
--

CREATE INDEX helmets_details_classifications_list_parent_id_idx ON public.helmets_details_classifications_list USING btree (_parent_id);


--
-- Name: helmets_details_manufacturers_list_order_idx; Type: INDEX; Schema: public; Owner: afmuser
--

CREATE INDEX helmets_details_manufacturers_list_order_idx ON public.helmets_details_manufacturers_list USING btree (_order);


--
-- Name: helmets_details_manufacturers_list_parent_id_idx; Type: INDEX; Schema: public; Owner: afmuser
--

CREATE INDEX helmets_details_manufacturers_list_parent_id_idx ON public.helmets_details_manufacturers_list USING btree (_parent_id);


--
-- Name: helmets_locales_locale_parent_id_unique; Type: INDEX; Schema: public; Owner: afmuser
--

CREATE UNIQUE INDEX helmets_locales_locale_parent_id_unique ON public.helmets_locales USING btree (_locale, _parent_id);


--
-- Name: helmets_name_idx; Type: INDEX; Schema: public; Owner: afmuser
--

CREATE INDEX helmets_name_idx ON public.helmets USING btree (name);


--
-- Name: helmets_rels_categories_id_idx; Type: INDEX; Schema: public; Owner: afmuser
--

CREATE INDEX helmets_rels_categories_id_idx ON public.helmets_rels USING btree (categories_id);


--
-- Name: helmets_rels_media_id_idx; Type: INDEX; Schema: public; Owner: afmuser
--

CREATE INDEX helmets_rels_media_id_idx ON public.helmets_rels USING btree (media_id);


--
-- Name: helmets_rels_order_idx; Type: INDEX; Schema: public; Owner: afmuser
--

CREATE INDEX helmets_rels_order_idx ON public.helmets_rels USING btree ("order");


--
-- Name: helmets_rels_parent_idx; Type: INDEX; Schema: public; Owner: afmuser
--

CREATE INDEX helmets_rels_parent_idx ON public.helmets_rels USING btree (parent_id);


--
-- Name: helmets_rels_path_idx; Type: INDEX; Schema: public; Owner: afmuser
--

CREATE INDEX helmets_rels_path_idx ON public.helmets_rels USING btree (path);


--
-- Name: helmets_rels_tags_id_idx; Type: INDEX; Schema: public; Owner: afmuser
--

CREATE INDEX helmets_rels_tags_id_idx ON public.helmets_rels USING btree (tags_id);


--
-- Name: helmets_seo_seo_image_idx; Type: INDEX; Schema: public; Owner: afmuser
--

CREATE INDEX helmets_seo_seo_image_idx ON public.helmets_locales USING btree (seo_image_id, _locale);


--
-- Name: helmets_slug_idx; Type: INDEX; Schema: public; Owner: afmuser
--

CREATE UNIQUE INDEX helmets_slug_idx ON public.helmets USING btree (slug);


--
-- Name: helmets_updated_at_idx; Type: INDEX; Schema: public; Owner: afmuser
--

CREATE INDEX helmets_updated_at_idx ON public.helmets USING btree (updated_at);


--
-- Name: hospitalities_assets_assets_cover_idx; Type: INDEX; Schema: public; Owner: afmuser
--

CREATE INDEX hospitalities_assets_assets_cover_idx ON public.hospitalities USING btree (assets_cover_id);


--
-- Name: hospitalities_assets_assets_thumbnail_idx; Type: INDEX; Schema: public; Owner: afmuser
--

CREATE INDEX hospitalities_assets_assets_thumbnail_idx ON public.hospitalities USING btree (assets_thumbnail_id);


--
-- Name: hospitalities_basics_identifiers_basics_identifiers_code_idx; Type: INDEX; Schema: public; Owner: afmuser
--

CREATE INDEX hospitalities_basics_identifiers_basics_identifiers_code_idx ON public.hospitalities USING btree (basics_identifiers_code);


--
-- Name: hospitalities_created_at_idx; Type: INDEX; Schema: public; Owner: afmuser
--

CREATE INDEX hospitalities_created_at_idx ON public.hospitalities USING btree (created_at);


--
-- Name: hospitalities_details_details_event_idx; Type: INDEX; Schema: public; Owner: afmuser
--

CREATE INDEX hospitalities_details_details_event_idx ON public.hospitalities USING btree (details_event_id);


--
-- Name: hospitalities_details_details_location_idx; Type: INDEX; Schema: public; Owner: afmuser
--

CREATE INDEX hospitalities_details_details_location_idx ON public.hospitalities USING btree (details_location);


--
-- Name: hospitalities_details_details_status_idx; Type: INDEX; Schema: public; Owner: afmuser
--

CREATE INDEX hospitalities_details_details_status_idx ON public.hospitalities USING btree (details_status);


--
-- Name: hospitalities_details_details_type_idx; Type: INDEX; Schema: public; Owner: afmuser
--

CREATE INDEX hospitalities_details_details_type_idx ON public.hospitalities USING btree (details_type);


--
-- Name: hospitalities_details_exclusions_list_order_idx; Type: INDEX; Schema: public; Owner: afmuser
--

CREATE INDEX hospitalities_details_exclusions_list_order_idx ON public.hospitalities_details_exclusions_list USING btree (_order);


--
-- Name: hospitalities_details_exclusions_list_parent_id_idx; Type: INDEX; Schema: public; Owner: afmuser
--

CREATE INDEX hospitalities_details_exclusions_list_parent_id_idx ON public.hospitalities_details_exclusions_list USING btree (_parent_id);


--
-- Name: hospitalities_details_inclusions_list_order_idx; Type: INDEX; Schema: public; Owner: afmuser
--

CREATE INDEX hospitalities_details_inclusions_list_order_idx ON public.hospitalities_details_inclusions_list USING btree (_order);


--
-- Name: hospitalities_details_inclusions_list_parent_id_idx; Type: INDEX; Schema: public; Owner: afmuser
--

CREATE INDEX hospitalities_details_inclusions_list_parent_id_idx ON public.hospitalities_details_inclusions_list USING btree (_parent_id);


--
-- Name: hospitalities_details_requirements_list_order_idx; Type: INDEX; Schema: public; Owner: afmuser
--

CREATE INDEX hospitalities_details_requirements_list_order_idx ON public.hospitalities_details_requirements_list USING btree (_order);


--
-- Name: hospitalities_details_requirements_list_parent_id_idx; Type: INDEX; Schema: public; Owner: afmuser
--

CREATE INDEX hospitalities_details_requirements_list_parent_id_idx ON public.hospitalities_details_requirements_list USING btree (_parent_id);


--
-- Name: hospitalities_locales_locale_parent_id_unique; Type: INDEX; Schema: public; Owner: afmuser
--

CREATE UNIQUE INDEX hospitalities_locales_locale_parent_id_unique ON public.hospitalities_locales USING btree (_locale, _parent_id);


--
-- Name: hospitalities_name_idx; Type: INDEX; Schema: public; Owner: afmuser
--

CREATE INDEX hospitalities_name_idx ON public.hospitalities USING btree (name);


--
-- Name: hospitalities_rels_categories_id_idx; Type: INDEX; Schema: public; Owner: afmuser
--

CREATE INDEX hospitalities_rels_categories_id_idx ON public.hospitalities_rels USING btree (categories_id);


--
-- Name: hospitalities_rels_media_id_idx; Type: INDEX; Schema: public; Owner: afmuser
--

CREATE INDEX hospitalities_rels_media_id_idx ON public.hospitalities_rels USING btree (media_id);


--
-- Name: hospitalities_rels_order_idx; Type: INDEX; Schema: public; Owner: afmuser
--

CREATE INDEX hospitalities_rels_order_idx ON public.hospitalities_rels USING btree ("order");


--
-- Name: hospitalities_rels_parent_idx; Type: INDEX; Schema: public; Owner: afmuser
--

CREATE INDEX hospitalities_rels_parent_idx ON public.hospitalities_rels USING btree (parent_id);


--
-- Name: hospitalities_rels_path_idx; Type: INDEX; Schema: public; Owner: afmuser
--

CREATE INDEX hospitalities_rels_path_idx ON public.hospitalities_rels USING btree (path);


--
-- Name: hospitalities_rels_tags_id_idx; Type: INDEX; Schema: public; Owner: afmuser
--

CREATE INDEX hospitalities_rels_tags_id_idx ON public.hospitalities_rels USING btree (tags_id);


--
-- Name: hospitalities_seo_seo_image_idx; Type: INDEX; Schema: public; Owner: afmuser
--

CREATE INDEX hospitalities_seo_seo_image_idx ON public.hospitalities_locales USING btree (seo_image_id, _locale);


--
-- Name: hospitalities_slug_idx; Type: INDEX; Schema: public; Owner: afmuser
--

CREATE UNIQUE INDEX hospitalities_slug_idx ON public.hospitalities USING btree (slug);


--
-- Name: hospitalities_updated_at_idx; Type: INDEX; Schema: public; Owner: afmuser
--

CREATE INDEX hospitalities_updated_at_idx ON public.hospitalities USING btree (updated_at);


--
-- Name: identity_locales_locale_parent_id_unique; Type: INDEX; Schema: public; Owner: afmuser
--

CREATE UNIQUE INDEX identity_locales_locale_parent_id_unique ON public.identity_locales USING btree (_locale, _parent_id);


--
-- Name: identity_rels_leaders_id_idx; Type: INDEX; Schema: public; Owner: afmuser
--

CREATE INDEX identity_rels_leaders_id_idx ON public.identity_rels USING btree (leaders_id);


--
-- Name: identity_rels_order_idx; Type: INDEX; Schema: public; Owner: afmuser
--

CREATE INDEX identity_rels_order_idx ON public.identity_rels USING btree ("order");


--
-- Name: identity_rels_parent_idx; Type: INDEX; Schema: public; Owner: afmuser
--

CREATE INDEX identity_rels_parent_idx ON public.identity_rels USING btree (parent_id);


--
-- Name: identity_rels_path_idx; Type: INDEX; Schema: public; Owner: afmuser
--

CREATE INDEX identity_rels_path_idx ON public.identity_rels USING btree (path);


--
-- Name: identity_sustainability_initiative_names_locales_locale_pare; Type: INDEX; Schema: public; Owner: afmuser
--

CREATE UNIQUE INDEX identity_sustainability_initiative_names_locales_locale_pare ON public.identity_sustainability_initiative_names_locales USING btree (_locale, _parent_id);


--
-- Name: identity_sustainability_initiative_names_order_idx; Type: INDEX; Schema: public; Owner: afmuser
--

CREATE INDEX identity_sustainability_initiative_names_order_idx ON public.identity_sustainability_initiative_names USING btree (_order);


--
-- Name: identity_sustainability_initiative_names_parent_id_idx; Type: INDEX; Schema: public; Owner: afmuser
--

CREATE INDEX identity_sustainability_initiative_names_parent_id_idx ON public.identity_sustainability_initiative_names USING btree (_parent_id);


--
-- Name: identity_values_locales_locale_parent_id_unique; Type: INDEX; Schema: public; Owner: afmuser
--

CREATE UNIQUE INDEX identity_values_locales_locale_parent_id_unique ON public.identity_values_locales USING btree (_locale, _parent_id);


--
-- Name: identity_values_order_idx; Type: INDEX; Schema: public; Owner: afmuser
--

CREATE INDEX identity_values_order_idx ON public.identity_values USING btree (_order);


--
-- Name: identity_values_parent_id_idx; Type: INDEX; Schema: public; Owner: afmuser
--

CREATE INDEX identity_values_parent_id_idx ON public.identity_values USING btree (_parent_id);


--
-- Name: identity_visual_visual_favicon_idx; Type: INDEX; Schema: public; Owner: afmuser
--

CREATE INDEX identity_visual_visual_favicon_idx ON public.identity USING btree (visual_favicon_id);


--
-- Name: identity_visual_visual_guidelines_idx; Type: INDEX; Schema: public; Owner: afmuser
--

CREATE INDEX identity_visual_visual_guidelines_idx ON public.identity USING btree (visual_guidelines_id);


--
-- Name: identity_visual_visual_logo_idx; Type: INDEX; Schema: public; Owner: afmuser
--

CREATE INDEX identity_visual_visual_logo_idx ON public.identity USING btree (visual_logo_id);


--
-- Name: identity_visual_visual_logo_inverted_idx; Type: INDEX; Schema: public; Owner: afmuser
--

CREATE INDEX identity_visual_visual_logo_inverted_idx ON public.identity USING btree (visual_logo_inverted_id);


--
-- Name: identity_visual_visual_wordmark_idx; Type: INDEX; Schema: public; Owner: afmuser
--

CREATE INDEX identity_visual_visual_wordmark_idx ON public.identity USING btree (visual_wordmark_id);


--
-- Name: identity_voice_tone_keywords_locales_locale_parent_id_unique; Type: INDEX; Schema: public; Owner: afmuser
--

CREATE UNIQUE INDEX identity_voice_tone_keywords_locales_locale_parent_id_unique ON public.identity_voice_tone_keywords_locales USING btree (_locale, _parent_id);


--
-- Name: identity_voice_tone_keywords_order_idx; Type: INDEX; Schema: public; Owner: afmuser
--

CREATE INDEX identity_voice_tone_keywords_order_idx ON public.identity_voice_tone_keywords USING btree (_order);


--
-- Name: identity_voice_tone_keywords_parent_id_idx; Type: INDEX; Schema: public; Owner: afmuser
--

CREATE INDEX identity_voice_tone_keywords_parent_id_idx ON public.identity_voice_tone_keywords USING btree (_parent_id);


--
-- Name: incidents_assets_assets_thumbnail_idx; Type: INDEX; Schema: public; Owner: afmuser
--

CREATE INDEX incidents_assets_assets_thumbnail_idx ON public.incidents USING btree (assets_thumbnail_id);


--
-- Name: incidents_assets_assets_video_idx; Type: INDEX; Schema: public; Owner: afmuser
--

CREATE INDEX incidents_assets_assets_video_idx ON public.incidents USING btree (assets_video_id);


--
-- Name: incidents_created_at_idx; Type: INDEX; Schema: public; Owner: afmuser
--

CREATE INDEX incidents_created_at_idx ON public.incidents USING btree (created_at);


--
-- Name: incidents_details_details_date_time_idx; Type: INDEX; Schema: public; Owner: afmuser
--

CREATE INDEX incidents_details_details_date_time_idx ON public.incidents USING btree (details_date_time);


--
-- Name: incidents_details_details_location_idx; Type: INDEX; Schema: public; Owner: afmuser
--

CREATE INDEX incidents_details_details_location_idx ON public.incidents USING btree (details_location);


--
-- Name: incidents_locales_locale_parent_id_unique; Type: INDEX; Schema: public; Owner: afmuser
--

CREATE UNIQUE INDEX incidents_locales_locale_parent_id_unique ON public.incidents_locales USING btree (_locale, _parent_id);


--
-- Name: incidents_name_idx; Type: INDEX; Schema: public; Owner: afmuser
--

CREATE INDEX incidents_name_idx ON public.incidents USING btree (name);


--
-- Name: incidents_rels_cars_id_idx; Type: INDEX; Schema: public; Owner: afmuser
--

CREATE INDEX incidents_rels_cars_id_idx ON public.incidents_rels USING btree (cars_id);


--
-- Name: incidents_rels_categories_id_idx; Type: INDEX; Schema: public; Owner: afmuser
--

CREATE INDEX incidents_rels_categories_id_idx ON public.incidents_rels USING btree (categories_id);


--
-- Name: incidents_rels_drivers_id_idx; Type: INDEX; Schema: public; Owner: afmuser
--

CREATE INDEX incidents_rels_drivers_id_idx ON public.incidents_rels USING btree (drivers_id);


--
-- Name: incidents_rels_media_id_idx; Type: INDEX; Schema: public; Owner: afmuser
--

CREATE INDEX incidents_rels_media_id_idx ON public.incidents_rels USING btree (media_id);


--
-- Name: incidents_rels_order_idx; Type: INDEX; Schema: public; Owner: afmuser
--

CREATE INDEX incidents_rels_order_idx ON public.incidents_rels USING btree ("order");


--
-- Name: incidents_rels_parent_idx; Type: INDEX; Schema: public; Owner: afmuser
--

CREATE INDEX incidents_rels_parent_idx ON public.incidents_rels USING btree (parent_id);


--
-- Name: incidents_rels_path_idx; Type: INDEX; Schema: public; Owner: afmuser
--

CREATE INDEX incidents_rels_path_idx ON public.incidents_rels USING btree (path);


--
-- Name: incidents_rels_tags_id_idx; Type: INDEX; Schema: public; Owner: afmuser
--

CREATE INDEX incidents_rels_tags_id_idx ON public.incidents_rels USING btree (tags_id);


--
-- Name: incidents_seo_seo_image_idx; Type: INDEX; Schema: public; Owner: afmuser
--

CREATE INDEX incidents_seo_seo_image_idx ON public.incidents_locales USING btree (seo_image_id, _locale);


--
-- Name: incidents_slug_idx; Type: INDEX; Schema: public; Owner: afmuser
--

CREATE UNIQUE INDEX incidents_slug_idx ON public.incidents USING btree (slug);


--
-- Name: incidents_updated_at_idx; Type: INDEX; Schema: public; Owner: afmuser
--

CREATE INDEX incidents_updated_at_idx ON public.incidents USING btree (updated_at);


--
-- Name: individuals_assets_assets_avatar_idx; Type: INDEX; Schema: public; Owner: afmuser
--

CREATE INDEX individuals_assets_assets_avatar_idx ON public.individuals USING btree (assets_avatar_id);


--
-- Name: individuals_assets_assets_thumbnail_idx; Type: INDEX; Schema: public; Owner: afmuser
--

CREATE INDEX individuals_assets_assets_thumbnail_idx ON public.individuals USING btree (assets_thumbnail_id);


--
-- Name: individuals_basics_basics_is_contact_idx; Type: INDEX; Schema: public; Owner: afmuser
--

CREATE INDEX individuals_basics_basics_is_contact_idx ON public.individuals USING btree (basics_is_contact);


--
-- Name: individuals_basics_basics_type_idx; Type: INDEX; Schema: public; Owner: afmuser
--

CREATE INDEX individuals_basics_basics_type_idx ON public.individuals USING btree (basics_type);


--
-- Name: individuals_created_at_idx; Type: INDEX; Schema: public; Owner: afmuser
--

CREATE INDEX individuals_created_at_idx ON public.individuals USING btree (created_at);


--
-- Name: individuals_first_name_idx; Type: INDEX; Schema: public; Owner: afmuser
--

CREATE INDEX individuals_first_name_idx ON public.individuals USING btree (first_name);


--
-- Name: individuals_last_name_idx; Type: INDEX; Schema: public; Owner: afmuser
--

CREATE INDEX individuals_last_name_idx ON public.individuals USING btree (last_name);


--
-- Name: individuals_locales_locale_parent_id_unique; Type: INDEX; Schema: public; Owner: afmuser
--

CREATE UNIQUE INDEX individuals_locales_locale_parent_id_unique ON public.individuals_locales USING btree (_locale, _parent_id);


--
-- Name: individuals_rels_categories_id_idx; Type: INDEX; Schema: public; Owner: afmuser
--

CREATE INDEX individuals_rels_categories_id_idx ON public.individuals_rels USING btree (categories_id);


--
-- Name: individuals_rels_order_idx; Type: INDEX; Schema: public; Owner: afmuser
--

CREATE INDEX individuals_rels_order_idx ON public.individuals_rels USING btree ("order");


--
-- Name: individuals_rels_parent_idx; Type: INDEX; Schema: public; Owner: afmuser
--

CREATE INDEX individuals_rels_parent_idx ON public.individuals_rels USING btree (parent_id);


--
-- Name: individuals_rels_path_idx; Type: INDEX; Schema: public; Owner: afmuser
--

CREATE INDEX individuals_rels_path_idx ON public.individuals_rels USING btree (path);


--
-- Name: individuals_rels_tags_id_idx; Type: INDEX; Schema: public; Owner: afmuser
--

CREATE INDEX individuals_rels_tags_id_idx ON public.individuals_rels USING btree (tags_id);


--
-- Name: individuals_seo_seo_image_idx; Type: INDEX; Schema: public; Owner: afmuser
--

CREATE INDEX individuals_seo_seo_image_idx ON public.individuals_locales USING btree (seo_image_id, _locale);


--
-- Name: individuals_slug_idx; Type: INDEX; Schema: public; Owner: afmuser
--

CREATE UNIQUE INDEX individuals_slug_idx ON public.individuals USING btree (slug);


--
-- Name: individuals_updated_at_idx; Type: INDEX; Schema: public; Owner: afmuser
--

CREATE INDEX individuals_updated_at_idx ON public.individuals USING btree (updated_at);


--
-- Name: initiatives_assets_assets_candid_idx; Type: INDEX; Schema: public; Owner: afmuser
--

CREATE INDEX initiatives_assets_assets_candid_idx ON public.initiatives USING btree (assets_candid_id);


--
-- Name: initiatives_assets_assets_cover_idx; Type: INDEX; Schema: public; Owner: afmuser
--

CREATE INDEX initiatives_assets_assets_cover_idx ON public.initiatives USING btree (assets_cover_id);


--
-- Name: initiatives_assets_assets_thumbnail_idx; Type: INDEX; Schema: public; Owner: afmuser
--

CREATE INDEX initiatives_assets_assets_thumbnail_idx ON public.initiatives USING btree (assets_thumbnail_id);


--
-- Name: initiatives_created_at_idx; Type: INDEX; Schema: public; Owner: afmuser
--

CREATE INDEX initiatives_created_at_idx ON public.initiatives USING btree (created_at);


--
-- Name: initiatives_details_details_locations_idx; Type: INDEX; Schema: public; Owner: afmuser
--

CREATE INDEX initiatives_details_details_locations_idx ON public.initiatives USING btree (details_locations);


--
-- Name: initiatives_details_expectations_list_order_idx; Type: INDEX; Schema: public; Owner: afmuser
--

CREATE INDEX initiatives_details_expectations_list_order_idx ON public.initiatives_details_expectations_list USING btree (_order);


--
-- Name: initiatives_details_expectations_list_parent_id_idx; Type: INDEX; Schema: public; Owner: afmuser
--

CREATE INDEX initiatives_details_expectations_list_parent_id_idx ON public.initiatives_details_expectations_list USING btree (_parent_id);


--
-- Name: initiatives_locales_locale_parent_id_unique; Type: INDEX; Schema: public; Owner: afmuser
--

CREATE UNIQUE INDEX initiatives_locales_locale_parent_id_unique ON public.initiatives_locales USING btree (_locale, _parent_id);


--
-- Name: initiatives_name_idx; Type: INDEX; Schema: public; Owner: afmuser
--

CREATE INDEX initiatives_name_idx ON public.initiatives USING btree (name);


--
-- Name: initiatives_rels_categories_id_idx; Type: INDEX; Schema: public; Owner: afmuser
--

CREATE INDEX initiatives_rels_categories_id_idx ON public.initiatives_rels USING btree (categories_id);


--
-- Name: initiatives_rels_media_id_idx; Type: INDEX; Schema: public; Owner: afmuser
--

CREATE INDEX initiatives_rels_media_id_idx ON public.initiatives_rels USING btree (media_id);


--
-- Name: initiatives_rels_order_idx; Type: INDEX; Schema: public; Owner: afmuser
--

CREATE INDEX initiatives_rels_order_idx ON public.initiatives_rels USING btree ("order");


--
-- Name: initiatives_rels_parent_idx; Type: INDEX; Schema: public; Owner: afmuser
--

CREATE INDEX initiatives_rels_parent_idx ON public.initiatives_rels USING btree (parent_id);


--
-- Name: initiatives_rels_path_idx; Type: INDEX; Schema: public; Owner: afmuser
--

CREATE INDEX initiatives_rels_path_idx ON public.initiatives_rels USING btree (path);


--
-- Name: initiatives_rels_tags_id_idx; Type: INDEX; Schema: public; Owner: afmuser
--

CREATE INDEX initiatives_rels_tags_id_idx ON public.initiatives_rels USING btree (tags_id);


--
-- Name: initiatives_seo_seo_image_idx; Type: INDEX; Schema: public; Owner: afmuser
--

CREATE INDEX initiatives_seo_seo_image_idx ON public.initiatives_locales USING btree (seo_image_id, _locale);


--
-- Name: initiatives_slug_idx; Type: INDEX; Schema: public; Owner: afmuser
--

CREATE UNIQUE INDEX initiatives_slug_idx ON public.initiatives USING btree (slug);


--
-- Name: initiatives_updated_at_idx; Type: INDEX; Schema: public; Owner: afmuser
--

CREATE INDEX initiatives_updated_at_idx ON public.initiatives USING btree (updated_at);


--
-- Name: interviews_assets_assets_audio_idx; Type: INDEX; Schema: public; Owner: afmuser
--

CREATE INDEX interviews_assets_assets_audio_idx ON public.interviews USING btree (assets_audio_id);


--
-- Name: interviews_assets_assets_cover_idx; Type: INDEX; Schema: public; Owner: afmuser
--

CREATE INDEX interviews_assets_assets_cover_idx ON public.interviews USING btree (assets_cover_id);


--
-- Name: interviews_assets_assets_thumbnail_idx; Type: INDEX; Schema: public; Owner: afmuser
--

CREATE INDEX interviews_assets_assets_thumbnail_idx ON public.interviews USING btree (assets_thumbnail_id);


--
-- Name: interviews_assets_assets_video_idx; Type: INDEX; Schema: public; Owner: afmuser
--

CREATE INDEX interviews_assets_assets_video_idx ON public.interviews USING btree (assets_video_id);


--
-- Name: interviews_basics_identifiers_basics_identifiers_code_idx; Type: INDEX; Schema: public; Owner: afmuser
--

CREATE INDEX interviews_basics_identifiers_basics_identifiers_code_idx ON public.interviews USING btree (basics_identifiers_code);


--
-- Name: interviews_created_at_idx; Type: INDEX; Schema: public; Owner: afmuser
--

CREATE INDEX interviews_created_at_idx ON public.interviews USING btree (created_at);


--
-- Name: interviews_details_details_format_idx; Type: INDEX; Schema: public; Owner: afmuser
--

CREATE INDEX interviews_details_details_format_idx ON public.interviews USING btree (details_format);


--
-- Name: interviews_details_details_interviewee_idx; Type: INDEX; Schema: public; Owner: afmuser
--

CREATE INDEX interviews_details_details_interviewee_idx ON public.interviews USING btree (details_interviewee_id);


--
-- Name: interviews_details_details_interviewer_idx; Type: INDEX; Schema: public; Owner: afmuser
--

CREATE INDEX interviews_details_details_interviewer_idx ON public.interviews USING btree (details_interviewer_id);


--
-- Name: interviews_details_details_location_idx; Type: INDEX; Schema: public; Owner: afmuser
--

CREATE INDEX interviews_details_details_location_idx ON public.interviews USING btree (details_location);


--
-- Name: interviews_details_details_published_date_idx; Type: INDEX; Schema: public; Owner: afmuser
--

CREATE INDEX interviews_details_details_published_date_idx ON public.interviews USING btree (details_published_date);


--
-- Name: interviews_details_details_session_idx; Type: INDEX; Schema: public; Owner: afmuser
--

CREATE INDEX interviews_details_details_session_idx ON public.interviews USING btree (details_session_id);


--
-- Name: interviews_details_details_status_idx; Type: INDEX; Schema: public; Owner: afmuser
--

CREATE INDEX interviews_details_details_status_idx ON public.interviews USING btree (details_status);


--
-- Name: interviews_details_tags_list_order_idx; Type: INDEX; Schema: public; Owner: afmuser
--

CREATE INDEX interviews_details_tags_list_order_idx ON public.interviews_details_tags_list USING btree (_order);


--
-- Name: interviews_details_tags_list_parent_id_idx; Type: INDEX; Schema: public; Owner: afmuser
--

CREATE INDEX interviews_details_tags_list_parent_id_idx ON public.interviews_details_tags_list USING btree (_parent_id);


--
-- Name: interviews_locales_locale_parent_id_unique; Type: INDEX; Schema: public; Owner: afmuser
--

CREATE UNIQUE INDEX interviews_locales_locale_parent_id_unique ON public.interviews_locales USING btree (_locale, _parent_id);


--
-- Name: interviews_name_idx; Type: INDEX; Schema: public; Owner: afmuser
--

CREATE INDEX interviews_name_idx ON public.interviews USING btree (name);


--
-- Name: interviews_rels_categories_id_idx; Type: INDEX; Schema: public; Owner: afmuser
--

CREATE INDEX interviews_rels_categories_id_idx ON public.interviews_rels USING btree (categories_id);


--
-- Name: interviews_rels_media_id_idx; Type: INDEX; Schema: public; Owner: afmuser
--

CREATE INDEX interviews_rels_media_id_idx ON public.interviews_rels USING btree (media_id);


--
-- Name: interviews_rels_order_idx; Type: INDEX; Schema: public; Owner: afmuser
--

CREATE INDEX interviews_rels_order_idx ON public.interviews_rels USING btree ("order");


--
-- Name: interviews_rels_parent_idx; Type: INDEX; Schema: public; Owner: afmuser
--

CREATE INDEX interviews_rels_parent_idx ON public.interviews_rels USING btree (parent_id);


--
-- Name: interviews_rels_path_idx; Type: INDEX; Schema: public; Owner: afmuser
--

CREATE INDEX interviews_rels_path_idx ON public.interviews_rels USING btree (path);


--
-- Name: interviews_rels_tags_id_idx; Type: INDEX; Schema: public; Owner: afmuser
--

CREATE INDEX interviews_rels_tags_id_idx ON public.interviews_rels USING btree (tags_id);


--
-- Name: interviews_seo_seo_image_idx; Type: INDEX; Schema: public; Owner: afmuser
--

CREATE INDEX interviews_seo_seo_image_idx ON public.interviews_locales USING btree (seo_image_id, _locale);


--
-- Name: interviews_slug_idx; Type: INDEX; Schema: public; Owner: afmuser
--

CREATE UNIQUE INDEX interviews_slug_idx ON public.interviews USING btree (slug);


--
-- Name: interviews_updated_at_idx; Type: INDEX; Schema: public; Owner: afmuser
--

CREATE INDEX interviews_updated_at_idx ON public.interviews USING btree (updated_at);


--
-- Name: leaders_assets_assets_avatar_idx; Type: INDEX; Schema: public; Owner: afmuser
--

CREATE INDEX leaders_assets_assets_avatar_idx ON public.leaders USING btree (assets_avatar_id);


--
-- Name: leaders_assets_assets_cover_idx; Type: INDEX; Schema: public; Owner: afmuser
--

CREATE INDEX leaders_assets_assets_cover_idx ON public.leaders USING btree (assets_cover_id);


--
-- Name: leaders_basics_basics_nationality_idx; Type: INDEX; Schema: public; Owner: afmuser
--

CREATE INDEX leaders_basics_basics_nationality_idx ON public.leaders USING btree (basics_nationality_id);


--
-- Name: leaders_basics_basics_title_idx; Type: INDEX; Schema: public; Owner: afmuser
--

CREATE INDEX leaders_basics_basics_title_idx ON public.leaders USING btree (basics_title);


--
-- Name: leaders_created_at_idx; Type: INDEX; Schema: public; Owner: afmuser
--

CREATE INDEX leaders_created_at_idx ON public.leaders USING btree (created_at);


--
-- Name: leaders_details_principles_list_order_idx; Type: INDEX; Schema: public; Owner: afmuser
--

CREATE INDEX leaders_details_principles_list_order_idx ON public.leaders_details_principles_list USING btree (_order);


--
-- Name: leaders_details_principles_list_parent_id_idx; Type: INDEX; Schema: public; Owner: afmuser
--

CREATE INDEX leaders_details_principles_list_parent_id_idx ON public.leaders_details_principles_list USING btree (_parent_id);


--
-- Name: leaders_details_socials_list_order_idx; Type: INDEX; Schema: public; Owner: afmuser
--

CREATE INDEX leaders_details_socials_list_order_idx ON public.leaders_details_socials_list USING btree (_order);


--
-- Name: leaders_details_socials_list_parent_id_idx; Type: INDEX; Schema: public; Owner: afmuser
--

CREATE INDEX leaders_details_socials_list_parent_id_idx ON public.leaders_details_socials_list USING btree (_parent_id);


--
-- Name: leaders_details_socials_list_username_idx; Type: INDEX; Schema: public; Owner: afmuser
--

CREATE INDEX leaders_details_socials_list_username_idx ON public.leaders_details_socials_list USING btree (username);


--
-- Name: leaders_details_websites_list_order_idx; Type: INDEX; Schema: public; Owner: afmuser
--

CREATE INDEX leaders_details_websites_list_order_idx ON public.leaders_details_websites_list USING btree (_order);


--
-- Name: leaders_details_websites_list_parent_id_idx; Type: INDEX; Schema: public; Owner: afmuser
--

CREATE INDEX leaders_details_websites_list_parent_id_idx ON public.leaders_details_websites_list USING btree (_parent_id);


--
-- Name: leaders_details_websites_list_path_idx; Type: INDEX; Schema: public; Owner: afmuser
--

CREATE INDEX leaders_details_websites_list_path_idx ON public.leaders_details_websites_list USING btree (path);


--
-- Name: leaders_first_name_idx; Type: INDEX; Schema: public; Owner: afmuser
--

CREATE INDEX leaders_first_name_idx ON public.leaders USING btree (first_name);


--
-- Name: leaders_last_name_idx; Type: INDEX; Schema: public; Owner: afmuser
--

CREATE INDEX leaders_last_name_idx ON public.leaders USING btree (last_name);


--
-- Name: leaders_locales_locale_parent_id_unique; Type: INDEX; Schema: public; Owner: afmuser
--

CREATE UNIQUE INDEX leaders_locales_locale_parent_id_unique ON public.leaders_locales USING btree (_locale, _parent_id);


--
-- Name: leaders_rels_awards_id_idx; Type: INDEX; Schema: public; Owner: afmuser
--

CREATE INDEX leaders_rels_awards_id_idx ON public.leaders_rels USING btree (awards_id);


--
-- Name: leaders_rels_categories_id_idx; Type: INDEX; Schema: public; Owner: afmuser
--

CREATE INDEX leaders_rels_categories_id_idx ON public.leaders_rels USING btree (categories_id);


--
-- Name: leaders_rels_designations_id_idx; Type: INDEX; Schema: public; Owner: afmuser
--

CREATE INDEX leaders_rels_designations_id_idx ON public.leaders_rels USING btree (designations_id);


--
-- Name: leaders_rels_media_id_idx; Type: INDEX; Schema: public; Owner: afmuser
--

CREATE INDEX leaders_rels_media_id_idx ON public.leaders_rels USING btree (media_id);


--
-- Name: leaders_rels_order_idx; Type: INDEX; Schema: public; Owner: afmuser
--

CREATE INDEX leaders_rels_order_idx ON public.leaders_rels USING btree ("order");


--
-- Name: leaders_rels_parent_idx; Type: INDEX; Schema: public; Owner: afmuser
--

CREATE INDEX leaders_rels_parent_idx ON public.leaders_rels USING btree (parent_id);


--
-- Name: leaders_rels_path_idx; Type: INDEX; Schema: public; Owner: afmuser
--

CREATE INDEX leaders_rels_path_idx ON public.leaders_rels USING btree (path);


--
-- Name: leaders_rels_tags_id_idx; Type: INDEX; Schema: public; Owner: afmuser
--

CREATE INDEX leaders_rels_tags_id_idx ON public.leaders_rels USING btree (tags_id);


--
-- Name: leaders_seo_seo_image_idx; Type: INDEX; Schema: public; Owner: afmuser
--

CREATE INDEX leaders_seo_seo_image_idx ON public.leaders_locales USING btree (seo_image_id, _locale);


--
-- Name: leaders_slug_idx; Type: INDEX; Schema: public; Owner: afmuser
--

CREATE UNIQUE INDEX leaders_slug_idx ON public.leaders USING btree (slug);


--
-- Name: leaders_updated_at_idx; Type: INDEX; Schema: public; Owner: afmuser
--

CREATE INDEX leaders_updated_at_idx ON public.leaders USING btree (updated_at);


--
-- Name: media_created_at_idx; Type: INDEX; Schema: public; Owner: afmuser
--

CREATE INDEX media_created_at_idx ON public.media USING btree (created_at);


--
-- Name: media_filename_idx; Type: INDEX; Schema: public; Owner: afmuser
--

CREATE UNIQUE INDEX media_filename_idx ON public.media USING btree (filename);


--
-- Name: media_updated_at_idx; Type: INDEX; Schema: public; Owner: afmuser
--

CREATE INDEX media_updated_at_idx ON public.media USING btree (updated_at);


--
-- Name: meetups_assets_assets_cover_idx; Type: INDEX; Schema: public; Owner: afmuser
--

CREATE INDEX meetups_assets_assets_cover_idx ON public.meetups USING btree (assets_cover_id);


--
-- Name: meetups_assets_assets_thumbnail_idx; Type: INDEX; Schema: public; Owner: afmuser
--

CREATE INDEX meetups_assets_assets_thumbnail_idx ON public.meetups USING btree (assets_thumbnail_id);


--
-- Name: meetups_assets_assets_video_idx; Type: INDEX; Schema: public; Owner: afmuser
--

CREATE INDEX meetups_assets_assets_video_idx ON public.meetups USING btree (assets_video_id);


--
-- Name: meetups_created_at_idx; Type: INDEX; Schema: public; Owner: afmuser
--

CREATE INDEX meetups_created_at_idx ON public.meetups USING btree (created_at);


--
-- Name: meetups_details_details_format_idx; Type: INDEX; Schema: public; Owner: afmuser
--

CREATE INDEX meetups_details_details_format_idx ON public.meetups USING btree (details_format);


--
-- Name: meetups_details_details_locations_idx; Type: INDEX; Schema: public; Owner: afmuser
--

CREATE INDEX meetups_details_details_locations_idx ON public.meetups USING btree (details_locations);


--
-- Name: meetups_details_details_start_date_idx; Type: INDEX; Schema: public; Owner: afmuser
--

CREATE INDEX meetups_details_details_start_date_idx ON public.meetups USING btree (details_start_date);


--
-- Name: meetups_locales_locale_parent_id_unique; Type: INDEX; Schema: public; Owner: afmuser
--

CREATE UNIQUE INDEX meetups_locales_locale_parent_id_unique ON public.meetups_locales USING btree (_locale, _parent_id);


--
-- Name: meetups_name_idx; Type: INDEX; Schema: public; Owner: afmuser
--

CREATE INDEX meetups_name_idx ON public.meetups USING btree (name);


--
-- Name: meetups_rels_categories_id_idx; Type: INDEX; Schema: public; Owner: afmuser
--

CREATE INDEX meetups_rels_categories_id_idx ON public.meetups_rels USING btree (categories_id);


--
-- Name: meetups_rels_drivers_id_idx; Type: INDEX; Schema: public; Owner: afmuser
--

CREATE INDEX meetups_rels_drivers_id_idx ON public.meetups_rels USING btree (drivers_id);


--
-- Name: meetups_rels_individuals_id_idx; Type: INDEX; Schema: public; Owner: afmuser
--

CREATE INDEX meetups_rels_individuals_id_idx ON public.meetups_rels USING btree (individuals_id);


--
-- Name: meetups_rels_leaders_id_idx; Type: INDEX; Schema: public; Owner: afmuser
--

CREATE INDEX meetups_rels_leaders_id_idx ON public.meetups_rels USING btree (leaders_id);


--
-- Name: meetups_rels_media_id_idx; Type: INDEX; Schema: public; Owner: afmuser
--

CREATE INDEX meetups_rels_media_id_idx ON public.meetups_rels USING btree (media_id);


--
-- Name: meetups_rels_members_id_idx; Type: INDEX; Schema: public; Owner: afmuser
--

CREATE INDEX meetups_rels_members_id_idx ON public.meetups_rels USING btree (members_id);


--
-- Name: meetups_rels_order_idx; Type: INDEX; Schema: public; Owner: afmuser
--

CREATE INDEX meetups_rels_order_idx ON public.meetups_rels USING btree ("order");


--
-- Name: meetups_rels_organizations_id_idx; Type: INDEX; Schema: public; Owner: afmuser
--

CREATE INDEX meetups_rels_organizations_id_idx ON public.meetups_rels USING btree (organizations_id);


--
-- Name: meetups_rels_parent_idx; Type: INDEX; Schema: public; Owner: afmuser
--

CREATE INDEX meetups_rels_parent_idx ON public.meetups_rels USING btree (parent_id);


--
-- Name: meetups_rels_path_idx; Type: INDEX; Schema: public; Owner: afmuser
--

CREATE INDEX meetups_rels_path_idx ON public.meetups_rels USING btree (path);


--
-- Name: meetups_rels_tags_id_idx; Type: INDEX; Schema: public; Owner: afmuser
--

CREATE INDEX meetups_rels_tags_id_idx ON public.meetups_rels USING btree (tags_id);


--
-- Name: meetups_seo_seo_image_idx; Type: INDEX; Schema: public; Owner: afmuser
--

CREATE INDEX meetups_seo_seo_image_idx ON public.meetups_locales USING btree (seo_image_id, _locale);


--
-- Name: meetups_slug_idx; Type: INDEX; Schema: public; Owner: afmuser
--

CREATE UNIQUE INDEX meetups_slug_idx ON public.meetups USING btree (slug);


--
-- Name: meetups_updated_at_idx; Type: INDEX; Schema: public; Owner: afmuser
--

CREATE INDEX meetups_updated_at_idx ON public.meetups USING btree (updated_at);


--
-- Name: members_assets_assets_avatar_idx; Type: INDEX; Schema: public; Owner: afmuser
--

CREATE INDEX members_assets_assets_avatar_idx ON public.members USING btree (assets_avatar_id);


--
-- Name: members_assets_assets_cover_idx; Type: INDEX; Schema: public; Owner: afmuser
--

CREATE INDEX members_assets_assets_cover_idx ON public.members USING btree (assets_cover_id);


--
-- Name: members_basics_basics_joining_date_idx; Type: INDEX; Schema: public; Owner: afmuser
--

CREATE INDEX members_basics_basics_joining_date_idx ON public.members USING btree (basics_joining_date);


--
-- Name: members_basics_basics_nationality_idx; Type: INDEX; Schema: public; Owner: afmuser
--

CREATE INDEX members_basics_basics_nationality_idx ON public.members USING btree (basics_nationality_id);


--
-- Name: members_created_at_idx; Type: INDEX; Schema: public; Owner: afmuser
--

CREATE INDEX members_created_at_idx ON public.members USING btree (created_at);


--
-- Name: members_details_addresses_list_location_idx; Type: INDEX; Schema: public; Owner: afmuser
--

CREATE INDEX members_details_addresses_list_location_idx ON public.members_details_addresses_list USING btree (location);


--
-- Name: members_details_addresses_list_order_idx; Type: INDEX; Schema: public; Owner: afmuser
--

CREATE INDEX members_details_addresses_list_order_idx ON public.members_details_addresses_list USING btree (_order);


--
-- Name: members_details_addresses_list_parent_id_idx; Type: INDEX; Schema: public; Owner: afmuser
--

CREATE INDEX members_details_addresses_list_parent_id_idx ON public.members_details_addresses_list USING btree (_parent_id);


--
-- Name: members_first_name_idx; Type: INDEX; Schema: public; Owner: afmuser
--

CREATE INDEX members_first_name_idx ON public.members USING btree (first_name);


--
-- Name: members_last_name_idx; Type: INDEX; Schema: public; Owner: afmuser
--

CREATE INDEX members_last_name_idx ON public.members USING btree (last_name);


--
-- Name: members_locales_locale_parent_id_unique; Type: INDEX; Schema: public; Owner: afmuser
--

CREATE UNIQUE INDEX members_locales_locale_parent_id_unique ON public.members_locales USING btree (_locale, _parent_id);


--
-- Name: members_rels_categories_id_idx; Type: INDEX; Schema: public; Owner: afmuser
--

CREATE INDEX members_rels_categories_id_idx ON public.members_rels USING btree (categories_id);


--
-- Name: members_rels_order_idx; Type: INDEX; Schema: public; Owner: afmuser
--

CREATE INDEX members_rels_order_idx ON public.members_rels USING btree ("order");


--
-- Name: members_rels_parent_idx; Type: INDEX; Schema: public; Owner: afmuser
--

CREATE INDEX members_rels_parent_idx ON public.members_rels USING btree (parent_id);


--
-- Name: members_rels_path_idx; Type: INDEX; Schema: public; Owner: afmuser
--

CREATE INDEX members_rels_path_idx ON public.members_rels USING btree (path);


--
-- Name: members_rels_skills_id_idx; Type: INDEX; Schema: public; Owner: afmuser
--

CREATE INDEX members_rels_skills_id_idx ON public.members_rels USING btree (skills_id);


--
-- Name: members_rels_tags_id_idx; Type: INDEX; Schema: public; Owner: afmuser
--

CREATE INDEX members_rels_tags_id_idx ON public.members_rels USING btree (tags_id);


--
-- Name: members_rels_trainings_id_idx; Type: INDEX; Schema: public; Owner: afmuser
--

CREATE INDEX members_rels_trainings_id_idx ON public.members_rels USING btree (trainings_id);


--
-- Name: members_seo_seo_image_idx; Type: INDEX; Schema: public; Owner: afmuser
--

CREATE INDEX members_seo_seo_image_idx ON public.members_locales USING btree (seo_image_id, _locale);


--
-- Name: members_slug_idx; Type: INDEX; Schema: public; Owner: afmuser
--

CREATE UNIQUE INDEX members_slug_idx ON public.members USING btree (slug);


--
-- Name: members_updated_at_idx; Type: INDEX; Schema: public; Owner: afmuser
--

CREATE INDEX members_updated_at_idx ON public.members USING btree (updated_at);


--
-- Name: onboardings_assets_assets_completion_certificate_idx; Type: INDEX; Schema: public; Owner: afmuser
--

CREATE INDEX onboardings_assets_assets_completion_certificate_idx ON public.onboardings USING btree (assets_completion_certificate_id);


--
-- Name: onboardings_assets_assets_cover_idx; Type: INDEX; Schema: public; Owner: afmuser
--

CREATE INDEX onboardings_assets_assets_cover_idx ON public.onboardings USING btree (assets_cover_id);


--
-- Name: onboardings_assets_assets_thumbnail_idx; Type: INDEX; Schema: public; Owner: afmuser
--

CREATE INDEX onboardings_assets_assets_thumbnail_idx ON public.onboardings USING btree (assets_thumbnail_id);


--
-- Name: onboardings_basics_identifiers_basics_identifiers_code_idx; Type: INDEX; Schema: public; Owner: afmuser
--

CREATE INDEX onboardings_basics_identifiers_basics_identifiers_code_idx ON public.onboardings USING btree (basics_identifiers_code);


--
-- Name: onboardings_created_at_idx; Type: INDEX; Schema: public; Owner: afmuser
--

CREATE INDEX onboardings_created_at_idx ON public.onboardings USING btree (created_at);


--
-- Name: onboardings_details_details_assigned_by_idx; Type: INDEX; Schema: public; Owner: afmuser
--

CREATE INDEX onboardings_details_details_assigned_by_idx ON public.onboardings USING btree (details_assigned_by_id);


--
-- Name: onboardings_details_details_assigned_to_idx; Type: INDEX; Schema: public; Owner: afmuser
--

CREATE INDEX onboardings_details_details_assigned_to_idx ON public.onboardings USING btree (details_assigned_to_id);


--
-- Name: onboardings_details_details_status_idx; Type: INDEX; Schema: public; Owner: afmuser
--

CREATE INDEX onboardings_details_details_status_idx ON public.onboardings USING btree (details_status);


--
-- Name: onboardings_details_details_type_idx; Type: INDEX; Schema: public; Owner: afmuser
--

CREATE INDEX onboardings_details_details_type_idx ON public.onboardings USING btree (details_type);


--
-- Name: onboardings_locales_locale_parent_id_unique; Type: INDEX; Schema: public; Owner: afmuser
--

CREATE UNIQUE INDEX onboardings_locales_locale_parent_id_unique ON public.onboardings_locales USING btree (_locale, _parent_id);


--
-- Name: onboardings_name_idx; Type: INDEX; Schema: public; Owner: afmuser
--

CREATE INDEX onboardings_name_idx ON public.onboardings USING btree (name);


--
-- Name: onboardings_rels_categories_id_idx; Type: INDEX; Schema: public; Owner: afmuser
--

CREATE INDEX onboardings_rels_categories_id_idx ON public.onboardings_rels USING btree (categories_id);


--
-- Name: onboardings_rels_media_id_idx; Type: INDEX; Schema: public; Owner: afmuser
--

CREATE INDEX onboardings_rels_media_id_idx ON public.onboardings_rels USING btree (media_id);


--
-- Name: onboardings_rels_order_idx; Type: INDEX; Schema: public; Owner: afmuser
--

CREATE INDEX onboardings_rels_order_idx ON public.onboardings_rels USING btree ("order");


--
-- Name: onboardings_rels_parent_idx; Type: INDEX; Schema: public; Owner: afmuser
--

CREATE INDEX onboardings_rels_parent_idx ON public.onboardings_rels USING btree (parent_id);


--
-- Name: onboardings_rels_path_idx; Type: INDEX; Schema: public; Owner: afmuser
--

CREATE INDEX onboardings_rels_path_idx ON public.onboardings_rels USING btree (path);


--
-- Name: onboardings_rels_tags_id_idx; Type: INDEX; Schema: public; Owner: afmuser
--

CREATE INDEX onboardings_rels_tags_id_idx ON public.onboardings_rels USING btree (tags_id);


--
-- Name: onboardings_seo_seo_image_idx; Type: INDEX; Schema: public; Owner: afmuser
--

CREATE INDEX onboardings_seo_seo_image_idx ON public.onboardings_locales USING btree (seo_image_id, _locale);


--
-- Name: onboardings_slug_idx; Type: INDEX; Schema: public; Owner: afmuser
--

CREATE UNIQUE INDEX onboardings_slug_idx ON public.onboardings USING btree (slug);


--
-- Name: onboardings_traits_checklist_list_order_idx; Type: INDEX; Schema: public; Owner: afmuser
--

CREATE INDEX onboardings_traits_checklist_list_order_idx ON public.onboardings_traits_checklist_list USING btree (_order);


--
-- Name: onboardings_traits_checklist_list_parent_id_idx; Type: INDEX; Schema: public; Owner: afmuser
--

CREATE INDEX onboardings_traits_checklist_list_parent_id_idx ON public.onboardings_traits_checklist_list USING btree (_parent_id);


--
-- Name: onboardings_traits_modules_list_order_idx; Type: INDEX; Schema: public; Owner: afmuser
--

CREATE INDEX onboardings_traits_modules_list_order_idx ON public.onboardings_traits_modules_list USING btree (_order);


--
-- Name: onboardings_traits_modules_list_parent_id_idx; Type: INDEX; Schema: public; Owner: afmuser
--

CREATE INDEX onboardings_traits_modules_list_parent_id_idx ON public.onboardings_traits_modules_list USING btree (_parent_id);


--
-- Name: onboardings_traits_quizzes_list_order_idx; Type: INDEX; Schema: public; Owner: afmuser
--

CREATE INDEX onboardings_traits_quizzes_list_order_idx ON public.onboardings_traits_quizzes_list USING btree (_order);


--
-- Name: onboardings_traits_quizzes_list_parent_id_idx; Type: INDEX; Schema: public; Owner: afmuser
--

CREATE INDEX onboardings_traits_quizzes_list_parent_id_idx ON public.onboardings_traits_quizzes_list USING btree (_parent_id);


--
-- Name: onboardings_updated_at_idx; Type: INDEX; Schema: public; Owner: afmuser
--

CREATE INDEX onboardings_updated_at_idx ON public.onboardings USING btree (updated_at);


--
-- Name: orders_created_at_idx; Type: INDEX; Schema: public; Owner: afmuser
--

CREATE INDEX orders_created_at_idx ON public.orders USING btree (created_at);


--
-- Name: orders_customer_idx; Type: INDEX; Schema: public; Owner: afmuser
--

CREATE INDEX orders_customer_idx ON public.orders USING btree (customer_id);


--
-- Name: orders_items_order_idx; Type: INDEX; Schema: public; Owner: afmuser
--

CREATE INDEX orders_items_order_idx ON public.orders_items USING btree (_order);


--
-- Name: orders_items_parent_id_idx; Type: INDEX; Schema: public; Owner: afmuser
--

CREATE INDEX orders_items_parent_id_idx ON public.orders_items USING btree (_parent_id);


--
-- Name: orders_items_product_idx; Type: INDEX; Schema: public; Owner: afmuser
--

CREATE INDEX orders_items_product_idx ON public.orders_items USING btree (product_id);


--
-- Name: orders_items_variant_idx; Type: INDEX; Schema: public; Owner: afmuser
--

CREATE INDEX orders_items_variant_idx ON public.orders_items USING btree (variant_id);


--
-- Name: orders_rels_order_idx; Type: INDEX; Schema: public; Owner: afmuser
--

CREATE INDEX orders_rels_order_idx ON public.orders_rels USING btree ("order");


--
-- Name: orders_rels_parent_idx; Type: INDEX; Schema: public; Owner: afmuser
--

CREATE INDEX orders_rels_parent_idx ON public.orders_rels USING btree (parent_id);


--
-- Name: orders_rels_path_idx; Type: INDEX; Schema: public; Owner: afmuser
--

CREATE INDEX orders_rels_path_idx ON public.orders_rels USING btree (path);


--
-- Name: orders_rels_transactions_id_idx; Type: INDEX; Schema: public; Owner: afmuser
--

CREATE INDEX orders_rels_transactions_id_idx ON public.orders_rels USING btree (transactions_id);


--
-- Name: orders_updated_at_idx; Type: INDEX; Schema: public; Owner: afmuser
--

CREATE INDEX orders_updated_at_idx ON public.orders USING btree (updated_at);


--
-- Name: organizations_assets_assets_alt_logo_idx; Type: INDEX; Schema: public; Owner: afmuser
--

CREATE INDEX organizations_assets_assets_alt_logo_idx ON public.organizations USING btree (assets_alt_logo_id);


--
-- Name: organizations_assets_assets_logo_idx; Type: INDEX; Schema: public; Owner: afmuser
--

CREATE INDEX organizations_assets_assets_logo_idx ON public.organizations USING btree (assets_logo_id);


--
-- Name: organizations_basics_basics_industry_idx; Type: INDEX; Schema: public; Owner: afmuser
--

CREATE INDEX organizations_basics_basics_industry_idx ON public.organizations USING btree (basics_industry);


--
-- Name: organizations_basics_basics_type_idx; Type: INDEX; Schema: public; Owner: afmuser
--

CREATE INDEX organizations_basics_basics_type_idx ON public.organizations USING btree (basics_type);


--
-- Name: organizations_basics_identifiers_basics_identifiers_code_idx; Type: INDEX; Schema: public; Owner: afmuser
--

CREATE INDEX organizations_basics_identifiers_basics_identifiers_code_idx ON public.organizations USING btree (basics_identifiers_code);


--
-- Name: organizations_created_at_idx; Type: INDEX; Schema: public; Owner: afmuser
--

CREATE INDEX organizations_created_at_idx ON public.organizations USING btree (created_at);


--
-- Name: organizations_details_benefits_list_order_idx; Type: INDEX; Schema: public; Owner: afmuser
--

CREATE INDEX organizations_details_benefits_list_order_idx ON public.organizations_details_benefits_list USING btree (_order);


--
-- Name: organizations_details_benefits_list_parent_id_idx; Type: INDEX; Schema: public; Owner: afmuser
--

CREATE INDEX organizations_details_benefits_list_parent_id_idx ON public.organizations_details_benefits_list USING btree (_parent_id);


--
-- Name: organizations_details_socials_list_order_idx; Type: INDEX; Schema: public; Owner: afmuser
--

CREATE INDEX organizations_details_socials_list_order_idx ON public.organizations_details_socials_list USING btree (_order);


--
-- Name: organizations_details_socials_list_parent_id_idx; Type: INDEX; Schema: public; Owner: afmuser
--

CREATE INDEX organizations_details_socials_list_parent_id_idx ON public.organizations_details_socials_list USING btree (_parent_id);


--
-- Name: organizations_details_socials_list_username_idx; Type: INDEX; Schema: public; Owner: afmuser
--

CREATE INDEX organizations_details_socials_list_username_idx ON public.organizations_details_socials_list USING btree (username);


--
-- Name: organizations_details_websites_list_order_idx; Type: INDEX; Schema: public; Owner: afmuser
--

CREATE INDEX organizations_details_websites_list_order_idx ON public.organizations_details_websites_list USING btree (_order);


--
-- Name: organizations_details_websites_list_parent_id_idx; Type: INDEX; Schema: public; Owner: afmuser
--

CREATE INDEX organizations_details_websites_list_parent_id_idx ON public.organizations_details_websites_list USING btree (_parent_id);


--
-- Name: organizations_details_websites_list_path_idx; Type: INDEX; Schema: public; Owner: afmuser
--

CREATE INDEX organizations_details_websites_list_path_idx ON public.organizations_details_websites_list USING btree (path);


--
-- Name: organizations_locales_locale_parent_id_unique; Type: INDEX; Schema: public; Owner: afmuser
--

CREATE UNIQUE INDEX organizations_locales_locale_parent_id_unique ON public.organizations_locales USING btree (_locale, _parent_id);


--
-- Name: organizations_name_idx; Type: INDEX; Schema: public; Owner: afmuser
--

CREATE INDEX organizations_name_idx ON public.organizations USING btree (name);


--
-- Name: organizations_rels_categories_id_idx; Type: INDEX; Schema: public; Owner: afmuser
--

CREATE INDEX organizations_rels_categories_id_idx ON public.organizations_rels USING btree (categories_id);


--
-- Name: organizations_rels_order_idx; Type: INDEX; Schema: public; Owner: afmuser
--

CREATE INDEX organizations_rels_order_idx ON public.organizations_rels USING btree ("order");


--
-- Name: organizations_rels_parent_idx; Type: INDEX; Schema: public; Owner: afmuser
--

CREATE INDEX organizations_rels_parent_idx ON public.organizations_rels USING btree (parent_id);


--
-- Name: organizations_rels_path_idx; Type: INDEX; Schema: public; Owner: afmuser
--

CREATE INDEX organizations_rels_path_idx ON public.organizations_rels USING btree (path);


--
-- Name: organizations_rels_tags_id_idx; Type: INDEX; Schema: public; Owner: afmuser
--

CREATE INDEX organizations_rels_tags_id_idx ON public.organizations_rels USING btree (tags_id);


--
-- Name: organizations_seo_seo_image_idx; Type: INDEX; Schema: public; Owner: afmuser
--

CREATE INDEX organizations_seo_seo_image_idx ON public.organizations_locales USING btree (seo_image_id, _locale);


--
-- Name: organizations_slug_idx; Type: INDEX; Schema: public; Owner: afmuser
--

CREATE UNIQUE INDEX organizations_slug_idx ON public.organizations USING btree (slug);


--
-- Name: organizations_updated_at_idx; Type: INDEX; Schema: public; Owner: afmuser
--

CREATE INDEX organizations_updated_at_idx ON public.organizations USING btree (updated_at);


--
-- Name: pages_created_at_idx; Type: INDEX; Schema: public; Owner: afmuser
--

CREATE INDEX pages_created_at_idx ON public.pages USING btree (created_at);


--
-- Name: pages_locales_locale_parent_id_unique; Type: INDEX; Schema: public; Owner: afmuser
--

CREATE UNIQUE INDEX pages_locales_locale_parent_id_unique ON public.pages_locales USING btree (_locale, _parent_id);


--
-- Name: pages_rels_categories_id_idx; Type: INDEX; Schema: public; Owner: afmuser
--

CREATE INDEX pages_rels_categories_id_idx ON public.pages_rels USING btree (categories_id);


--
-- Name: pages_rels_order_idx; Type: INDEX; Schema: public; Owner: afmuser
--

CREATE INDEX pages_rels_order_idx ON public.pages_rels USING btree ("order");


--
-- Name: pages_rels_parent_idx; Type: INDEX; Schema: public; Owner: afmuser
--

CREATE INDEX pages_rels_parent_idx ON public.pages_rels USING btree (parent_id);


--
-- Name: pages_rels_path_idx; Type: INDEX; Schema: public; Owner: afmuser
--

CREATE INDEX pages_rels_path_idx ON public.pages_rels USING btree (path);


--
-- Name: pages_rels_tags_id_idx; Type: INDEX; Schema: public; Owner: afmuser
--

CREATE INDEX pages_rels_tags_id_idx ON public.pages_rels USING btree (tags_id);


--
-- Name: pages_seo_seo_image_idx; Type: INDEX; Schema: public; Owner: afmuser
--

CREATE INDEX pages_seo_seo_image_idx ON public.pages_locales USING btree (seo_image_id, _locale);


--
-- Name: pages_slug_idx; Type: INDEX; Schema: public; Owner: afmuser
--

CREATE UNIQUE INDEX pages_slug_idx ON public.pages USING btree (slug);


--
-- Name: pages_updated_at_idx; Type: INDEX; Schema: public; Owner: afmuser
--

CREATE INDEX pages_updated_at_idx ON public.pages USING btree (updated_at);


--
-- Name: payload_kv_key_idx; Type: INDEX; Schema: public; Owner: afmuser
--

CREATE UNIQUE INDEX payload_kv_key_idx ON public.payload_kv USING btree (key);


--
-- Name: payload_locked_documents_created_at_idx; Type: INDEX; Schema: public; Owner: afmuser
--

CREATE INDEX payload_locked_documents_created_at_idx ON public.payload_locked_documents USING btree (created_at);


--
-- Name: payload_locked_documents_global_slug_idx; Type: INDEX; Schema: public; Owner: afmuser
--

CREATE INDEX payload_locked_documents_global_slug_idx ON public.payload_locked_documents USING btree (global_slug);


--
-- Name: payload_locked_documents_rels_addresses_id_idx; Type: INDEX; Schema: public; Owner: afmuser
--

CREATE INDEX payload_locked_documents_rels_addresses_id_idx ON public.payload_locked_documents_rels USING btree (addresses_id);


--
-- Name: payload_locked_documents_rels_awards_id_idx; Type: INDEX; Schema: public; Owner: afmuser
--

CREATE INDEX payload_locked_documents_rels_awards_id_idx ON public.payload_locked_documents_rels USING btree (awards_id);


--
-- Name: payload_locked_documents_rels_cars_id_idx; Type: INDEX; Schema: public; Owner: afmuser
--

CREATE INDEX payload_locked_documents_rels_cars_id_idx ON public.payload_locked_documents_rels USING btree (cars_id);


--
-- Name: payload_locked_documents_rels_carts_id_idx; Type: INDEX; Schema: public; Owner: afmuser
--

CREATE INDEX payload_locked_documents_rels_carts_id_idx ON public.payload_locked_documents_rels USING btree (carts_id);


--
-- Name: payload_locked_documents_rels_categories_id_idx; Type: INDEX; Schema: public; Owner: afmuser
--

CREATE INDEX payload_locked_documents_rels_categories_id_idx ON public.payload_locked_documents_rels USING btree (categories_id);


--
-- Name: payload_locked_documents_rels_celebrations_id_idx; Type: INDEX; Schema: public; Owner: afmuser
--

CREATE INDEX payload_locked_documents_rels_celebrations_id_idx ON public.payload_locked_documents_rels USING btree (celebrations_id);


--
-- Name: payload_locked_documents_rels_championships_id_idx; Type: INDEX; Schema: public; Owner: afmuser
--

CREATE INDEX payload_locked_documents_rels_championships_id_idx ON public.payload_locked_documents_rels USING btree (championships_id);


--
-- Name: payload_locked_documents_rels_circuits_id_idx; Type: INDEX; Schema: public; Owner: afmuser
--

CREATE INDEX payload_locked_documents_rels_circuits_id_idx ON public.payload_locked_documents_rels USING btree (circuits_id);


--
-- Name: payload_locked_documents_rels_countries_id_idx; Type: INDEX; Schema: public; Owner: afmuser
--

CREATE INDEX payload_locked_documents_rels_countries_id_idx ON public.payload_locked_documents_rels USING btree (countries_id);


--
-- Name: payload_locked_documents_rels_designations_id_idx; Type: INDEX; Schema: public; Owner: afmuser
--

CREATE INDEX payload_locked_documents_rels_designations_id_idx ON public.payload_locked_documents_rels USING btree (designations_id);


--
-- Name: payload_locked_documents_rels_drivers_id_idx; Type: INDEX; Schema: public; Owner: afmuser
--

CREATE INDEX payload_locked_documents_rels_drivers_id_idx ON public.payload_locked_documents_rels USING btree (drivers_id);


--
-- Name: payload_locked_documents_rels_entries_id_idx; Type: INDEX; Schema: public; Owner: afmuser
--

CREATE INDEX payload_locked_documents_rels_entries_id_idx ON public.payload_locked_documents_rels USING btree (entries_id);


--
-- Name: payload_locked_documents_rels_events_id_idx; Type: INDEX; Schema: public; Owner: afmuser
--

CREATE INDEX payload_locked_documents_rels_events_id_idx ON public.payload_locked_documents_rels USING btree (events_id);


--
-- Name: payload_locked_documents_rels_form_submissions_id_idx; Type: INDEX; Schema: public; Owner: afmuser
--

CREATE INDEX payload_locked_documents_rels_form_submissions_id_idx ON public.payload_locked_documents_rels USING btree (form_submissions_id);


--
-- Name: payload_locked_documents_rels_forms_id_idx; Type: INDEX; Schema: public; Owner: afmuser
--

CREATE INDEX payload_locked_documents_rels_forms_id_idx ON public.payload_locked_documents_rels USING btree (forms_id);


--
-- Name: payload_locked_documents_rels_garages_id_idx; Type: INDEX; Schema: public; Owner: afmuser
--

CREATE INDEX payload_locked_documents_rels_garages_id_idx ON public.payload_locked_documents_rels USING btree (garages_id);


--
-- Name: payload_locked_documents_rels_helmets_id_idx; Type: INDEX; Schema: public; Owner: afmuser
--

CREATE INDEX payload_locked_documents_rels_helmets_id_idx ON public.payload_locked_documents_rels USING btree (helmets_id);


--
-- Name: payload_locked_documents_rels_hospitalities_id_idx; Type: INDEX; Schema: public; Owner: afmuser
--

CREATE INDEX payload_locked_documents_rels_hospitalities_id_idx ON public.payload_locked_documents_rels USING btree (hospitalities_id);


--
-- Name: payload_locked_documents_rels_incidents_id_idx; Type: INDEX; Schema: public; Owner: afmuser
--

CREATE INDEX payload_locked_documents_rels_incidents_id_idx ON public.payload_locked_documents_rels USING btree (incidents_id);


--
-- Name: payload_locked_documents_rels_individuals_id_idx; Type: INDEX; Schema: public; Owner: afmuser
--

CREATE INDEX payload_locked_documents_rels_individuals_id_idx ON public.payload_locked_documents_rels USING btree (individuals_id);


--
-- Name: payload_locked_documents_rels_initiatives_id_idx; Type: INDEX; Schema: public; Owner: afmuser
--

CREATE INDEX payload_locked_documents_rels_initiatives_id_idx ON public.payload_locked_documents_rels USING btree (initiatives_id);


--
-- Name: payload_locked_documents_rels_interviews_id_idx; Type: INDEX; Schema: public; Owner: afmuser
--

CREATE INDEX payload_locked_documents_rels_interviews_id_idx ON public.payload_locked_documents_rels USING btree (interviews_id);


--
-- Name: payload_locked_documents_rels_leaders_id_idx; Type: INDEX; Schema: public; Owner: afmuser
--

CREATE INDEX payload_locked_documents_rels_leaders_id_idx ON public.payload_locked_documents_rels USING btree (leaders_id);


--
-- Name: payload_locked_documents_rels_media_id_idx; Type: INDEX; Schema: public; Owner: afmuser
--

CREATE INDEX payload_locked_documents_rels_media_id_idx ON public.payload_locked_documents_rels USING btree (media_id);


--
-- Name: payload_locked_documents_rels_meetups_id_idx; Type: INDEX; Schema: public; Owner: afmuser
--

CREATE INDEX payload_locked_documents_rels_meetups_id_idx ON public.payload_locked_documents_rels USING btree (meetups_id);


--
-- Name: payload_locked_documents_rels_members_id_idx; Type: INDEX; Schema: public; Owner: afmuser
--

CREATE INDEX payload_locked_documents_rels_members_id_idx ON public.payload_locked_documents_rels USING btree (members_id);


--
-- Name: payload_locked_documents_rels_onboardings_id_idx; Type: INDEX; Schema: public; Owner: afmuser
--

CREATE INDEX payload_locked_documents_rels_onboardings_id_idx ON public.payload_locked_documents_rels USING btree (onboardings_id);


--
-- Name: payload_locked_documents_rels_order_idx; Type: INDEX; Schema: public; Owner: afmuser
--

CREATE INDEX payload_locked_documents_rels_order_idx ON public.payload_locked_documents_rels USING btree ("order");


--
-- Name: payload_locked_documents_rels_orders_id_idx; Type: INDEX; Schema: public; Owner: afmuser
--

CREATE INDEX payload_locked_documents_rels_orders_id_idx ON public.payload_locked_documents_rels USING btree (orders_id);


--
-- Name: payload_locked_documents_rels_organizations_id_idx; Type: INDEX; Schema: public; Owner: afmuser
--

CREATE INDEX payload_locked_documents_rels_organizations_id_idx ON public.payload_locked_documents_rels USING btree (organizations_id);


--
-- Name: payload_locked_documents_rels_pages_id_idx; Type: INDEX; Schema: public; Owner: afmuser
--

CREATE INDEX payload_locked_documents_rels_pages_id_idx ON public.payload_locked_documents_rels USING btree (pages_id);


--
-- Name: payload_locked_documents_rels_parent_idx; Type: INDEX; Schema: public; Owner: afmuser
--

CREATE INDEX payload_locked_documents_rels_parent_idx ON public.payload_locked_documents_rels USING btree (parent_id);


--
-- Name: payload_locked_documents_rels_path_idx; Type: INDEX; Schema: public; Owner: afmuser
--

CREATE INDEX payload_locked_documents_rels_path_idx ON public.payload_locked_documents_rels USING btree (path);


--
-- Name: payload_locked_documents_rels_payload_mcp_api_keys_id_idx; Type: INDEX; Schema: public; Owner: afmuser
--

CREATE INDEX payload_locked_documents_rels_payload_mcp_api_keys_id_idx ON public.payload_locked_documents_rels USING btree (payload_mcp_api_keys_id);


--
-- Name: payload_locked_documents_rels_plans_id_idx; Type: INDEX; Schema: public; Owner: afmuser
--

CREATE INDEX payload_locked_documents_rels_plans_id_idx ON public.payload_locked_documents_rels USING btree (plans_id);


--
-- Name: payload_locked_documents_rels_points_id_idx; Type: INDEX; Schema: public; Owner: afmuser
--

CREATE INDEX payload_locked_documents_rels_points_id_idx ON public.payload_locked_documents_rels USING btree (points_id);


--
-- Name: payload_locked_documents_rels_policies_id_idx; Type: INDEX; Schema: public; Owner: afmuser
--

CREATE INDEX payload_locked_documents_rels_policies_id_idx ON public.payload_locked_documents_rels USING btree (policies_id);


--
-- Name: payload_locked_documents_rels_products_id_idx; Type: INDEX; Schema: public; Owner: afmuser
--

CREATE INDEX payload_locked_documents_rels_products_id_idx ON public.payload_locked_documents_rels USING btree (products_id);


--
-- Name: payload_locked_documents_rels_programs_id_idx; Type: INDEX; Schema: public; Owner: afmuser
--

CREATE INDEX payload_locked_documents_rels_programs_id_idx ON public.payload_locked_documents_rels USING btree (programs_id);


--
-- Name: payload_locked_documents_rels_races_id_idx; Type: INDEX; Schema: public; Owner: afmuser
--

CREATE INDEX payload_locked_documents_rels_races_id_idx ON public.payload_locked_documents_rels USING btree (races_id);


--
-- Name: payload_locked_documents_rels_regulations_id_idx; Type: INDEX; Schema: public; Owner: afmuser
--

CREATE INDEX payload_locked_documents_rels_regulations_id_idx ON public.payload_locked_documents_rels USING btree (regulations_id);


--
-- Name: payload_locked_documents_rels_results_id_idx; Type: INDEX; Schema: public; Owner: afmuser
--

CREATE INDEX payload_locked_documents_rels_results_id_idx ON public.payload_locked_documents_rels USING btree (results_id);


--
-- Name: payload_locked_documents_rels_search_id_idx; Type: INDEX; Schema: public; Owner: afmuser
--

CREATE INDEX payload_locked_documents_rels_search_id_idx ON public.payload_locked_documents_rels USING btree (search_id);


--
-- Name: payload_locked_documents_rels_seasons_id_idx; Type: INDEX; Schema: public; Owner: afmuser
--

CREATE INDEX payload_locked_documents_rels_seasons_id_idx ON public.payload_locked_documents_rels USING btree (seasons_id);


--
-- Name: payload_locked_documents_rels_series_id_idx; Type: INDEX; Schema: public; Owner: afmuser
--

CREATE INDEX payload_locked_documents_rels_series_id_idx ON public.payload_locked_documents_rels USING btree (series_id);


--
-- Name: payload_locked_documents_rels_sessions_id_idx; Type: INDEX; Schema: public; Owner: afmuser
--

CREATE INDEX payload_locked_documents_rels_sessions_id_idx ON public.payload_locked_documents_rels USING btree (sessions_id);


--
-- Name: payload_locked_documents_rels_skills_id_idx; Type: INDEX; Schema: public; Owner: afmuser
--

CREATE INDEX payload_locked_documents_rels_skills_id_idx ON public.payload_locked_documents_rels USING btree (skills_id);


--
-- Name: payload_locked_documents_rels_slides_id_idx; Type: INDEX; Schema: public; Owner: afmuser
--

CREATE INDEX payload_locked_documents_rels_slides_id_idx ON public.payload_locked_documents_rels USING btree (slides_id);


--
-- Name: payload_locked_documents_rels_statements_id_idx; Type: INDEX; Schema: public; Owner: afmuser
--

CREATE INDEX payload_locked_documents_rels_statements_id_idx ON public.payload_locked_documents_rels USING btree (statements_id);


--
-- Name: payload_locked_documents_rels_statuses_id_idx; Type: INDEX; Schema: public; Owner: afmuser
--

CREATE INDEX payload_locked_documents_rels_statuses_id_idx ON public.payload_locked_documents_rels USING btree (statuses_id);


--
-- Name: payload_locked_documents_rels_suits_id_idx; Type: INDEX; Schema: public; Owner: afmuser
--

CREATE INDEX payload_locked_documents_rels_suits_id_idx ON public.payload_locked_documents_rels USING btree (suits_id);


--
-- Name: payload_locked_documents_rels_tags_id_idx; Type: INDEX; Schema: public; Owner: afmuser
--

CREATE INDEX payload_locked_documents_rels_tags_id_idx ON public.payload_locked_documents_rels USING btree (tags_id);


--
-- Name: payload_locked_documents_rels_teams_id_idx; Type: INDEX; Schema: public; Owner: afmuser
--

CREATE INDEX payload_locked_documents_rels_teams_id_idx ON public.payload_locked_documents_rels USING btree (teams_id);


--
-- Name: payload_locked_documents_rels_timelines_id_idx; Type: INDEX; Schema: public; Owner: afmuser
--

CREATE INDEX payload_locked_documents_rels_timelines_id_idx ON public.payload_locked_documents_rels USING btree (timelines_id);


--
-- Name: payload_locked_documents_rels_trainings_id_idx; Type: INDEX; Schema: public; Owner: afmuser
--

CREATE INDEX payload_locked_documents_rels_trainings_id_idx ON public.payload_locked_documents_rels USING btree (trainings_id);


--
-- Name: payload_locked_documents_rels_transactions_id_idx; Type: INDEX; Schema: public; Owner: afmuser
--

CREATE INDEX payload_locked_documents_rels_transactions_id_idx ON public.payload_locked_documents_rels USING btree (transactions_id);


--
-- Name: payload_locked_documents_rels_users_id_idx; Type: INDEX; Schema: public; Owner: afmuser
--

CREATE INDEX payload_locked_documents_rels_users_id_idx ON public.payload_locked_documents_rels USING btree (users_id);


--
-- Name: payload_locked_documents_rels_vacancies_id_idx; Type: INDEX; Schema: public; Owner: afmuser
--

CREATE INDEX payload_locked_documents_rels_vacancies_id_idx ON public.payload_locked_documents_rels USING btree (vacancies_id);


--
-- Name: payload_locked_documents_rels_variant_options_id_idx; Type: INDEX; Schema: public; Owner: afmuser
--

CREATE INDEX payload_locked_documents_rels_variant_options_id_idx ON public.payload_locked_documents_rels USING btree (variant_options_id);


--
-- Name: payload_locked_documents_rels_variant_types_id_idx; Type: INDEX; Schema: public; Owner: afmuser
--

CREATE INDEX payload_locked_documents_rels_variant_types_id_idx ON public.payload_locked_documents_rels USING btree (variant_types_id);


--
-- Name: payload_locked_documents_rels_variants_id_idx; Type: INDEX; Schema: public; Owner: afmuser
--

CREATE INDEX payload_locked_documents_rels_variants_id_idx ON public.payload_locked_documents_rels USING btree (variants_id);


--
-- Name: payload_locked_documents_updated_at_idx; Type: INDEX; Schema: public; Owner: afmuser
--

CREATE INDEX payload_locked_documents_updated_at_idx ON public.payload_locked_documents USING btree (updated_at);


--
-- Name: payload_mcp_api_keys_created_at_idx; Type: INDEX; Schema: public; Owner: afmuser
--

CREATE INDEX payload_mcp_api_keys_created_at_idx ON public.payload_mcp_api_keys USING btree (created_at);


--
-- Name: payload_mcp_api_keys_updated_at_idx; Type: INDEX; Schema: public; Owner: afmuser
--

CREATE INDEX payload_mcp_api_keys_updated_at_idx ON public.payload_mcp_api_keys USING btree (updated_at);


--
-- Name: payload_mcp_api_keys_user_idx; Type: INDEX; Schema: public; Owner: afmuser
--

CREATE INDEX payload_mcp_api_keys_user_idx ON public.payload_mcp_api_keys USING btree (user_id);


--
-- Name: payload_migrations_created_at_idx; Type: INDEX; Schema: public; Owner: afmuser
--

CREATE INDEX payload_migrations_created_at_idx ON public.payload_migrations USING btree (created_at);


--
-- Name: payload_migrations_updated_at_idx; Type: INDEX; Schema: public; Owner: afmuser
--

CREATE INDEX payload_migrations_updated_at_idx ON public.payload_migrations USING btree (updated_at);


--
-- Name: payload_preferences_created_at_idx; Type: INDEX; Schema: public; Owner: afmuser
--

CREATE INDEX payload_preferences_created_at_idx ON public.payload_preferences USING btree (created_at);


--
-- Name: payload_preferences_key_idx; Type: INDEX; Schema: public; Owner: afmuser
--

CREATE INDEX payload_preferences_key_idx ON public.payload_preferences USING btree (key);


--
-- Name: payload_preferences_rels_order_idx; Type: INDEX; Schema: public; Owner: afmuser
--

CREATE INDEX payload_preferences_rels_order_idx ON public.payload_preferences_rels USING btree ("order");


--
-- Name: payload_preferences_rels_parent_idx; Type: INDEX; Schema: public; Owner: afmuser
--

CREATE INDEX payload_preferences_rels_parent_idx ON public.payload_preferences_rels USING btree (parent_id);


--
-- Name: payload_preferences_rels_path_idx; Type: INDEX; Schema: public; Owner: afmuser
--

CREATE INDEX payload_preferences_rels_path_idx ON public.payload_preferences_rels USING btree (path);


--
-- Name: payload_preferences_rels_payload_mcp_api_keys_id_idx; Type: INDEX; Schema: public; Owner: afmuser
--

CREATE INDEX payload_preferences_rels_payload_mcp_api_keys_id_idx ON public.payload_preferences_rels USING btree (payload_mcp_api_keys_id);


--
-- Name: payload_preferences_rels_users_id_idx; Type: INDEX; Schema: public; Owner: afmuser
--

CREATE INDEX payload_preferences_rels_users_id_idx ON public.payload_preferences_rels USING btree (users_id);


--
-- Name: payload_preferences_updated_at_idx; Type: INDEX; Schema: public; Owner: afmuser
--

CREATE INDEX payload_preferences_updated_at_idx ON public.payload_preferences USING btree (updated_at);


--
-- Name: plans_assets_assets_cover_idx; Type: INDEX; Schema: public; Owner: afmuser
--

CREATE INDEX plans_assets_assets_cover_idx ON public.plans USING btree (assets_cover_id);


--
-- Name: plans_assets_assets_thumbnail_idx; Type: INDEX; Schema: public; Owner: afmuser
--

CREATE INDEX plans_assets_assets_thumbnail_idx ON public.plans USING btree (assets_thumbnail_id);


--
-- Name: plans_basics_identifiers_basics_identifiers_code_idx; Type: INDEX; Schema: public; Owner: afmuser
--

CREATE INDEX plans_basics_identifiers_basics_identifiers_code_idx ON public.plans USING btree (basics_identifiers_code);


--
-- Name: plans_created_at_idx; Type: INDEX; Schema: public; Owner: afmuser
--

CREATE INDEX plans_created_at_idx ON public.plans USING btree (created_at);


--
-- Name: plans_details_details_assigned_to_idx; Type: INDEX; Schema: public; Owner: afmuser
--

CREATE INDEX plans_details_details_assigned_to_idx ON public.plans USING btree (details_assigned_to_id);


--
-- Name: plans_details_details_status_idx; Type: INDEX; Schema: public; Owner: afmuser
--

CREATE INDEX plans_details_details_status_idx ON public.plans USING btree (details_status);


--
-- Name: plans_locales_locale_parent_id_unique; Type: INDEX; Schema: public; Owner: afmuser
--

CREATE UNIQUE INDEX plans_locales_locale_parent_id_unique ON public.plans_locales USING btree (_locale, _parent_id);


--
-- Name: plans_name_idx; Type: INDEX; Schema: public; Owner: afmuser
--

CREATE INDEX plans_name_idx ON public.plans USING btree (name);


--
-- Name: plans_rels_categories_id_idx; Type: INDEX; Schema: public; Owner: afmuser
--

CREATE INDEX plans_rels_categories_id_idx ON public.plans_rels USING btree (categories_id);


--
-- Name: plans_rels_media_id_idx; Type: INDEX; Schema: public; Owner: afmuser
--

CREATE INDEX plans_rels_media_id_idx ON public.plans_rels USING btree (media_id);


--
-- Name: plans_rels_order_idx; Type: INDEX; Schema: public; Owner: afmuser
--

CREATE INDEX plans_rels_order_idx ON public.plans_rels USING btree ("order");


--
-- Name: plans_rels_parent_idx; Type: INDEX; Schema: public; Owner: afmuser
--

CREATE INDEX plans_rels_parent_idx ON public.plans_rels USING btree (parent_id);


--
-- Name: plans_rels_path_idx; Type: INDEX; Schema: public; Owner: afmuser
--

CREATE INDEX plans_rels_path_idx ON public.plans_rels USING btree (path);


--
-- Name: plans_rels_plans_id_idx; Type: INDEX; Schema: public; Owner: afmuser
--

CREATE INDEX plans_rels_plans_id_idx ON public.plans_rels USING btree (plans_id);


--
-- Name: plans_rels_tags_id_idx; Type: INDEX; Schema: public; Owner: afmuser
--

CREATE INDEX plans_rels_tags_id_idx ON public.plans_rels USING btree (tags_id);


--
-- Name: plans_seo_seo_image_idx; Type: INDEX; Schema: public; Owner: afmuser
--

CREATE INDEX plans_seo_seo_image_idx ON public.plans_locales USING btree (seo_image_id, _locale);


--
-- Name: plans_slug_idx; Type: INDEX; Schema: public; Owner: afmuser
--

CREATE UNIQUE INDEX plans_slug_idx ON public.plans USING btree (slug);


--
-- Name: plans_traits_deliverables_list_order_idx; Type: INDEX; Schema: public; Owner: afmuser
--

CREATE INDEX plans_traits_deliverables_list_order_idx ON public.plans_traits_deliverables_list USING btree (_order);


--
-- Name: plans_traits_deliverables_list_parent_id_idx; Type: INDEX; Schema: public; Owner: afmuser
--

CREATE INDEX plans_traits_deliverables_list_parent_id_idx ON public.plans_traits_deliverables_list USING btree (_parent_id);


--
-- Name: plans_traits_kpis_list_order_idx; Type: INDEX; Schema: public; Owner: afmuser
--

CREATE INDEX plans_traits_kpis_list_order_idx ON public.plans_traits_kpis_list USING btree (_order);


--
-- Name: plans_traits_kpis_list_parent_id_idx; Type: INDEX; Schema: public; Owner: afmuser
--

CREATE INDEX plans_traits_kpis_list_parent_id_idx ON public.plans_traits_kpis_list USING btree (_parent_id);


--
-- Name: plans_traits_milestones_list_order_idx; Type: INDEX; Schema: public; Owner: afmuser
--

CREATE INDEX plans_traits_milestones_list_order_idx ON public.plans_traits_milestones_list USING btree (_order);


--
-- Name: plans_traits_milestones_list_parent_id_idx; Type: INDEX; Schema: public; Owner: afmuser
--

CREATE INDEX plans_traits_milestones_list_parent_id_idx ON public.plans_traits_milestones_list USING btree (_parent_id);


--
-- Name: plans_traits_risks_list_order_idx; Type: INDEX; Schema: public; Owner: afmuser
--

CREATE INDEX plans_traits_risks_list_order_idx ON public.plans_traits_risks_list USING btree (_order);


--
-- Name: plans_traits_risks_list_parent_id_idx; Type: INDEX; Schema: public; Owner: afmuser
--

CREATE INDEX plans_traits_risks_list_parent_id_idx ON public.plans_traits_risks_list USING btree (_parent_id);


--
-- Name: plans_updated_at_idx; Type: INDEX; Schema: public; Owner: afmuser
--

CREATE INDEX plans_updated_at_idx ON public.plans USING btree (updated_at);


--
-- Name: points_created_at_idx; Type: INDEX; Schema: public; Owner: afmuser
--

CREATE INDEX points_created_at_idx ON public.points USING btree (created_at);


--
-- Name: points_details_details_scale_idx; Type: INDEX; Schema: public; Owner: afmuser
--

CREATE INDEX points_details_details_scale_idx ON public.points USING btree (details_scale);


--
-- Name: points_details_details_value_idx; Type: INDEX; Schema: public; Owner: afmuser
--

CREATE INDEX points_details_details_value_idx ON public.points USING btree (details_value);


--
-- Name: points_locales_locale_parent_id_unique; Type: INDEX; Schema: public; Owner: afmuser
--

CREATE UNIQUE INDEX points_locales_locale_parent_id_unique ON public.points_locales USING btree (_locale, _parent_id);


--
-- Name: points_name_idx; Type: INDEX; Schema: public; Owner: afmuser
--

CREATE INDEX points_name_idx ON public.points USING btree (name);


--
-- Name: points_rels_categories_id_idx; Type: INDEX; Schema: public; Owner: afmuser
--

CREATE INDEX points_rels_categories_id_idx ON public.points_rels USING btree (categories_id);


--
-- Name: points_rels_order_idx; Type: INDEX; Schema: public; Owner: afmuser
--

CREATE INDEX points_rels_order_idx ON public.points_rels USING btree ("order");


--
-- Name: points_rels_parent_idx; Type: INDEX; Schema: public; Owner: afmuser
--

CREATE INDEX points_rels_parent_idx ON public.points_rels USING btree (parent_id);


--
-- Name: points_rels_path_idx; Type: INDEX; Schema: public; Owner: afmuser
--

CREATE INDEX points_rels_path_idx ON public.points_rels USING btree (path);


--
-- Name: points_rels_tags_id_idx; Type: INDEX; Schema: public; Owner: afmuser
--

CREATE INDEX points_rels_tags_id_idx ON public.points_rels USING btree (tags_id);


--
-- Name: points_seo_seo_image_idx; Type: INDEX; Schema: public; Owner: afmuser
--

CREATE INDEX points_seo_seo_image_idx ON public.points_locales USING btree (seo_image_id, _locale);


--
-- Name: points_slug_idx; Type: INDEX; Schema: public; Owner: afmuser
--

CREATE UNIQUE INDEX points_slug_idx ON public.points USING btree (slug);


--
-- Name: points_updated_at_idx; Type: INDEX; Schema: public; Owner: afmuser
--

CREATE INDEX points_updated_at_idx ON public.points USING btree (updated_at);


--
-- Name: policies_basics_basics_document_idx; Type: INDEX; Schema: public; Owner: afmuser
--

CREATE INDEX policies_basics_basics_document_idx ON public.policies USING btree (basics_document_id);


--
-- Name: policies_created_at_idx; Type: INDEX; Schema: public; Owner: afmuser
--

CREATE INDEX policies_created_at_idx ON public.policies USING btree (created_at);


--
-- Name: policies_locales_locale_parent_id_unique; Type: INDEX; Schema: public; Owner: afmuser
--

CREATE UNIQUE INDEX policies_locales_locale_parent_id_unique ON public.policies_locales USING btree (_locale, _parent_id);


--
-- Name: policies_name_idx; Type: INDEX; Schema: public; Owner: afmuser
--

CREATE INDEX policies_name_idx ON public.policies USING btree (name);


--
-- Name: policies_rels_categories_id_idx; Type: INDEX; Schema: public; Owner: afmuser
--

CREATE INDEX policies_rels_categories_id_idx ON public.policies_rels USING btree (categories_id);


--
-- Name: policies_rels_order_idx; Type: INDEX; Schema: public; Owner: afmuser
--

CREATE INDEX policies_rels_order_idx ON public.policies_rels USING btree ("order");


--
-- Name: policies_rels_parent_idx; Type: INDEX; Schema: public; Owner: afmuser
--

CREATE INDEX policies_rels_parent_idx ON public.policies_rels USING btree (parent_id);


--
-- Name: policies_rels_path_idx; Type: INDEX; Schema: public; Owner: afmuser
--

CREATE INDEX policies_rels_path_idx ON public.policies_rels USING btree (path);


--
-- Name: policies_rels_tags_id_idx; Type: INDEX; Schema: public; Owner: afmuser
--

CREATE INDEX policies_rels_tags_id_idx ON public.policies_rels USING btree (tags_id);


--
-- Name: policies_seo_seo_image_idx; Type: INDEX; Schema: public; Owner: afmuser
--

CREATE INDEX policies_seo_seo_image_idx ON public.policies_locales USING btree (seo_image_id, _locale);


--
-- Name: policies_slug_idx; Type: INDEX; Schema: public; Owner: afmuser
--

CREATE UNIQUE INDEX policies_slug_idx ON public.policies USING btree (slug);


--
-- Name: policies_updated_at_idx; Type: INDEX; Schema: public; Owner: afmuser
--

CREATE INDEX policies_updated_at_idx ON public.policies USING btree (updated_at);


--
-- Name: products__status_idx; Type: INDEX; Schema: public; Owner: afmuser
--

CREATE INDEX products__status_idx ON public.products USING btree (_status);


--
-- Name: products_blocks_content_columns_order_idx; Type: INDEX; Schema: public; Owner: afmuser
--

CREATE INDEX products_blocks_content_columns_order_idx ON public.products_blocks_content_columns USING btree (_order);


--
-- Name: products_blocks_content_columns_parent_id_idx; Type: INDEX; Schema: public; Owner: afmuser
--

CREATE INDEX products_blocks_content_columns_parent_id_idx ON public.products_blocks_content_columns USING btree (_parent_id);


--
-- Name: products_blocks_content_order_idx; Type: INDEX; Schema: public; Owner: afmuser
--

CREATE INDEX products_blocks_content_order_idx ON public.products_blocks_content USING btree (_order);


--
-- Name: products_blocks_content_parent_id_idx; Type: INDEX; Schema: public; Owner: afmuser
--

CREATE INDEX products_blocks_content_parent_id_idx ON public.products_blocks_content USING btree (_parent_id);


--
-- Name: products_blocks_content_path_idx; Type: INDEX; Schema: public; Owner: afmuser
--

CREATE INDEX products_blocks_content_path_idx ON public.products_blocks_content USING btree (_path);


--
-- Name: products_blocks_cta_links_order_idx; Type: INDEX; Schema: public; Owner: afmuser
--

CREATE INDEX products_blocks_cta_links_order_idx ON public.products_blocks_cta_links USING btree (_order);


--
-- Name: products_blocks_cta_links_parent_id_idx; Type: INDEX; Schema: public; Owner: afmuser
--

CREATE INDEX products_blocks_cta_links_parent_id_idx ON public.products_blocks_cta_links USING btree (_parent_id);


--
-- Name: products_blocks_cta_order_idx; Type: INDEX; Schema: public; Owner: afmuser
--

CREATE INDEX products_blocks_cta_order_idx ON public.products_blocks_cta USING btree (_order);


--
-- Name: products_blocks_cta_parent_id_idx; Type: INDEX; Schema: public; Owner: afmuser
--

CREATE INDEX products_blocks_cta_parent_id_idx ON public.products_blocks_cta USING btree (_parent_id);


--
-- Name: products_blocks_cta_path_idx; Type: INDEX; Schema: public; Owner: afmuser
--

CREATE INDEX products_blocks_cta_path_idx ON public.products_blocks_cta USING btree (_path);


--
-- Name: products_blocks_media_block_media_idx; Type: INDEX; Schema: public; Owner: afmuser
--

CREATE INDEX products_blocks_media_block_media_idx ON public.products_blocks_media_block USING btree (media_id);


--
-- Name: products_blocks_media_block_order_idx; Type: INDEX; Schema: public; Owner: afmuser
--

CREATE INDEX products_blocks_media_block_order_idx ON public.products_blocks_media_block USING btree (_order);


--
-- Name: products_blocks_media_block_parent_id_idx; Type: INDEX; Schema: public; Owner: afmuser
--

CREATE INDEX products_blocks_media_block_parent_id_idx ON public.products_blocks_media_block USING btree (_parent_id);


--
-- Name: products_blocks_media_block_path_idx; Type: INDEX; Schema: public; Owner: afmuser
--

CREATE INDEX products_blocks_media_block_path_idx ON public.products_blocks_media_block USING btree (_path);


--
-- Name: products_created_at_idx; Type: INDEX; Schema: public; Owner: afmuser
--

CREATE INDEX products_created_at_idx ON public.products USING btree (created_at);


--
-- Name: products_deleted_at_idx; Type: INDEX; Schema: public; Owner: afmuser
--

CREATE INDEX products_deleted_at_idx ON public.products USING btree (deleted_at);


--
-- Name: products_gallery_image_idx; Type: INDEX; Schema: public; Owner: afmuser
--

CREATE INDEX products_gallery_image_idx ON public.products_gallery USING btree (image_id);


--
-- Name: products_gallery_order_idx; Type: INDEX; Schema: public; Owner: afmuser
--

CREATE INDEX products_gallery_order_idx ON public.products_gallery USING btree (_order);


--
-- Name: products_gallery_parent_id_idx; Type: INDEX; Schema: public; Owner: afmuser
--

CREATE INDEX products_gallery_parent_id_idx ON public.products_gallery USING btree (_parent_id);


--
-- Name: products_gallery_variant_option_idx; Type: INDEX; Schema: public; Owner: afmuser
--

CREATE INDEX products_gallery_variant_option_idx ON public.products_gallery USING btree (variant_option_id);


--
-- Name: products_locales_locale_parent_id_unique; Type: INDEX; Schema: public; Owner: afmuser
--

CREATE UNIQUE INDEX products_locales_locale_parent_id_unique ON public.products_locales USING btree (_locale, _parent_id);


--
-- Name: products_meta_meta_image_idx; Type: INDEX; Schema: public; Owner: afmuser
--

CREATE INDEX products_meta_meta_image_idx ON public.products_locales USING btree (meta_image_id, _locale);


--
-- Name: products_rels_categories_id_idx; Type: INDEX; Schema: public; Owner: afmuser
--

CREATE INDEX products_rels_categories_id_idx ON public.products_rels USING btree (categories_id);


--
-- Name: products_rels_order_idx; Type: INDEX; Schema: public; Owner: afmuser
--

CREATE INDEX products_rels_order_idx ON public.products_rels USING btree ("order");


--
-- Name: products_rels_pages_id_idx; Type: INDEX; Schema: public; Owner: afmuser
--

CREATE INDEX products_rels_pages_id_idx ON public.products_rels USING btree (pages_id);


--
-- Name: products_rels_parent_idx; Type: INDEX; Schema: public; Owner: afmuser
--

CREATE INDEX products_rels_parent_idx ON public.products_rels USING btree (parent_id);


--
-- Name: products_rels_path_idx; Type: INDEX; Schema: public; Owner: afmuser
--

CREATE INDEX products_rels_path_idx ON public.products_rels USING btree (path);


--
-- Name: products_rels_products_id_idx; Type: INDEX; Schema: public; Owner: afmuser
--

CREATE INDEX products_rels_products_id_idx ON public.products_rels USING btree (products_id);


--
-- Name: products_rels_variant_types_id_idx; Type: INDEX; Schema: public; Owner: afmuser
--

CREATE INDEX products_rels_variant_types_id_idx ON public.products_rels USING btree (variant_types_id);


--
-- Name: products_slug_idx; Type: INDEX; Schema: public; Owner: afmuser
--

CREATE UNIQUE INDEX products_slug_idx ON public.products USING btree (slug);


--
-- Name: products_updated_at_idx; Type: INDEX; Schema: public; Owner: afmuser
--

CREATE INDEX products_updated_at_idx ON public.products USING btree (updated_at);


--
-- Name: programs_assets_assets_cover_idx; Type: INDEX; Schema: public; Owner: afmuser
--

CREATE INDEX programs_assets_assets_cover_idx ON public.programs USING btree (assets_cover_id);


--
-- Name: programs_assets_assets_thumbnail_idx; Type: INDEX; Schema: public; Owner: afmuser
--

CREATE INDEX programs_assets_assets_thumbnail_idx ON public.programs USING btree (assets_thumbnail_id);


--
-- Name: programs_basics_identifiers_basics_identifiers_code_idx; Type: INDEX; Schema: public; Owner: afmuser
--

CREATE INDEX programs_basics_identifiers_basics_identifiers_code_idx ON public.programs USING btree (basics_identifiers_code);


--
-- Name: programs_created_at_idx; Type: INDEX; Schema: public; Owner: afmuser
--

CREATE INDEX programs_created_at_idx ON public.programs USING btree (created_at);


--
-- Name: programs_details_details_status_idx; Type: INDEX; Schema: public; Owner: afmuser
--

CREATE INDEX programs_details_details_status_idx ON public.programs USING btree (details_status);


--
-- Name: programs_locales_locale_parent_id_unique; Type: INDEX; Schema: public; Owner: afmuser
--

CREATE UNIQUE INDEX programs_locales_locale_parent_id_unique ON public.programs_locales USING btree (_locale, _parent_id);


--
-- Name: programs_name_idx; Type: INDEX; Schema: public; Owner: afmuser
--

CREATE INDEX programs_name_idx ON public.programs USING btree (name);


--
-- Name: programs_rels_categories_id_idx; Type: INDEX; Schema: public; Owner: afmuser
--

CREATE INDEX programs_rels_categories_id_idx ON public.programs_rels USING btree (categories_id);


--
-- Name: programs_rels_drivers_id_idx; Type: INDEX; Schema: public; Owner: afmuser
--

CREATE INDEX programs_rels_drivers_id_idx ON public.programs_rels USING btree (drivers_id);


--
-- Name: programs_rels_leaders_id_idx; Type: INDEX; Schema: public; Owner: afmuser
--

CREATE INDEX programs_rels_leaders_id_idx ON public.programs_rels USING btree (leaders_id);


--
-- Name: programs_rels_media_id_idx; Type: INDEX; Schema: public; Owner: afmuser
--

CREATE INDEX programs_rels_media_id_idx ON public.programs_rels USING btree (media_id);


--
-- Name: programs_rels_order_idx; Type: INDEX; Schema: public; Owner: afmuser
--

CREATE INDEX programs_rels_order_idx ON public.programs_rels USING btree ("order");


--
-- Name: programs_rels_organizations_id_idx; Type: INDEX; Schema: public; Owner: afmuser
--

CREATE INDEX programs_rels_organizations_id_idx ON public.programs_rels USING btree (organizations_id);


--
-- Name: programs_rels_parent_idx; Type: INDEX; Schema: public; Owner: afmuser
--

CREATE INDEX programs_rels_parent_idx ON public.programs_rels USING btree (parent_id);


--
-- Name: programs_rels_path_idx; Type: INDEX; Schema: public; Owner: afmuser
--

CREATE INDEX programs_rels_path_idx ON public.programs_rels USING btree (path);


--
-- Name: programs_rels_tags_id_idx; Type: INDEX; Schema: public; Owner: afmuser
--

CREATE INDEX programs_rels_tags_id_idx ON public.programs_rels USING btree (tags_id);


--
-- Name: programs_seo_seo_image_idx; Type: INDEX; Schema: public; Owner: afmuser
--

CREATE INDEX programs_seo_seo_image_idx ON public.programs_locales USING btree (seo_image_id, _locale);


--
-- Name: programs_slug_idx; Type: INDEX; Schema: public; Owner: afmuser
--

CREATE UNIQUE INDEX programs_slug_idx ON public.programs USING btree (slug);


--
-- Name: programs_traits_curriculum_list_order_idx; Type: INDEX; Schema: public; Owner: afmuser
--

CREATE INDEX programs_traits_curriculum_list_order_idx ON public.programs_traits_curriculum_list USING btree (_order);


--
-- Name: programs_traits_curriculum_list_parent_id_idx; Type: INDEX; Schema: public; Owner: afmuser
--

CREATE INDEX programs_traits_curriculum_list_parent_id_idx ON public.programs_traits_curriculum_list USING btree (_parent_id);


--
-- Name: programs_traits_eligibility_list_order_idx; Type: INDEX; Schema: public; Owner: afmuser
--

CREATE INDEX programs_traits_eligibility_list_order_idx ON public.programs_traits_eligibility_list USING btree (_order);


--
-- Name: programs_traits_eligibility_list_parent_id_idx; Type: INDEX; Schema: public; Owner: afmuser
--

CREATE INDEX programs_traits_eligibility_list_parent_id_idx ON public.programs_traits_eligibility_list USING btree (_parent_id);


--
-- Name: programs_updated_at_idx; Type: INDEX; Schema: public; Owner: afmuser
--

CREATE INDEX programs_updated_at_idx ON public.programs USING btree (updated_at);


--
-- Name: questions_categories_items_locales_locale_parent_id_unique; Type: INDEX; Schema: public; Owner: afmuser
--

CREATE UNIQUE INDEX questions_categories_items_locales_locale_parent_id_unique ON public.questions_categories_items_locales USING btree (_locale, _parent_id);


--
-- Name: questions_categories_items_order_idx; Type: INDEX; Schema: public; Owner: afmuser
--

CREATE INDEX questions_categories_items_order_idx ON public.questions_categories_items USING btree (_order);


--
-- Name: questions_categories_items_parent_id_idx; Type: INDEX; Schema: public; Owner: afmuser
--

CREATE INDEX questions_categories_items_parent_id_idx ON public.questions_categories_items USING btree (_parent_id);


--
-- Name: questions_categories_locales_locale_parent_id_unique; Type: INDEX; Schema: public; Owner: afmuser
--

CREATE UNIQUE INDEX questions_categories_locales_locale_parent_id_unique ON public.questions_categories_locales USING btree (_locale, _parent_id);


--
-- Name: questions_categories_order_idx; Type: INDEX; Schema: public; Owner: afmuser
--

CREATE INDEX questions_categories_order_idx ON public.questions_categories USING btree (_order);


--
-- Name: questions_categories_parent_id_idx; Type: INDEX; Schema: public; Owner: afmuser
--

CREATE INDEX questions_categories_parent_id_idx ON public.questions_categories USING btree (_parent_id);


--
-- Name: races_assets_assets_cover_idx; Type: INDEX; Schema: public; Owner: afmuser
--

CREATE INDEX races_assets_assets_cover_idx ON public.races USING btree (assets_cover_id);


--
-- Name: races_assets_assets_poster_idx; Type: INDEX; Schema: public; Owner: afmuser
--

CREATE INDEX races_assets_assets_poster_idx ON public.races USING btree (assets_poster_id);


--
-- Name: races_assets_assets_thumbnail_idx; Type: INDEX; Schema: public; Owner: afmuser
--

CREATE INDEX races_assets_assets_thumbnail_idx ON public.races USING btree (assets_thumbnail_id);


--
-- Name: races_assets_assets_video_idx; Type: INDEX; Schema: public; Owner: afmuser
--

CREATE INDEX races_assets_assets_video_idx ON public.races USING btree (assets_video_id);


--
-- Name: races_basics_identifiers_basics_identifiers_code_idx; Type: INDEX; Schema: public; Owner: afmuser
--

CREATE INDEX races_basics_identifiers_basics_identifiers_code_idx ON public.races USING btree (basics_identifiers_code);


--
-- Name: races_created_at_idx; Type: INDEX; Schema: public; Owner: afmuser
--

CREATE INDEX races_created_at_idx ON public.races USING btree (created_at);


--
-- Name: races_details_details_circuit_idx; Type: INDEX; Schema: public; Owner: afmuser
--

CREATE INDEX races_details_details_circuit_idx ON public.races USING btree (details_circuit_id);


--
-- Name: races_details_details_event_idx; Type: INDEX; Schema: public; Owner: afmuser
--

CREATE INDEX races_details_details_event_idx ON public.races USING btree (details_event_id);


--
-- Name: races_details_details_fastest_lap_idx; Type: INDEX; Schema: public; Owner: afmuser
--

CREATE INDEX races_details_details_fastest_lap_idx ON public.races USING btree (details_fastest_lap_id);


--
-- Name: races_details_details_pole_position_idx; Type: INDEX; Schema: public; Owner: afmuser
--

CREATE INDEX races_details_details_pole_position_idx ON public.races USING btree (details_pole_position_id);


--
-- Name: races_details_details_season_idx; Type: INDEX; Schema: public; Owner: afmuser
--

CREATE INDEX races_details_details_season_idx ON public.races USING btree (details_season_id);


--
-- Name: races_details_details_series_idx; Type: INDEX; Schema: public; Owner: afmuser
--

CREATE INDEX races_details_details_series_idx ON public.races USING btree (details_series_id);


--
-- Name: races_details_details_start_date_idx; Type: INDEX; Schema: public; Owner: afmuser
--

CREATE INDEX races_details_details_start_date_idx ON public.races USING btree (details_start_date);


--
-- Name: races_details_details_status_idx; Type: INDEX; Schema: public; Owner: afmuser
--

CREATE INDEX races_details_details_status_idx ON public.races USING btree (details_status);


--
-- Name: races_details_details_type_idx; Type: INDEX; Schema: public; Owner: afmuser
--

CREATE INDEX races_details_details_type_idx ON public.races USING btree (details_type);


--
-- Name: races_details_details_winner_idx; Type: INDEX; Schema: public; Owner: afmuser
--

CREATE INDEX races_details_details_winner_idx ON public.races USING btree (details_winner_id);


--
-- Name: races_locales_locale_parent_id_unique; Type: INDEX; Schema: public; Owner: afmuser
--

CREATE UNIQUE INDEX races_locales_locale_parent_id_unique ON public.races_locales USING btree (_locale, _parent_id);


--
-- Name: races_name_idx; Type: INDEX; Schema: public; Owner: afmuser
--

CREATE INDEX races_name_idx ON public.races USING btree (name);


--
-- Name: races_rels_categories_id_idx; Type: INDEX; Schema: public; Owner: afmuser
--

CREATE INDEX races_rels_categories_id_idx ON public.races_rels USING btree (categories_id);


--
-- Name: races_rels_media_id_idx; Type: INDEX; Schema: public; Owner: afmuser
--

CREATE INDEX races_rels_media_id_idx ON public.races_rels USING btree (media_id);


--
-- Name: races_rels_order_idx; Type: INDEX; Schema: public; Owner: afmuser
--

CREATE INDEX races_rels_order_idx ON public.races_rels USING btree ("order");


--
-- Name: races_rels_parent_idx; Type: INDEX; Schema: public; Owner: afmuser
--

CREATE INDEX races_rels_parent_idx ON public.races_rels USING btree (parent_id);


--
-- Name: races_rels_path_idx; Type: INDEX; Schema: public; Owner: afmuser
--

CREATE INDEX races_rels_path_idx ON public.races_rels USING btree (path);


--
-- Name: races_rels_tags_id_idx; Type: INDEX; Schema: public; Owner: afmuser
--

CREATE INDEX races_rels_tags_id_idx ON public.races_rels USING btree (tags_id);


--
-- Name: races_seo_seo_image_idx; Type: INDEX; Schema: public; Owner: afmuser
--

CREATE INDEX races_seo_seo_image_idx ON public.races_locales USING btree (seo_image_id, _locale);


--
-- Name: races_slug_idx; Type: INDEX; Schema: public; Owner: afmuser
--

CREATE UNIQUE INDEX races_slug_idx ON public.races USING btree (slug);


--
-- Name: races_updated_at_idx; Type: INDEX; Schema: public; Owner: afmuser
--

CREATE INDEX races_updated_at_idx ON public.races USING btree (updated_at);


--
-- Name: regulations_basics_basics_code_idx; Type: INDEX; Schema: public; Owner: afmuser
--

CREATE INDEX regulations_basics_basics_code_idx ON public.regulations USING btree (basics_code);


--
-- Name: regulations_basics_basics_document_idx; Type: INDEX; Schema: public; Owner: afmuser
--

CREATE INDEX regulations_basics_basics_document_idx ON public.regulations USING btree (basics_document_id);


--
-- Name: regulations_basics_basics_enforcement_idx; Type: INDEX; Schema: public; Owner: afmuser
--

CREATE INDEX regulations_basics_basics_enforcement_idx ON public.regulations USING btree (basics_enforcement);


--
-- Name: regulations_basics_basics_status_idx; Type: INDEX; Schema: public; Owner: afmuser
--

CREATE INDEX regulations_basics_basics_status_idx ON public.regulations USING btree (basics_status);


--
-- Name: regulations_basics_basics_type_idx; Type: INDEX; Schema: public; Owner: afmuser
--

CREATE INDEX regulations_basics_basics_type_idx ON public.regulations USING btree (basics_type);


--
-- Name: regulations_created_at_idx; Type: INDEX; Schema: public; Owner: afmuser
--

CREATE INDEX regulations_created_at_idx ON public.regulations USING btree (created_at);


--
-- Name: regulations_locales_locale_parent_id_unique; Type: INDEX; Schema: public; Owner: afmuser
--

CREATE UNIQUE INDEX regulations_locales_locale_parent_id_unique ON public.regulations_locales USING btree (_locale, _parent_id);


--
-- Name: regulations_name_idx; Type: INDEX; Schema: public; Owner: afmuser
--

CREATE INDEX regulations_name_idx ON public.regulations USING btree (name);


--
-- Name: regulations_rels_categories_id_idx; Type: INDEX; Schema: public; Owner: afmuser
--

CREATE INDEX regulations_rels_categories_id_idx ON public.regulations_rels USING btree (categories_id);


--
-- Name: regulations_rels_order_idx; Type: INDEX; Schema: public; Owner: afmuser
--

CREATE INDEX regulations_rels_order_idx ON public.regulations_rels USING btree ("order");


--
-- Name: regulations_rels_parent_idx; Type: INDEX; Schema: public; Owner: afmuser
--

CREATE INDEX regulations_rels_parent_idx ON public.regulations_rels USING btree (parent_id);


--
-- Name: regulations_rels_path_idx; Type: INDEX; Schema: public; Owner: afmuser
--

CREATE INDEX regulations_rels_path_idx ON public.regulations_rels USING btree (path);


--
-- Name: regulations_rels_tags_id_idx; Type: INDEX; Schema: public; Owner: afmuser
--

CREATE INDEX regulations_rels_tags_id_idx ON public.regulations_rels USING btree (tags_id);


--
-- Name: regulations_seo_seo_image_idx; Type: INDEX; Schema: public; Owner: afmuser
--

CREATE INDEX regulations_seo_seo_image_idx ON public.regulations_locales USING btree (seo_image_id, _locale);


--
-- Name: regulations_slug_idx; Type: INDEX; Schema: public; Owner: afmuser
--

CREATE UNIQUE INDEX regulations_slug_idx ON public.regulations USING btree (slug);


--
-- Name: regulations_updated_at_idx; Type: INDEX; Schema: public; Owner: afmuser
--

CREATE INDEX regulations_updated_at_idx ON public.regulations USING btree (updated_at);


--
-- Name: results_created_at_idx; Type: INDEX; Schema: public; Owner: afmuser
--

CREATE INDEX results_created_at_idx ON public.results USING btree (created_at);


--
-- Name: results_details_details_overall_idx; Type: INDEX; Schema: public; Owner: afmuser
--

CREATE INDEX results_details_details_overall_idx ON public.results USING btree (details_overall);


--
-- Name: results_details_details_status_idx; Type: INDEX; Schema: public; Owner: afmuser
--

CREATE INDEX results_details_details_status_idx ON public.results USING btree (details_status);


--
-- Name: results_locales_locale_parent_id_unique; Type: INDEX; Schema: public; Owner: afmuser
--

CREATE UNIQUE INDEX results_locales_locale_parent_id_unique ON public.results_locales USING btree (_locale, _parent_id);


--
-- Name: results_name_idx; Type: INDEX; Schema: public; Owner: afmuser
--

CREATE INDEX results_name_idx ON public.results USING btree (name);


--
-- Name: results_rels_categories_id_idx; Type: INDEX; Schema: public; Owner: afmuser
--

CREATE INDEX results_rels_categories_id_idx ON public.results_rels USING btree (categories_id);


--
-- Name: results_rels_order_idx; Type: INDEX; Schema: public; Owner: afmuser
--

CREATE INDEX results_rels_order_idx ON public.results_rels USING btree ("order");


--
-- Name: results_rels_parent_idx; Type: INDEX; Schema: public; Owner: afmuser
--

CREATE INDEX results_rels_parent_idx ON public.results_rels USING btree (parent_id);


--
-- Name: results_rels_path_idx; Type: INDEX; Schema: public; Owner: afmuser
--

CREATE INDEX results_rels_path_idx ON public.results_rels USING btree (path);


--
-- Name: results_rels_tags_id_idx; Type: INDEX; Schema: public; Owner: afmuser
--

CREATE INDEX results_rels_tags_id_idx ON public.results_rels USING btree (tags_id);


--
-- Name: results_seo_seo_image_idx; Type: INDEX; Schema: public; Owner: afmuser
--

CREATE INDEX results_seo_seo_image_idx ON public.results_locales USING btree (seo_image_id, _locale);


--
-- Name: results_slug_idx; Type: INDEX; Schema: public; Owner: afmuser
--

CREATE UNIQUE INDEX results_slug_idx ON public.results USING btree (slug);


--
-- Name: results_updated_at_idx; Type: INDEX; Schema: public; Owner: afmuser
--

CREATE INDEX results_updated_at_idx ON public.results USING btree (updated_at);


--
-- Name: search_created_at_idx; Type: INDEX; Schema: public; Owner: afmuser
--

CREATE INDEX search_created_at_idx ON public.search USING btree (created_at);


--
-- Name: search_locales_locale_parent_id_unique; Type: INDEX; Schema: public; Owner: afmuser
--

CREATE UNIQUE INDEX search_locales_locale_parent_id_unique ON public.search_locales USING btree (_locale, _parent_id);


--
-- Name: search_rels_awards_id_idx; Type: INDEX; Schema: public; Owner: afmuser
--

CREATE INDEX search_rels_awards_id_idx ON public.search_rels USING btree (awards_id);


--
-- Name: search_rels_cars_id_idx; Type: INDEX; Schema: public; Owner: afmuser
--

CREATE INDEX search_rels_cars_id_idx ON public.search_rels USING btree (cars_id);


--
-- Name: search_rels_categories_id_idx; Type: INDEX; Schema: public; Owner: afmuser
--

CREATE INDEX search_rels_categories_id_idx ON public.search_rels USING btree (categories_id);


--
-- Name: search_rels_celebrations_id_idx; Type: INDEX; Schema: public; Owner: afmuser
--

CREATE INDEX search_rels_celebrations_id_idx ON public.search_rels USING btree (celebrations_id);


--
-- Name: search_rels_championships_id_idx; Type: INDEX; Schema: public; Owner: afmuser
--

CREATE INDEX search_rels_championships_id_idx ON public.search_rels USING btree (championships_id);


--
-- Name: search_rels_circuits_id_idx; Type: INDEX; Schema: public; Owner: afmuser
--

CREATE INDEX search_rels_circuits_id_idx ON public.search_rels USING btree (circuits_id);


--
-- Name: search_rels_countries_id_idx; Type: INDEX; Schema: public; Owner: afmuser
--

CREATE INDEX search_rels_countries_id_idx ON public.search_rels USING btree (countries_id);


--
-- Name: search_rels_designations_id_idx; Type: INDEX; Schema: public; Owner: afmuser
--

CREATE INDEX search_rels_designations_id_idx ON public.search_rels USING btree (designations_id);


--
-- Name: search_rels_drivers_id_idx; Type: INDEX; Schema: public; Owner: afmuser
--

CREATE INDEX search_rels_drivers_id_idx ON public.search_rels USING btree (drivers_id);


--
-- Name: search_rels_entries_id_idx; Type: INDEX; Schema: public; Owner: afmuser
--

CREATE INDEX search_rels_entries_id_idx ON public.search_rels USING btree (entries_id);


--
-- Name: search_rels_events_id_idx; Type: INDEX; Schema: public; Owner: afmuser
--

CREATE INDEX search_rels_events_id_idx ON public.search_rels USING btree (events_id);


--
-- Name: search_rels_garages_id_idx; Type: INDEX; Schema: public; Owner: afmuser
--

CREATE INDEX search_rels_garages_id_idx ON public.search_rels USING btree (garages_id);


--
-- Name: search_rels_helmets_id_idx; Type: INDEX; Schema: public; Owner: afmuser
--

CREATE INDEX search_rels_helmets_id_idx ON public.search_rels USING btree (helmets_id);


--
-- Name: search_rels_hospitalities_id_idx; Type: INDEX; Schema: public; Owner: afmuser
--

CREATE INDEX search_rels_hospitalities_id_idx ON public.search_rels USING btree (hospitalities_id);


--
-- Name: search_rels_incidents_id_idx; Type: INDEX; Schema: public; Owner: afmuser
--

CREATE INDEX search_rels_incidents_id_idx ON public.search_rels USING btree (incidents_id);


--
-- Name: search_rels_individuals_id_idx; Type: INDEX; Schema: public; Owner: afmuser
--

CREATE INDEX search_rels_individuals_id_idx ON public.search_rels USING btree (individuals_id);


--
-- Name: search_rels_initiatives_id_idx; Type: INDEX; Schema: public; Owner: afmuser
--

CREATE INDEX search_rels_initiatives_id_idx ON public.search_rels USING btree (initiatives_id);


--
-- Name: search_rels_interviews_id_idx; Type: INDEX; Schema: public; Owner: afmuser
--

CREATE INDEX search_rels_interviews_id_idx ON public.search_rels USING btree (interviews_id);


--
-- Name: search_rels_leaders_id_idx; Type: INDEX; Schema: public; Owner: afmuser
--

CREATE INDEX search_rels_leaders_id_idx ON public.search_rels USING btree (leaders_id);


--
-- Name: search_rels_media_id_idx; Type: INDEX; Schema: public; Owner: afmuser
--

CREATE INDEX search_rels_media_id_idx ON public.search_rels USING btree (media_id);


--
-- Name: search_rels_meetups_id_idx; Type: INDEX; Schema: public; Owner: afmuser
--

CREATE INDEX search_rels_meetups_id_idx ON public.search_rels USING btree (meetups_id);


--
-- Name: search_rels_members_id_idx; Type: INDEX; Schema: public; Owner: afmuser
--

CREATE INDEX search_rels_members_id_idx ON public.search_rels USING btree (members_id);


--
-- Name: search_rels_onboardings_id_idx; Type: INDEX; Schema: public; Owner: afmuser
--

CREATE INDEX search_rels_onboardings_id_idx ON public.search_rels USING btree (onboardings_id);


--
-- Name: search_rels_order_idx; Type: INDEX; Schema: public; Owner: afmuser
--

CREATE INDEX search_rels_order_idx ON public.search_rels USING btree ("order");


--
-- Name: search_rels_organizations_id_idx; Type: INDEX; Schema: public; Owner: afmuser
--

CREATE INDEX search_rels_organizations_id_idx ON public.search_rels USING btree (organizations_id);


--
-- Name: search_rels_pages_id_idx; Type: INDEX; Schema: public; Owner: afmuser
--

CREATE INDEX search_rels_pages_id_idx ON public.search_rels USING btree (pages_id);


--
-- Name: search_rels_parent_idx; Type: INDEX; Schema: public; Owner: afmuser
--

CREATE INDEX search_rels_parent_idx ON public.search_rels USING btree (parent_id);


--
-- Name: search_rels_path_idx; Type: INDEX; Schema: public; Owner: afmuser
--

CREATE INDEX search_rels_path_idx ON public.search_rels USING btree (path);


--
-- Name: search_rels_plans_id_idx; Type: INDEX; Schema: public; Owner: afmuser
--

CREATE INDEX search_rels_plans_id_idx ON public.search_rels USING btree (plans_id);


--
-- Name: search_rels_points_id_idx; Type: INDEX; Schema: public; Owner: afmuser
--

CREATE INDEX search_rels_points_id_idx ON public.search_rels USING btree (points_id);


--
-- Name: search_rels_policies_id_idx; Type: INDEX; Schema: public; Owner: afmuser
--

CREATE INDEX search_rels_policies_id_idx ON public.search_rels USING btree (policies_id);


--
-- Name: search_rels_programs_id_idx; Type: INDEX; Schema: public; Owner: afmuser
--

CREATE INDEX search_rels_programs_id_idx ON public.search_rels USING btree (programs_id);


--
-- Name: search_rels_races_id_idx; Type: INDEX; Schema: public; Owner: afmuser
--

CREATE INDEX search_rels_races_id_idx ON public.search_rels USING btree (races_id);


--
-- Name: search_rels_regulations_id_idx; Type: INDEX; Schema: public; Owner: afmuser
--

CREATE INDEX search_rels_regulations_id_idx ON public.search_rels USING btree (regulations_id);


--
-- Name: search_rels_results_id_idx; Type: INDEX; Schema: public; Owner: afmuser
--

CREATE INDEX search_rels_results_id_idx ON public.search_rels USING btree (results_id);


--
-- Name: search_rels_seasons_id_idx; Type: INDEX; Schema: public; Owner: afmuser
--

CREATE INDEX search_rels_seasons_id_idx ON public.search_rels USING btree (seasons_id);


--
-- Name: search_rels_series_id_idx; Type: INDEX; Schema: public; Owner: afmuser
--

CREATE INDEX search_rels_series_id_idx ON public.search_rels USING btree (series_id);


--
-- Name: search_rels_sessions_id_idx; Type: INDEX; Schema: public; Owner: afmuser
--

CREATE INDEX search_rels_sessions_id_idx ON public.search_rels USING btree (sessions_id);


--
-- Name: search_rels_skills_id_idx; Type: INDEX; Schema: public; Owner: afmuser
--

CREATE INDEX search_rels_skills_id_idx ON public.search_rels USING btree (skills_id);


--
-- Name: search_rels_slides_id_idx; Type: INDEX; Schema: public; Owner: afmuser
--

CREATE INDEX search_rels_slides_id_idx ON public.search_rels USING btree (slides_id);


--
-- Name: search_rels_statements_id_idx; Type: INDEX; Schema: public; Owner: afmuser
--

CREATE INDEX search_rels_statements_id_idx ON public.search_rels USING btree (statements_id);


--
-- Name: search_rels_statuses_id_idx; Type: INDEX; Schema: public; Owner: afmuser
--

CREATE INDEX search_rels_statuses_id_idx ON public.search_rels USING btree (statuses_id);


--
-- Name: search_rels_suits_id_idx; Type: INDEX; Schema: public; Owner: afmuser
--

CREATE INDEX search_rels_suits_id_idx ON public.search_rels USING btree (suits_id);


--
-- Name: search_rels_tags_id_idx; Type: INDEX; Schema: public; Owner: afmuser
--

CREATE INDEX search_rels_tags_id_idx ON public.search_rels USING btree (tags_id);


--
-- Name: search_rels_teams_id_idx; Type: INDEX; Schema: public; Owner: afmuser
--

CREATE INDEX search_rels_teams_id_idx ON public.search_rels USING btree (teams_id);


--
-- Name: search_rels_timelines_id_idx; Type: INDEX; Schema: public; Owner: afmuser
--

CREATE INDEX search_rels_timelines_id_idx ON public.search_rels USING btree (timelines_id);


--
-- Name: search_rels_trainings_id_idx; Type: INDEX; Schema: public; Owner: afmuser
--

CREATE INDEX search_rels_trainings_id_idx ON public.search_rels USING btree (trainings_id);


--
-- Name: search_rels_users_id_idx; Type: INDEX; Schema: public; Owner: afmuser
--

CREATE INDEX search_rels_users_id_idx ON public.search_rels USING btree (users_id);


--
-- Name: search_rels_vacancies_id_idx; Type: INDEX; Schema: public; Owner: afmuser
--

CREATE INDEX search_rels_vacancies_id_idx ON public.search_rels USING btree (vacancies_id);


--
-- Name: search_updated_at_idx; Type: INDEX; Schema: public; Owner: afmuser
--

CREATE INDEX search_updated_at_idx ON public.search USING btree (updated_at);


--
-- Name: seasons_assets_assets_cover_idx; Type: INDEX; Schema: public; Owner: afmuser
--

CREATE INDEX seasons_assets_assets_cover_idx ON public.seasons USING btree (assets_cover_id);


--
-- Name: seasons_assets_assets_trailer_idx; Type: INDEX; Schema: public; Owner: afmuser
--

CREATE INDEX seasons_assets_assets_trailer_idx ON public.seasons USING btree (assets_trailer_id);


--
-- Name: seasons_basics_identifiers_basics_identifiers_code_idx; Type: INDEX; Schema: public; Owner: afmuser
--

CREATE INDEX seasons_basics_identifiers_basics_identifiers_code_idx ON public.seasons USING btree (basics_identifiers_code);


--
-- Name: seasons_created_at_idx; Type: INDEX; Schema: public; Owner: afmuser
--

CREATE INDEX seasons_created_at_idx ON public.seasons USING btree (created_at);


--
-- Name: seasons_details_details_series_idx; Type: INDEX; Schema: public; Owner: afmuser
--

CREATE INDEX seasons_details_details_series_idx ON public.seasons USING btree (details_series_id);


--
-- Name: seasons_locales_locale_parent_id_unique; Type: INDEX; Schema: public; Owner: afmuser
--

CREATE UNIQUE INDEX seasons_locales_locale_parent_id_unique ON public.seasons_locales USING btree (_locale, _parent_id);


--
-- Name: seasons_name_idx; Type: INDEX; Schema: public; Owner: afmuser
--

CREATE INDEX seasons_name_idx ON public.seasons USING btree (name);


--
-- Name: seasons_rels_categories_id_idx; Type: INDEX; Schema: public; Owner: afmuser
--

CREATE INDEX seasons_rels_categories_id_idx ON public.seasons_rels USING btree (categories_id);


--
-- Name: seasons_rels_media_id_idx; Type: INDEX; Schema: public; Owner: afmuser
--

CREATE INDEX seasons_rels_media_id_idx ON public.seasons_rels USING btree (media_id);


--
-- Name: seasons_rels_order_idx; Type: INDEX; Schema: public; Owner: afmuser
--

CREATE INDEX seasons_rels_order_idx ON public.seasons_rels USING btree ("order");


--
-- Name: seasons_rels_parent_idx; Type: INDEX; Schema: public; Owner: afmuser
--

CREATE INDEX seasons_rels_parent_idx ON public.seasons_rels USING btree (parent_id);


--
-- Name: seasons_rels_path_idx; Type: INDEX; Schema: public; Owner: afmuser
--

CREATE INDEX seasons_rels_path_idx ON public.seasons_rels USING btree (path);


--
-- Name: seasons_rels_tags_id_idx; Type: INDEX; Schema: public; Owner: afmuser
--

CREATE INDEX seasons_rels_tags_id_idx ON public.seasons_rels USING btree (tags_id);


--
-- Name: seasons_seo_seo_image_idx; Type: INDEX; Schema: public; Owner: afmuser
--

CREATE INDEX seasons_seo_seo_image_idx ON public.seasons_locales USING btree (seo_image_id, _locale);


--
-- Name: seasons_slug_idx; Type: INDEX; Schema: public; Owner: afmuser
--

CREATE UNIQUE INDEX seasons_slug_idx ON public.seasons USING btree (slug);


--
-- Name: seasons_updated_at_idx; Type: INDEX; Schema: public; Owner: afmuser
--

CREATE INDEX seasons_updated_at_idx ON public.seasons USING btree (updated_at);


--
-- Name: series_assets_assets_cover_idx; Type: INDEX; Schema: public; Owner: afmuser
--

CREATE INDEX series_assets_assets_cover_idx ON public.series USING btree (assets_cover_id);


--
-- Name: series_assets_assets_logo_idx; Type: INDEX; Schema: public; Owner: afmuser
--

CREATE INDEX series_assets_assets_logo_idx ON public.series USING btree (assets_logo_id);


--
-- Name: series_assets_assets_thumbnail_idx; Type: INDEX; Schema: public; Owner: afmuser
--

CREATE INDEX series_assets_assets_thumbnail_idx ON public.series USING btree (assets_thumbnail_id);


--
-- Name: series_basics_identifiers_basics_identifiers_code_idx; Type: INDEX; Schema: public; Owner: afmuser
--

CREATE INDEX series_basics_identifiers_basics_identifiers_code_idx ON public.series USING btree (basics_identifiers_code);


--
-- Name: series_created_at_idx; Type: INDEX; Schema: public; Owner: afmuser
--

CREATE INDEX series_created_at_idx ON public.series USING btree (created_at);


--
-- Name: series_details_details_location_idx; Type: INDEX; Schema: public; Owner: afmuser
--

CREATE INDEX series_details_details_location_idx ON public.series USING btree (details_location);


--
-- Name: series_details_details_predecessor_idx; Type: INDEX; Schema: public; Owner: afmuser
--

CREATE INDEX series_details_details_predecessor_idx ON public.series USING btree (details_predecessor_id);


--
-- Name: series_details_details_status_idx; Type: INDEX; Schema: public; Owner: afmuser
--

CREATE INDEX series_details_details_status_idx ON public.series USING btree (details_status);


--
-- Name: series_details_details_successor_idx; Type: INDEX; Schema: public; Owner: afmuser
--

CREATE INDEX series_details_details_successor_idx ON public.series USING btree (details_successor_id);


--
-- Name: series_locales_locale_parent_id_unique; Type: INDEX; Schema: public; Owner: afmuser
--

CREATE UNIQUE INDEX series_locales_locale_parent_id_unique ON public.series_locales USING btree (_locale, _parent_id);


--
-- Name: series_name_idx; Type: INDEX; Schema: public; Owner: afmuser
--

CREATE INDEX series_name_idx ON public.series USING btree (name);


--
-- Name: series_rels_categories_id_idx; Type: INDEX; Schema: public; Owner: afmuser
--

CREATE INDEX series_rels_categories_id_idx ON public.series_rels USING btree (categories_id);


--
-- Name: series_rels_media_id_idx; Type: INDEX; Schema: public; Owner: afmuser
--

CREATE INDEX series_rels_media_id_idx ON public.series_rels USING btree (media_id);


--
-- Name: series_rels_order_idx; Type: INDEX; Schema: public; Owner: afmuser
--

CREATE INDEX series_rels_order_idx ON public.series_rels USING btree ("order");


--
-- Name: series_rels_parent_idx; Type: INDEX; Schema: public; Owner: afmuser
--

CREATE INDEX series_rels_parent_idx ON public.series_rels USING btree (parent_id);


--
-- Name: series_rels_path_idx; Type: INDEX; Schema: public; Owner: afmuser
--

CREATE INDEX series_rels_path_idx ON public.series_rels USING btree (path);


--
-- Name: series_rels_tags_id_idx; Type: INDEX; Schema: public; Owner: afmuser
--

CREATE INDEX series_rels_tags_id_idx ON public.series_rels USING btree (tags_id);


--
-- Name: series_seo_seo_image_idx; Type: INDEX; Schema: public; Owner: afmuser
--

CREATE INDEX series_seo_seo_image_idx ON public.series_locales USING btree (seo_image_id, _locale);


--
-- Name: series_slug_idx; Type: INDEX; Schema: public; Owner: afmuser
--

CREATE UNIQUE INDEX series_slug_idx ON public.series USING btree (slug);


--
-- Name: series_updated_at_idx; Type: INDEX; Schema: public; Owner: afmuser
--

CREATE INDEX series_updated_at_idx ON public.series USING btree (updated_at);


--
-- Name: sessions_assets_assets_thumbnail_idx; Type: INDEX; Schema: public; Owner: afmuser
--

CREATE INDEX sessions_assets_assets_thumbnail_idx ON public.sessions USING btree (assets_thumbnail_id);


--
-- Name: sessions_basics_basics_segment_idx; Type: INDEX; Schema: public; Owner: afmuser
--

CREATE INDEX sessions_basics_basics_segment_idx ON public.sessions USING btree (basics_segment);


--
-- Name: sessions_basics_identifiers_basics_identifiers_code_idx; Type: INDEX; Schema: public; Owner: afmuser
--

CREATE INDEX sessions_basics_identifiers_basics_identifiers_code_idx ON public.sessions USING btree (basics_identifiers_code);


--
-- Name: sessions_created_at_idx; Type: INDEX; Schema: public; Owner: afmuser
--

CREATE INDEX sessions_created_at_idx ON public.sessions USING btree (created_at);


--
-- Name: sessions_locales_locale_parent_id_unique; Type: INDEX; Schema: public; Owner: afmuser
--

CREATE UNIQUE INDEX sessions_locales_locale_parent_id_unique ON public.sessions_locales USING btree (_locale, _parent_id);


--
-- Name: sessions_name_idx; Type: INDEX; Schema: public; Owner: afmuser
--

CREATE INDEX sessions_name_idx ON public.sessions USING btree (name);


--
-- Name: sessions_rels_categories_id_idx; Type: INDEX; Schema: public; Owner: afmuser
--

CREATE INDEX sessions_rels_categories_id_idx ON public.sessions_rels USING btree (categories_id);


--
-- Name: sessions_rels_media_id_idx; Type: INDEX; Schema: public; Owner: afmuser
--

CREATE INDEX sessions_rels_media_id_idx ON public.sessions_rels USING btree (media_id);


--
-- Name: sessions_rels_order_idx; Type: INDEX; Schema: public; Owner: afmuser
--

CREATE INDEX sessions_rels_order_idx ON public.sessions_rels USING btree ("order");


--
-- Name: sessions_rels_parent_idx; Type: INDEX; Schema: public; Owner: afmuser
--

CREATE INDEX sessions_rels_parent_idx ON public.sessions_rels USING btree (parent_id);


--
-- Name: sessions_rels_path_idx; Type: INDEX; Schema: public; Owner: afmuser
--

CREATE INDEX sessions_rels_path_idx ON public.sessions_rels USING btree (path);


--
-- Name: sessions_rels_tags_id_idx; Type: INDEX; Schema: public; Owner: afmuser
--

CREATE INDEX sessions_rels_tags_id_idx ON public.sessions_rels USING btree (tags_id);


--
-- Name: sessions_seo_seo_image_idx; Type: INDEX; Schema: public; Owner: afmuser
--

CREATE INDEX sessions_seo_seo_image_idx ON public.sessions_locales USING btree (seo_image_id, _locale);


--
-- Name: sessions_slug_idx; Type: INDEX; Schema: public; Owner: afmuser
--

CREATE UNIQUE INDEX sessions_slug_idx ON public.sessions USING btree (slug);


--
-- Name: sessions_updated_at_idx; Type: INDEX; Schema: public; Owner: afmuser
--

CREATE INDEX sessions_updated_at_idx ON public.sessions USING btree (updated_at);


--
-- Name: skills_created_at_idx; Type: INDEX; Schema: public; Owner: afmuser
--

CREATE INDEX skills_created_at_idx ON public.skills USING btree (created_at);


--
-- Name: skills_details_features_list_order_idx; Type: INDEX; Schema: public; Owner: afmuser
--

CREATE INDEX skills_details_features_list_order_idx ON public.skills_details_features_list USING btree (_order);


--
-- Name: skills_details_features_list_parent_id_idx; Type: INDEX; Schema: public; Owner: afmuser
--

CREATE INDEX skills_details_features_list_parent_id_idx ON public.skills_details_features_list USING btree (_parent_id);


--
-- Name: skills_details_specifications_list_order_idx; Type: INDEX; Schema: public; Owner: afmuser
--

CREATE INDEX skills_details_specifications_list_order_idx ON public.skills_details_specifications_list USING btree (_order);


--
-- Name: skills_details_specifications_list_parent_id_idx; Type: INDEX; Schema: public; Owner: afmuser
--

CREATE INDEX skills_details_specifications_list_parent_id_idx ON public.skills_details_specifications_list USING btree (_parent_id);


--
-- Name: skills_locales_locale_parent_id_unique; Type: INDEX; Schema: public; Owner: afmuser
--

CREATE UNIQUE INDEX skills_locales_locale_parent_id_unique ON public.skills_locales USING btree (_locale, _parent_id);


--
-- Name: skills_name_idx; Type: INDEX; Schema: public; Owner: afmuser
--

CREATE INDEX skills_name_idx ON public.skills USING btree (name);


--
-- Name: skills_rels_categories_id_idx; Type: INDEX; Schema: public; Owner: afmuser
--

CREATE INDEX skills_rels_categories_id_idx ON public.skills_rels USING btree (categories_id);


--
-- Name: skills_rels_order_idx; Type: INDEX; Schema: public; Owner: afmuser
--

CREATE INDEX skills_rels_order_idx ON public.skills_rels USING btree ("order");


--
-- Name: skills_rels_parent_idx; Type: INDEX; Schema: public; Owner: afmuser
--

CREATE INDEX skills_rels_parent_idx ON public.skills_rels USING btree (parent_id);


--
-- Name: skills_rels_path_idx; Type: INDEX; Schema: public; Owner: afmuser
--

CREATE INDEX skills_rels_path_idx ON public.skills_rels USING btree (path);


--
-- Name: skills_rels_tags_id_idx; Type: INDEX; Schema: public; Owner: afmuser
--

CREATE INDEX skills_rels_tags_id_idx ON public.skills_rels USING btree (tags_id);


--
-- Name: skills_seo_seo_image_idx; Type: INDEX; Schema: public; Owner: afmuser
--

CREATE INDEX skills_seo_seo_image_idx ON public.skills_locales USING btree (seo_image_id, _locale);


--
-- Name: skills_slug_idx; Type: INDEX; Schema: public; Owner: afmuser
--

CREATE UNIQUE INDEX skills_slug_idx ON public.skills USING btree (slug);


--
-- Name: skills_updated_at_idx; Type: INDEX; Schema: public; Owner: afmuser
--

CREATE INDEX skills_updated_at_idx ON public.skills USING btree (updated_at);


--
-- Name: slides_assets_assets_background_idx; Type: INDEX; Schema: public; Owner: afmuser
--

CREATE INDEX slides_assets_assets_background_idx ON public.slides USING btree (assets_background_id);


--
-- Name: slides_assets_assets_foreground_idx; Type: INDEX; Schema: public; Owner: afmuser
--

CREATE INDEX slides_assets_assets_foreground_idx ON public.slides USING btree (assets_foreground_id);


--
-- Name: slides_assets_assets_thumbnail_idx; Type: INDEX; Schema: public; Owner: afmuser
--

CREATE INDEX slides_assets_assets_thumbnail_idx ON public.slides USING btree (assets_thumbnail_id);


--
-- Name: slides_basics_identifiers_basics_identifiers_code_idx; Type: INDEX; Schema: public; Owner: afmuser
--

CREATE INDEX slides_basics_identifiers_basics_identifiers_code_idx ON public.slides USING btree (basics_identifiers_code);


--
-- Name: slides_created_at_idx; Type: INDEX; Schema: public; Owner: afmuser
--

CREATE INDEX slides_created_at_idx ON public.slides USING btree (created_at);


--
-- Name: slides_details_details_order_idx; Type: INDEX; Schema: public; Owner: afmuser
--

CREATE INDEX slides_details_details_order_idx ON public.slides USING btree (details_order);


--
-- Name: slides_details_details_type_idx; Type: INDEX; Schema: public; Owner: afmuser
--

CREATE INDEX slides_details_details_type_idx ON public.slides USING btree (details_type);


--
-- Name: slides_locales_locale_parent_id_unique; Type: INDEX; Schema: public; Owner: afmuser
--

CREATE UNIQUE INDEX slides_locales_locale_parent_id_unique ON public.slides_locales USING btree (_locale, _parent_id);


--
-- Name: slides_name_idx; Type: INDEX; Schema: public; Owner: afmuser
--

CREATE INDEX slides_name_idx ON public.slides USING btree (name);


--
-- Name: slides_rels_categories_id_idx; Type: INDEX; Schema: public; Owner: afmuser
--

CREATE INDEX slides_rels_categories_id_idx ON public.slides_rels USING btree (categories_id);


--
-- Name: slides_rels_order_idx; Type: INDEX; Schema: public; Owner: afmuser
--

CREATE INDEX slides_rels_order_idx ON public.slides_rels USING btree ("order");


--
-- Name: slides_rels_parent_idx; Type: INDEX; Schema: public; Owner: afmuser
--

CREATE INDEX slides_rels_parent_idx ON public.slides_rels USING btree (parent_id);


--
-- Name: slides_rels_path_idx; Type: INDEX; Schema: public; Owner: afmuser
--

CREATE INDEX slides_rels_path_idx ON public.slides_rels USING btree (path);


--
-- Name: slides_rels_tags_id_idx; Type: INDEX; Schema: public; Owner: afmuser
--

CREATE INDEX slides_rels_tags_id_idx ON public.slides_rels USING btree (tags_id);


--
-- Name: slides_seo_seo_image_idx; Type: INDEX; Schema: public; Owner: afmuser
--

CREATE INDEX slides_seo_seo_image_idx ON public.slides_locales USING btree (seo_image_id, _locale);


--
-- Name: slides_slug_idx; Type: INDEX; Schema: public; Owner: afmuser
--

CREATE UNIQUE INDEX slides_slug_idx ON public.slides USING btree (slug);


--
-- Name: slides_traits_tags_list_order_idx; Type: INDEX; Schema: public; Owner: afmuser
--

CREATE INDEX slides_traits_tags_list_order_idx ON public.slides_traits_tags_list USING btree (_order);


--
-- Name: slides_traits_tags_list_parent_id_idx; Type: INDEX; Schema: public; Owner: afmuser
--

CREATE INDEX slides_traits_tags_list_parent_id_idx ON public.slides_traits_tags_list USING btree (_parent_id);


--
-- Name: slides_updated_at_idx; Type: INDEX; Schema: public; Owner: afmuser
--

CREATE INDEX slides_updated_at_idx ON public.slides USING btree (updated_at);


--
-- Name: socials_accounts_order_idx; Type: INDEX; Schema: public; Owner: afmuser
--

CREATE INDEX socials_accounts_order_idx ON public.socials_accounts USING btree (_order);


--
-- Name: socials_accounts_parent_id_idx; Type: INDEX; Schema: public; Owner: afmuser
--

CREATE INDEX socials_accounts_parent_id_idx ON public.socials_accounts USING btree (_parent_id);


--
-- Name: statements_basics_basics_authority_idx; Type: INDEX; Schema: public; Owner: afmuser
--

CREATE INDEX statements_basics_basics_authority_idx ON public.statements USING btree (basics_authority_id);


--
-- Name: statements_basics_basics_status_idx; Type: INDEX; Schema: public; Owner: afmuser
--

CREATE INDEX statements_basics_basics_status_idx ON public.statements USING btree (basics_status);


--
-- Name: statements_created_at_idx; Type: INDEX; Schema: public; Owner: afmuser
--

CREATE INDEX statements_created_at_idx ON public.statements USING btree (created_at);


--
-- Name: statements_locales_locale_parent_id_unique; Type: INDEX; Schema: public; Owner: afmuser
--

CREATE UNIQUE INDEX statements_locales_locale_parent_id_unique ON public.statements_locales USING btree (_locale, _parent_id);


--
-- Name: statements_name_idx; Type: INDEX; Schema: public; Owner: afmuser
--

CREATE INDEX statements_name_idx ON public.statements USING btree (name);


--
-- Name: statements_rels_categories_id_idx; Type: INDEX; Schema: public; Owner: afmuser
--

CREATE INDEX statements_rels_categories_id_idx ON public.statements_rels USING btree (categories_id);


--
-- Name: statements_rels_order_idx; Type: INDEX; Schema: public; Owner: afmuser
--

CREATE INDEX statements_rels_order_idx ON public.statements_rels USING btree ("order");


--
-- Name: statements_rels_parent_idx; Type: INDEX; Schema: public; Owner: afmuser
--

CREATE INDEX statements_rels_parent_idx ON public.statements_rels USING btree (parent_id);


--
-- Name: statements_rels_path_idx; Type: INDEX; Schema: public; Owner: afmuser
--

CREATE INDEX statements_rels_path_idx ON public.statements_rels USING btree (path);


--
-- Name: statements_rels_tags_id_idx; Type: INDEX; Schema: public; Owner: afmuser
--

CREATE INDEX statements_rels_tags_id_idx ON public.statements_rels USING btree (tags_id);


--
-- Name: statements_seo_seo_image_idx; Type: INDEX; Schema: public; Owner: afmuser
--

CREATE INDEX statements_seo_seo_image_idx ON public.statements_locales USING btree (seo_image_id, _locale);


--
-- Name: statements_slug_idx; Type: INDEX; Schema: public; Owner: afmuser
--

CREATE UNIQUE INDEX statements_slug_idx ON public.statements USING btree (slug);


--
-- Name: statements_updated_at_idx; Type: INDEX; Schema: public; Owner: afmuser
--

CREATE INDEX statements_updated_at_idx ON public.statements USING btree (updated_at);


--
-- Name: statuses_created_at_idx; Type: INDEX; Schema: public; Owner: afmuser
--

CREATE INDEX statuses_created_at_idx ON public.statuses USING btree (created_at);


--
-- Name: statuses_locales_locale_parent_id_unique; Type: INDEX; Schema: public; Owner: afmuser
--

CREATE UNIQUE INDEX statuses_locales_locale_parent_id_unique ON public.statuses_locales USING btree (_locale, _parent_id);


--
-- Name: statuses_name_idx; Type: INDEX; Schema: public; Owner: afmuser
--

CREATE INDEX statuses_name_idx ON public.statuses USING btree (name);


--
-- Name: statuses_rels_categories_id_idx; Type: INDEX; Schema: public; Owner: afmuser
--

CREATE INDEX statuses_rels_categories_id_idx ON public.statuses_rels USING btree (categories_id);


--
-- Name: statuses_rels_order_idx; Type: INDEX; Schema: public; Owner: afmuser
--

CREATE INDEX statuses_rels_order_idx ON public.statuses_rels USING btree ("order");


--
-- Name: statuses_rels_parent_idx; Type: INDEX; Schema: public; Owner: afmuser
--

CREATE INDEX statuses_rels_parent_idx ON public.statuses_rels USING btree (parent_id);


--
-- Name: statuses_rels_path_idx; Type: INDEX; Schema: public; Owner: afmuser
--

CREATE INDEX statuses_rels_path_idx ON public.statuses_rels USING btree (path);


--
-- Name: statuses_rels_tags_id_idx; Type: INDEX; Schema: public; Owner: afmuser
--

CREATE INDEX statuses_rels_tags_id_idx ON public.statuses_rels USING btree (tags_id);


--
-- Name: statuses_seo_seo_image_idx; Type: INDEX; Schema: public; Owner: afmuser
--

CREATE INDEX statuses_seo_seo_image_idx ON public.statuses_locales USING btree (seo_image_id, _locale);


--
-- Name: statuses_slug_idx; Type: INDEX; Schema: public; Owner: afmuser
--

CREATE UNIQUE INDEX statuses_slug_idx ON public.statuses USING btree (slug);


--
-- Name: statuses_updated_at_idx; Type: INDEX; Schema: public; Owner: afmuser
--

CREATE INDEX statuses_updated_at_idx ON public.statuses USING btree (updated_at);


--
-- Name: suits_assets_assets_thumbnail_idx; Type: INDEX; Schema: public; Owner: afmuser
--

CREATE INDEX suits_assets_assets_thumbnail_idx ON public.suits USING btree (assets_thumbnail_id);


--
-- Name: suits_assets_assets_video_idx; Type: INDEX; Schema: public; Owner: afmuser
--

CREATE INDEX suits_assets_assets_video_idx ON public.suits USING btree (assets_video_id);


--
-- Name: suits_created_at_idx; Type: INDEX; Schema: public; Owner: afmuser
--

CREATE INDEX suits_created_at_idx ON public.suits USING btree (created_at);


--
-- Name: suits_details_manufacturers_list_order_idx; Type: INDEX; Schema: public; Owner: afmuser
--

CREATE INDEX suits_details_manufacturers_list_order_idx ON public.suits_details_manufacturers_list USING btree (_order);


--
-- Name: suits_details_manufacturers_list_parent_id_idx; Type: INDEX; Schema: public; Owner: afmuser
--

CREATE INDEX suits_details_manufacturers_list_parent_id_idx ON public.suits_details_manufacturers_list USING btree (_parent_id);


--
-- Name: suits_locales_locale_parent_id_unique; Type: INDEX; Schema: public; Owner: afmuser
--

CREATE UNIQUE INDEX suits_locales_locale_parent_id_unique ON public.suits_locales USING btree (_locale, _parent_id);


--
-- Name: suits_name_idx; Type: INDEX; Schema: public; Owner: afmuser
--

CREATE INDEX suits_name_idx ON public.suits USING btree (name);


--
-- Name: suits_rels_categories_id_idx; Type: INDEX; Schema: public; Owner: afmuser
--

CREATE INDEX suits_rels_categories_id_idx ON public.suits_rels USING btree (categories_id);


--
-- Name: suits_rels_media_id_idx; Type: INDEX; Schema: public; Owner: afmuser
--

CREATE INDEX suits_rels_media_id_idx ON public.suits_rels USING btree (media_id);


--
-- Name: suits_rels_order_idx; Type: INDEX; Schema: public; Owner: afmuser
--

CREATE INDEX suits_rels_order_idx ON public.suits_rels USING btree ("order");


--
-- Name: suits_rels_parent_idx; Type: INDEX; Schema: public; Owner: afmuser
--

CREATE INDEX suits_rels_parent_idx ON public.suits_rels USING btree (parent_id);


--
-- Name: suits_rels_path_idx; Type: INDEX; Schema: public; Owner: afmuser
--

CREATE INDEX suits_rels_path_idx ON public.suits_rels USING btree (path);


--
-- Name: suits_rels_tags_id_idx; Type: INDEX; Schema: public; Owner: afmuser
--

CREATE INDEX suits_rels_tags_id_idx ON public.suits_rels USING btree (tags_id);


--
-- Name: suits_seo_seo_image_idx; Type: INDEX; Schema: public; Owner: afmuser
--

CREATE INDEX suits_seo_seo_image_idx ON public.suits_locales USING btree (seo_image_id, _locale);


--
-- Name: suits_slug_idx; Type: INDEX; Schema: public; Owner: afmuser
--

CREATE UNIQUE INDEX suits_slug_idx ON public.suits USING btree (slug);


--
-- Name: suits_updated_at_idx; Type: INDEX; Schema: public; Owner: afmuser
--

CREATE INDEX suits_updated_at_idx ON public.suits USING btree (updated_at);


--
-- Name: tags_created_at_idx; Type: INDEX; Schema: public; Owner: afmuser
--

CREATE INDEX tags_created_at_idx ON public.tags USING btree (created_at);


--
-- Name: tags_locales_locale_parent_id_unique; Type: INDEX; Schema: public; Owner: afmuser
--

CREATE UNIQUE INDEX tags_locales_locale_parent_id_unique ON public.tags_locales USING btree (_locale, _parent_id);


--
-- Name: tags_name_idx; Type: INDEX; Schema: public; Owner: afmuser
--

CREATE INDEX tags_name_idx ON public.tags_locales USING btree (name, _locale);


--
-- Name: tags_rels_categories_id_idx; Type: INDEX; Schema: public; Owner: afmuser
--

CREATE INDEX tags_rels_categories_id_idx ON public.tags_rels USING btree (categories_id);


--
-- Name: tags_rels_order_idx; Type: INDEX; Schema: public; Owner: afmuser
--

CREATE INDEX tags_rels_order_idx ON public.tags_rels USING btree ("order");


--
-- Name: tags_rels_parent_idx; Type: INDEX; Schema: public; Owner: afmuser
--

CREATE INDEX tags_rels_parent_idx ON public.tags_rels USING btree (parent_id);


--
-- Name: tags_rels_path_idx; Type: INDEX; Schema: public; Owner: afmuser
--

CREATE INDEX tags_rels_path_idx ON public.tags_rels USING btree (path);


--
-- Name: tags_rels_tags_id_idx; Type: INDEX; Schema: public; Owner: afmuser
--

CREATE INDEX tags_rels_tags_id_idx ON public.tags_rels USING btree (tags_id);


--
-- Name: tags_seo_seo_image_idx; Type: INDEX; Schema: public; Owner: afmuser
--

CREATE INDEX tags_seo_seo_image_idx ON public.tags_locales USING btree (seo_image_id, _locale);


--
-- Name: tags_slug_idx; Type: INDEX; Schema: public; Owner: afmuser
--

CREATE UNIQUE INDEX tags_slug_idx ON public.tags USING btree (slug);


--
-- Name: tags_updated_at_idx; Type: INDEX; Schema: public; Owner: afmuser
--

CREATE INDEX tags_updated_at_idx ON public.tags USING btree (updated_at);


--
-- Name: teams_assets_assets_cover_idx; Type: INDEX; Schema: public; Owner: afmuser
--

CREATE INDEX teams_assets_assets_cover_idx ON public.teams USING btree (assets_cover_id);


--
-- Name: teams_assets_assets_logo_idx; Type: INDEX; Schema: public; Owner: afmuser
--

CREATE INDEX teams_assets_assets_logo_idx ON public.teams USING btree (assets_logo_id);


--
-- Name: teams_created_at_idx; Type: INDEX; Schema: public; Owner: afmuser
--

CREATE INDEX teams_created_at_idx ON public.teams USING btree (created_at);


--
-- Name: teams_details_details_country_idx; Type: INDEX; Schema: public; Owner: afmuser
--

CREATE INDEX teams_details_details_country_idx ON public.teams USING btree (details_country_id);


--
-- Name: teams_locales_locale_parent_id_unique; Type: INDEX; Schema: public; Owner: afmuser
--

CREATE UNIQUE INDEX teams_locales_locale_parent_id_unique ON public.teams_locales USING btree (_locale, _parent_id);


--
-- Name: teams_name_idx; Type: INDEX; Schema: public; Owner: afmuser
--

CREATE INDEX teams_name_idx ON public.teams USING btree (name);


--
-- Name: teams_rels_categories_id_idx; Type: INDEX; Schema: public; Owner: afmuser
--

CREATE INDEX teams_rels_categories_id_idx ON public.teams_rels USING btree (categories_id);


--
-- Name: teams_rels_media_id_idx; Type: INDEX; Schema: public; Owner: afmuser
--

CREATE INDEX teams_rels_media_id_idx ON public.teams_rels USING btree (media_id);


--
-- Name: teams_rels_order_idx; Type: INDEX; Schema: public; Owner: afmuser
--

CREATE INDEX teams_rels_order_idx ON public.teams_rels USING btree ("order");


--
-- Name: teams_rels_parent_idx; Type: INDEX; Schema: public; Owner: afmuser
--

CREATE INDEX teams_rels_parent_idx ON public.teams_rels USING btree (parent_id);


--
-- Name: teams_rels_path_idx; Type: INDEX; Schema: public; Owner: afmuser
--

CREATE INDEX teams_rels_path_idx ON public.teams_rels USING btree (path);


--
-- Name: teams_rels_tags_id_idx; Type: INDEX; Schema: public; Owner: afmuser
--

CREATE INDEX teams_rels_tags_id_idx ON public.teams_rels USING btree (tags_id);


--
-- Name: teams_seo_seo_image_idx; Type: INDEX; Schema: public; Owner: afmuser
--

CREATE INDEX teams_seo_seo_image_idx ON public.teams_locales USING btree (seo_image_id, _locale);


--
-- Name: teams_slug_idx; Type: INDEX; Schema: public; Owner: afmuser
--

CREATE UNIQUE INDEX teams_slug_idx ON public.teams USING btree (slug);


--
-- Name: teams_updated_at_idx; Type: INDEX; Schema: public; Owner: afmuser
--

CREATE INDEX teams_updated_at_idx ON public.teams USING btree (updated_at);


--
-- Name: timelines_assets_assets_cover_idx; Type: INDEX; Schema: public; Owner: afmuser
--

CREATE INDEX timelines_assets_assets_cover_idx ON public.timelines USING btree (assets_cover_id);


--
-- Name: timelines_assets_assets_thumbnail_idx; Type: INDEX; Schema: public; Owner: afmuser
--

CREATE INDEX timelines_assets_assets_thumbnail_idx ON public.timelines USING btree (assets_thumbnail_id);


--
-- Name: timelines_created_at_idx; Type: INDEX; Schema: public; Owner: afmuser
--

CREATE INDEX timelines_created_at_idx ON public.timelines USING btree (created_at);


--
-- Name: timelines_details_details_status_idx; Type: INDEX; Schema: public; Owner: afmuser
--

CREATE INDEX timelines_details_details_status_idx ON public.timelines USING btree (details_status);


--
-- Name: timelines_locales_locale_parent_id_unique; Type: INDEX; Schema: public; Owner: afmuser
--

CREATE UNIQUE INDEX timelines_locales_locale_parent_id_unique ON public.timelines_locales USING btree (_locale, _parent_id);


--
-- Name: timelines_name_idx; Type: INDEX; Schema: public; Owner: afmuser
--

CREATE INDEX timelines_name_idx ON public.timelines USING btree (name);


--
-- Name: timelines_rels_categories_id_idx; Type: INDEX; Schema: public; Owner: afmuser
--

CREATE INDEX timelines_rels_categories_id_idx ON public.timelines_rels USING btree (categories_id);


--
-- Name: timelines_rels_media_id_idx; Type: INDEX; Schema: public; Owner: afmuser
--

CREATE INDEX timelines_rels_media_id_idx ON public.timelines_rels USING btree (media_id);


--
-- Name: timelines_rels_order_idx; Type: INDEX; Schema: public; Owner: afmuser
--

CREATE INDEX timelines_rels_order_idx ON public.timelines_rels USING btree ("order");


--
-- Name: timelines_rels_parent_idx; Type: INDEX; Schema: public; Owner: afmuser
--

CREATE INDEX timelines_rels_parent_idx ON public.timelines_rels USING btree (parent_id);


--
-- Name: timelines_rels_path_idx; Type: INDEX; Schema: public; Owner: afmuser
--

CREATE INDEX timelines_rels_path_idx ON public.timelines_rels USING btree (path);


--
-- Name: timelines_rels_tags_id_idx; Type: INDEX; Schema: public; Owner: afmuser
--

CREATE INDEX timelines_rels_tags_id_idx ON public.timelines_rels USING btree (tags_id);


--
-- Name: timelines_seo_seo_image_idx; Type: INDEX; Schema: public; Owner: afmuser
--

CREATE INDEX timelines_seo_seo_image_idx ON public.timelines_locales USING btree (seo_image_id, _locale);


--
-- Name: timelines_slug_idx; Type: INDEX; Schema: public; Owner: afmuser
--

CREATE UNIQUE INDEX timelines_slug_idx ON public.timelines USING btree (slug);


--
-- Name: timelines_traits_events_list_location_idx; Type: INDEX; Schema: public; Owner: afmuser
--

CREATE INDEX timelines_traits_events_list_location_idx ON public.timelines_traits_events_list USING btree (location);


--
-- Name: timelines_traits_events_list_order_idx; Type: INDEX; Schema: public; Owner: afmuser
--

CREATE INDEX timelines_traits_events_list_order_idx ON public.timelines_traits_events_list USING btree (_order);


--
-- Name: timelines_traits_events_list_parent_id_idx; Type: INDEX; Schema: public; Owner: afmuser
--

CREATE INDEX timelines_traits_events_list_parent_id_idx ON public.timelines_traits_events_list USING btree (_parent_id);


--
-- Name: timelines_traits_milestones_list_icon_idx; Type: INDEX; Schema: public; Owner: afmuser
--

CREATE INDEX timelines_traits_milestones_list_icon_idx ON public.timelines_traits_milestones_list USING btree (icon_id);


--
-- Name: timelines_traits_milestones_list_order_idx; Type: INDEX; Schema: public; Owner: afmuser
--

CREATE INDEX timelines_traits_milestones_list_order_idx ON public.timelines_traits_milestones_list USING btree (_order);


--
-- Name: timelines_traits_milestones_list_parent_id_idx; Type: INDEX; Schema: public; Owner: afmuser
--

CREATE INDEX timelines_traits_milestones_list_parent_id_idx ON public.timelines_traits_milestones_list USING btree (_parent_id);


--
-- Name: timelines_updated_at_idx; Type: INDEX; Schema: public; Owner: afmuser
--

CREATE INDEX timelines_updated_at_idx ON public.timelines USING btree (updated_at);


--
-- Name: trainings_created_at_idx; Type: INDEX; Schema: public; Owner: afmuser
--

CREATE INDEX trainings_created_at_idx ON public.trainings USING btree (created_at);


--
-- Name: trainings_details_expectations_list_order_idx; Type: INDEX; Schema: public; Owner: afmuser
--

CREATE INDEX trainings_details_expectations_list_order_idx ON public.trainings_details_expectations_list USING btree (_order);


--
-- Name: trainings_details_expectations_list_parent_id_idx; Type: INDEX; Schema: public; Owner: afmuser
--

CREATE INDEX trainings_details_expectations_list_parent_id_idx ON public.trainings_details_expectations_list USING btree (_parent_id);


--
-- Name: trainings_details_specifications_list_order_idx; Type: INDEX; Schema: public; Owner: afmuser
--

CREATE INDEX trainings_details_specifications_list_order_idx ON public.trainings_details_specifications_list USING btree (_order);


--
-- Name: trainings_details_specifications_list_parent_id_idx; Type: INDEX; Schema: public; Owner: afmuser
--

CREATE INDEX trainings_details_specifications_list_parent_id_idx ON public.trainings_details_specifications_list USING btree (_parent_id);


--
-- Name: trainings_locales_locale_parent_id_unique; Type: INDEX; Schema: public; Owner: afmuser
--

CREATE UNIQUE INDEX trainings_locales_locale_parent_id_unique ON public.trainings_locales USING btree (_locale, _parent_id);


--
-- Name: trainings_name_idx; Type: INDEX; Schema: public; Owner: afmuser
--

CREATE INDEX trainings_name_idx ON public.trainings USING btree (name);


--
-- Name: trainings_rels_categories_id_idx; Type: INDEX; Schema: public; Owner: afmuser
--

CREATE INDEX trainings_rels_categories_id_idx ON public.trainings_rels USING btree (categories_id);


--
-- Name: trainings_rels_media_id_idx; Type: INDEX; Schema: public; Owner: afmuser
--

CREATE INDEX trainings_rels_media_id_idx ON public.trainings_rels USING btree (media_id);


--
-- Name: trainings_rels_order_idx; Type: INDEX; Schema: public; Owner: afmuser
--

CREATE INDEX trainings_rels_order_idx ON public.trainings_rels USING btree ("order");


--
-- Name: trainings_rels_parent_idx; Type: INDEX; Schema: public; Owner: afmuser
--

CREATE INDEX trainings_rels_parent_idx ON public.trainings_rels USING btree (parent_id);


--
-- Name: trainings_rels_path_idx; Type: INDEX; Schema: public; Owner: afmuser
--

CREATE INDEX trainings_rels_path_idx ON public.trainings_rels USING btree (path);


--
-- Name: trainings_rels_tags_id_idx; Type: INDEX; Schema: public; Owner: afmuser
--

CREATE INDEX trainings_rels_tags_id_idx ON public.trainings_rels USING btree (tags_id);


--
-- Name: trainings_seo_seo_image_idx; Type: INDEX; Schema: public; Owner: afmuser
--

CREATE INDEX trainings_seo_seo_image_idx ON public.trainings_locales USING btree (seo_image_id, _locale);


--
-- Name: trainings_slug_idx; Type: INDEX; Schema: public; Owner: afmuser
--

CREATE UNIQUE INDEX trainings_slug_idx ON public.trainings USING btree (slug);


--
-- Name: trainings_updated_at_idx; Type: INDEX; Schema: public; Owner: afmuser
--

CREATE INDEX trainings_updated_at_idx ON public.trainings USING btree (updated_at);


--
-- Name: transactions_cart_idx; Type: INDEX; Schema: public; Owner: afmuser
--

CREATE INDEX transactions_cart_idx ON public.transactions USING btree (cart_id);


--
-- Name: transactions_created_at_idx; Type: INDEX; Schema: public; Owner: afmuser
--

CREATE INDEX transactions_created_at_idx ON public.transactions USING btree (created_at);


--
-- Name: transactions_customer_idx; Type: INDEX; Schema: public; Owner: afmuser
--

CREATE INDEX transactions_customer_idx ON public.transactions USING btree (customer_id);


--
-- Name: transactions_items_order_idx; Type: INDEX; Schema: public; Owner: afmuser
--

CREATE INDEX transactions_items_order_idx ON public.transactions_items USING btree (_order);


--
-- Name: transactions_items_parent_id_idx; Type: INDEX; Schema: public; Owner: afmuser
--

CREATE INDEX transactions_items_parent_id_idx ON public.transactions_items USING btree (_parent_id);


--
-- Name: transactions_items_product_idx; Type: INDEX; Schema: public; Owner: afmuser
--

CREATE INDEX transactions_items_product_idx ON public.transactions_items USING btree (product_id);


--
-- Name: transactions_items_variant_idx; Type: INDEX; Schema: public; Owner: afmuser
--

CREATE INDEX transactions_items_variant_idx ON public.transactions_items USING btree (variant_id);


--
-- Name: transactions_order_idx; Type: INDEX; Schema: public; Owner: afmuser
--

CREATE INDEX transactions_order_idx ON public.transactions USING btree (order_id);


--
-- Name: transactions_updated_at_idx; Type: INDEX; Schema: public; Owner: afmuser
--

CREATE INDEX transactions_updated_at_idx ON public.transactions USING btree (updated_at);


--
-- Name: users_created_at_idx; Type: INDEX; Schema: public; Owner: afmuser
--

CREATE INDEX users_created_at_idx ON public.users USING btree (created_at);


--
-- Name: users_email_idx; Type: INDEX; Schema: public; Owner: afmuser
--

CREATE UNIQUE INDEX users_email_idx ON public.users USING btree (email);


--
-- Name: users_roles_order_idx; Type: INDEX; Schema: public; Owner: afmuser
--

CREATE INDEX users_roles_order_idx ON public.users_roles USING btree ("order");


--
-- Name: users_roles_parent_idx; Type: INDEX; Schema: public; Owner: afmuser
--

CREATE INDEX users_roles_parent_idx ON public.users_roles USING btree (parent_id);


--
-- Name: users_sessions_order_idx; Type: INDEX; Schema: public; Owner: afmuser
--

CREATE INDEX users_sessions_order_idx ON public.users_sessions USING btree (_order);


--
-- Name: users_sessions_parent_id_idx; Type: INDEX; Schema: public; Owner: afmuser
--

CREATE INDEX users_sessions_parent_id_idx ON public.users_sessions USING btree (_parent_id);


--
-- Name: users_updated_at_idx; Type: INDEX; Schema: public; Owner: afmuser
--

CREATE INDEX users_updated_at_idx ON public.users USING btree (updated_at);


--
-- Name: vacancies_assets_assets_thumbnail_idx; Type: INDEX; Schema: public; Owner: afmuser
--

CREATE INDEX vacancies_assets_assets_thumbnail_idx ON public.vacancies USING btree (assets_thumbnail_id);


--
-- Name: vacancies_created_at_idx; Type: INDEX; Schema: public; Owner: afmuser
--

CREATE INDEX vacancies_created_at_idx ON public.vacancies USING btree (created_at);


--
-- Name: vacancies_details_details_department_idx; Type: INDEX; Schema: public; Owner: afmuser
--

CREATE INDEX vacancies_details_details_department_idx ON public.vacancies USING btree (details_department);


--
-- Name: vacancies_details_details_locations_idx; Type: INDEX; Schema: public; Owner: afmuser
--

CREATE INDEX vacancies_details_details_locations_idx ON public.vacancies USING btree (details_locations);


--
-- Name: vacancies_details_expectations_list_order_idx; Type: INDEX; Schema: public; Owner: afmuser
--

CREATE INDEX vacancies_details_expectations_list_order_idx ON public.vacancies_details_expectations_list USING btree (_order);


--
-- Name: vacancies_details_expectations_list_parent_id_idx; Type: INDEX; Schema: public; Owner: afmuser
--

CREATE INDEX vacancies_details_expectations_list_parent_id_idx ON public.vacancies_details_expectations_list USING btree (_parent_id);


--
-- Name: vacancies_details_positions_list_order_idx; Type: INDEX; Schema: public; Owner: afmuser
--

CREATE INDEX vacancies_details_positions_list_order_idx ON public.vacancies_details_positions_list USING btree (_order);


--
-- Name: vacancies_details_positions_list_parent_id_idx; Type: INDEX; Schema: public; Owner: afmuser
--

CREATE INDEX vacancies_details_positions_list_parent_id_idx ON public.vacancies_details_positions_list USING btree (_parent_id);


--
-- Name: vacancies_details_specifications_list_order_idx; Type: INDEX; Schema: public; Owner: afmuser
--

CREATE INDEX vacancies_details_specifications_list_order_idx ON public.vacancies_details_specifications_list USING btree (_order);


--
-- Name: vacancies_details_specifications_list_parent_id_idx; Type: INDEX; Schema: public; Owner: afmuser
--

CREATE INDEX vacancies_details_specifications_list_parent_id_idx ON public.vacancies_details_specifications_list USING btree (_parent_id);


--
-- Name: vacancies_locales_locale_parent_id_unique; Type: INDEX; Schema: public; Owner: afmuser
--

CREATE UNIQUE INDEX vacancies_locales_locale_parent_id_unique ON public.vacancies_locales USING btree (_locale, _parent_id);


--
-- Name: vacancies_name_idx; Type: INDEX; Schema: public; Owner: afmuser
--

CREATE INDEX vacancies_name_idx ON public.vacancies USING btree (name);


--
-- Name: vacancies_rels_categories_id_idx; Type: INDEX; Schema: public; Owner: afmuser
--

CREATE INDEX vacancies_rels_categories_id_idx ON public.vacancies_rels USING btree (categories_id);


--
-- Name: vacancies_rels_order_idx; Type: INDEX; Schema: public; Owner: afmuser
--

CREATE INDEX vacancies_rels_order_idx ON public.vacancies_rels USING btree ("order");


--
-- Name: vacancies_rels_parent_idx; Type: INDEX; Schema: public; Owner: afmuser
--

CREATE INDEX vacancies_rels_parent_idx ON public.vacancies_rels USING btree (parent_id);


--
-- Name: vacancies_rels_path_idx; Type: INDEX; Schema: public; Owner: afmuser
--

CREATE INDEX vacancies_rels_path_idx ON public.vacancies_rels USING btree (path);


--
-- Name: vacancies_rels_tags_id_idx; Type: INDEX; Schema: public; Owner: afmuser
--

CREATE INDEX vacancies_rels_tags_id_idx ON public.vacancies_rels USING btree (tags_id);


--
-- Name: vacancies_seo_seo_image_idx; Type: INDEX; Schema: public; Owner: afmuser
--

CREATE INDEX vacancies_seo_seo_image_idx ON public.vacancies_locales USING btree (seo_image_id, _locale);


--
-- Name: vacancies_slug_idx; Type: INDEX; Schema: public; Owner: afmuser
--

CREATE UNIQUE INDEX vacancies_slug_idx ON public.vacancies USING btree (slug);


--
-- Name: vacancies_updated_at_idx; Type: INDEX; Schema: public; Owner: afmuser
--

CREATE INDEX vacancies_updated_at_idx ON public.vacancies USING btree (updated_at);


--
-- Name: variant_options__variantoptions_options_order_idx; Type: INDEX; Schema: public; Owner: afmuser
--

CREATE INDEX variant_options__variantoptions_options_order_idx ON public.variant_options USING btree (_variantoptions_options_order);


--
-- Name: variant_options_created_at_idx; Type: INDEX; Schema: public; Owner: afmuser
--

CREATE INDEX variant_options_created_at_idx ON public.variant_options USING btree (created_at);


--
-- Name: variant_options_deleted_at_idx; Type: INDEX; Schema: public; Owner: afmuser
--

CREATE INDEX variant_options_deleted_at_idx ON public.variant_options USING btree (deleted_at);


--
-- Name: variant_options_updated_at_idx; Type: INDEX; Schema: public; Owner: afmuser
--

CREATE INDEX variant_options_updated_at_idx ON public.variant_options USING btree (updated_at);


--
-- Name: variant_options_variant_type_idx; Type: INDEX; Schema: public; Owner: afmuser
--

CREATE INDEX variant_options_variant_type_idx ON public.variant_options USING btree (variant_type_id);


--
-- Name: variant_types_created_at_idx; Type: INDEX; Schema: public; Owner: afmuser
--

CREATE INDEX variant_types_created_at_idx ON public.variant_types USING btree (created_at);


--
-- Name: variant_types_deleted_at_idx; Type: INDEX; Schema: public; Owner: afmuser
--

CREATE INDEX variant_types_deleted_at_idx ON public.variant_types USING btree (deleted_at);


--
-- Name: variant_types_updated_at_idx; Type: INDEX; Schema: public; Owner: afmuser
--

CREATE INDEX variant_types_updated_at_idx ON public.variant_types USING btree (updated_at);


--
-- Name: variants__status_idx; Type: INDEX; Schema: public; Owner: afmuser
--

CREATE INDEX variants__status_idx ON public.variants USING btree (_status);


--
-- Name: variants_created_at_idx; Type: INDEX; Schema: public; Owner: afmuser
--

CREATE INDEX variants_created_at_idx ON public.variants USING btree (created_at);


--
-- Name: variants_deleted_at_idx; Type: INDEX; Schema: public; Owner: afmuser
--

CREATE INDEX variants_deleted_at_idx ON public.variants USING btree (deleted_at);


--
-- Name: variants_product_idx; Type: INDEX; Schema: public; Owner: afmuser
--

CREATE INDEX variants_product_idx ON public.variants USING btree (product_id);


--
-- Name: variants_rels_order_idx; Type: INDEX; Schema: public; Owner: afmuser
--

CREATE INDEX variants_rels_order_idx ON public.variants_rels USING btree ("order");


--
-- Name: variants_rels_parent_idx; Type: INDEX; Schema: public; Owner: afmuser
--

CREATE INDEX variants_rels_parent_idx ON public.variants_rels USING btree (parent_id);


--
-- Name: variants_rels_path_idx; Type: INDEX; Schema: public; Owner: afmuser
--

CREATE INDEX variants_rels_path_idx ON public.variants_rels USING btree (path);


--
-- Name: variants_rels_variant_options_id_idx; Type: INDEX; Schema: public; Owner: afmuser
--

CREATE INDEX variants_rels_variant_options_id_idx ON public.variants_rels USING btree (variant_options_id);


--
-- Name: variants_updated_at_idx; Type: INDEX; Schema: public; Owner: afmuser
--

CREATE INDEX variants_updated_at_idx ON public.variants USING btree (updated_at);


--
-- Name: _products_v_blocks_content_columns _products_v_blocks_content_columns_parent_id_fk; Type: FK CONSTRAINT; Schema: public; Owner: afmuser
--

ALTER TABLE ONLY public._products_v_blocks_content_columns
    ADD CONSTRAINT _products_v_blocks_content_columns_parent_id_fk FOREIGN KEY (_parent_id) REFERENCES public._products_v_blocks_content(id) ON DELETE CASCADE;


--
-- Name: _products_v_blocks_content _products_v_blocks_content_parent_id_fk; Type: FK CONSTRAINT; Schema: public; Owner: afmuser
--

ALTER TABLE ONLY public._products_v_blocks_content
    ADD CONSTRAINT _products_v_blocks_content_parent_id_fk FOREIGN KEY (_parent_id) REFERENCES public._products_v(id) ON DELETE CASCADE;


--
-- Name: _products_v_blocks_cta_links _products_v_blocks_cta_links_parent_id_fk; Type: FK CONSTRAINT; Schema: public; Owner: afmuser
--

ALTER TABLE ONLY public._products_v_blocks_cta_links
    ADD CONSTRAINT _products_v_blocks_cta_links_parent_id_fk FOREIGN KEY (_parent_id) REFERENCES public._products_v_blocks_cta(id) ON DELETE CASCADE;


--
-- Name: _products_v_blocks_cta _products_v_blocks_cta_parent_id_fk; Type: FK CONSTRAINT; Schema: public; Owner: afmuser
--

ALTER TABLE ONLY public._products_v_blocks_cta
    ADD CONSTRAINT _products_v_blocks_cta_parent_id_fk FOREIGN KEY (_parent_id) REFERENCES public._products_v(id) ON DELETE CASCADE;


--
-- Name: _products_v_blocks_media_block _products_v_blocks_media_block_media_id_media_id_fk; Type: FK CONSTRAINT; Schema: public; Owner: afmuser
--

ALTER TABLE ONLY public._products_v_blocks_media_block
    ADD CONSTRAINT _products_v_blocks_media_block_media_id_media_id_fk FOREIGN KEY (media_id) REFERENCES public.media(id) ON DELETE SET NULL;


--
-- Name: _products_v_blocks_media_block _products_v_blocks_media_block_parent_id_fk; Type: FK CONSTRAINT; Schema: public; Owner: afmuser
--

ALTER TABLE ONLY public._products_v_blocks_media_block
    ADD CONSTRAINT _products_v_blocks_media_block_parent_id_fk FOREIGN KEY (_parent_id) REFERENCES public._products_v(id) ON DELETE CASCADE;


--
-- Name: _products_v_locales _products_v_locales_parent_id_fk; Type: FK CONSTRAINT; Schema: public; Owner: afmuser
--

ALTER TABLE ONLY public._products_v_locales
    ADD CONSTRAINT _products_v_locales_parent_id_fk FOREIGN KEY (_parent_id) REFERENCES public._products_v(id) ON DELETE CASCADE;


--
-- Name: _products_v_locales _products_v_locales_version_meta_image_id_media_id_fk; Type: FK CONSTRAINT; Schema: public; Owner: afmuser
--

ALTER TABLE ONLY public._products_v_locales
    ADD CONSTRAINT _products_v_locales_version_meta_image_id_media_id_fk FOREIGN KEY (version_meta_image_id) REFERENCES public.media(id) ON DELETE SET NULL;


--
-- Name: _products_v _products_v_parent_id_products_id_fk; Type: FK CONSTRAINT; Schema: public; Owner: afmuser
--

ALTER TABLE ONLY public._products_v
    ADD CONSTRAINT _products_v_parent_id_products_id_fk FOREIGN KEY (parent_id) REFERENCES public.products(id) ON DELETE SET NULL;


--
-- Name: _products_v_rels _products_v_rels_categories_fk; Type: FK CONSTRAINT; Schema: public; Owner: afmuser
--

ALTER TABLE ONLY public._products_v_rels
    ADD CONSTRAINT _products_v_rels_categories_fk FOREIGN KEY (categories_id) REFERENCES public.categories(id) ON DELETE CASCADE;


--
-- Name: _products_v_rels _products_v_rels_pages_fk; Type: FK CONSTRAINT; Schema: public; Owner: afmuser
--

ALTER TABLE ONLY public._products_v_rels
    ADD CONSTRAINT _products_v_rels_pages_fk FOREIGN KEY (pages_id) REFERENCES public.pages(id) ON DELETE CASCADE;


--
-- Name: _products_v_rels _products_v_rels_parent_fk; Type: FK CONSTRAINT; Schema: public; Owner: afmuser
--

ALTER TABLE ONLY public._products_v_rels
    ADD CONSTRAINT _products_v_rels_parent_fk FOREIGN KEY (parent_id) REFERENCES public._products_v(id) ON DELETE CASCADE;


--
-- Name: _products_v_rels _products_v_rels_products_fk; Type: FK CONSTRAINT; Schema: public; Owner: afmuser
--

ALTER TABLE ONLY public._products_v_rels
    ADD CONSTRAINT _products_v_rels_products_fk FOREIGN KEY (products_id) REFERENCES public.products(id) ON DELETE CASCADE;


--
-- Name: _products_v_rels _products_v_rels_variant_types_fk; Type: FK CONSTRAINT; Schema: public; Owner: afmuser
--

ALTER TABLE ONLY public._products_v_rels
    ADD CONSTRAINT _products_v_rels_variant_types_fk FOREIGN KEY (variant_types_id) REFERENCES public.variant_types(id) ON DELETE CASCADE;


--
-- Name: _products_v_version_gallery _products_v_version_gallery_image_id_media_id_fk; Type: FK CONSTRAINT; Schema: public; Owner: afmuser
--

ALTER TABLE ONLY public._products_v_version_gallery
    ADD CONSTRAINT _products_v_version_gallery_image_id_media_id_fk FOREIGN KEY (image_id) REFERENCES public.media(id) ON DELETE SET NULL;


--
-- Name: _products_v_version_gallery _products_v_version_gallery_parent_id_fk; Type: FK CONSTRAINT; Schema: public; Owner: afmuser
--

ALTER TABLE ONLY public._products_v_version_gallery
    ADD CONSTRAINT _products_v_version_gallery_parent_id_fk FOREIGN KEY (_parent_id) REFERENCES public._products_v(id) ON DELETE CASCADE;


--
-- Name: _products_v_version_gallery _products_v_version_gallery_variant_option_id_variant_options_i; Type: FK CONSTRAINT; Schema: public; Owner: afmuser
--

ALTER TABLE ONLY public._products_v_version_gallery
    ADD CONSTRAINT _products_v_version_gallery_variant_option_id_variant_options_i FOREIGN KEY (variant_option_id) REFERENCES public.variant_options(id) ON DELETE SET NULL;


--
-- Name: _variants_v _variants_v_parent_id_variants_id_fk; Type: FK CONSTRAINT; Schema: public; Owner: afmuser
--

ALTER TABLE ONLY public._variants_v
    ADD CONSTRAINT _variants_v_parent_id_variants_id_fk FOREIGN KEY (parent_id) REFERENCES public.variants(id) ON DELETE SET NULL;


--
-- Name: _variants_v_rels _variants_v_rels_parent_fk; Type: FK CONSTRAINT; Schema: public; Owner: afmuser
--

ALTER TABLE ONLY public._variants_v_rels
    ADD CONSTRAINT _variants_v_rels_parent_fk FOREIGN KEY (parent_id) REFERENCES public._variants_v(id) ON DELETE CASCADE;


--
-- Name: _variants_v_rels _variants_v_rels_variant_options_fk; Type: FK CONSTRAINT; Schema: public; Owner: afmuser
--

ALTER TABLE ONLY public._variants_v_rels
    ADD CONSTRAINT _variants_v_rels_variant_options_fk FOREIGN KEY (variant_options_id) REFERENCES public.variant_options(id) ON DELETE CASCADE;


--
-- Name: _variants_v _variants_v_version_product_id_products_id_fk; Type: FK CONSTRAINT; Schema: public; Owner: afmuser
--

ALTER TABLE ONLY public._variants_v
    ADD CONSTRAINT _variants_v_version_product_id_products_id_fk FOREIGN KEY (version_product_id) REFERENCES public.products(id) ON DELETE SET NULL;


--
-- Name: addresses addresses_customer_id_users_id_fk; Type: FK CONSTRAINT; Schema: public; Owner: afmuser
--

ALTER TABLE ONLY public.addresses
    ADD CONSTRAINT addresses_customer_id_users_id_fk FOREIGN KEY (customer_id) REFERENCES public.users(id) ON DELETE SET NULL;


--
-- Name: announcements_items_locales announcements_items_locales_parent_id_fk; Type: FK CONSTRAINT; Schema: public; Owner: afmuser
--

ALTER TABLE ONLY public.announcements_items_locales
    ADD CONSTRAINT announcements_items_locales_parent_id_fk FOREIGN KEY (_parent_id) REFERENCES public.announcements_items(id) ON DELETE CASCADE;


--
-- Name: announcements_items announcements_items_parent_id_fk; Type: FK CONSTRAINT; Schema: public; Owner: afmuser
--

ALTER TABLE ONLY public.announcements_items
    ADD CONSTRAINT announcements_items_parent_id_fk FOREIGN KEY (_parent_id) REFERENCES public.announcements(id) ON DELETE CASCADE;


--
-- Name: awards awards_assets_candid_id_media_id_fk; Type: FK CONSTRAINT; Schema: public; Owner: afmuser
--

ALTER TABLE ONLY public.awards
    ADD CONSTRAINT awards_assets_candid_id_media_id_fk FOREIGN KEY (assets_candid_id) REFERENCES public.media(id) ON DELETE SET NULL;


--
-- Name: awards awards_assets_thumbnail_id_media_id_fk; Type: FK CONSTRAINT; Schema: public; Owner: afmuser
--

ALTER TABLE ONLY public.awards
    ADD CONSTRAINT awards_assets_thumbnail_id_media_id_fk FOREIGN KEY (assets_thumbnail_id) REFERENCES public.media(id) ON DELETE SET NULL;


--
-- Name: awards awards_assets_video_id_media_id_fk; Type: FK CONSTRAINT; Schema: public; Owner: afmuser
--

ALTER TABLE ONLY public.awards
    ADD CONSTRAINT awards_assets_video_id_media_id_fk FOREIGN KEY (assets_video_id) REFERENCES public.media(id) ON DELETE SET NULL;


--
-- Name: awards_locales awards_locales_parent_id_fk; Type: FK CONSTRAINT; Schema: public; Owner: afmuser
--

ALTER TABLE ONLY public.awards_locales
    ADD CONSTRAINT awards_locales_parent_id_fk FOREIGN KEY (_parent_id) REFERENCES public.awards(id) ON DELETE CASCADE;


--
-- Name: awards_locales awards_locales_seo_image_id_media_id_fk; Type: FK CONSTRAINT; Schema: public; Owner: afmuser
--

ALTER TABLE ONLY public.awards_locales
    ADD CONSTRAINT awards_locales_seo_image_id_media_id_fk FOREIGN KEY (seo_image_id) REFERENCES public.media(id) ON DELETE SET NULL;


--
-- Name: awards_rels awards_rels_categories_fk; Type: FK CONSTRAINT; Schema: public; Owner: afmuser
--

ALTER TABLE ONLY public.awards_rels
    ADD CONSTRAINT awards_rels_categories_fk FOREIGN KEY (categories_id) REFERENCES public.categories(id) ON DELETE CASCADE;


--
-- Name: awards_rels awards_rels_parent_fk; Type: FK CONSTRAINT; Schema: public; Owner: afmuser
--

ALTER TABLE ONLY public.awards_rels
    ADD CONSTRAINT awards_rels_parent_fk FOREIGN KEY (parent_id) REFERENCES public.awards(id) ON DELETE CASCADE;


--
-- Name: awards_rels awards_rels_tags_fk; Type: FK CONSTRAINT; Schema: public; Owner: afmuser
--

ALTER TABLE ONLY public.awards_rels
    ADD CONSTRAINT awards_rels_tags_fk FOREIGN KEY (tags_id) REFERENCES public.tags(id) ON DELETE CASCADE;


--
-- Name: cars cars_assets_avatar_id_media_id_fk; Type: FK CONSTRAINT; Schema: public; Owner: afmuser
--

ALTER TABLE ONLY public.cars
    ADD CONSTRAINT cars_assets_avatar_id_media_id_fk FOREIGN KEY (assets_avatar_id) REFERENCES public.media(id) ON DELETE SET NULL;


--
-- Name: cars cars_assets_cover_id_media_id_fk; Type: FK CONSTRAINT; Schema: public; Owner: afmuser
--

ALTER TABLE ONLY public.cars
    ADD CONSTRAINT cars_assets_cover_id_media_id_fk FOREIGN KEY (assets_cover_id) REFERENCES public.media(id) ON DELETE SET NULL;


--
-- Name: cars cars_assets_thumbnail_id_media_id_fk; Type: FK CONSTRAINT; Schema: public; Owner: afmuser
--

ALTER TABLE ONLY public.cars
    ADD CONSTRAINT cars_assets_thumbnail_id_media_id_fk FOREIGN KEY (assets_thumbnail_id) REFERENCES public.media(id) ON DELETE SET NULL;


--
-- Name: cars cars_assets_video_id_media_id_fk; Type: FK CONSTRAINT; Schema: public; Owner: afmuser
--

ALTER TABLE ONLY public.cars
    ADD CONSTRAINT cars_assets_video_id_media_id_fk FOREIGN KEY (assets_video_id) REFERENCES public.media(id) ON DELETE SET NULL;


--
-- Name: cars_details_classifications_list cars_details_classifications_list_parent_id_fk; Type: FK CONSTRAINT; Schema: public; Owner: afmuser
--

ALTER TABLE ONLY public.cars_details_classifications_list
    ADD CONSTRAINT cars_details_classifications_list_parent_id_fk FOREIGN KEY (_parent_id) REFERENCES public.cars(id) ON DELETE CASCADE;


--
-- Name: cars_details_specifications_list cars_details_specifications_list_parent_id_fk; Type: FK CONSTRAINT; Schema: public; Owner: afmuser
--

ALTER TABLE ONLY public.cars_details_specifications_list
    ADD CONSTRAINT cars_details_specifications_list_parent_id_fk FOREIGN KEY (_parent_id) REFERENCES public.cars(id) ON DELETE CASCADE;


--
-- Name: cars_locales cars_locales_parent_id_fk; Type: FK CONSTRAINT; Schema: public; Owner: afmuser
--

ALTER TABLE ONLY public.cars_locales
    ADD CONSTRAINT cars_locales_parent_id_fk FOREIGN KEY (_parent_id) REFERENCES public.cars(id) ON DELETE CASCADE;


--
-- Name: cars_locales cars_locales_seo_image_id_media_id_fk; Type: FK CONSTRAINT; Schema: public; Owner: afmuser
--

ALTER TABLE ONLY public.cars_locales
    ADD CONSTRAINT cars_locales_seo_image_id_media_id_fk FOREIGN KEY (seo_image_id) REFERENCES public.media(id) ON DELETE SET NULL;


--
-- Name: cars_rels cars_rels_categories_fk; Type: FK CONSTRAINT; Schema: public; Owner: afmuser
--

ALTER TABLE ONLY public.cars_rels
    ADD CONSTRAINT cars_rels_categories_fk FOREIGN KEY (categories_id) REFERENCES public.categories(id) ON DELETE CASCADE;


--
-- Name: cars_rels cars_rels_media_fk; Type: FK CONSTRAINT; Schema: public; Owner: afmuser
--

ALTER TABLE ONLY public.cars_rels
    ADD CONSTRAINT cars_rels_media_fk FOREIGN KEY (media_id) REFERENCES public.media(id) ON DELETE CASCADE;


--
-- Name: cars_rels cars_rels_members_fk; Type: FK CONSTRAINT; Schema: public; Owner: afmuser
--

ALTER TABLE ONLY public.cars_rels
    ADD CONSTRAINT cars_rels_members_fk FOREIGN KEY (members_id) REFERENCES public.members(id) ON DELETE CASCADE;


--
-- Name: cars_rels cars_rels_organizations_fk; Type: FK CONSTRAINT; Schema: public; Owner: afmuser
--

ALTER TABLE ONLY public.cars_rels
    ADD CONSTRAINT cars_rels_organizations_fk FOREIGN KEY (organizations_id) REFERENCES public.organizations(id) ON DELETE CASCADE;


--
-- Name: cars_rels cars_rels_parent_fk; Type: FK CONSTRAINT; Schema: public; Owner: afmuser
--

ALTER TABLE ONLY public.cars_rels
    ADD CONSTRAINT cars_rels_parent_fk FOREIGN KEY (parent_id) REFERENCES public.cars(id) ON DELETE CASCADE;


--
-- Name: cars_rels cars_rels_tags_fk; Type: FK CONSTRAINT; Schema: public; Owner: afmuser
--

ALTER TABLE ONLY public.cars_rels
    ADD CONSTRAINT cars_rels_tags_fk FOREIGN KEY (tags_id) REFERENCES public.tags(id) ON DELETE CASCADE;


--
-- Name: carts carts_customer_id_users_id_fk; Type: FK CONSTRAINT; Schema: public; Owner: afmuser
--

ALTER TABLE ONLY public.carts
    ADD CONSTRAINT carts_customer_id_users_id_fk FOREIGN KEY (customer_id) REFERENCES public.users(id) ON DELETE SET NULL;


--
-- Name: carts_items carts_items_parent_id_fk; Type: FK CONSTRAINT; Schema: public; Owner: afmuser
--

ALTER TABLE ONLY public.carts_items
    ADD CONSTRAINT carts_items_parent_id_fk FOREIGN KEY (_parent_id) REFERENCES public.carts(id) ON DELETE CASCADE;


--
-- Name: carts_items carts_items_product_id_products_id_fk; Type: FK CONSTRAINT; Schema: public; Owner: afmuser
--

ALTER TABLE ONLY public.carts_items
    ADD CONSTRAINT carts_items_product_id_products_id_fk FOREIGN KEY (product_id) REFERENCES public.products(id) ON DELETE SET NULL;


--
-- Name: carts_items carts_items_variant_id_variants_id_fk; Type: FK CONSTRAINT; Schema: public; Owner: afmuser
--

ALTER TABLE ONLY public.carts_items
    ADD CONSTRAINT carts_items_variant_id_variants_id_fk FOREIGN KEY (variant_id) REFERENCES public.variants(id) ON DELETE SET NULL;


--
-- Name: categories_details_type_locales categories_details_type_locales_parent_id_fk; Type: FK CONSTRAINT; Schema: public; Owner: afmuser
--

ALTER TABLE ONLY public.categories_details_type_locales
    ADD CONSTRAINT categories_details_type_locales_parent_id_fk FOREIGN KEY (_parent_id) REFERENCES public.categories_details_type(id) ON DELETE CASCADE;


--
-- Name: categories_details_type categories_details_type_parent_id_fk; Type: FK CONSTRAINT; Schema: public; Owner: afmuser
--

ALTER TABLE ONLY public.categories_details_type
    ADD CONSTRAINT categories_details_type_parent_id_fk FOREIGN KEY (_parent_id) REFERENCES public.categories(id) ON DELETE CASCADE;


--
-- Name: categories_locales categories_locales_parent_id_fk; Type: FK CONSTRAINT; Schema: public; Owner: afmuser
--

ALTER TABLE ONLY public.categories_locales
    ADD CONSTRAINT categories_locales_parent_id_fk FOREIGN KEY (_parent_id) REFERENCES public.categories(id) ON DELETE CASCADE;


--
-- Name: categories_locales categories_locales_seo_image_id_media_id_fk; Type: FK CONSTRAINT; Schema: public; Owner: afmuser
--

ALTER TABLE ONLY public.categories_locales
    ADD CONSTRAINT categories_locales_seo_image_id_media_id_fk FOREIGN KEY (seo_image_id) REFERENCES public.media(id) ON DELETE SET NULL;


--
-- Name: categories_rels categories_rels_categories_fk; Type: FK CONSTRAINT; Schema: public; Owner: afmuser
--

ALTER TABLE ONLY public.categories_rels
    ADD CONSTRAINT categories_rels_categories_fk FOREIGN KEY (categories_id) REFERENCES public.categories(id) ON DELETE CASCADE;


--
-- Name: categories_rels categories_rels_parent_fk; Type: FK CONSTRAINT; Schema: public; Owner: afmuser
--

ALTER TABLE ONLY public.categories_rels
    ADD CONSTRAINT categories_rels_parent_fk FOREIGN KEY (parent_id) REFERENCES public.categories(id) ON DELETE CASCADE;


--
-- Name: categories_rels categories_rels_tags_fk; Type: FK CONSTRAINT; Schema: public; Owner: afmuser
--

ALTER TABLE ONLY public.categories_rels
    ADD CONSTRAINT categories_rels_tags_fk FOREIGN KEY (tags_id) REFERENCES public.tags(id) ON DELETE CASCADE;


--
-- Name: celebrations celebrations_assets_thumbnail_id_media_id_fk; Type: FK CONSTRAINT; Schema: public; Owner: afmuser
--

ALTER TABLE ONLY public.celebrations
    ADD CONSTRAINT celebrations_assets_thumbnail_id_media_id_fk FOREIGN KEY (assets_thumbnail_id) REFERENCES public.media(id) ON DELETE SET NULL;


--
-- Name: celebrations celebrations_assets_video_id_media_id_fk; Type: FK CONSTRAINT; Schema: public; Owner: afmuser
--

ALTER TABLE ONLY public.celebrations
    ADD CONSTRAINT celebrations_assets_video_id_media_id_fk FOREIGN KEY (assets_video_id) REFERENCES public.media(id) ON DELETE SET NULL;


--
-- Name: celebrations_locales celebrations_locales_parent_id_fk; Type: FK CONSTRAINT; Schema: public; Owner: afmuser
--

ALTER TABLE ONLY public.celebrations_locales
    ADD CONSTRAINT celebrations_locales_parent_id_fk FOREIGN KEY (_parent_id) REFERENCES public.celebrations(id) ON DELETE CASCADE;


--
-- Name: celebrations_locales celebrations_locales_seo_image_id_media_id_fk; Type: FK CONSTRAINT; Schema: public; Owner: afmuser
--

ALTER TABLE ONLY public.celebrations_locales
    ADD CONSTRAINT celebrations_locales_seo_image_id_media_id_fk FOREIGN KEY (seo_image_id) REFERENCES public.media(id) ON DELETE SET NULL;


--
-- Name: celebrations_rels celebrations_rels_categories_fk; Type: FK CONSTRAINT; Schema: public; Owner: afmuser
--

ALTER TABLE ONLY public.celebrations_rels
    ADD CONSTRAINT celebrations_rels_categories_fk FOREIGN KEY (categories_id) REFERENCES public.categories(id) ON DELETE CASCADE;


--
-- Name: celebrations_rels celebrations_rels_drivers_fk; Type: FK CONSTRAINT; Schema: public; Owner: afmuser
--

ALTER TABLE ONLY public.celebrations_rels
    ADD CONSTRAINT celebrations_rels_drivers_fk FOREIGN KEY (drivers_id) REFERENCES public.drivers(id) ON DELETE CASCADE;


--
-- Name: celebrations_rels celebrations_rels_leaders_fk; Type: FK CONSTRAINT; Schema: public; Owner: afmuser
--

ALTER TABLE ONLY public.celebrations_rels
    ADD CONSTRAINT celebrations_rels_leaders_fk FOREIGN KEY (leaders_id) REFERENCES public.leaders(id) ON DELETE CASCADE;


--
-- Name: celebrations_rels celebrations_rels_media_fk; Type: FK CONSTRAINT; Schema: public; Owner: afmuser
--

ALTER TABLE ONLY public.celebrations_rels
    ADD CONSTRAINT celebrations_rels_media_fk FOREIGN KEY (media_id) REFERENCES public.media(id) ON DELETE CASCADE;


--
-- Name: celebrations_rels celebrations_rels_parent_fk; Type: FK CONSTRAINT; Schema: public; Owner: afmuser
--

ALTER TABLE ONLY public.celebrations_rels
    ADD CONSTRAINT celebrations_rels_parent_fk FOREIGN KEY (parent_id) REFERENCES public.celebrations(id) ON DELETE CASCADE;


--
-- Name: celebrations_rels celebrations_rels_tags_fk; Type: FK CONSTRAINT; Schema: public; Owner: afmuser
--

ALTER TABLE ONLY public.celebrations_rels
    ADD CONSTRAINT celebrations_rels_tags_fk FOREIGN KEY (tags_id) REFERENCES public.tags(id) ON DELETE CASCADE;


--
-- Name: championships championships_assets_cover_id_media_id_fk; Type: FK CONSTRAINT; Schema: public; Owner: afmuser
--

ALTER TABLE ONLY public.championships
    ADD CONSTRAINT championships_assets_cover_id_media_id_fk FOREIGN KEY (assets_cover_id) REFERENCES public.media(id) ON DELETE SET NULL;


--
-- Name: championships championships_assets_thumbnail_id_media_id_fk; Type: FK CONSTRAINT; Schema: public; Owner: afmuser
--

ALTER TABLE ONLY public.championships
    ADD CONSTRAINT championships_assets_thumbnail_id_media_id_fk FOREIGN KEY (assets_thumbnail_id) REFERENCES public.media(id) ON DELETE SET NULL;


--
-- Name: championships championships_assets_trophy_id_media_id_fk; Type: FK CONSTRAINT; Schema: public; Owner: afmuser
--

ALTER TABLE ONLY public.championships
    ADD CONSTRAINT championships_assets_trophy_id_media_id_fk FOREIGN KEY (assets_trophy_id) REFERENCES public.media(id) ON DELETE SET NULL;


--
-- Name: championships championships_assets_video_id_media_id_fk; Type: FK CONSTRAINT; Schema: public; Owner: afmuser
--

ALTER TABLE ONLY public.championships
    ADD CONSTRAINT championships_assets_video_id_media_id_fk FOREIGN KEY (assets_video_id) REFERENCES public.media(id) ON DELETE SET NULL;


--
-- Name: championships championships_details_points_system_id_points_id_fk; Type: FK CONSTRAINT; Schema: public; Owner: afmuser
--

ALTER TABLE ONLY public.championships
    ADD CONSTRAINT championships_details_points_system_id_points_id_fk FOREIGN KEY (details_points_system_id) REFERENCES public.points(id) ON DELETE SET NULL;


--
-- Name: championships championships_details_regulations_id_regulations_id_fk; Type: FK CONSTRAINT; Schema: public; Owner: afmuser
--

ALTER TABLE ONLY public.championships
    ADD CONSTRAINT championships_details_regulations_id_regulations_id_fk FOREIGN KEY (details_regulations_id) REFERENCES public.regulations(id) ON DELETE SET NULL;


--
-- Name: championships championships_details_runner_up_id_drivers_id_fk; Type: FK CONSTRAINT; Schema: public; Owner: afmuser
--

ALTER TABLE ONLY public.championships
    ADD CONSTRAINT championships_details_runner_up_id_drivers_id_fk FOREIGN KEY (details_runner_up_id) REFERENCES public.drivers(id) ON DELETE SET NULL;


--
-- Name: championships championships_details_season_id_seasons_id_fk; Type: FK CONSTRAINT; Schema: public; Owner: afmuser
--

ALTER TABLE ONLY public.championships
    ADD CONSTRAINT championships_details_season_id_seasons_id_fk FOREIGN KEY (details_season_id) REFERENCES public.seasons(id) ON DELETE SET NULL;


--
-- Name: championships championships_details_series_id_series_id_fk; Type: FK CONSTRAINT; Schema: public; Owner: afmuser
--

ALTER TABLE ONLY public.championships
    ADD CONSTRAINT championships_details_series_id_series_id_fk FOREIGN KEY (details_series_id) REFERENCES public.series(id) ON DELETE SET NULL;


--
-- Name: championships championships_details_third_place_id_drivers_id_fk; Type: FK CONSTRAINT; Schema: public; Owner: afmuser
--

ALTER TABLE ONLY public.championships
    ADD CONSTRAINT championships_details_third_place_id_drivers_id_fk FOREIGN KEY (details_third_place_id) REFERENCES public.drivers(id) ON DELETE SET NULL;


--
-- Name: championships championships_details_winner_id_drivers_id_fk; Type: FK CONSTRAINT; Schema: public; Owner: afmuser
--

ALTER TABLE ONLY public.championships
    ADD CONSTRAINT championships_details_winner_id_drivers_id_fk FOREIGN KEY (details_winner_id) REFERENCES public.drivers(id) ON DELETE SET NULL;


--
-- Name: championships_locales championships_locales_parent_id_fk; Type: FK CONSTRAINT; Schema: public; Owner: afmuser
--

ALTER TABLE ONLY public.championships_locales
    ADD CONSTRAINT championships_locales_parent_id_fk FOREIGN KEY (_parent_id) REFERENCES public.championships(id) ON DELETE CASCADE;


--
-- Name: championships_locales championships_locales_seo_image_id_media_id_fk; Type: FK CONSTRAINT; Schema: public; Owner: afmuser
--

ALTER TABLE ONLY public.championships_locales
    ADD CONSTRAINT championships_locales_seo_image_id_media_id_fk FOREIGN KEY (seo_image_id) REFERENCES public.media(id) ON DELETE SET NULL;


--
-- Name: championships_rels championships_rels_categories_fk; Type: FK CONSTRAINT; Schema: public; Owner: afmuser
--

ALTER TABLE ONLY public.championships_rels
    ADD CONSTRAINT championships_rels_categories_fk FOREIGN KEY (categories_id) REFERENCES public.categories(id) ON DELETE CASCADE;


--
-- Name: championships_rels championships_rels_media_fk; Type: FK CONSTRAINT; Schema: public; Owner: afmuser
--

ALTER TABLE ONLY public.championships_rels
    ADD CONSTRAINT championships_rels_media_fk FOREIGN KEY (media_id) REFERENCES public.media(id) ON DELETE CASCADE;


--
-- Name: championships_rels championships_rels_parent_fk; Type: FK CONSTRAINT; Schema: public; Owner: afmuser
--

ALTER TABLE ONLY public.championships_rels
    ADD CONSTRAINT championships_rels_parent_fk FOREIGN KEY (parent_id) REFERENCES public.championships(id) ON DELETE CASCADE;


--
-- Name: championships_rels championships_rels_tags_fk; Type: FK CONSTRAINT; Schema: public; Owner: afmuser
--

ALTER TABLE ONLY public.championships_rels
    ADD CONSTRAINT championships_rels_tags_fk FOREIGN KEY (tags_id) REFERENCES public.tags(id) ON DELETE CASCADE;


--
-- Name: circuits circuits_assets_circuit_map_id_media_id_fk; Type: FK CONSTRAINT; Schema: public; Owner: afmuser
--

ALTER TABLE ONLY public.circuits
    ADD CONSTRAINT circuits_assets_circuit_map_id_media_id_fk FOREIGN KEY (assets_circuit_map_id) REFERENCES public.media(id) ON DELETE SET NULL;


--
-- Name: circuits circuits_assets_cover_id_media_id_fk; Type: FK CONSTRAINT; Schema: public; Owner: afmuser
--

ALTER TABLE ONLY public.circuits
    ADD CONSTRAINT circuits_assets_cover_id_media_id_fk FOREIGN KEY (assets_cover_id) REFERENCES public.media(id) ON DELETE SET NULL;


--
-- Name: circuits circuits_assets_thumbnail_id_media_id_fk; Type: FK CONSTRAINT; Schema: public; Owner: afmuser
--

ALTER TABLE ONLY public.circuits
    ADD CONSTRAINT circuits_assets_thumbnail_id_media_id_fk FOREIGN KEY (assets_thumbnail_id) REFERENCES public.media(id) ON DELETE SET NULL;


--
-- Name: circuits circuits_assets_video_id_media_id_fk; Type: FK CONSTRAINT; Schema: public; Owner: afmuser
--

ALTER TABLE ONLY public.circuits
    ADD CONSTRAINT circuits_assets_video_id_media_id_fk FOREIGN KEY (assets_video_id) REFERENCES public.media(id) ON DELETE SET NULL;


--
-- Name: circuits circuits_details_country_id_countries_id_fk; Type: FK CONSTRAINT; Schema: public; Owner: afmuser
--

ALTER TABLE ONLY public.circuits
    ADD CONSTRAINT circuits_details_country_id_countries_id_fk FOREIGN KEY (details_country_id) REFERENCES public.countries(id) ON DELETE SET NULL;


--
-- Name: circuits circuits_details_operator_id_organizations_id_fk; Type: FK CONSTRAINT; Schema: public; Owner: afmuser
--

ALTER TABLE ONLY public.circuits
    ADD CONSTRAINT circuits_details_operator_id_organizations_id_fk FOREIGN KEY (details_operator_id) REFERENCES public.organizations(id) ON DELETE SET NULL;


--
-- Name: circuits circuits_details_owner_id_organizations_id_fk; Type: FK CONSTRAINT; Schema: public; Owner: afmuser
--

ALTER TABLE ONLY public.circuits
    ADD CONSTRAINT circuits_details_owner_id_organizations_id_fk FOREIGN KEY (details_owner_id) REFERENCES public.organizations(id) ON DELETE SET NULL;


--
-- Name: circuits_details_renovated_list circuits_details_renovated_list_parent_id_fk; Type: FK CONSTRAINT; Schema: public; Owner: afmuser
--

ALTER TABLE ONLY public.circuits_details_renovated_list
    ADD CONSTRAINT circuits_details_renovated_list_parent_id_fk FOREIGN KEY (_parent_id) REFERENCES public.circuits(id) ON DELETE CASCADE;


--
-- Name: circuits_locales circuits_locales_parent_id_fk; Type: FK CONSTRAINT; Schema: public; Owner: afmuser
--

ALTER TABLE ONLY public.circuits_locales
    ADD CONSTRAINT circuits_locales_parent_id_fk FOREIGN KEY (_parent_id) REFERENCES public.circuits(id) ON DELETE CASCADE;


--
-- Name: circuits_locales circuits_locales_seo_image_id_media_id_fk; Type: FK CONSTRAINT; Schema: public; Owner: afmuser
--

ALTER TABLE ONLY public.circuits_locales
    ADD CONSTRAINT circuits_locales_seo_image_id_media_id_fk FOREIGN KEY (seo_image_id) REFERENCES public.media(id) ON DELETE SET NULL;


--
-- Name: circuits circuits_metrics_record_lap_driver_id_drivers_id_fk; Type: FK CONSTRAINT; Schema: public; Owner: afmuser
--

ALTER TABLE ONLY public.circuits
    ADD CONSTRAINT circuits_metrics_record_lap_driver_id_drivers_id_fk FOREIGN KEY (metrics_record_lap_driver_id) REFERENCES public.drivers(id) ON DELETE SET NULL;


--
-- Name: circuits_rels circuits_rels_categories_fk; Type: FK CONSTRAINT; Schema: public; Owner: afmuser
--

ALTER TABLE ONLY public.circuits_rels
    ADD CONSTRAINT circuits_rels_categories_fk FOREIGN KEY (categories_id) REFERENCES public.categories(id) ON DELETE CASCADE;


--
-- Name: circuits_rels circuits_rels_media_fk; Type: FK CONSTRAINT; Schema: public; Owner: afmuser
--

ALTER TABLE ONLY public.circuits_rels
    ADD CONSTRAINT circuits_rels_media_fk FOREIGN KEY (media_id) REFERENCES public.media(id) ON DELETE CASCADE;


--
-- Name: circuits_rels circuits_rels_parent_fk; Type: FK CONSTRAINT; Schema: public; Owner: afmuser
--

ALTER TABLE ONLY public.circuits_rels
    ADD CONSTRAINT circuits_rels_parent_fk FOREIGN KEY (parent_id) REFERENCES public.circuits(id) ON DELETE CASCADE;


--
-- Name: circuits_rels circuits_rels_tags_fk; Type: FK CONSTRAINT; Schema: public; Owner: afmuser
--

ALTER TABLE ONLY public.circuits_rels
    ADD CONSTRAINT circuits_rels_tags_fk FOREIGN KEY (tags_id) REFERENCES public.tags(id) ON DELETE CASCADE;


--
-- Name: countries countries_basics_flag_id_media_id_fk; Type: FK CONSTRAINT; Schema: public; Owner: afmuser
--

ALTER TABLE ONLY public.countries
    ADD CONSTRAINT countries_basics_flag_id_media_id_fk FOREIGN KEY (basics_flag_id) REFERENCES public.media(id) ON DELETE SET NULL;


--
-- Name: countries_locales countries_locales_parent_id_fk; Type: FK CONSTRAINT; Schema: public; Owner: afmuser
--

ALTER TABLE ONLY public.countries_locales
    ADD CONSTRAINT countries_locales_parent_id_fk FOREIGN KEY (_parent_id) REFERENCES public.countries(id) ON DELETE CASCADE;


--
-- Name: countries_locales countries_locales_seo_image_id_media_id_fk; Type: FK CONSTRAINT; Schema: public; Owner: afmuser
--

ALTER TABLE ONLY public.countries_locales
    ADD CONSTRAINT countries_locales_seo_image_id_media_id_fk FOREIGN KEY (seo_image_id) REFERENCES public.media(id) ON DELETE SET NULL;


--
-- Name: countries_rels countries_rels_categories_fk; Type: FK CONSTRAINT; Schema: public; Owner: afmuser
--

ALTER TABLE ONLY public.countries_rels
    ADD CONSTRAINT countries_rels_categories_fk FOREIGN KEY (categories_id) REFERENCES public.categories(id) ON DELETE CASCADE;


--
-- Name: countries_rels countries_rels_parent_fk; Type: FK CONSTRAINT; Schema: public; Owner: afmuser
--

ALTER TABLE ONLY public.countries_rels
    ADD CONSTRAINT countries_rels_parent_fk FOREIGN KEY (parent_id) REFERENCES public.countries(id) ON DELETE CASCADE;


--
-- Name: countries_rels countries_rels_tags_fk; Type: FK CONSTRAINT; Schema: public; Owner: afmuser
--

ALTER TABLE ONLY public.countries_rels
    ADD CONSTRAINT countries_rels_tags_fk FOREIGN KEY (tags_id) REFERENCES public.tags(id) ON DELETE CASCADE;


--
-- Name: designations_locales designations_locales_parent_id_fk; Type: FK CONSTRAINT; Schema: public; Owner: afmuser
--

ALTER TABLE ONLY public.designations_locales
    ADD CONSTRAINT designations_locales_parent_id_fk FOREIGN KEY (_parent_id) REFERENCES public.designations(id) ON DELETE CASCADE;


--
-- Name: designations_locales designations_locales_seo_image_id_media_id_fk; Type: FK CONSTRAINT; Schema: public; Owner: afmuser
--

ALTER TABLE ONLY public.designations_locales
    ADD CONSTRAINT designations_locales_seo_image_id_media_id_fk FOREIGN KEY (seo_image_id) REFERENCES public.media(id) ON DELETE SET NULL;


--
-- Name: designations_rels designations_rels_categories_fk; Type: FK CONSTRAINT; Schema: public; Owner: afmuser
--

ALTER TABLE ONLY public.designations_rels
    ADD CONSTRAINT designations_rels_categories_fk FOREIGN KEY (categories_id) REFERENCES public.categories(id) ON DELETE CASCADE;


--
-- Name: designations_rels designations_rels_parent_fk; Type: FK CONSTRAINT; Schema: public; Owner: afmuser
--

ALTER TABLE ONLY public.designations_rels
    ADD CONSTRAINT designations_rels_parent_fk FOREIGN KEY (parent_id) REFERENCES public.designations(id) ON DELETE CASCADE;


--
-- Name: designations_rels designations_rels_tags_fk; Type: FK CONSTRAINT; Schema: public; Owner: afmuser
--

ALTER TABLE ONLY public.designations_rels
    ADD CONSTRAINT designations_rels_tags_fk FOREIGN KEY (tags_id) REFERENCES public.tags(id) ON DELETE CASCADE;


--
-- Name: drivers drivers_assets_autograph_id_media_id_fk; Type: FK CONSTRAINT; Schema: public; Owner: afmuser
--

ALTER TABLE ONLY public.drivers
    ADD CONSTRAINT drivers_assets_autograph_id_media_id_fk FOREIGN KEY (assets_autograph_id) REFERENCES public.media(id) ON DELETE SET NULL;


--
-- Name: drivers drivers_assets_avatar_id_media_id_fk; Type: FK CONSTRAINT; Schema: public; Owner: afmuser
--

ALTER TABLE ONLY public.drivers
    ADD CONSTRAINT drivers_assets_avatar_id_media_id_fk FOREIGN KEY (assets_avatar_id) REFERENCES public.media(id) ON DELETE SET NULL;


--
-- Name: drivers drivers_assets_cover_id_media_id_fk; Type: FK CONSTRAINT; Schema: public; Owner: afmuser
--

ALTER TABLE ONLY public.drivers
    ADD CONSTRAINT drivers_assets_cover_id_media_id_fk FOREIGN KEY (assets_cover_id) REFERENCES public.media(id) ON DELETE SET NULL;


--
-- Name: drivers_assets_gallery_list drivers_assets_gallery_list_image_id_media_id_fk; Type: FK CONSTRAINT; Schema: public; Owner: afmuser
--

ALTER TABLE ONLY public.drivers_assets_gallery_list
    ADD CONSTRAINT drivers_assets_gallery_list_image_id_media_id_fk FOREIGN KEY (image_id) REFERENCES public.media(id) ON DELETE SET NULL;


--
-- Name: drivers_assets_gallery_list drivers_assets_gallery_list_parent_id_fk; Type: FK CONSTRAINT; Schema: public; Owner: afmuser
--

ALTER TABLE ONLY public.drivers_assets_gallery_list
    ADD CONSTRAINT drivers_assets_gallery_list_parent_id_fk FOREIGN KEY (_parent_id) REFERENCES public.drivers(id) ON DELETE CASCADE;


--
-- Name: drivers drivers_basics_nationality_id_countries_id_fk; Type: FK CONSTRAINT; Schema: public; Owner: afmuser
--

ALTER TABLE ONLY public.drivers
    ADD CONSTRAINT drivers_basics_nationality_id_countries_id_fk FOREIGN KEY (basics_nationality_id) REFERENCES public.countries(id) ON DELETE SET NULL;


--
-- Name: drivers_details_addresses_list drivers_details_addresses_list_parent_id_fk; Type: FK CONSTRAINT; Schema: public; Owner: afmuser
--

ALTER TABLE ONLY public.drivers_details_addresses_list
    ADD CONSTRAINT drivers_details_addresses_list_parent_id_fk FOREIGN KEY (_parent_id) REFERENCES public.drivers(id) ON DELETE CASCADE;


--
-- Name: drivers_details_socials_list drivers_details_socials_list_parent_id_fk; Type: FK CONSTRAINT; Schema: public; Owner: afmuser
--

ALTER TABLE ONLY public.drivers_details_socials_list
    ADD CONSTRAINT drivers_details_socials_list_parent_id_fk FOREIGN KEY (_parent_id) REFERENCES public.drivers(id) ON DELETE CASCADE;


--
-- Name: drivers_details_websites_list drivers_details_websites_list_parent_id_fk; Type: FK CONSTRAINT; Schema: public; Owner: afmuser
--

ALTER TABLE ONLY public.drivers_details_websites_list
    ADD CONSTRAINT drivers_details_websites_list_parent_id_fk FOREIGN KEY (_parent_id) REFERENCES public.drivers(id) ON DELETE CASCADE;


--
-- Name: drivers_locales drivers_locales_parent_id_fk; Type: FK CONSTRAINT; Schema: public; Owner: afmuser
--

ALTER TABLE ONLY public.drivers_locales
    ADD CONSTRAINT drivers_locales_parent_id_fk FOREIGN KEY (_parent_id) REFERENCES public.drivers(id) ON DELETE CASCADE;


--
-- Name: drivers_locales drivers_locales_seo_image_id_media_id_fk; Type: FK CONSTRAINT; Schema: public; Owner: afmuser
--

ALTER TABLE ONLY public.drivers_locales
    ADD CONSTRAINT drivers_locales_seo_image_id_media_id_fk FOREIGN KEY (seo_image_id) REFERENCES public.media(id) ON DELETE SET NULL;


--
-- Name: drivers_rels drivers_rels_awards_fk; Type: FK CONSTRAINT; Schema: public; Owner: afmuser
--

ALTER TABLE ONLY public.drivers_rels
    ADD CONSTRAINT drivers_rels_awards_fk FOREIGN KEY (awards_id) REFERENCES public.awards(id) ON DELETE CASCADE;


--
-- Name: drivers_rels drivers_rels_cars_fk; Type: FK CONSTRAINT; Schema: public; Owner: afmuser
--

ALTER TABLE ONLY public.drivers_rels
    ADD CONSTRAINT drivers_rels_cars_fk FOREIGN KEY (cars_id) REFERENCES public.cars(id) ON DELETE CASCADE;


--
-- Name: drivers_rels drivers_rels_categories_fk; Type: FK CONSTRAINT; Schema: public; Owner: afmuser
--

ALTER TABLE ONLY public.drivers_rels
    ADD CONSTRAINT drivers_rels_categories_fk FOREIGN KEY (categories_id) REFERENCES public.categories(id) ON DELETE CASCADE;


--
-- Name: drivers_rels drivers_rels_parent_fk; Type: FK CONSTRAINT; Schema: public; Owner: afmuser
--

ALTER TABLE ONLY public.drivers_rels
    ADD CONSTRAINT drivers_rels_parent_fk FOREIGN KEY (parent_id) REFERENCES public.drivers(id) ON DELETE CASCADE;


--
-- Name: drivers_rels drivers_rels_points_fk; Type: FK CONSTRAINT; Schema: public; Owner: afmuser
--

ALTER TABLE ONLY public.drivers_rels
    ADD CONSTRAINT drivers_rels_points_fk FOREIGN KEY (points_id) REFERENCES public.points(id) ON DELETE CASCADE;


--
-- Name: drivers_rels drivers_rels_results_fk; Type: FK CONSTRAINT; Schema: public; Owner: afmuser
--

ALTER TABLE ONLY public.drivers_rels
    ADD CONSTRAINT drivers_rels_results_fk FOREIGN KEY (results_id) REFERENCES public.results(id) ON DELETE CASCADE;


--
-- Name: drivers_rels drivers_rels_skills_fk; Type: FK CONSTRAINT; Schema: public; Owner: afmuser
--

ALTER TABLE ONLY public.drivers_rels
    ADD CONSTRAINT drivers_rels_skills_fk FOREIGN KEY (skills_id) REFERENCES public.skills(id) ON DELETE CASCADE;


--
-- Name: drivers_rels drivers_rels_tags_fk; Type: FK CONSTRAINT; Schema: public; Owner: afmuser
--

ALTER TABLE ONLY public.drivers_rels
    ADD CONSTRAINT drivers_rels_tags_fk FOREIGN KEY (tags_id) REFERENCES public.tags(id) ON DELETE CASCADE;


--
-- Name: entries entries_assets_thumbnail_id_media_id_fk; Type: FK CONSTRAINT; Schema: public; Owner: afmuser
--

ALTER TABLE ONLY public.entries
    ADD CONSTRAINT entries_assets_thumbnail_id_media_id_fk FOREIGN KEY (assets_thumbnail_id) REFERENCES public.media(id) ON DELETE SET NULL;


--
-- Name: entries entries_details_session_id_sessions_id_fk; Type: FK CONSTRAINT; Schema: public; Owner: afmuser
--

ALTER TABLE ONLY public.entries
    ADD CONSTRAINT entries_details_session_id_sessions_id_fk FOREIGN KEY (details_session_id) REFERENCES public.sessions(id) ON DELETE SET NULL;


--
-- Name: entries_locales entries_locales_parent_id_fk; Type: FK CONSTRAINT; Schema: public; Owner: afmuser
--

ALTER TABLE ONLY public.entries_locales
    ADD CONSTRAINT entries_locales_parent_id_fk FOREIGN KEY (_parent_id) REFERENCES public.entries(id) ON DELETE CASCADE;


--
-- Name: entries_locales entries_locales_seo_image_id_media_id_fk; Type: FK CONSTRAINT; Schema: public; Owner: afmuser
--

ALTER TABLE ONLY public.entries_locales
    ADD CONSTRAINT entries_locales_seo_image_id_media_id_fk FOREIGN KEY (seo_image_id) REFERENCES public.media(id) ON DELETE SET NULL;


--
-- Name: entries_rels entries_rels_categories_fk; Type: FK CONSTRAINT; Schema: public; Owner: afmuser
--

ALTER TABLE ONLY public.entries_rels
    ADD CONSTRAINT entries_rels_categories_fk FOREIGN KEY (categories_id) REFERENCES public.categories(id) ON DELETE CASCADE;


--
-- Name: entries_rels entries_rels_media_fk; Type: FK CONSTRAINT; Schema: public; Owner: afmuser
--

ALTER TABLE ONLY public.entries_rels
    ADD CONSTRAINT entries_rels_media_fk FOREIGN KEY (media_id) REFERENCES public.media(id) ON DELETE CASCADE;


--
-- Name: entries_rels entries_rels_parent_fk; Type: FK CONSTRAINT; Schema: public; Owner: afmuser
--

ALTER TABLE ONLY public.entries_rels
    ADD CONSTRAINT entries_rels_parent_fk FOREIGN KEY (parent_id) REFERENCES public.entries(id) ON DELETE CASCADE;


--
-- Name: entries_rels entries_rels_tags_fk; Type: FK CONSTRAINT; Schema: public; Owner: afmuser
--

ALTER TABLE ONLY public.entries_rels
    ADD CONSTRAINT entries_rels_tags_fk FOREIGN KEY (tags_id) REFERENCES public.tags(id) ON DELETE CASCADE;


--
-- Name: events events_assets_cover_id_media_id_fk; Type: FK CONSTRAINT; Schema: public; Owner: afmuser
--

ALTER TABLE ONLY public.events
    ADD CONSTRAINT events_assets_cover_id_media_id_fk FOREIGN KEY (assets_cover_id) REFERENCES public.media(id) ON DELETE SET NULL;


--
-- Name: events events_assets_poster_id_media_id_fk; Type: FK CONSTRAINT; Schema: public; Owner: afmuser
--

ALTER TABLE ONLY public.events
    ADD CONSTRAINT events_assets_poster_id_media_id_fk FOREIGN KEY (assets_poster_id) REFERENCES public.media(id) ON DELETE SET NULL;


--
-- Name: events events_assets_thumbnail_id_media_id_fk; Type: FK CONSTRAINT; Schema: public; Owner: afmuser
--

ALTER TABLE ONLY public.events
    ADD CONSTRAINT events_assets_thumbnail_id_media_id_fk FOREIGN KEY (assets_thumbnail_id) REFERENCES public.media(id) ON DELETE SET NULL;


--
-- Name: events events_details_season_id_seasons_id_fk; Type: FK CONSTRAINT; Schema: public; Owner: afmuser
--

ALTER TABLE ONLY public.events
    ADD CONSTRAINT events_details_season_id_seasons_id_fk FOREIGN KEY (details_season_id) REFERENCES public.seasons(id) ON DELETE SET NULL;


--
-- Name: events_locales events_locales_parent_id_fk; Type: FK CONSTRAINT; Schema: public; Owner: afmuser
--

ALTER TABLE ONLY public.events_locales
    ADD CONSTRAINT events_locales_parent_id_fk FOREIGN KEY (_parent_id) REFERENCES public.events(id) ON DELETE CASCADE;


--
-- Name: events_locales events_locales_seo_image_id_media_id_fk; Type: FK CONSTRAINT; Schema: public; Owner: afmuser
--

ALTER TABLE ONLY public.events_locales
    ADD CONSTRAINT events_locales_seo_image_id_media_id_fk FOREIGN KEY (seo_image_id) REFERENCES public.media(id) ON DELETE SET NULL;


--
-- Name: events_rels events_rels_categories_fk; Type: FK CONSTRAINT; Schema: public; Owner: afmuser
--

ALTER TABLE ONLY public.events_rels
    ADD CONSTRAINT events_rels_categories_fk FOREIGN KEY (categories_id) REFERENCES public.categories(id) ON DELETE CASCADE;


--
-- Name: events_rels events_rels_media_fk; Type: FK CONSTRAINT; Schema: public; Owner: afmuser
--

ALTER TABLE ONLY public.events_rels
    ADD CONSTRAINT events_rels_media_fk FOREIGN KEY (media_id) REFERENCES public.media(id) ON DELETE CASCADE;


--
-- Name: events_rels events_rels_parent_fk; Type: FK CONSTRAINT; Schema: public; Owner: afmuser
--

ALTER TABLE ONLY public.events_rels
    ADD CONSTRAINT events_rels_parent_fk FOREIGN KEY (parent_id) REFERENCES public.events(id) ON DELETE CASCADE;


--
-- Name: events_rels events_rels_tags_fk; Type: FK CONSTRAINT; Schema: public; Owner: afmuser
--

ALTER TABLE ONLY public.events_rels
    ADD CONSTRAINT events_rels_tags_fk FOREIGN KEY (tags_id) REFERENCES public.tags(id) ON DELETE CASCADE;


--
-- Name: footer footer_brand_logo_id_media_id_fk; Type: FK CONSTRAINT; Schema: public; Owner: afmuser
--

ALTER TABLE ONLY public.footer
    ADD CONSTRAINT footer_brand_logo_id_media_id_fk FOREIGN KEY (brand_logo_id) REFERENCES public.media(id) ON DELETE SET NULL;


--
-- Name: footer_columns_links footer_columns_links_parent_id_fk; Type: FK CONSTRAINT; Schema: public; Owner: afmuser
--

ALTER TABLE ONLY public.footer_columns_links
    ADD CONSTRAINT footer_columns_links_parent_id_fk FOREIGN KEY (_parent_id) REFERENCES public.footer_columns(id) ON DELETE CASCADE;


--
-- Name: footer_columns footer_columns_parent_id_fk; Type: FK CONSTRAINT; Schema: public; Owner: afmuser
--

ALTER TABLE ONLY public.footer_columns
    ADD CONSTRAINT footer_columns_parent_id_fk FOREIGN KEY (_parent_id) REFERENCES public.footer(id) ON DELETE CASCADE;


--
-- Name: footer_legal footer_legal_parent_id_fk; Type: FK CONSTRAINT; Schema: public; Owner: afmuser
--

ALTER TABLE ONLY public.footer_legal
    ADD CONSTRAINT footer_legal_parent_id_fk FOREIGN KEY (_parent_id) REFERENCES public.footer(id) ON DELETE CASCADE;


--
-- Name: footer_rels footer_rels_pages_fk; Type: FK CONSTRAINT; Schema: public; Owner: afmuser
--

ALTER TABLE ONLY public.footer_rels
    ADD CONSTRAINT footer_rels_pages_fk FOREIGN KEY (pages_id) REFERENCES public.pages(id) ON DELETE CASCADE;


--
-- Name: footer_rels footer_rels_parent_fk; Type: FK CONSTRAINT; Schema: public; Owner: afmuser
--

ALTER TABLE ONLY public.footer_rels
    ADD CONSTRAINT footer_rels_parent_fk FOREIGN KEY (parent_id) REFERENCES public.footer(id) ON DELETE CASCADE;


--
-- Name: form_submissions form_submissions_form_id_forms_id_fk; Type: FK CONSTRAINT; Schema: public; Owner: afmuser
--

ALTER TABLE ONLY public.form_submissions
    ADD CONSTRAINT form_submissions_form_id_forms_id_fk FOREIGN KEY (form_id) REFERENCES public.forms(id) ON DELETE SET NULL;


--
-- Name: form_submissions_submission_data form_submissions_submission_data_parent_id_fk; Type: FK CONSTRAINT; Schema: public; Owner: afmuser
--

ALTER TABLE ONLY public.form_submissions_submission_data
    ADD CONSTRAINT form_submissions_submission_data_parent_id_fk FOREIGN KEY (_parent_id) REFERENCES public.form_submissions(id) ON DELETE CASCADE;


--
-- Name: forms_blocks_checkbox_locales forms_blocks_checkbox_locales_parent_id_fk; Type: FK CONSTRAINT; Schema: public; Owner: afmuser
--

ALTER TABLE ONLY public.forms_blocks_checkbox_locales
    ADD CONSTRAINT forms_blocks_checkbox_locales_parent_id_fk FOREIGN KEY (_parent_id) REFERENCES public.forms_blocks_checkbox(id) ON DELETE CASCADE;


--
-- Name: forms_blocks_checkbox forms_blocks_checkbox_parent_id_fk; Type: FK CONSTRAINT; Schema: public; Owner: afmuser
--

ALTER TABLE ONLY public.forms_blocks_checkbox
    ADD CONSTRAINT forms_blocks_checkbox_parent_id_fk FOREIGN KEY (_parent_id) REFERENCES public.forms(id) ON DELETE CASCADE;


--
-- Name: forms_blocks_country_locales forms_blocks_country_locales_parent_id_fk; Type: FK CONSTRAINT; Schema: public; Owner: afmuser
--

ALTER TABLE ONLY public.forms_blocks_country_locales
    ADD CONSTRAINT forms_blocks_country_locales_parent_id_fk FOREIGN KEY (_parent_id) REFERENCES public.forms_blocks_country(id) ON DELETE CASCADE;


--
-- Name: forms_blocks_country forms_blocks_country_parent_id_fk; Type: FK CONSTRAINT; Schema: public; Owner: afmuser
--

ALTER TABLE ONLY public.forms_blocks_country
    ADD CONSTRAINT forms_blocks_country_parent_id_fk FOREIGN KEY (_parent_id) REFERENCES public.forms(id) ON DELETE CASCADE;


--
-- Name: forms_blocks_email_locales forms_blocks_email_locales_parent_id_fk; Type: FK CONSTRAINT; Schema: public; Owner: afmuser
--

ALTER TABLE ONLY public.forms_blocks_email_locales
    ADD CONSTRAINT forms_blocks_email_locales_parent_id_fk FOREIGN KEY (_parent_id) REFERENCES public.forms_blocks_email(id) ON DELETE CASCADE;


--
-- Name: forms_blocks_email forms_blocks_email_parent_id_fk; Type: FK CONSTRAINT; Schema: public; Owner: afmuser
--

ALTER TABLE ONLY public.forms_blocks_email
    ADD CONSTRAINT forms_blocks_email_parent_id_fk FOREIGN KEY (_parent_id) REFERENCES public.forms(id) ON DELETE CASCADE;


--
-- Name: forms_blocks_message_locales forms_blocks_message_locales_parent_id_fk; Type: FK CONSTRAINT; Schema: public; Owner: afmuser
--

ALTER TABLE ONLY public.forms_blocks_message_locales
    ADD CONSTRAINT forms_blocks_message_locales_parent_id_fk FOREIGN KEY (_parent_id) REFERENCES public.forms_blocks_message(id) ON DELETE CASCADE;


--
-- Name: forms_blocks_message forms_blocks_message_parent_id_fk; Type: FK CONSTRAINT; Schema: public; Owner: afmuser
--

ALTER TABLE ONLY public.forms_blocks_message
    ADD CONSTRAINT forms_blocks_message_parent_id_fk FOREIGN KEY (_parent_id) REFERENCES public.forms(id) ON DELETE CASCADE;


--
-- Name: forms_blocks_number_locales forms_blocks_number_locales_parent_id_fk; Type: FK CONSTRAINT; Schema: public; Owner: afmuser
--

ALTER TABLE ONLY public.forms_blocks_number_locales
    ADD CONSTRAINT forms_blocks_number_locales_parent_id_fk FOREIGN KEY (_parent_id) REFERENCES public.forms_blocks_number(id) ON DELETE CASCADE;


--
-- Name: forms_blocks_number forms_blocks_number_parent_id_fk; Type: FK CONSTRAINT; Schema: public; Owner: afmuser
--

ALTER TABLE ONLY public.forms_blocks_number
    ADD CONSTRAINT forms_blocks_number_parent_id_fk FOREIGN KEY (_parent_id) REFERENCES public.forms(id) ON DELETE CASCADE;


--
-- Name: forms_blocks_select_locales forms_blocks_select_locales_parent_id_fk; Type: FK CONSTRAINT; Schema: public; Owner: afmuser
--

ALTER TABLE ONLY public.forms_blocks_select_locales
    ADD CONSTRAINT forms_blocks_select_locales_parent_id_fk FOREIGN KEY (_parent_id) REFERENCES public.forms_blocks_select(id) ON DELETE CASCADE;


--
-- Name: forms_blocks_select_options_locales forms_blocks_select_options_locales_parent_id_fk; Type: FK CONSTRAINT; Schema: public; Owner: afmuser
--

ALTER TABLE ONLY public.forms_blocks_select_options_locales
    ADD CONSTRAINT forms_blocks_select_options_locales_parent_id_fk FOREIGN KEY (_parent_id) REFERENCES public.forms_blocks_select_options(id) ON DELETE CASCADE;


--
-- Name: forms_blocks_select_options forms_blocks_select_options_parent_id_fk; Type: FK CONSTRAINT; Schema: public; Owner: afmuser
--

ALTER TABLE ONLY public.forms_blocks_select_options
    ADD CONSTRAINT forms_blocks_select_options_parent_id_fk FOREIGN KEY (_parent_id) REFERENCES public.forms_blocks_select(id) ON DELETE CASCADE;


--
-- Name: forms_blocks_select forms_blocks_select_parent_id_fk; Type: FK CONSTRAINT; Schema: public; Owner: afmuser
--

ALTER TABLE ONLY public.forms_blocks_select
    ADD CONSTRAINT forms_blocks_select_parent_id_fk FOREIGN KEY (_parent_id) REFERENCES public.forms(id) ON DELETE CASCADE;


--
-- Name: forms_blocks_state_locales forms_blocks_state_locales_parent_id_fk; Type: FK CONSTRAINT; Schema: public; Owner: afmuser
--

ALTER TABLE ONLY public.forms_blocks_state_locales
    ADD CONSTRAINT forms_blocks_state_locales_parent_id_fk FOREIGN KEY (_parent_id) REFERENCES public.forms_blocks_state(id) ON DELETE CASCADE;


--
-- Name: forms_blocks_state forms_blocks_state_parent_id_fk; Type: FK CONSTRAINT; Schema: public; Owner: afmuser
--

ALTER TABLE ONLY public.forms_blocks_state
    ADD CONSTRAINT forms_blocks_state_parent_id_fk FOREIGN KEY (_parent_id) REFERENCES public.forms(id) ON DELETE CASCADE;


--
-- Name: forms_blocks_text_locales forms_blocks_text_locales_parent_id_fk; Type: FK CONSTRAINT; Schema: public; Owner: afmuser
--

ALTER TABLE ONLY public.forms_blocks_text_locales
    ADD CONSTRAINT forms_blocks_text_locales_parent_id_fk FOREIGN KEY (_parent_id) REFERENCES public.forms_blocks_text(id) ON DELETE CASCADE;


--
-- Name: forms_blocks_text forms_blocks_text_parent_id_fk; Type: FK CONSTRAINT; Schema: public; Owner: afmuser
--

ALTER TABLE ONLY public.forms_blocks_text
    ADD CONSTRAINT forms_blocks_text_parent_id_fk FOREIGN KEY (_parent_id) REFERENCES public.forms(id) ON DELETE CASCADE;


--
-- Name: forms_blocks_textarea_locales forms_blocks_textarea_locales_parent_id_fk; Type: FK CONSTRAINT; Schema: public; Owner: afmuser
--

ALTER TABLE ONLY public.forms_blocks_textarea_locales
    ADD CONSTRAINT forms_blocks_textarea_locales_parent_id_fk FOREIGN KEY (_parent_id) REFERENCES public.forms_blocks_textarea(id) ON DELETE CASCADE;


--
-- Name: forms_blocks_textarea forms_blocks_textarea_parent_id_fk; Type: FK CONSTRAINT; Schema: public; Owner: afmuser
--

ALTER TABLE ONLY public.forms_blocks_textarea
    ADD CONSTRAINT forms_blocks_textarea_parent_id_fk FOREIGN KEY (_parent_id) REFERENCES public.forms(id) ON DELETE CASCADE;


--
-- Name: forms_emails_locales forms_emails_locales_parent_id_fk; Type: FK CONSTRAINT; Schema: public; Owner: afmuser
--

ALTER TABLE ONLY public.forms_emails_locales
    ADD CONSTRAINT forms_emails_locales_parent_id_fk FOREIGN KEY (_parent_id) REFERENCES public.forms_emails(id) ON DELETE CASCADE;


--
-- Name: forms_emails forms_emails_parent_id_fk; Type: FK CONSTRAINT; Schema: public; Owner: afmuser
--

ALTER TABLE ONLY public.forms_emails
    ADD CONSTRAINT forms_emails_parent_id_fk FOREIGN KEY (_parent_id) REFERENCES public.forms(id) ON DELETE CASCADE;


--
-- Name: forms_locales forms_locales_parent_id_fk; Type: FK CONSTRAINT; Schema: public; Owner: afmuser
--

ALTER TABLE ONLY public.forms_locales
    ADD CONSTRAINT forms_locales_parent_id_fk FOREIGN KEY (_parent_id) REFERENCES public.forms(id) ON DELETE CASCADE;


--
-- Name: garages garages_assets_cover_id_media_id_fk; Type: FK CONSTRAINT; Schema: public; Owner: afmuser
--

ALTER TABLE ONLY public.garages
    ADD CONSTRAINT garages_assets_cover_id_media_id_fk FOREIGN KEY (assets_cover_id) REFERENCES public.media(id) ON DELETE SET NULL;


--
-- Name: garages garages_assets_thumbnail_id_media_id_fk; Type: FK CONSTRAINT; Schema: public; Owner: afmuser
--

ALTER TABLE ONLY public.garages
    ADD CONSTRAINT garages_assets_thumbnail_id_media_id_fk FOREIGN KEY (assets_thumbnail_id) REFERENCES public.media(id) ON DELETE SET NULL;


--
-- Name: garages_details_amenities_list garages_details_amenities_list_parent_id_fk; Type: FK CONSTRAINT; Schema: public; Owner: afmuser
--

ALTER TABLE ONLY public.garages_details_amenities_list
    ADD CONSTRAINT garages_details_amenities_list_parent_id_fk FOREIGN KEY (_parent_id) REFERENCES public.garages(id) ON DELETE CASCADE;


--
-- Name: garages garages_details_ownership_id_organizations_id_fk; Type: FK CONSTRAINT; Schema: public; Owner: afmuser
--

ALTER TABLE ONLY public.garages
    ADD CONSTRAINT garages_details_ownership_id_organizations_id_fk FOREIGN KEY (details_ownership_id) REFERENCES public.organizations(id) ON DELETE SET NULL;


--
-- Name: garages_locales garages_locales_parent_id_fk; Type: FK CONSTRAINT; Schema: public; Owner: afmuser
--

ALTER TABLE ONLY public.garages_locales
    ADD CONSTRAINT garages_locales_parent_id_fk FOREIGN KEY (_parent_id) REFERENCES public.garages(id) ON DELETE CASCADE;


--
-- Name: garages_locales garages_locales_seo_image_id_media_id_fk; Type: FK CONSTRAINT; Schema: public; Owner: afmuser
--

ALTER TABLE ONLY public.garages_locales
    ADD CONSTRAINT garages_locales_seo_image_id_media_id_fk FOREIGN KEY (seo_image_id) REFERENCES public.media(id) ON DELETE SET NULL;


--
-- Name: garages_rels garages_rels_categories_fk; Type: FK CONSTRAINT; Schema: public; Owner: afmuser
--

ALTER TABLE ONLY public.garages_rels
    ADD CONSTRAINT garages_rels_categories_fk FOREIGN KEY (categories_id) REFERENCES public.categories(id) ON DELETE CASCADE;


--
-- Name: garages_rels garages_rels_media_fk; Type: FK CONSTRAINT; Schema: public; Owner: afmuser
--

ALTER TABLE ONLY public.garages_rels
    ADD CONSTRAINT garages_rels_media_fk FOREIGN KEY (media_id) REFERENCES public.media(id) ON DELETE CASCADE;


--
-- Name: garages_rels garages_rels_organizations_fk; Type: FK CONSTRAINT; Schema: public; Owner: afmuser
--

ALTER TABLE ONLY public.garages_rels
    ADD CONSTRAINT garages_rels_organizations_fk FOREIGN KEY (organizations_id) REFERENCES public.organizations(id) ON DELETE CASCADE;


--
-- Name: garages_rels garages_rels_parent_fk; Type: FK CONSTRAINT; Schema: public; Owner: afmuser
--

ALTER TABLE ONLY public.garages_rels
    ADD CONSTRAINT garages_rels_parent_fk FOREIGN KEY (parent_id) REFERENCES public.garages(id) ON DELETE CASCADE;


--
-- Name: garages_rels garages_rels_tags_fk; Type: FK CONSTRAINT; Schema: public; Owner: afmuser
--

ALTER TABLE ONLY public.garages_rels
    ADD CONSTRAINT garages_rels_tags_fk FOREIGN KEY (tags_id) REFERENCES public.tags(id) ON DELETE CASCADE;


--
-- Name: header_nav_items header_nav_items_parent_id_fk; Type: FK CONSTRAINT; Schema: public; Owner: afmuser
--

ALTER TABLE ONLY public.header_nav_items
    ADD CONSTRAINT header_nav_items_parent_id_fk FOREIGN KEY (_parent_id) REFERENCES public.header(id) ON DELETE CASCADE;


--
-- Name: header_rels header_rels_pages_fk; Type: FK CONSTRAINT; Schema: public; Owner: afmuser
--

ALTER TABLE ONLY public.header_rels
    ADD CONSTRAINT header_rels_pages_fk FOREIGN KEY (pages_id) REFERENCES public.pages(id) ON DELETE CASCADE;


--
-- Name: header_rels header_rels_parent_fk; Type: FK CONSTRAINT; Schema: public; Owner: afmuser
--

ALTER TABLE ONLY public.header_rels
    ADD CONSTRAINT header_rels_parent_fk FOREIGN KEY (parent_id) REFERENCES public.header(id) ON DELETE CASCADE;


--
-- Name: header_utility_nav header_utility_nav_parent_id_fk; Type: FK CONSTRAINT; Schema: public; Owner: afmuser
--

ALTER TABLE ONLY public.header_utility_nav
    ADD CONSTRAINT header_utility_nav_parent_id_fk FOREIGN KEY (_parent_id) REFERENCES public.header(id) ON DELETE CASCADE;


--
-- Name: helmets helmets_assets_avatar_id_media_id_fk; Type: FK CONSTRAINT; Schema: public; Owner: afmuser
--

ALTER TABLE ONLY public.helmets
    ADD CONSTRAINT helmets_assets_avatar_id_media_id_fk FOREIGN KEY (assets_avatar_id) REFERENCES public.media(id) ON DELETE SET NULL;


--
-- Name: helmets helmets_assets_thumbnail_id_media_id_fk; Type: FK CONSTRAINT; Schema: public; Owner: afmuser
--

ALTER TABLE ONLY public.helmets
    ADD CONSTRAINT helmets_assets_thumbnail_id_media_id_fk FOREIGN KEY (assets_thumbnail_id) REFERENCES public.media(id) ON DELETE SET NULL;


--
-- Name: helmets helmets_assets_video_id_media_id_fk; Type: FK CONSTRAINT; Schema: public; Owner: afmuser
--

ALTER TABLE ONLY public.helmets
    ADD CONSTRAINT helmets_assets_video_id_media_id_fk FOREIGN KEY (assets_video_id) REFERENCES public.media(id) ON DELETE SET NULL;


--
-- Name: helmets_details_classifications_list helmets_details_classifications_list_parent_id_fk; Type: FK CONSTRAINT; Schema: public; Owner: afmuser
--

ALTER TABLE ONLY public.helmets_details_classifications_list
    ADD CONSTRAINT helmets_details_classifications_list_parent_id_fk FOREIGN KEY (_parent_id) REFERENCES public.helmets(id) ON DELETE CASCADE;


--
-- Name: helmets_details_manufacturers_list helmets_details_manufacturers_list_parent_id_fk; Type: FK CONSTRAINT; Schema: public; Owner: afmuser
--

ALTER TABLE ONLY public.helmets_details_manufacturers_list
    ADD CONSTRAINT helmets_details_manufacturers_list_parent_id_fk FOREIGN KEY (_parent_id) REFERENCES public.helmets(id) ON DELETE CASCADE;


--
-- Name: helmets_locales helmets_locales_parent_id_fk; Type: FK CONSTRAINT; Schema: public; Owner: afmuser
--

ALTER TABLE ONLY public.helmets_locales
    ADD CONSTRAINT helmets_locales_parent_id_fk FOREIGN KEY (_parent_id) REFERENCES public.helmets(id) ON DELETE CASCADE;


--
-- Name: helmets_locales helmets_locales_seo_image_id_media_id_fk; Type: FK CONSTRAINT; Schema: public; Owner: afmuser
--

ALTER TABLE ONLY public.helmets_locales
    ADD CONSTRAINT helmets_locales_seo_image_id_media_id_fk FOREIGN KEY (seo_image_id) REFERENCES public.media(id) ON DELETE SET NULL;


--
-- Name: helmets_rels helmets_rels_categories_fk; Type: FK CONSTRAINT; Schema: public; Owner: afmuser
--

ALTER TABLE ONLY public.helmets_rels
    ADD CONSTRAINT helmets_rels_categories_fk FOREIGN KEY (categories_id) REFERENCES public.categories(id) ON DELETE CASCADE;


--
-- Name: helmets_rels helmets_rels_media_fk; Type: FK CONSTRAINT; Schema: public; Owner: afmuser
--

ALTER TABLE ONLY public.helmets_rels
    ADD CONSTRAINT helmets_rels_media_fk FOREIGN KEY (media_id) REFERENCES public.media(id) ON DELETE CASCADE;


--
-- Name: helmets_rels helmets_rels_parent_fk; Type: FK CONSTRAINT; Schema: public; Owner: afmuser
--

ALTER TABLE ONLY public.helmets_rels
    ADD CONSTRAINT helmets_rels_parent_fk FOREIGN KEY (parent_id) REFERENCES public.helmets(id) ON DELETE CASCADE;


--
-- Name: helmets_rels helmets_rels_tags_fk; Type: FK CONSTRAINT; Schema: public; Owner: afmuser
--

ALTER TABLE ONLY public.helmets_rels
    ADD CONSTRAINT helmets_rels_tags_fk FOREIGN KEY (tags_id) REFERENCES public.tags(id) ON DELETE CASCADE;


--
-- Name: hospitalities hospitalities_assets_cover_id_media_id_fk; Type: FK CONSTRAINT; Schema: public; Owner: afmuser
--

ALTER TABLE ONLY public.hospitalities
    ADD CONSTRAINT hospitalities_assets_cover_id_media_id_fk FOREIGN KEY (assets_cover_id) REFERENCES public.media(id) ON DELETE SET NULL;


--
-- Name: hospitalities hospitalities_assets_thumbnail_id_media_id_fk; Type: FK CONSTRAINT; Schema: public; Owner: afmuser
--

ALTER TABLE ONLY public.hospitalities
    ADD CONSTRAINT hospitalities_assets_thumbnail_id_media_id_fk FOREIGN KEY (assets_thumbnail_id) REFERENCES public.media(id) ON DELETE SET NULL;


--
-- Name: hospitalities hospitalities_details_event_id_events_id_fk; Type: FK CONSTRAINT; Schema: public; Owner: afmuser
--

ALTER TABLE ONLY public.hospitalities
    ADD CONSTRAINT hospitalities_details_event_id_events_id_fk FOREIGN KEY (details_event_id) REFERENCES public.events(id) ON DELETE SET NULL;


--
-- Name: hospitalities_details_exclusions_list hospitalities_details_exclusions_list_parent_id_fk; Type: FK CONSTRAINT; Schema: public; Owner: afmuser
--

ALTER TABLE ONLY public.hospitalities_details_exclusions_list
    ADD CONSTRAINT hospitalities_details_exclusions_list_parent_id_fk FOREIGN KEY (_parent_id) REFERENCES public.hospitalities(id) ON DELETE CASCADE;


--
-- Name: hospitalities_details_inclusions_list hospitalities_details_inclusions_list_parent_id_fk; Type: FK CONSTRAINT; Schema: public; Owner: afmuser
--

ALTER TABLE ONLY public.hospitalities_details_inclusions_list
    ADD CONSTRAINT hospitalities_details_inclusions_list_parent_id_fk FOREIGN KEY (_parent_id) REFERENCES public.hospitalities(id) ON DELETE CASCADE;


--
-- Name: hospitalities_details_requirements_list hospitalities_details_requirements_list_parent_id_fk; Type: FK CONSTRAINT; Schema: public; Owner: afmuser
--

ALTER TABLE ONLY public.hospitalities_details_requirements_list
    ADD CONSTRAINT hospitalities_details_requirements_list_parent_id_fk FOREIGN KEY (_parent_id) REFERENCES public.hospitalities(id) ON DELETE CASCADE;


--
-- Name: hospitalities_locales hospitalities_locales_parent_id_fk; Type: FK CONSTRAINT; Schema: public; Owner: afmuser
--

ALTER TABLE ONLY public.hospitalities_locales
    ADD CONSTRAINT hospitalities_locales_parent_id_fk FOREIGN KEY (_parent_id) REFERENCES public.hospitalities(id) ON DELETE CASCADE;


--
-- Name: hospitalities_locales hospitalities_locales_seo_image_id_media_id_fk; Type: FK CONSTRAINT; Schema: public; Owner: afmuser
--

ALTER TABLE ONLY public.hospitalities_locales
    ADD CONSTRAINT hospitalities_locales_seo_image_id_media_id_fk FOREIGN KEY (seo_image_id) REFERENCES public.media(id) ON DELETE SET NULL;


--
-- Name: hospitalities_rels hospitalities_rels_categories_fk; Type: FK CONSTRAINT; Schema: public; Owner: afmuser
--

ALTER TABLE ONLY public.hospitalities_rels
    ADD CONSTRAINT hospitalities_rels_categories_fk FOREIGN KEY (categories_id) REFERENCES public.categories(id) ON DELETE CASCADE;


--
-- Name: hospitalities_rels hospitalities_rels_media_fk; Type: FK CONSTRAINT; Schema: public; Owner: afmuser
--

ALTER TABLE ONLY public.hospitalities_rels
    ADD CONSTRAINT hospitalities_rels_media_fk FOREIGN KEY (media_id) REFERENCES public.media(id) ON DELETE CASCADE;


--
-- Name: hospitalities_rels hospitalities_rels_parent_fk; Type: FK CONSTRAINT; Schema: public; Owner: afmuser
--

ALTER TABLE ONLY public.hospitalities_rels
    ADD CONSTRAINT hospitalities_rels_parent_fk FOREIGN KEY (parent_id) REFERENCES public.hospitalities(id) ON DELETE CASCADE;


--
-- Name: hospitalities_rels hospitalities_rels_tags_fk; Type: FK CONSTRAINT; Schema: public; Owner: afmuser
--

ALTER TABLE ONLY public.hospitalities_rels
    ADD CONSTRAINT hospitalities_rels_tags_fk FOREIGN KEY (tags_id) REFERENCES public.tags(id) ON DELETE CASCADE;


--
-- Name: identity_locales identity_locales_parent_id_fk; Type: FK CONSTRAINT; Schema: public; Owner: afmuser
--

ALTER TABLE ONLY public.identity_locales
    ADD CONSTRAINT identity_locales_parent_id_fk FOREIGN KEY (_parent_id) REFERENCES public.identity(id) ON DELETE CASCADE;


--
-- Name: identity_rels identity_rels_leaders_fk; Type: FK CONSTRAINT; Schema: public; Owner: afmuser
--

ALTER TABLE ONLY public.identity_rels
    ADD CONSTRAINT identity_rels_leaders_fk FOREIGN KEY (leaders_id) REFERENCES public.leaders(id) ON DELETE CASCADE;


--
-- Name: identity_rels identity_rels_parent_fk; Type: FK CONSTRAINT; Schema: public; Owner: afmuser
--

ALTER TABLE ONLY public.identity_rels
    ADD CONSTRAINT identity_rels_parent_fk FOREIGN KEY (parent_id) REFERENCES public.identity(id) ON DELETE CASCADE;


--
-- Name: identity_sustainability_initiative_names_locales identity_sustainability_initiative_names_locales_parent_i_fk; Type: FK CONSTRAINT; Schema: public; Owner: afmuser
--

ALTER TABLE ONLY public.identity_sustainability_initiative_names_locales
    ADD CONSTRAINT identity_sustainability_initiative_names_locales_parent_i_fk FOREIGN KEY (_parent_id) REFERENCES public.identity_sustainability_initiative_names(id) ON DELETE CASCADE;


--
-- Name: identity_sustainability_initiative_names identity_sustainability_initiative_names_parent_id_fk; Type: FK CONSTRAINT; Schema: public; Owner: afmuser
--

ALTER TABLE ONLY public.identity_sustainability_initiative_names
    ADD CONSTRAINT identity_sustainability_initiative_names_parent_id_fk FOREIGN KEY (_parent_id) REFERENCES public.identity(id) ON DELETE CASCADE;


--
-- Name: identity_values_locales identity_values_locales_parent_id_fk; Type: FK CONSTRAINT; Schema: public; Owner: afmuser
--

ALTER TABLE ONLY public.identity_values_locales
    ADD CONSTRAINT identity_values_locales_parent_id_fk FOREIGN KEY (_parent_id) REFERENCES public.identity_values(id) ON DELETE CASCADE;


--
-- Name: identity_values identity_values_parent_id_fk; Type: FK CONSTRAINT; Schema: public; Owner: afmuser
--

ALTER TABLE ONLY public.identity_values
    ADD CONSTRAINT identity_values_parent_id_fk FOREIGN KEY (_parent_id) REFERENCES public.identity(id) ON DELETE CASCADE;


--
-- Name: identity identity_visual_favicon_id_media_id_fk; Type: FK CONSTRAINT; Schema: public; Owner: afmuser
--

ALTER TABLE ONLY public.identity
    ADD CONSTRAINT identity_visual_favicon_id_media_id_fk FOREIGN KEY (visual_favicon_id) REFERENCES public.media(id) ON DELETE SET NULL;


--
-- Name: identity identity_visual_guidelines_id_media_id_fk; Type: FK CONSTRAINT; Schema: public; Owner: afmuser
--

ALTER TABLE ONLY public.identity
    ADD CONSTRAINT identity_visual_guidelines_id_media_id_fk FOREIGN KEY (visual_guidelines_id) REFERENCES public.media(id) ON DELETE SET NULL;


--
-- Name: identity identity_visual_logo_id_media_id_fk; Type: FK CONSTRAINT; Schema: public; Owner: afmuser
--

ALTER TABLE ONLY public.identity
    ADD CONSTRAINT identity_visual_logo_id_media_id_fk FOREIGN KEY (visual_logo_id) REFERENCES public.media(id) ON DELETE SET NULL;


--
-- Name: identity identity_visual_logo_inverted_id_media_id_fk; Type: FK CONSTRAINT; Schema: public; Owner: afmuser
--

ALTER TABLE ONLY public.identity
    ADD CONSTRAINT identity_visual_logo_inverted_id_media_id_fk FOREIGN KEY (visual_logo_inverted_id) REFERENCES public.media(id) ON DELETE SET NULL;


--
-- Name: identity identity_visual_wordmark_id_media_id_fk; Type: FK CONSTRAINT; Schema: public; Owner: afmuser
--

ALTER TABLE ONLY public.identity
    ADD CONSTRAINT identity_visual_wordmark_id_media_id_fk FOREIGN KEY (visual_wordmark_id) REFERENCES public.media(id) ON DELETE SET NULL;


--
-- Name: identity_voice_tone_keywords_locales identity_voice_tone_keywords_locales_parent_id_fk; Type: FK CONSTRAINT; Schema: public; Owner: afmuser
--

ALTER TABLE ONLY public.identity_voice_tone_keywords_locales
    ADD CONSTRAINT identity_voice_tone_keywords_locales_parent_id_fk FOREIGN KEY (_parent_id) REFERENCES public.identity_voice_tone_keywords(id) ON DELETE CASCADE;


--
-- Name: identity_voice_tone_keywords identity_voice_tone_keywords_parent_id_fk; Type: FK CONSTRAINT; Schema: public; Owner: afmuser
--

ALTER TABLE ONLY public.identity_voice_tone_keywords
    ADD CONSTRAINT identity_voice_tone_keywords_parent_id_fk FOREIGN KEY (_parent_id) REFERENCES public.identity(id) ON DELETE CASCADE;


--
-- Name: incidents incidents_assets_thumbnail_id_media_id_fk; Type: FK CONSTRAINT; Schema: public; Owner: afmuser
--

ALTER TABLE ONLY public.incidents
    ADD CONSTRAINT incidents_assets_thumbnail_id_media_id_fk FOREIGN KEY (assets_thumbnail_id) REFERENCES public.media(id) ON DELETE SET NULL;


--
-- Name: incidents incidents_assets_video_id_media_id_fk; Type: FK CONSTRAINT; Schema: public; Owner: afmuser
--

ALTER TABLE ONLY public.incidents
    ADD CONSTRAINT incidents_assets_video_id_media_id_fk FOREIGN KEY (assets_video_id) REFERENCES public.media(id) ON DELETE SET NULL;


--
-- Name: incidents_locales incidents_locales_parent_id_fk; Type: FK CONSTRAINT; Schema: public; Owner: afmuser
--

ALTER TABLE ONLY public.incidents_locales
    ADD CONSTRAINT incidents_locales_parent_id_fk FOREIGN KEY (_parent_id) REFERENCES public.incidents(id) ON DELETE CASCADE;


--
-- Name: incidents_locales incidents_locales_seo_image_id_media_id_fk; Type: FK CONSTRAINT; Schema: public; Owner: afmuser
--

ALTER TABLE ONLY public.incidents_locales
    ADD CONSTRAINT incidents_locales_seo_image_id_media_id_fk FOREIGN KEY (seo_image_id) REFERENCES public.media(id) ON DELETE SET NULL;


--
-- Name: incidents_rels incidents_rels_cars_fk; Type: FK CONSTRAINT; Schema: public; Owner: afmuser
--

ALTER TABLE ONLY public.incidents_rels
    ADD CONSTRAINT incidents_rels_cars_fk FOREIGN KEY (cars_id) REFERENCES public.cars(id) ON DELETE CASCADE;


--
-- Name: incidents_rels incidents_rels_categories_fk; Type: FK CONSTRAINT; Schema: public; Owner: afmuser
--

ALTER TABLE ONLY public.incidents_rels
    ADD CONSTRAINT incidents_rels_categories_fk FOREIGN KEY (categories_id) REFERENCES public.categories(id) ON DELETE CASCADE;


--
-- Name: incidents_rels incidents_rels_drivers_fk; Type: FK CONSTRAINT; Schema: public; Owner: afmuser
--

ALTER TABLE ONLY public.incidents_rels
    ADD CONSTRAINT incidents_rels_drivers_fk FOREIGN KEY (drivers_id) REFERENCES public.drivers(id) ON DELETE CASCADE;


--
-- Name: incidents_rels incidents_rels_media_fk; Type: FK CONSTRAINT; Schema: public; Owner: afmuser
--

ALTER TABLE ONLY public.incidents_rels
    ADD CONSTRAINT incidents_rels_media_fk FOREIGN KEY (media_id) REFERENCES public.media(id) ON DELETE CASCADE;


--
-- Name: incidents_rels incidents_rels_parent_fk; Type: FK CONSTRAINT; Schema: public; Owner: afmuser
--

ALTER TABLE ONLY public.incidents_rels
    ADD CONSTRAINT incidents_rels_parent_fk FOREIGN KEY (parent_id) REFERENCES public.incidents(id) ON DELETE CASCADE;


--
-- Name: incidents_rels incidents_rels_tags_fk; Type: FK CONSTRAINT; Schema: public; Owner: afmuser
--

ALTER TABLE ONLY public.incidents_rels
    ADD CONSTRAINT incidents_rels_tags_fk FOREIGN KEY (tags_id) REFERENCES public.tags(id) ON DELETE CASCADE;


--
-- Name: individuals individuals_assets_avatar_id_media_id_fk; Type: FK CONSTRAINT; Schema: public; Owner: afmuser
--

ALTER TABLE ONLY public.individuals
    ADD CONSTRAINT individuals_assets_avatar_id_media_id_fk FOREIGN KEY (assets_avatar_id) REFERENCES public.media(id) ON DELETE SET NULL;


--
-- Name: individuals individuals_assets_thumbnail_id_media_id_fk; Type: FK CONSTRAINT; Schema: public; Owner: afmuser
--

ALTER TABLE ONLY public.individuals
    ADD CONSTRAINT individuals_assets_thumbnail_id_media_id_fk FOREIGN KEY (assets_thumbnail_id) REFERENCES public.media(id) ON DELETE SET NULL;


--
-- Name: individuals_locales individuals_locales_parent_id_fk; Type: FK CONSTRAINT; Schema: public; Owner: afmuser
--

ALTER TABLE ONLY public.individuals_locales
    ADD CONSTRAINT individuals_locales_parent_id_fk FOREIGN KEY (_parent_id) REFERENCES public.individuals(id) ON DELETE CASCADE;


--
-- Name: individuals_locales individuals_locales_seo_image_id_media_id_fk; Type: FK CONSTRAINT; Schema: public; Owner: afmuser
--

ALTER TABLE ONLY public.individuals_locales
    ADD CONSTRAINT individuals_locales_seo_image_id_media_id_fk FOREIGN KEY (seo_image_id) REFERENCES public.media(id) ON DELETE SET NULL;


--
-- Name: individuals_rels individuals_rels_categories_fk; Type: FK CONSTRAINT; Schema: public; Owner: afmuser
--

ALTER TABLE ONLY public.individuals_rels
    ADD CONSTRAINT individuals_rels_categories_fk FOREIGN KEY (categories_id) REFERENCES public.categories(id) ON DELETE CASCADE;


--
-- Name: individuals_rels individuals_rels_parent_fk; Type: FK CONSTRAINT; Schema: public; Owner: afmuser
--

ALTER TABLE ONLY public.individuals_rels
    ADD CONSTRAINT individuals_rels_parent_fk FOREIGN KEY (parent_id) REFERENCES public.individuals(id) ON DELETE CASCADE;


--
-- Name: individuals_rels individuals_rels_tags_fk; Type: FK CONSTRAINT; Schema: public; Owner: afmuser
--

ALTER TABLE ONLY public.individuals_rels
    ADD CONSTRAINT individuals_rels_tags_fk FOREIGN KEY (tags_id) REFERENCES public.tags(id) ON DELETE CASCADE;


--
-- Name: initiatives initiatives_assets_candid_id_media_id_fk; Type: FK CONSTRAINT; Schema: public; Owner: afmuser
--

ALTER TABLE ONLY public.initiatives
    ADD CONSTRAINT initiatives_assets_candid_id_media_id_fk FOREIGN KEY (assets_candid_id) REFERENCES public.media(id) ON DELETE SET NULL;


--
-- Name: initiatives initiatives_assets_cover_id_media_id_fk; Type: FK CONSTRAINT; Schema: public; Owner: afmuser
--

ALTER TABLE ONLY public.initiatives
    ADD CONSTRAINT initiatives_assets_cover_id_media_id_fk FOREIGN KEY (assets_cover_id) REFERENCES public.media(id) ON DELETE SET NULL;


--
-- Name: initiatives initiatives_assets_thumbnail_id_media_id_fk; Type: FK CONSTRAINT; Schema: public; Owner: afmuser
--

ALTER TABLE ONLY public.initiatives
    ADD CONSTRAINT initiatives_assets_thumbnail_id_media_id_fk FOREIGN KEY (assets_thumbnail_id) REFERENCES public.media(id) ON DELETE SET NULL;


--
-- Name: initiatives_details_expectations_list initiatives_details_expectations_list_parent_id_fk; Type: FK CONSTRAINT; Schema: public; Owner: afmuser
--

ALTER TABLE ONLY public.initiatives_details_expectations_list
    ADD CONSTRAINT initiatives_details_expectations_list_parent_id_fk FOREIGN KEY (_parent_id) REFERENCES public.initiatives(id) ON DELETE CASCADE;


--
-- Name: initiatives_locales initiatives_locales_parent_id_fk; Type: FK CONSTRAINT; Schema: public; Owner: afmuser
--

ALTER TABLE ONLY public.initiatives_locales
    ADD CONSTRAINT initiatives_locales_parent_id_fk FOREIGN KEY (_parent_id) REFERENCES public.initiatives(id) ON DELETE CASCADE;


--
-- Name: initiatives_locales initiatives_locales_seo_image_id_media_id_fk; Type: FK CONSTRAINT; Schema: public; Owner: afmuser
--

ALTER TABLE ONLY public.initiatives_locales
    ADD CONSTRAINT initiatives_locales_seo_image_id_media_id_fk FOREIGN KEY (seo_image_id) REFERENCES public.media(id) ON DELETE SET NULL;


--
-- Name: initiatives_rels initiatives_rels_categories_fk; Type: FK CONSTRAINT; Schema: public; Owner: afmuser
--

ALTER TABLE ONLY public.initiatives_rels
    ADD CONSTRAINT initiatives_rels_categories_fk FOREIGN KEY (categories_id) REFERENCES public.categories(id) ON DELETE CASCADE;


--
-- Name: initiatives_rels initiatives_rels_media_fk; Type: FK CONSTRAINT; Schema: public; Owner: afmuser
--

ALTER TABLE ONLY public.initiatives_rels
    ADD CONSTRAINT initiatives_rels_media_fk FOREIGN KEY (media_id) REFERENCES public.media(id) ON DELETE CASCADE;


--
-- Name: initiatives_rels initiatives_rels_parent_fk; Type: FK CONSTRAINT; Schema: public; Owner: afmuser
--

ALTER TABLE ONLY public.initiatives_rels
    ADD CONSTRAINT initiatives_rels_parent_fk FOREIGN KEY (parent_id) REFERENCES public.initiatives(id) ON DELETE CASCADE;


--
-- Name: initiatives_rels initiatives_rels_tags_fk; Type: FK CONSTRAINT; Schema: public; Owner: afmuser
--

ALTER TABLE ONLY public.initiatives_rels
    ADD CONSTRAINT initiatives_rels_tags_fk FOREIGN KEY (tags_id) REFERENCES public.tags(id) ON DELETE CASCADE;


--
-- Name: interviews interviews_assets_audio_id_media_id_fk; Type: FK CONSTRAINT; Schema: public; Owner: afmuser
--

ALTER TABLE ONLY public.interviews
    ADD CONSTRAINT interviews_assets_audio_id_media_id_fk FOREIGN KEY (assets_audio_id) REFERENCES public.media(id) ON DELETE SET NULL;


--
-- Name: interviews interviews_assets_cover_id_media_id_fk; Type: FK CONSTRAINT; Schema: public; Owner: afmuser
--

ALTER TABLE ONLY public.interviews
    ADD CONSTRAINT interviews_assets_cover_id_media_id_fk FOREIGN KEY (assets_cover_id) REFERENCES public.media(id) ON DELETE SET NULL;


--
-- Name: interviews interviews_assets_thumbnail_id_media_id_fk; Type: FK CONSTRAINT; Schema: public; Owner: afmuser
--

ALTER TABLE ONLY public.interviews
    ADD CONSTRAINT interviews_assets_thumbnail_id_media_id_fk FOREIGN KEY (assets_thumbnail_id) REFERENCES public.media(id) ON DELETE SET NULL;


--
-- Name: interviews interviews_assets_video_id_media_id_fk; Type: FK CONSTRAINT; Schema: public; Owner: afmuser
--

ALTER TABLE ONLY public.interviews
    ADD CONSTRAINT interviews_assets_video_id_media_id_fk FOREIGN KEY (assets_video_id) REFERENCES public.media(id) ON DELETE SET NULL;


--
-- Name: interviews interviews_details_interviewee_id_individuals_id_fk; Type: FK CONSTRAINT; Schema: public; Owner: afmuser
--

ALTER TABLE ONLY public.interviews
    ADD CONSTRAINT interviews_details_interviewee_id_individuals_id_fk FOREIGN KEY (details_interviewee_id) REFERENCES public.individuals(id) ON DELETE SET NULL;


--
-- Name: interviews interviews_details_interviewer_id_individuals_id_fk; Type: FK CONSTRAINT; Schema: public; Owner: afmuser
--

ALTER TABLE ONLY public.interviews
    ADD CONSTRAINT interviews_details_interviewer_id_individuals_id_fk FOREIGN KEY (details_interviewer_id) REFERENCES public.individuals(id) ON DELETE SET NULL;


--
-- Name: interviews interviews_details_session_id_sessions_id_fk; Type: FK CONSTRAINT; Schema: public; Owner: afmuser
--

ALTER TABLE ONLY public.interviews
    ADD CONSTRAINT interviews_details_session_id_sessions_id_fk FOREIGN KEY (details_session_id) REFERENCES public.sessions(id) ON DELETE SET NULL;


--
-- Name: interviews_details_tags_list interviews_details_tags_list_parent_id_fk; Type: FK CONSTRAINT; Schema: public; Owner: afmuser
--

ALTER TABLE ONLY public.interviews_details_tags_list
    ADD CONSTRAINT interviews_details_tags_list_parent_id_fk FOREIGN KEY (_parent_id) REFERENCES public.interviews(id) ON DELETE CASCADE;


--
-- Name: interviews_locales interviews_locales_parent_id_fk; Type: FK CONSTRAINT; Schema: public; Owner: afmuser
--

ALTER TABLE ONLY public.interviews_locales
    ADD CONSTRAINT interviews_locales_parent_id_fk FOREIGN KEY (_parent_id) REFERENCES public.interviews(id) ON DELETE CASCADE;


--
-- Name: interviews_locales interviews_locales_seo_image_id_media_id_fk; Type: FK CONSTRAINT; Schema: public; Owner: afmuser
--

ALTER TABLE ONLY public.interviews_locales
    ADD CONSTRAINT interviews_locales_seo_image_id_media_id_fk FOREIGN KEY (seo_image_id) REFERENCES public.media(id) ON DELETE SET NULL;


--
-- Name: interviews_rels interviews_rels_categories_fk; Type: FK CONSTRAINT; Schema: public; Owner: afmuser
--

ALTER TABLE ONLY public.interviews_rels
    ADD CONSTRAINT interviews_rels_categories_fk FOREIGN KEY (categories_id) REFERENCES public.categories(id) ON DELETE CASCADE;


--
-- Name: interviews_rels interviews_rels_media_fk; Type: FK CONSTRAINT; Schema: public; Owner: afmuser
--

ALTER TABLE ONLY public.interviews_rels
    ADD CONSTRAINT interviews_rels_media_fk FOREIGN KEY (media_id) REFERENCES public.media(id) ON DELETE CASCADE;


--
-- Name: interviews_rels interviews_rels_parent_fk; Type: FK CONSTRAINT; Schema: public; Owner: afmuser
--

ALTER TABLE ONLY public.interviews_rels
    ADD CONSTRAINT interviews_rels_parent_fk FOREIGN KEY (parent_id) REFERENCES public.interviews(id) ON DELETE CASCADE;


--
-- Name: interviews_rels interviews_rels_tags_fk; Type: FK CONSTRAINT; Schema: public; Owner: afmuser
--

ALTER TABLE ONLY public.interviews_rels
    ADD CONSTRAINT interviews_rels_tags_fk FOREIGN KEY (tags_id) REFERENCES public.tags(id) ON DELETE CASCADE;


--
-- Name: leaders leaders_assets_avatar_id_media_id_fk; Type: FK CONSTRAINT; Schema: public; Owner: afmuser
--

ALTER TABLE ONLY public.leaders
    ADD CONSTRAINT leaders_assets_avatar_id_media_id_fk FOREIGN KEY (assets_avatar_id) REFERENCES public.media(id) ON DELETE SET NULL;


--
-- Name: leaders leaders_assets_cover_id_media_id_fk; Type: FK CONSTRAINT; Schema: public; Owner: afmuser
--

ALTER TABLE ONLY public.leaders
    ADD CONSTRAINT leaders_assets_cover_id_media_id_fk FOREIGN KEY (assets_cover_id) REFERENCES public.media(id) ON DELETE SET NULL;


--
-- Name: leaders leaders_basics_nationality_id_countries_id_fk; Type: FK CONSTRAINT; Schema: public; Owner: afmuser
--

ALTER TABLE ONLY public.leaders
    ADD CONSTRAINT leaders_basics_nationality_id_countries_id_fk FOREIGN KEY (basics_nationality_id) REFERENCES public.countries(id) ON DELETE SET NULL;


--
-- Name: leaders_details_principles_list leaders_details_principles_list_parent_id_fk; Type: FK CONSTRAINT; Schema: public; Owner: afmuser
--

ALTER TABLE ONLY public.leaders_details_principles_list
    ADD CONSTRAINT leaders_details_principles_list_parent_id_fk FOREIGN KEY (_parent_id) REFERENCES public.leaders(id) ON DELETE CASCADE;


--
-- Name: leaders_details_socials_list leaders_details_socials_list_parent_id_fk; Type: FK CONSTRAINT; Schema: public; Owner: afmuser
--

ALTER TABLE ONLY public.leaders_details_socials_list
    ADD CONSTRAINT leaders_details_socials_list_parent_id_fk FOREIGN KEY (_parent_id) REFERENCES public.leaders(id) ON DELETE CASCADE;


--
-- Name: leaders_details_websites_list leaders_details_websites_list_parent_id_fk; Type: FK CONSTRAINT; Schema: public; Owner: afmuser
--

ALTER TABLE ONLY public.leaders_details_websites_list
    ADD CONSTRAINT leaders_details_websites_list_parent_id_fk FOREIGN KEY (_parent_id) REFERENCES public.leaders(id) ON DELETE CASCADE;


--
-- Name: leaders_locales leaders_locales_parent_id_fk; Type: FK CONSTRAINT; Schema: public; Owner: afmuser
--

ALTER TABLE ONLY public.leaders_locales
    ADD CONSTRAINT leaders_locales_parent_id_fk FOREIGN KEY (_parent_id) REFERENCES public.leaders(id) ON DELETE CASCADE;


--
-- Name: leaders_locales leaders_locales_seo_image_id_media_id_fk; Type: FK CONSTRAINT; Schema: public; Owner: afmuser
--

ALTER TABLE ONLY public.leaders_locales
    ADD CONSTRAINT leaders_locales_seo_image_id_media_id_fk FOREIGN KEY (seo_image_id) REFERENCES public.media(id) ON DELETE SET NULL;


--
-- Name: leaders_rels leaders_rels_awards_fk; Type: FK CONSTRAINT; Schema: public; Owner: afmuser
--

ALTER TABLE ONLY public.leaders_rels
    ADD CONSTRAINT leaders_rels_awards_fk FOREIGN KEY (awards_id) REFERENCES public.awards(id) ON DELETE CASCADE;


--
-- Name: leaders_rels leaders_rels_categories_fk; Type: FK CONSTRAINT; Schema: public; Owner: afmuser
--

ALTER TABLE ONLY public.leaders_rels
    ADD CONSTRAINT leaders_rels_categories_fk FOREIGN KEY (categories_id) REFERENCES public.categories(id) ON DELETE CASCADE;


--
-- Name: leaders_rels leaders_rels_designations_fk; Type: FK CONSTRAINT; Schema: public; Owner: afmuser
--

ALTER TABLE ONLY public.leaders_rels
    ADD CONSTRAINT leaders_rels_designations_fk FOREIGN KEY (designations_id) REFERENCES public.designations(id) ON DELETE CASCADE;


--
-- Name: leaders_rels leaders_rels_media_fk; Type: FK CONSTRAINT; Schema: public; Owner: afmuser
--

ALTER TABLE ONLY public.leaders_rels
    ADD CONSTRAINT leaders_rels_media_fk FOREIGN KEY (media_id) REFERENCES public.media(id) ON DELETE CASCADE;


--
-- Name: leaders_rels leaders_rels_parent_fk; Type: FK CONSTRAINT; Schema: public; Owner: afmuser
--

ALTER TABLE ONLY public.leaders_rels
    ADD CONSTRAINT leaders_rels_parent_fk FOREIGN KEY (parent_id) REFERENCES public.leaders(id) ON DELETE CASCADE;


--
-- Name: leaders_rels leaders_rels_tags_fk; Type: FK CONSTRAINT; Schema: public; Owner: afmuser
--

ALTER TABLE ONLY public.leaders_rels
    ADD CONSTRAINT leaders_rels_tags_fk FOREIGN KEY (tags_id) REFERENCES public.tags(id) ON DELETE CASCADE;


--
-- Name: meetups meetups_assets_cover_id_media_id_fk; Type: FK CONSTRAINT; Schema: public; Owner: afmuser
--

ALTER TABLE ONLY public.meetups
    ADD CONSTRAINT meetups_assets_cover_id_media_id_fk FOREIGN KEY (assets_cover_id) REFERENCES public.media(id) ON DELETE SET NULL;


--
-- Name: meetups meetups_assets_thumbnail_id_media_id_fk; Type: FK CONSTRAINT; Schema: public; Owner: afmuser
--

ALTER TABLE ONLY public.meetups
    ADD CONSTRAINT meetups_assets_thumbnail_id_media_id_fk FOREIGN KEY (assets_thumbnail_id) REFERENCES public.media(id) ON DELETE SET NULL;


--
-- Name: meetups meetups_assets_video_id_media_id_fk; Type: FK CONSTRAINT; Schema: public; Owner: afmuser
--

ALTER TABLE ONLY public.meetups
    ADD CONSTRAINT meetups_assets_video_id_media_id_fk FOREIGN KEY (assets_video_id) REFERENCES public.media(id) ON DELETE SET NULL;


--
-- Name: meetups_locales meetups_locales_parent_id_fk; Type: FK CONSTRAINT; Schema: public; Owner: afmuser
--

ALTER TABLE ONLY public.meetups_locales
    ADD CONSTRAINT meetups_locales_parent_id_fk FOREIGN KEY (_parent_id) REFERENCES public.meetups(id) ON DELETE CASCADE;


--
-- Name: meetups_locales meetups_locales_seo_image_id_media_id_fk; Type: FK CONSTRAINT; Schema: public; Owner: afmuser
--

ALTER TABLE ONLY public.meetups_locales
    ADD CONSTRAINT meetups_locales_seo_image_id_media_id_fk FOREIGN KEY (seo_image_id) REFERENCES public.media(id) ON DELETE SET NULL;


--
-- Name: meetups_rels meetups_rels_categories_fk; Type: FK CONSTRAINT; Schema: public; Owner: afmuser
--

ALTER TABLE ONLY public.meetups_rels
    ADD CONSTRAINT meetups_rels_categories_fk FOREIGN KEY (categories_id) REFERENCES public.categories(id) ON DELETE CASCADE;


--
-- Name: meetups_rels meetups_rels_drivers_fk; Type: FK CONSTRAINT; Schema: public; Owner: afmuser
--

ALTER TABLE ONLY public.meetups_rels
    ADD CONSTRAINT meetups_rels_drivers_fk FOREIGN KEY (drivers_id) REFERENCES public.drivers(id) ON DELETE CASCADE;


--
-- Name: meetups_rels meetups_rels_individuals_fk; Type: FK CONSTRAINT; Schema: public; Owner: afmuser
--

ALTER TABLE ONLY public.meetups_rels
    ADD CONSTRAINT meetups_rels_individuals_fk FOREIGN KEY (individuals_id) REFERENCES public.individuals(id) ON DELETE CASCADE;


--
-- Name: meetups_rels meetups_rels_leaders_fk; Type: FK CONSTRAINT; Schema: public; Owner: afmuser
--

ALTER TABLE ONLY public.meetups_rels
    ADD CONSTRAINT meetups_rels_leaders_fk FOREIGN KEY (leaders_id) REFERENCES public.leaders(id) ON DELETE CASCADE;


--
-- Name: meetups_rels meetups_rels_media_fk; Type: FK CONSTRAINT; Schema: public; Owner: afmuser
--

ALTER TABLE ONLY public.meetups_rels
    ADD CONSTRAINT meetups_rels_media_fk FOREIGN KEY (media_id) REFERENCES public.media(id) ON DELETE CASCADE;


--
-- Name: meetups_rels meetups_rels_members_fk; Type: FK CONSTRAINT; Schema: public; Owner: afmuser
--

ALTER TABLE ONLY public.meetups_rels
    ADD CONSTRAINT meetups_rels_members_fk FOREIGN KEY (members_id) REFERENCES public.members(id) ON DELETE CASCADE;


--
-- Name: meetups_rels meetups_rels_organizations_fk; Type: FK CONSTRAINT; Schema: public; Owner: afmuser
--

ALTER TABLE ONLY public.meetups_rels
    ADD CONSTRAINT meetups_rels_organizations_fk FOREIGN KEY (organizations_id) REFERENCES public.organizations(id) ON DELETE CASCADE;


--
-- Name: meetups_rels meetups_rels_parent_fk; Type: FK CONSTRAINT; Schema: public; Owner: afmuser
--

ALTER TABLE ONLY public.meetups_rels
    ADD CONSTRAINT meetups_rels_parent_fk FOREIGN KEY (parent_id) REFERENCES public.meetups(id) ON DELETE CASCADE;


--
-- Name: meetups_rels meetups_rels_tags_fk; Type: FK CONSTRAINT; Schema: public; Owner: afmuser
--

ALTER TABLE ONLY public.meetups_rels
    ADD CONSTRAINT meetups_rels_tags_fk FOREIGN KEY (tags_id) REFERENCES public.tags(id) ON DELETE CASCADE;


--
-- Name: members members_assets_avatar_id_media_id_fk; Type: FK CONSTRAINT; Schema: public; Owner: afmuser
--

ALTER TABLE ONLY public.members
    ADD CONSTRAINT members_assets_avatar_id_media_id_fk FOREIGN KEY (assets_avatar_id) REFERENCES public.media(id) ON DELETE SET NULL;


--
-- Name: members members_assets_cover_id_media_id_fk; Type: FK CONSTRAINT; Schema: public; Owner: afmuser
--

ALTER TABLE ONLY public.members
    ADD CONSTRAINT members_assets_cover_id_media_id_fk FOREIGN KEY (assets_cover_id) REFERENCES public.media(id) ON DELETE SET NULL;


--
-- Name: members members_basics_nationality_id_countries_id_fk; Type: FK CONSTRAINT; Schema: public; Owner: afmuser
--

ALTER TABLE ONLY public.members
    ADD CONSTRAINT members_basics_nationality_id_countries_id_fk FOREIGN KEY (basics_nationality_id) REFERENCES public.countries(id) ON DELETE SET NULL;


--
-- Name: members_details_addresses_list members_details_addresses_list_parent_id_fk; Type: FK CONSTRAINT; Schema: public; Owner: afmuser
--

ALTER TABLE ONLY public.members_details_addresses_list
    ADD CONSTRAINT members_details_addresses_list_parent_id_fk FOREIGN KEY (_parent_id) REFERENCES public.members(id) ON DELETE CASCADE;


--
-- Name: members_locales members_locales_parent_id_fk; Type: FK CONSTRAINT; Schema: public; Owner: afmuser
--

ALTER TABLE ONLY public.members_locales
    ADD CONSTRAINT members_locales_parent_id_fk FOREIGN KEY (_parent_id) REFERENCES public.members(id) ON DELETE CASCADE;


--
-- Name: members_locales members_locales_seo_image_id_media_id_fk; Type: FK CONSTRAINT; Schema: public; Owner: afmuser
--

ALTER TABLE ONLY public.members_locales
    ADD CONSTRAINT members_locales_seo_image_id_media_id_fk FOREIGN KEY (seo_image_id) REFERENCES public.media(id) ON DELETE SET NULL;


--
-- Name: members_rels members_rels_categories_fk; Type: FK CONSTRAINT; Schema: public; Owner: afmuser
--

ALTER TABLE ONLY public.members_rels
    ADD CONSTRAINT members_rels_categories_fk FOREIGN KEY (categories_id) REFERENCES public.categories(id) ON DELETE CASCADE;


--
-- Name: members_rels members_rels_parent_fk; Type: FK CONSTRAINT; Schema: public; Owner: afmuser
--

ALTER TABLE ONLY public.members_rels
    ADD CONSTRAINT members_rels_parent_fk FOREIGN KEY (parent_id) REFERENCES public.members(id) ON DELETE CASCADE;


--
-- Name: members_rels members_rels_skills_fk; Type: FK CONSTRAINT; Schema: public; Owner: afmuser
--

ALTER TABLE ONLY public.members_rels
    ADD CONSTRAINT members_rels_skills_fk FOREIGN KEY (skills_id) REFERENCES public.skills(id) ON DELETE CASCADE;


--
-- Name: members_rels members_rels_tags_fk; Type: FK CONSTRAINT; Schema: public; Owner: afmuser
--

ALTER TABLE ONLY public.members_rels
    ADD CONSTRAINT members_rels_tags_fk FOREIGN KEY (tags_id) REFERENCES public.tags(id) ON DELETE CASCADE;


--
-- Name: members_rels members_rels_trainings_fk; Type: FK CONSTRAINT; Schema: public; Owner: afmuser
--

ALTER TABLE ONLY public.members_rels
    ADD CONSTRAINT members_rels_trainings_fk FOREIGN KEY (trainings_id) REFERENCES public.trainings(id) ON DELETE CASCADE;


--
-- Name: onboardings onboardings_assets_completion_certificate_id_media_id_fk; Type: FK CONSTRAINT; Schema: public; Owner: afmuser
--

ALTER TABLE ONLY public.onboardings
    ADD CONSTRAINT onboardings_assets_completion_certificate_id_media_id_fk FOREIGN KEY (assets_completion_certificate_id) REFERENCES public.media(id) ON DELETE SET NULL;


--
-- Name: onboardings onboardings_assets_cover_id_media_id_fk; Type: FK CONSTRAINT; Schema: public; Owner: afmuser
--

ALTER TABLE ONLY public.onboardings
    ADD CONSTRAINT onboardings_assets_cover_id_media_id_fk FOREIGN KEY (assets_cover_id) REFERENCES public.media(id) ON DELETE SET NULL;


--
-- Name: onboardings onboardings_assets_thumbnail_id_media_id_fk; Type: FK CONSTRAINT; Schema: public; Owner: afmuser
--

ALTER TABLE ONLY public.onboardings
    ADD CONSTRAINT onboardings_assets_thumbnail_id_media_id_fk FOREIGN KEY (assets_thumbnail_id) REFERENCES public.media(id) ON DELETE SET NULL;


--
-- Name: onboardings onboardings_details_assigned_by_id_members_id_fk; Type: FK CONSTRAINT; Schema: public; Owner: afmuser
--

ALTER TABLE ONLY public.onboardings
    ADD CONSTRAINT onboardings_details_assigned_by_id_members_id_fk FOREIGN KEY (details_assigned_by_id) REFERENCES public.members(id) ON DELETE SET NULL;


--
-- Name: onboardings onboardings_details_assigned_to_id_individuals_id_fk; Type: FK CONSTRAINT; Schema: public; Owner: afmuser
--

ALTER TABLE ONLY public.onboardings
    ADD CONSTRAINT onboardings_details_assigned_to_id_individuals_id_fk FOREIGN KEY (details_assigned_to_id) REFERENCES public.individuals(id) ON DELETE SET NULL;


--
-- Name: onboardings_locales onboardings_locales_parent_id_fk; Type: FK CONSTRAINT; Schema: public; Owner: afmuser
--

ALTER TABLE ONLY public.onboardings_locales
    ADD CONSTRAINT onboardings_locales_parent_id_fk FOREIGN KEY (_parent_id) REFERENCES public.onboardings(id) ON DELETE CASCADE;


--
-- Name: onboardings_locales onboardings_locales_seo_image_id_media_id_fk; Type: FK CONSTRAINT; Schema: public; Owner: afmuser
--

ALTER TABLE ONLY public.onboardings_locales
    ADD CONSTRAINT onboardings_locales_seo_image_id_media_id_fk FOREIGN KEY (seo_image_id) REFERENCES public.media(id) ON DELETE SET NULL;


--
-- Name: onboardings_rels onboardings_rels_categories_fk; Type: FK CONSTRAINT; Schema: public; Owner: afmuser
--

ALTER TABLE ONLY public.onboardings_rels
    ADD CONSTRAINT onboardings_rels_categories_fk FOREIGN KEY (categories_id) REFERENCES public.categories(id) ON DELETE CASCADE;


--
-- Name: onboardings_rels onboardings_rels_media_fk; Type: FK CONSTRAINT; Schema: public; Owner: afmuser
--

ALTER TABLE ONLY public.onboardings_rels
    ADD CONSTRAINT onboardings_rels_media_fk FOREIGN KEY (media_id) REFERENCES public.media(id) ON DELETE CASCADE;


--
-- Name: onboardings_rels onboardings_rels_parent_fk; Type: FK CONSTRAINT; Schema: public; Owner: afmuser
--

ALTER TABLE ONLY public.onboardings_rels
    ADD CONSTRAINT onboardings_rels_parent_fk FOREIGN KEY (parent_id) REFERENCES public.onboardings(id) ON DELETE CASCADE;


--
-- Name: onboardings_rels onboardings_rels_tags_fk; Type: FK CONSTRAINT; Schema: public; Owner: afmuser
--

ALTER TABLE ONLY public.onboardings_rels
    ADD CONSTRAINT onboardings_rels_tags_fk FOREIGN KEY (tags_id) REFERENCES public.tags(id) ON DELETE CASCADE;


--
-- Name: onboardings_traits_checklist_list onboardings_traits_checklist_list_parent_id_fk; Type: FK CONSTRAINT; Schema: public; Owner: afmuser
--

ALTER TABLE ONLY public.onboardings_traits_checklist_list
    ADD CONSTRAINT onboardings_traits_checklist_list_parent_id_fk FOREIGN KEY (_parent_id) REFERENCES public.onboardings(id) ON DELETE CASCADE;


--
-- Name: onboardings_traits_modules_list onboardings_traits_modules_list_parent_id_fk; Type: FK CONSTRAINT; Schema: public; Owner: afmuser
--

ALTER TABLE ONLY public.onboardings_traits_modules_list
    ADD CONSTRAINT onboardings_traits_modules_list_parent_id_fk FOREIGN KEY (_parent_id) REFERENCES public.onboardings(id) ON DELETE CASCADE;


--
-- Name: onboardings_traits_quizzes_list onboardings_traits_quizzes_list_parent_id_fk; Type: FK CONSTRAINT; Schema: public; Owner: afmuser
--

ALTER TABLE ONLY public.onboardings_traits_quizzes_list
    ADD CONSTRAINT onboardings_traits_quizzes_list_parent_id_fk FOREIGN KEY (_parent_id) REFERENCES public.onboardings(id) ON DELETE CASCADE;


--
-- Name: orders orders_customer_id_users_id_fk; Type: FK CONSTRAINT; Schema: public; Owner: afmuser
--

ALTER TABLE ONLY public.orders
    ADD CONSTRAINT orders_customer_id_users_id_fk FOREIGN KEY (customer_id) REFERENCES public.users(id) ON DELETE SET NULL;


--
-- Name: orders_items orders_items_parent_id_fk; Type: FK CONSTRAINT; Schema: public; Owner: afmuser
--

ALTER TABLE ONLY public.orders_items
    ADD CONSTRAINT orders_items_parent_id_fk FOREIGN KEY (_parent_id) REFERENCES public.orders(id) ON DELETE CASCADE;


--
-- Name: orders_items orders_items_product_id_products_id_fk; Type: FK CONSTRAINT; Schema: public; Owner: afmuser
--

ALTER TABLE ONLY public.orders_items
    ADD CONSTRAINT orders_items_product_id_products_id_fk FOREIGN KEY (product_id) REFERENCES public.products(id) ON DELETE SET NULL;


--
-- Name: orders_items orders_items_variant_id_variants_id_fk; Type: FK CONSTRAINT; Schema: public; Owner: afmuser
--

ALTER TABLE ONLY public.orders_items
    ADD CONSTRAINT orders_items_variant_id_variants_id_fk FOREIGN KEY (variant_id) REFERENCES public.variants(id) ON DELETE SET NULL;


--
-- Name: orders_rels orders_rels_parent_fk; Type: FK CONSTRAINT; Schema: public; Owner: afmuser
--

ALTER TABLE ONLY public.orders_rels
    ADD CONSTRAINT orders_rels_parent_fk FOREIGN KEY (parent_id) REFERENCES public.orders(id) ON DELETE CASCADE;


--
-- Name: orders_rels orders_rels_transactions_fk; Type: FK CONSTRAINT; Schema: public; Owner: afmuser
--

ALTER TABLE ONLY public.orders_rels
    ADD CONSTRAINT orders_rels_transactions_fk FOREIGN KEY (transactions_id) REFERENCES public.transactions(id) ON DELETE CASCADE;


--
-- Name: organizations organizations_assets_alt_logo_id_media_id_fk; Type: FK CONSTRAINT; Schema: public; Owner: afmuser
--

ALTER TABLE ONLY public.organizations
    ADD CONSTRAINT organizations_assets_alt_logo_id_media_id_fk FOREIGN KEY (assets_alt_logo_id) REFERENCES public.media(id) ON DELETE SET NULL;


--
-- Name: organizations organizations_assets_logo_id_media_id_fk; Type: FK CONSTRAINT; Schema: public; Owner: afmuser
--

ALTER TABLE ONLY public.organizations
    ADD CONSTRAINT organizations_assets_logo_id_media_id_fk FOREIGN KEY (assets_logo_id) REFERENCES public.media(id) ON DELETE SET NULL;


--
-- Name: organizations_details_benefits_list organizations_details_benefits_list_parent_id_fk; Type: FK CONSTRAINT; Schema: public; Owner: afmuser
--

ALTER TABLE ONLY public.organizations_details_benefits_list
    ADD CONSTRAINT organizations_details_benefits_list_parent_id_fk FOREIGN KEY (_parent_id) REFERENCES public.organizations(id) ON DELETE CASCADE;


--
-- Name: organizations_details_socials_list organizations_details_socials_list_parent_id_fk; Type: FK CONSTRAINT; Schema: public; Owner: afmuser
--

ALTER TABLE ONLY public.organizations_details_socials_list
    ADD CONSTRAINT organizations_details_socials_list_parent_id_fk FOREIGN KEY (_parent_id) REFERENCES public.organizations(id) ON DELETE CASCADE;


--
-- Name: organizations_details_websites_list organizations_details_websites_list_parent_id_fk; Type: FK CONSTRAINT; Schema: public; Owner: afmuser
--

ALTER TABLE ONLY public.organizations_details_websites_list
    ADD CONSTRAINT organizations_details_websites_list_parent_id_fk FOREIGN KEY (_parent_id) REFERENCES public.organizations(id) ON DELETE CASCADE;


--
-- Name: organizations_locales organizations_locales_parent_id_fk; Type: FK CONSTRAINT; Schema: public; Owner: afmuser
--

ALTER TABLE ONLY public.organizations_locales
    ADD CONSTRAINT organizations_locales_parent_id_fk FOREIGN KEY (_parent_id) REFERENCES public.organizations(id) ON DELETE CASCADE;


--
-- Name: organizations_locales organizations_locales_seo_image_id_media_id_fk; Type: FK CONSTRAINT; Schema: public; Owner: afmuser
--

ALTER TABLE ONLY public.organizations_locales
    ADD CONSTRAINT organizations_locales_seo_image_id_media_id_fk FOREIGN KEY (seo_image_id) REFERENCES public.media(id) ON DELETE SET NULL;


--
-- Name: organizations_rels organizations_rels_categories_fk; Type: FK CONSTRAINT; Schema: public; Owner: afmuser
--

ALTER TABLE ONLY public.organizations_rels
    ADD CONSTRAINT organizations_rels_categories_fk FOREIGN KEY (categories_id) REFERENCES public.categories(id) ON DELETE CASCADE;


--
-- Name: organizations_rels organizations_rels_parent_fk; Type: FK CONSTRAINT; Schema: public; Owner: afmuser
--

ALTER TABLE ONLY public.organizations_rels
    ADD CONSTRAINT organizations_rels_parent_fk FOREIGN KEY (parent_id) REFERENCES public.organizations(id) ON DELETE CASCADE;


--
-- Name: organizations_rels organizations_rels_tags_fk; Type: FK CONSTRAINT; Schema: public; Owner: afmuser
--

ALTER TABLE ONLY public.organizations_rels
    ADD CONSTRAINT organizations_rels_tags_fk FOREIGN KEY (tags_id) REFERENCES public.tags(id) ON DELETE CASCADE;


--
-- Name: pages_locales pages_locales_parent_id_fk; Type: FK CONSTRAINT; Schema: public; Owner: afmuser
--

ALTER TABLE ONLY public.pages_locales
    ADD CONSTRAINT pages_locales_parent_id_fk FOREIGN KEY (_parent_id) REFERENCES public.pages(id) ON DELETE CASCADE;


--
-- Name: pages_locales pages_locales_seo_image_id_media_id_fk; Type: FK CONSTRAINT; Schema: public; Owner: afmuser
--

ALTER TABLE ONLY public.pages_locales
    ADD CONSTRAINT pages_locales_seo_image_id_media_id_fk FOREIGN KEY (seo_image_id) REFERENCES public.media(id) ON DELETE SET NULL;


--
-- Name: pages_rels pages_rels_categories_fk; Type: FK CONSTRAINT; Schema: public; Owner: afmuser
--

ALTER TABLE ONLY public.pages_rels
    ADD CONSTRAINT pages_rels_categories_fk FOREIGN KEY (categories_id) REFERENCES public.categories(id) ON DELETE CASCADE;


--
-- Name: pages_rels pages_rels_parent_fk; Type: FK CONSTRAINT; Schema: public; Owner: afmuser
--

ALTER TABLE ONLY public.pages_rels
    ADD CONSTRAINT pages_rels_parent_fk FOREIGN KEY (parent_id) REFERENCES public.pages(id) ON DELETE CASCADE;


--
-- Name: pages_rels pages_rels_tags_fk; Type: FK CONSTRAINT; Schema: public; Owner: afmuser
--

ALTER TABLE ONLY public.pages_rels
    ADD CONSTRAINT pages_rels_tags_fk FOREIGN KEY (tags_id) REFERENCES public.tags(id) ON DELETE CASCADE;


--
-- Name: payload_locked_documents_rels payload_locked_documents_rels_addresses_fk; Type: FK CONSTRAINT; Schema: public; Owner: afmuser
--

ALTER TABLE ONLY public.payload_locked_documents_rels
    ADD CONSTRAINT payload_locked_documents_rels_addresses_fk FOREIGN KEY (addresses_id) REFERENCES public.addresses(id) ON DELETE CASCADE;


--
-- Name: payload_locked_documents_rels payload_locked_documents_rels_awards_fk; Type: FK CONSTRAINT; Schema: public; Owner: afmuser
--

ALTER TABLE ONLY public.payload_locked_documents_rels
    ADD CONSTRAINT payload_locked_documents_rels_awards_fk FOREIGN KEY (awards_id) REFERENCES public.awards(id) ON DELETE CASCADE;


--
-- Name: payload_locked_documents_rels payload_locked_documents_rels_cars_fk; Type: FK CONSTRAINT; Schema: public; Owner: afmuser
--

ALTER TABLE ONLY public.payload_locked_documents_rels
    ADD CONSTRAINT payload_locked_documents_rels_cars_fk FOREIGN KEY (cars_id) REFERENCES public.cars(id) ON DELETE CASCADE;


--
-- Name: payload_locked_documents_rels payload_locked_documents_rels_carts_fk; Type: FK CONSTRAINT; Schema: public; Owner: afmuser
--

ALTER TABLE ONLY public.payload_locked_documents_rels
    ADD CONSTRAINT payload_locked_documents_rels_carts_fk FOREIGN KEY (carts_id) REFERENCES public.carts(id) ON DELETE CASCADE;


--
-- Name: payload_locked_documents_rels payload_locked_documents_rels_categories_fk; Type: FK CONSTRAINT; Schema: public; Owner: afmuser
--

ALTER TABLE ONLY public.payload_locked_documents_rels
    ADD CONSTRAINT payload_locked_documents_rels_categories_fk FOREIGN KEY (categories_id) REFERENCES public.categories(id) ON DELETE CASCADE;


--
-- Name: payload_locked_documents_rels payload_locked_documents_rels_celebrations_fk; Type: FK CONSTRAINT; Schema: public; Owner: afmuser
--

ALTER TABLE ONLY public.payload_locked_documents_rels
    ADD CONSTRAINT payload_locked_documents_rels_celebrations_fk FOREIGN KEY (celebrations_id) REFERENCES public.celebrations(id) ON DELETE CASCADE;


--
-- Name: payload_locked_documents_rels payload_locked_documents_rels_championships_fk; Type: FK CONSTRAINT; Schema: public; Owner: afmuser
--

ALTER TABLE ONLY public.payload_locked_documents_rels
    ADD CONSTRAINT payload_locked_documents_rels_championships_fk FOREIGN KEY (championships_id) REFERENCES public.championships(id) ON DELETE CASCADE;


--
-- Name: payload_locked_documents_rels payload_locked_documents_rels_circuits_fk; Type: FK CONSTRAINT; Schema: public; Owner: afmuser
--

ALTER TABLE ONLY public.payload_locked_documents_rels
    ADD CONSTRAINT payload_locked_documents_rels_circuits_fk FOREIGN KEY (circuits_id) REFERENCES public.circuits(id) ON DELETE CASCADE;


--
-- Name: payload_locked_documents_rels payload_locked_documents_rels_countries_fk; Type: FK CONSTRAINT; Schema: public; Owner: afmuser
--

ALTER TABLE ONLY public.payload_locked_documents_rels
    ADD CONSTRAINT payload_locked_documents_rels_countries_fk FOREIGN KEY (countries_id) REFERENCES public.countries(id) ON DELETE CASCADE;


--
-- Name: payload_locked_documents_rels payload_locked_documents_rels_designations_fk; Type: FK CONSTRAINT; Schema: public; Owner: afmuser
--

ALTER TABLE ONLY public.payload_locked_documents_rels
    ADD CONSTRAINT payload_locked_documents_rels_designations_fk FOREIGN KEY (designations_id) REFERENCES public.designations(id) ON DELETE CASCADE;


--
-- Name: payload_locked_documents_rels payload_locked_documents_rels_drivers_fk; Type: FK CONSTRAINT; Schema: public; Owner: afmuser
--

ALTER TABLE ONLY public.payload_locked_documents_rels
    ADD CONSTRAINT payload_locked_documents_rels_drivers_fk FOREIGN KEY (drivers_id) REFERENCES public.drivers(id) ON DELETE CASCADE;


--
-- Name: payload_locked_documents_rels payload_locked_documents_rels_entries_fk; Type: FK CONSTRAINT; Schema: public; Owner: afmuser
--

ALTER TABLE ONLY public.payload_locked_documents_rels
    ADD CONSTRAINT payload_locked_documents_rels_entries_fk FOREIGN KEY (entries_id) REFERENCES public.entries(id) ON DELETE CASCADE;


--
-- Name: payload_locked_documents_rels payload_locked_documents_rels_events_fk; Type: FK CONSTRAINT; Schema: public; Owner: afmuser
--

ALTER TABLE ONLY public.payload_locked_documents_rels
    ADD CONSTRAINT payload_locked_documents_rels_events_fk FOREIGN KEY (events_id) REFERENCES public.events(id) ON DELETE CASCADE;


--
-- Name: payload_locked_documents_rels payload_locked_documents_rels_form_submissions_fk; Type: FK CONSTRAINT; Schema: public; Owner: afmuser
--

ALTER TABLE ONLY public.payload_locked_documents_rels
    ADD CONSTRAINT payload_locked_documents_rels_form_submissions_fk FOREIGN KEY (form_submissions_id) REFERENCES public.form_submissions(id) ON DELETE CASCADE;


--
-- Name: payload_locked_documents_rels payload_locked_documents_rels_forms_fk; Type: FK CONSTRAINT; Schema: public; Owner: afmuser
--

ALTER TABLE ONLY public.payload_locked_documents_rels
    ADD CONSTRAINT payload_locked_documents_rels_forms_fk FOREIGN KEY (forms_id) REFERENCES public.forms(id) ON DELETE CASCADE;


--
-- Name: payload_locked_documents_rels payload_locked_documents_rels_garages_fk; Type: FK CONSTRAINT; Schema: public; Owner: afmuser
--

ALTER TABLE ONLY public.payload_locked_documents_rels
    ADD CONSTRAINT payload_locked_documents_rels_garages_fk FOREIGN KEY (garages_id) REFERENCES public.garages(id) ON DELETE CASCADE;


--
-- Name: payload_locked_documents_rels payload_locked_documents_rels_helmets_fk; Type: FK CONSTRAINT; Schema: public; Owner: afmuser
--

ALTER TABLE ONLY public.payload_locked_documents_rels
    ADD CONSTRAINT payload_locked_documents_rels_helmets_fk FOREIGN KEY (helmets_id) REFERENCES public.helmets(id) ON DELETE CASCADE;


--
-- Name: payload_locked_documents_rels payload_locked_documents_rels_hospitalities_fk; Type: FK CONSTRAINT; Schema: public; Owner: afmuser
--

ALTER TABLE ONLY public.payload_locked_documents_rels
    ADD CONSTRAINT payload_locked_documents_rels_hospitalities_fk FOREIGN KEY (hospitalities_id) REFERENCES public.hospitalities(id) ON DELETE CASCADE;


--
-- Name: payload_locked_documents_rels payload_locked_documents_rels_incidents_fk; Type: FK CONSTRAINT; Schema: public; Owner: afmuser
--

ALTER TABLE ONLY public.payload_locked_documents_rels
    ADD CONSTRAINT payload_locked_documents_rels_incidents_fk FOREIGN KEY (incidents_id) REFERENCES public.incidents(id) ON DELETE CASCADE;


--
-- Name: payload_locked_documents_rels payload_locked_documents_rels_individuals_fk; Type: FK CONSTRAINT; Schema: public; Owner: afmuser
--

ALTER TABLE ONLY public.payload_locked_documents_rels
    ADD CONSTRAINT payload_locked_documents_rels_individuals_fk FOREIGN KEY (individuals_id) REFERENCES public.individuals(id) ON DELETE CASCADE;


--
-- Name: payload_locked_documents_rels payload_locked_documents_rels_initiatives_fk; Type: FK CONSTRAINT; Schema: public; Owner: afmuser
--

ALTER TABLE ONLY public.payload_locked_documents_rels
    ADD CONSTRAINT payload_locked_documents_rels_initiatives_fk FOREIGN KEY (initiatives_id) REFERENCES public.initiatives(id) ON DELETE CASCADE;


--
-- Name: payload_locked_documents_rels payload_locked_documents_rels_interviews_fk; Type: FK CONSTRAINT; Schema: public; Owner: afmuser
--

ALTER TABLE ONLY public.payload_locked_documents_rels
    ADD CONSTRAINT payload_locked_documents_rels_interviews_fk FOREIGN KEY (interviews_id) REFERENCES public.interviews(id) ON DELETE CASCADE;


--
-- Name: payload_locked_documents_rels payload_locked_documents_rels_leaders_fk; Type: FK CONSTRAINT; Schema: public; Owner: afmuser
--

ALTER TABLE ONLY public.payload_locked_documents_rels
    ADD CONSTRAINT payload_locked_documents_rels_leaders_fk FOREIGN KEY (leaders_id) REFERENCES public.leaders(id) ON DELETE CASCADE;


--
-- Name: payload_locked_documents_rels payload_locked_documents_rels_media_fk; Type: FK CONSTRAINT; Schema: public; Owner: afmuser
--

ALTER TABLE ONLY public.payload_locked_documents_rels
    ADD CONSTRAINT payload_locked_documents_rels_media_fk FOREIGN KEY (media_id) REFERENCES public.media(id) ON DELETE CASCADE;


--
-- Name: payload_locked_documents_rels payload_locked_documents_rels_meetups_fk; Type: FK CONSTRAINT; Schema: public; Owner: afmuser
--

ALTER TABLE ONLY public.payload_locked_documents_rels
    ADD CONSTRAINT payload_locked_documents_rels_meetups_fk FOREIGN KEY (meetups_id) REFERENCES public.meetups(id) ON DELETE CASCADE;


--
-- Name: payload_locked_documents_rels payload_locked_documents_rels_members_fk; Type: FK CONSTRAINT; Schema: public; Owner: afmuser
--

ALTER TABLE ONLY public.payload_locked_documents_rels
    ADD CONSTRAINT payload_locked_documents_rels_members_fk FOREIGN KEY (members_id) REFERENCES public.members(id) ON DELETE CASCADE;


--
-- Name: payload_locked_documents_rels payload_locked_documents_rels_onboardings_fk; Type: FK CONSTRAINT; Schema: public; Owner: afmuser
--

ALTER TABLE ONLY public.payload_locked_documents_rels
    ADD CONSTRAINT payload_locked_documents_rels_onboardings_fk FOREIGN KEY (onboardings_id) REFERENCES public.onboardings(id) ON DELETE CASCADE;


--
-- Name: payload_locked_documents_rels payload_locked_documents_rels_orders_fk; Type: FK CONSTRAINT; Schema: public; Owner: afmuser
--

ALTER TABLE ONLY public.payload_locked_documents_rels
    ADD CONSTRAINT payload_locked_documents_rels_orders_fk FOREIGN KEY (orders_id) REFERENCES public.orders(id) ON DELETE CASCADE;


--
-- Name: payload_locked_documents_rels payload_locked_documents_rels_organizations_fk; Type: FK CONSTRAINT; Schema: public; Owner: afmuser
--

ALTER TABLE ONLY public.payload_locked_documents_rels
    ADD CONSTRAINT payload_locked_documents_rels_organizations_fk FOREIGN KEY (organizations_id) REFERENCES public.organizations(id) ON DELETE CASCADE;


--
-- Name: payload_locked_documents_rels payload_locked_documents_rels_pages_fk; Type: FK CONSTRAINT; Schema: public; Owner: afmuser
--

ALTER TABLE ONLY public.payload_locked_documents_rels
    ADD CONSTRAINT payload_locked_documents_rels_pages_fk FOREIGN KEY (pages_id) REFERENCES public.pages(id) ON DELETE CASCADE;


--
-- Name: payload_locked_documents_rels payload_locked_documents_rels_parent_fk; Type: FK CONSTRAINT; Schema: public; Owner: afmuser
--

ALTER TABLE ONLY public.payload_locked_documents_rels
    ADD CONSTRAINT payload_locked_documents_rels_parent_fk FOREIGN KEY (parent_id) REFERENCES public.payload_locked_documents(id) ON DELETE CASCADE;


--
-- Name: payload_locked_documents_rels payload_locked_documents_rels_payload_mcp_api_keys_fk; Type: FK CONSTRAINT; Schema: public; Owner: afmuser
--

ALTER TABLE ONLY public.payload_locked_documents_rels
    ADD CONSTRAINT payload_locked_documents_rels_payload_mcp_api_keys_fk FOREIGN KEY (payload_mcp_api_keys_id) REFERENCES public.payload_mcp_api_keys(id) ON DELETE CASCADE;


--
-- Name: payload_locked_documents_rels payload_locked_documents_rels_plans_fk; Type: FK CONSTRAINT; Schema: public; Owner: afmuser
--

ALTER TABLE ONLY public.payload_locked_documents_rels
    ADD CONSTRAINT payload_locked_documents_rels_plans_fk FOREIGN KEY (plans_id) REFERENCES public.plans(id) ON DELETE CASCADE;


--
-- Name: payload_locked_documents_rels payload_locked_documents_rels_points_fk; Type: FK CONSTRAINT; Schema: public; Owner: afmuser
--

ALTER TABLE ONLY public.payload_locked_documents_rels
    ADD CONSTRAINT payload_locked_documents_rels_points_fk FOREIGN KEY (points_id) REFERENCES public.points(id) ON DELETE CASCADE;


--
-- Name: payload_locked_documents_rels payload_locked_documents_rels_policies_fk; Type: FK CONSTRAINT; Schema: public; Owner: afmuser
--

ALTER TABLE ONLY public.payload_locked_documents_rels
    ADD CONSTRAINT payload_locked_documents_rels_policies_fk FOREIGN KEY (policies_id) REFERENCES public.policies(id) ON DELETE CASCADE;


--
-- Name: payload_locked_documents_rels payload_locked_documents_rels_products_fk; Type: FK CONSTRAINT; Schema: public; Owner: afmuser
--

ALTER TABLE ONLY public.payload_locked_documents_rels
    ADD CONSTRAINT payload_locked_documents_rels_products_fk FOREIGN KEY (products_id) REFERENCES public.products(id) ON DELETE CASCADE;


--
-- Name: payload_locked_documents_rels payload_locked_documents_rels_programs_fk; Type: FK CONSTRAINT; Schema: public; Owner: afmuser
--

ALTER TABLE ONLY public.payload_locked_documents_rels
    ADD CONSTRAINT payload_locked_documents_rels_programs_fk FOREIGN KEY (programs_id) REFERENCES public.programs(id) ON DELETE CASCADE;


--
-- Name: payload_locked_documents_rels payload_locked_documents_rels_races_fk; Type: FK CONSTRAINT; Schema: public; Owner: afmuser
--

ALTER TABLE ONLY public.payload_locked_documents_rels
    ADD CONSTRAINT payload_locked_documents_rels_races_fk FOREIGN KEY (races_id) REFERENCES public.races(id) ON DELETE CASCADE;


--
-- Name: payload_locked_documents_rels payload_locked_documents_rels_regulations_fk; Type: FK CONSTRAINT; Schema: public; Owner: afmuser
--

ALTER TABLE ONLY public.payload_locked_documents_rels
    ADD CONSTRAINT payload_locked_documents_rels_regulations_fk FOREIGN KEY (regulations_id) REFERENCES public.regulations(id) ON DELETE CASCADE;


--
-- Name: payload_locked_documents_rels payload_locked_documents_rels_results_fk; Type: FK CONSTRAINT; Schema: public; Owner: afmuser
--

ALTER TABLE ONLY public.payload_locked_documents_rels
    ADD CONSTRAINT payload_locked_documents_rels_results_fk FOREIGN KEY (results_id) REFERENCES public.results(id) ON DELETE CASCADE;


--
-- Name: payload_locked_documents_rels payload_locked_documents_rels_search_fk; Type: FK CONSTRAINT; Schema: public; Owner: afmuser
--

ALTER TABLE ONLY public.payload_locked_documents_rels
    ADD CONSTRAINT payload_locked_documents_rels_search_fk FOREIGN KEY (search_id) REFERENCES public.search(id) ON DELETE CASCADE;


--
-- Name: payload_locked_documents_rels payload_locked_documents_rels_seasons_fk; Type: FK CONSTRAINT; Schema: public; Owner: afmuser
--

ALTER TABLE ONLY public.payload_locked_documents_rels
    ADD CONSTRAINT payload_locked_documents_rels_seasons_fk FOREIGN KEY (seasons_id) REFERENCES public.seasons(id) ON DELETE CASCADE;


--
-- Name: payload_locked_documents_rels payload_locked_documents_rels_series_fk; Type: FK CONSTRAINT; Schema: public; Owner: afmuser
--

ALTER TABLE ONLY public.payload_locked_documents_rels
    ADD CONSTRAINT payload_locked_documents_rels_series_fk FOREIGN KEY (series_id) REFERENCES public.series(id) ON DELETE CASCADE;


--
-- Name: payload_locked_documents_rels payload_locked_documents_rels_sessions_fk; Type: FK CONSTRAINT; Schema: public; Owner: afmuser
--

ALTER TABLE ONLY public.payload_locked_documents_rels
    ADD CONSTRAINT payload_locked_documents_rels_sessions_fk FOREIGN KEY (sessions_id) REFERENCES public.sessions(id) ON DELETE CASCADE;


--
-- Name: payload_locked_documents_rels payload_locked_documents_rels_skills_fk; Type: FK CONSTRAINT; Schema: public; Owner: afmuser
--

ALTER TABLE ONLY public.payload_locked_documents_rels
    ADD CONSTRAINT payload_locked_documents_rels_skills_fk FOREIGN KEY (skills_id) REFERENCES public.skills(id) ON DELETE CASCADE;


--
-- Name: payload_locked_documents_rels payload_locked_documents_rels_slides_fk; Type: FK CONSTRAINT; Schema: public; Owner: afmuser
--

ALTER TABLE ONLY public.payload_locked_documents_rels
    ADD CONSTRAINT payload_locked_documents_rels_slides_fk FOREIGN KEY (slides_id) REFERENCES public.slides(id) ON DELETE CASCADE;


--
-- Name: payload_locked_documents_rels payload_locked_documents_rels_statements_fk; Type: FK CONSTRAINT; Schema: public; Owner: afmuser
--

ALTER TABLE ONLY public.payload_locked_documents_rels
    ADD CONSTRAINT payload_locked_documents_rels_statements_fk FOREIGN KEY (statements_id) REFERENCES public.statements(id) ON DELETE CASCADE;


--
-- Name: payload_locked_documents_rels payload_locked_documents_rels_statuses_fk; Type: FK CONSTRAINT; Schema: public; Owner: afmuser
--

ALTER TABLE ONLY public.payload_locked_documents_rels
    ADD CONSTRAINT payload_locked_documents_rels_statuses_fk FOREIGN KEY (statuses_id) REFERENCES public.statuses(id) ON DELETE CASCADE;


--
-- Name: payload_locked_documents_rels payload_locked_documents_rels_suits_fk; Type: FK CONSTRAINT; Schema: public; Owner: afmuser
--

ALTER TABLE ONLY public.payload_locked_documents_rels
    ADD CONSTRAINT payload_locked_documents_rels_suits_fk FOREIGN KEY (suits_id) REFERENCES public.suits(id) ON DELETE CASCADE;


--
-- Name: payload_locked_documents_rels payload_locked_documents_rels_tags_fk; Type: FK CONSTRAINT; Schema: public; Owner: afmuser
--

ALTER TABLE ONLY public.payload_locked_documents_rels
    ADD CONSTRAINT payload_locked_documents_rels_tags_fk FOREIGN KEY (tags_id) REFERENCES public.tags(id) ON DELETE CASCADE;


--
-- Name: payload_locked_documents_rels payload_locked_documents_rels_teams_fk; Type: FK CONSTRAINT; Schema: public; Owner: afmuser
--

ALTER TABLE ONLY public.payload_locked_documents_rels
    ADD CONSTRAINT payload_locked_documents_rels_teams_fk FOREIGN KEY (teams_id) REFERENCES public.teams(id) ON DELETE CASCADE;


--
-- Name: payload_locked_documents_rels payload_locked_documents_rels_timelines_fk; Type: FK CONSTRAINT; Schema: public; Owner: afmuser
--

ALTER TABLE ONLY public.payload_locked_documents_rels
    ADD CONSTRAINT payload_locked_documents_rels_timelines_fk FOREIGN KEY (timelines_id) REFERENCES public.timelines(id) ON DELETE CASCADE;


--
-- Name: payload_locked_documents_rels payload_locked_documents_rels_trainings_fk; Type: FK CONSTRAINT; Schema: public; Owner: afmuser
--

ALTER TABLE ONLY public.payload_locked_documents_rels
    ADD CONSTRAINT payload_locked_documents_rels_trainings_fk FOREIGN KEY (trainings_id) REFERENCES public.trainings(id) ON DELETE CASCADE;


--
-- Name: payload_locked_documents_rels payload_locked_documents_rels_transactions_fk; Type: FK CONSTRAINT; Schema: public; Owner: afmuser
--

ALTER TABLE ONLY public.payload_locked_documents_rels
    ADD CONSTRAINT payload_locked_documents_rels_transactions_fk FOREIGN KEY (transactions_id) REFERENCES public.transactions(id) ON DELETE CASCADE;


--
-- Name: payload_locked_documents_rels payload_locked_documents_rels_users_fk; Type: FK CONSTRAINT; Schema: public; Owner: afmuser
--

ALTER TABLE ONLY public.payload_locked_documents_rels
    ADD CONSTRAINT payload_locked_documents_rels_users_fk FOREIGN KEY (users_id) REFERENCES public.users(id) ON DELETE CASCADE;


--
-- Name: payload_locked_documents_rels payload_locked_documents_rels_vacancies_fk; Type: FK CONSTRAINT; Schema: public; Owner: afmuser
--

ALTER TABLE ONLY public.payload_locked_documents_rels
    ADD CONSTRAINT payload_locked_documents_rels_vacancies_fk FOREIGN KEY (vacancies_id) REFERENCES public.vacancies(id) ON DELETE CASCADE;


--
-- Name: payload_locked_documents_rels payload_locked_documents_rels_variant_options_fk; Type: FK CONSTRAINT; Schema: public; Owner: afmuser
--

ALTER TABLE ONLY public.payload_locked_documents_rels
    ADD CONSTRAINT payload_locked_documents_rels_variant_options_fk FOREIGN KEY (variant_options_id) REFERENCES public.variant_options(id) ON DELETE CASCADE;


--
-- Name: payload_locked_documents_rels payload_locked_documents_rels_variant_types_fk; Type: FK CONSTRAINT; Schema: public; Owner: afmuser
--

ALTER TABLE ONLY public.payload_locked_documents_rels
    ADD CONSTRAINT payload_locked_documents_rels_variant_types_fk FOREIGN KEY (variant_types_id) REFERENCES public.variant_types(id) ON DELETE CASCADE;


--
-- Name: payload_locked_documents_rels payload_locked_documents_rels_variants_fk; Type: FK CONSTRAINT; Schema: public; Owner: afmuser
--

ALTER TABLE ONLY public.payload_locked_documents_rels
    ADD CONSTRAINT payload_locked_documents_rels_variants_fk FOREIGN KEY (variants_id) REFERENCES public.variants(id) ON DELETE CASCADE;


--
-- Name: payload_mcp_api_keys payload_mcp_api_keys_user_id_users_id_fk; Type: FK CONSTRAINT; Schema: public; Owner: afmuser
--

ALTER TABLE ONLY public.payload_mcp_api_keys
    ADD CONSTRAINT payload_mcp_api_keys_user_id_users_id_fk FOREIGN KEY (user_id) REFERENCES public.users(id) ON DELETE SET NULL;


--
-- Name: payload_preferences_rels payload_preferences_rels_parent_fk; Type: FK CONSTRAINT; Schema: public; Owner: afmuser
--

ALTER TABLE ONLY public.payload_preferences_rels
    ADD CONSTRAINT payload_preferences_rels_parent_fk FOREIGN KEY (parent_id) REFERENCES public.payload_preferences(id) ON DELETE CASCADE;


--
-- Name: payload_preferences_rels payload_preferences_rels_payload_mcp_api_keys_fk; Type: FK CONSTRAINT; Schema: public; Owner: afmuser
--

ALTER TABLE ONLY public.payload_preferences_rels
    ADD CONSTRAINT payload_preferences_rels_payload_mcp_api_keys_fk FOREIGN KEY (payload_mcp_api_keys_id) REFERENCES public.payload_mcp_api_keys(id) ON DELETE CASCADE;


--
-- Name: payload_preferences_rels payload_preferences_rels_users_fk; Type: FK CONSTRAINT; Schema: public; Owner: afmuser
--

ALTER TABLE ONLY public.payload_preferences_rels
    ADD CONSTRAINT payload_preferences_rels_users_fk FOREIGN KEY (users_id) REFERENCES public.users(id) ON DELETE CASCADE;


--
-- Name: plans plans_assets_cover_id_media_id_fk; Type: FK CONSTRAINT; Schema: public; Owner: afmuser
--

ALTER TABLE ONLY public.plans
    ADD CONSTRAINT plans_assets_cover_id_media_id_fk FOREIGN KEY (assets_cover_id) REFERENCES public.media(id) ON DELETE SET NULL;


--
-- Name: plans plans_assets_thumbnail_id_media_id_fk; Type: FK CONSTRAINT; Schema: public; Owner: afmuser
--

ALTER TABLE ONLY public.plans
    ADD CONSTRAINT plans_assets_thumbnail_id_media_id_fk FOREIGN KEY (assets_thumbnail_id) REFERENCES public.media(id) ON DELETE SET NULL;


--
-- Name: plans plans_details_assigned_to_id_members_id_fk; Type: FK CONSTRAINT; Schema: public; Owner: afmuser
--

ALTER TABLE ONLY public.plans
    ADD CONSTRAINT plans_details_assigned_to_id_members_id_fk FOREIGN KEY (details_assigned_to_id) REFERENCES public.members(id) ON DELETE SET NULL;


--
-- Name: plans_locales plans_locales_parent_id_fk; Type: FK CONSTRAINT; Schema: public; Owner: afmuser
--

ALTER TABLE ONLY public.plans_locales
    ADD CONSTRAINT plans_locales_parent_id_fk FOREIGN KEY (_parent_id) REFERENCES public.plans(id) ON DELETE CASCADE;


--
-- Name: plans_locales plans_locales_seo_image_id_media_id_fk; Type: FK CONSTRAINT; Schema: public; Owner: afmuser
--

ALTER TABLE ONLY public.plans_locales
    ADD CONSTRAINT plans_locales_seo_image_id_media_id_fk FOREIGN KEY (seo_image_id) REFERENCES public.media(id) ON DELETE SET NULL;


--
-- Name: plans_rels plans_rels_categories_fk; Type: FK CONSTRAINT; Schema: public; Owner: afmuser
--

ALTER TABLE ONLY public.plans_rels
    ADD CONSTRAINT plans_rels_categories_fk FOREIGN KEY (categories_id) REFERENCES public.categories(id) ON DELETE CASCADE;


--
-- Name: plans_rels plans_rels_media_fk; Type: FK CONSTRAINT; Schema: public; Owner: afmuser
--

ALTER TABLE ONLY public.plans_rels
    ADD CONSTRAINT plans_rels_media_fk FOREIGN KEY (media_id) REFERENCES public.media(id) ON DELETE CASCADE;


--
-- Name: plans_rels plans_rels_parent_fk; Type: FK CONSTRAINT; Schema: public; Owner: afmuser
--

ALTER TABLE ONLY public.plans_rels
    ADD CONSTRAINT plans_rels_parent_fk FOREIGN KEY (parent_id) REFERENCES public.plans(id) ON DELETE CASCADE;


--
-- Name: plans_rels plans_rels_plans_fk; Type: FK CONSTRAINT; Schema: public; Owner: afmuser
--

ALTER TABLE ONLY public.plans_rels
    ADD CONSTRAINT plans_rels_plans_fk FOREIGN KEY (plans_id) REFERENCES public.plans(id) ON DELETE CASCADE;


--
-- Name: plans_rels plans_rels_tags_fk; Type: FK CONSTRAINT; Schema: public; Owner: afmuser
--

ALTER TABLE ONLY public.plans_rels
    ADD CONSTRAINT plans_rels_tags_fk FOREIGN KEY (tags_id) REFERENCES public.tags(id) ON DELETE CASCADE;


--
-- Name: plans_traits_deliverables_list plans_traits_deliverables_list_parent_id_fk; Type: FK CONSTRAINT; Schema: public; Owner: afmuser
--

ALTER TABLE ONLY public.plans_traits_deliverables_list
    ADD CONSTRAINT plans_traits_deliverables_list_parent_id_fk FOREIGN KEY (_parent_id) REFERENCES public.plans(id) ON DELETE CASCADE;


--
-- Name: plans_traits_kpis_list plans_traits_kpis_list_parent_id_fk; Type: FK CONSTRAINT; Schema: public; Owner: afmuser
--

ALTER TABLE ONLY public.plans_traits_kpis_list
    ADD CONSTRAINT plans_traits_kpis_list_parent_id_fk FOREIGN KEY (_parent_id) REFERENCES public.plans(id) ON DELETE CASCADE;


--
-- Name: plans_traits_milestones_list plans_traits_milestones_list_parent_id_fk; Type: FK CONSTRAINT; Schema: public; Owner: afmuser
--

ALTER TABLE ONLY public.plans_traits_milestones_list
    ADD CONSTRAINT plans_traits_milestones_list_parent_id_fk FOREIGN KEY (_parent_id) REFERENCES public.plans(id) ON DELETE CASCADE;


--
-- Name: plans_traits_risks_list plans_traits_risks_list_parent_id_fk; Type: FK CONSTRAINT; Schema: public; Owner: afmuser
--

ALTER TABLE ONLY public.plans_traits_risks_list
    ADD CONSTRAINT plans_traits_risks_list_parent_id_fk FOREIGN KEY (_parent_id) REFERENCES public.plans(id) ON DELETE CASCADE;


--
-- Name: points_locales points_locales_parent_id_fk; Type: FK CONSTRAINT; Schema: public; Owner: afmuser
--

ALTER TABLE ONLY public.points_locales
    ADD CONSTRAINT points_locales_parent_id_fk FOREIGN KEY (_parent_id) REFERENCES public.points(id) ON DELETE CASCADE;


--
-- Name: points_locales points_locales_seo_image_id_media_id_fk; Type: FK CONSTRAINT; Schema: public; Owner: afmuser
--

ALTER TABLE ONLY public.points_locales
    ADD CONSTRAINT points_locales_seo_image_id_media_id_fk FOREIGN KEY (seo_image_id) REFERENCES public.media(id) ON DELETE SET NULL;


--
-- Name: points_rels points_rels_categories_fk; Type: FK CONSTRAINT; Schema: public; Owner: afmuser
--

ALTER TABLE ONLY public.points_rels
    ADD CONSTRAINT points_rels_categories_fk FOREIGN KEY (categories_id) REFERENCES public.categories(id) ON DELETE CASCADE;


--
-- Name: points_rels points_rels_parent_fk; Type: FK CONSTRAINT; Schema: public; Owner: afmuser
--

ALTER TABLE ONLY public.points_rels
    ADD CONSTRAINT points_rels_parent_fk FOREIGN KEY (parent_id) REFERENCES public.points(id) ON DELETE CASCADE;


--
-- Name: points_rels points_rels_tags_fk; Type: FK CONSTRAINT; Schema: public; Owner: afmuser
--

ALTER TABLE ONLY public.points_rels
    ADD CONSTRAINT points_rels_tags_fk FOREIGN KEY (tags_id) REFERENCES public.tags(id) ON DELETE CASCADE;


--
-- Name: policies policies_basics_document_id_media_id_fk; Type: FK CONSTRAINT; Schema: public; Owner: afmuser
--

ALTER TABLE ONLY public.policies
    ADD CONSTRAINT policies_basics_document_id_media_id_fk FOREIGN KEY (basics_document_id) REFERENCES public.media(id) ON DELETE SET NULL;


--
-- Name: policies_locales policies_locales_parent_id_fk; Type: FK CONSTRAINT; Schema: public; Owner: afmuser
--

ALTER TABLE ONLY public.policies_locales
    ADD CONSTRAINT policies_locales_parent_id_fk FOREIGN KEY (_parent_id) REFERENCES public.policies(id) ON DELETE CASCADE;


--
-- Name: policies_locales policies_locales_seo_image_id_media_id_fk; Type: FK CONSTRAINT; Schema: public; Owner: afmuser
--

ALTER TABLE ONLY public.policies_locales
    ADD CONSTRAINT policies_locales_seo_image_id_media_id_fk FOREIGN KEY (seo_image_id) REFERENCES public.media(id) ON DELETE SET NULL;


--
-- Name: policies_rels policies_rels_categories_fk; Type: FK CONSTRAINT; Schema: public; Owner: afmuser
--

ALTER TABLE ONLY public.policies_rels
    ADD CONSTRAINT policies_rels_categories_fk FOREIGN KEY (categories_id) REFERENCES public.categories(id) ON DELETE CASCADE;


--
-- Name: policies_rels policies_rels_parent_fk; Type: FK CONSTRAINT; Schema: public; Owner: afmuser
--

ALTER TABLE ONLY public.policies_rels
    ADD CONSTRAINT policies_rels_parent_fk FOREIGN KEY (parent_id) REFERENCES public.policies(id) ON DELETE CASCADE;


--
-- Name: policies_rels policies_rels_tags_fk; Type: FK CONSTRAINT; Schema: public; Owner: afmuser
--

ALTER TABLE ONLY public.policies_rels
    ADD CONSTRAINT policies_rels_tags_fk FOREIGN KEY (tags_id) REFERENCES public.tags(id) ON DELETE CASCADE;


--
-- Name: products_blocks_content_columns products_blocks_content_columns_parent_id_fk; Type: FK CONSTRAINT; Schema: public; Owner: afmuser
--

ALTER TABLE ONLY public.products_blocks_content_columns
    ADD CONSTRAINT products_blocks_content_columns_parent_id_fk FOREIGN KEY (_parent_id) REFERENCES public.products_blocks_content(id) ON DELETE CASCADE;


--
-- Name: products_blocks_content products_blocks_content_parent_id_fk; Type: FK CONSTRAINT; Schema: public; Owner: afmuser
--

ALTER TABLE ONLY public.products_blocks_content
    ADD CONSTRAINT products_blocks_content_parent_id_fk FOREIGN KEY (_parent_id) REFERENCES public.products(id) ON DELETE CASCADE;


--
-- Name: products_blocks_cta_links products_blocks_cta_links_parent_id_fk; Type: FK CONSTRAINT; Schema: public; Owner: afmuser
--

ALTER TABLE ONLY public.products_blocks_cta_links
    ADD CONSTRAINT products_blocks_cta_links_parent_id_fk FOREIGN KEY (_parent_id) REFERENCES public.products_blocks_cta(id) ON DELETE CASCADE;


--
-- Name: products_blocks_cta products_blocks_cta_parent_id_fk; Type: FK CONSTRAINT; Schema: public; Owner: afmuser
--

ALTER TABLE ONLY public.products_blocks_cta
    ADD CONSTRAINT products_blocks_cta_parent_id_fk FOREIGN KEY (_parent_id) REFERENCES public.products(id) ON DELETE CASCADE;


--
-- Name: products_blocks_media_block products_blocks_media_block_media_id_media_id_fk; Type: FK CONSTRAINT; Schema: public; Owner: afmuser
--

ALTER TABLE ONLY public.products_blocks_media_block
    ADD CONSTRAINT products_blocks_media_block_media_id_media_id_fk FOREIGN KEY (media_id) REFERENCES public.media(id) ON DELETE SET NULL;


--
-- Name: products_blocks_media_block products_blocks_media_block_parent_id_fk; Type: FK CONSTRAINT; Schema: public; Owner: afmuser
--

ALTER TABLE ONLY public.products_blocks_media_block
    ADD CONSTRAINT products_blocks_media_block_parent_id_fk FOREIGN KEY (_parent_id) REFERENCES public.products(id) ON DELETE CASCADE;


--
-- Name: products_gallery products_gallery_image_id_media_id_fk; Type: FK CONSTRAINT; Schema: public; Owner: afmuser
--

ALTER TABLE ONLY public.products_gallery
    ADD CONSTRAINT products_gallery_image_id_media_id_fk FOREIGN KEY (image_id) REFERENCES public.media(id) ON DELETE SET NULL;


--
-- Name: products_gallery products_gallery_parent_id_fk; Type: FK CONSTRAINT; Schema: public; Owner: afmuser
--

ALTER TABLE ONLY public.products_gallery
    ADD CONSTRAINT products_gallery_parent_id_fk FOREIGN KEY (_parent_id) REFERENCES public.products(id) ON DELETE CASCADE;


--
-- Name: products_gallery products_gallery_variant_option_id_variant_options_id_fk; Type: FK CONSTRAINT; Schema: public; Owner: afmuser
--

ALTER TABLE ONLY public.products_gallery
    ADD CONSTRAINT products_gallery_variant_option_id_variant_options_id_fk FOREIGN KEY (variant_option_id) REFERENCES public.variant_options(id) ON DELETE SET NULL;


--
-- Name: products_locales products_locales_meta_image_id_media_id_fk; Type: FK CONSTRAINT; Schema: public; Owner: afmuser
--

ALTER TABLE ONLY public.products_locales
    ADD CONSTRAINT products_locales_meta_image_id_media_id_fk FOREIGN KEY (meta_image_id) REFERENCES public.media(id) ON DELETE SET NULL;


--
-- Name: products_locales products_locales_parent_id_fk; Type: FK CONSTRAINT; Schema: public; Owner: afmuser
--

ALTER TABLE ONLY public.products_locales
    ADD CONSTRAINT products_locales_parent_id_fk FOREIGN KEY (_parent_id) REFERENCES public.products(id) ON DELETE CASCADE;


--
-- Name: products_rels products_rels_categories_fk; Type: FK CONSTRAINT; Schema: public; Owner: afmuser
--

ALTER TABLE ONLY public.products_rels
    ADD CONSTRAINT products_rels_categories_fk FOREIGN KEY (categories_id) REFERENCES public.categories(id) ON DELETE CASCADE;


--
-- Name: products_rels products_rels_pages_fk; Type: FK CONSTRAINT; Schema: public; Owner: afmuser
--

ALTER TABLE ONLY public.products_rels
    ADD CONSTRAINT products_rels_pages_fk FOREIGN KEY (pages_id) REFERENCES public.pages(id) ON DELETE CASCADE;


--
-- Name: products_rels products_rels_parent_fk; Type: FK CONSTRAINT; Schema: public; Owner: afmuser
--

ALTER TABLE ONLY public.products_rels
    ADD CONSTRAINT products_rels_parent_fk FOREIGN KEY (parent_id) REFERENCES public.products(id) ON DELETE CASCADE;


--
-- Name: products_rels products_rels_products_fk; Type: FK CONSTRAINT; Schema: public; Owner: afmuser
--

ALTER TABLE ONLY public.products_rels
    ADD CONSTRAINT products_rels_products_fk FOREIGN KEY (products_id) REFERENCES public.products(id) ON DELETE CASCADE;


--
-- Name: products_rels products_rels_variant_types_fk; Type: FK CONSTRAINT; Schema: public; Owner: afmuser
--

ALTER TABLE ONLY public.products_rels
    ADD CONSTRAINT products_rels_variant_types_fk FOREIGN KEY (variant_types_id) REFERENCES public.variant_types(id) ON DELETE CASCADE;


--
-- Name: programs programs_assets_cover_id_media_id_fk; Type: FK CONSTRAINT; Schema: public; Owner: afmuser
--

ALTER TABLE ONLY public.programs
    ADD CONSTRAINT programs_assets_cover_id_media_id_fk FOREIGN KEY (assets_cover_id) REFERENCES public.media(id) ON DELETE SET NULL;


--
-- Name: programs programs_assets_thumbnail_id_media_id_fk; Type: FK CONSTRAINT; Schema: public; Owner: afmuser
--

ALTER TABLE ONLY public.programs
    ADD CONSTRAINT programs_assets_thumbnail_id_media_id_fk FOREIGN KEY (assets_thumbnail_id) REFERENCES public.media(id) ON DELETE SET NULL;


--
-- Name: programs_locales programs_locales_parent_id_fk; Type: FK CONSTRAINT; Schema: public; Owner: afmuser
--

ALTER TABLE ONLY public.programs_locales
    ADD CONSTRAINT programs_locales_parent_id_fk FOREIGN KEY (_parent_id) REFERENCES public.programs(id) ON DELETE CASCADE;


--
-- Name: programs_locales programs_locales_seo_image_id_media_id_fk; Type: FK CONSTRAINT; Schema: public; Owner: afmuser
--

ALTER TABLE ONLY public.programs_locales
    ADD CONSTRAINT programs_locales_seo_image_id_media_id_fk FOREIGN KEY (seo_image_id) REFERENCES public.media(id) ON DELETE SET NULL;


--
-- Name: programs_rels programs_rels_categories_fk; Type: FK CONSTRAINT; Schema: public; Owner: afmuser
--

ALTER TABLE ONLY public.programs_rels
    ADD CONSTRAINT programs_rels_categories_fk FOREIGN KEY (categories_id) REFERENCES public.categories(id) ON DELETE CASCADE;


--
-- Name: programs_rels programs_rels_drivers_fk; Type: FK CONSTRAINT; Schema: public; Owner: afmuser
--

ALTER TABLE ONLY public.programs_rels
    ADD CONSTRAINT programs_rels_drivers_fk FOREIGN KEY (drivers_id) REFERENCES public.drivers(id) ON DELETE CASCADE;


--
-- Name: programs_rels programs_rels_leaders_fk; Type: FK CONSTRAINT; Schema: public; Owner: afmuser
--

ALTER TABLE ONLY public.programs_rels
    ADD CONSTRAINT programs_rels_leaders_fk FOREIGN KEY (leaders_id) REFERENCES public.leaders(id) ON DELETE CASCADE;


--
-- Name: programs_rels programs_rels_media_fk; Type: FK CONSTRAINT; Schema: public; Owner: afmuser
--

ALTER TABLE ONLY public.programs_rels
    ADD CONSTRAINT programs_rels_media_fk FOREIGN KEY (media_id) REFERENCES public.media(id) ON DELETE CASCADE;


--
-- Name: programs_rels programs_rels_organizations_fk; Type: FK CONSTRAINT; Schema: public; Owner: afmuser
--

ALTER TABLE ONLY public.programs_rels
    ADD CONSTRAINT programs_rels_organizations_fk FOREIGN KEY (organizations_id) REFERENCES public.organizations(id) ON DELETE CASCADE;


--
-- Name: programs_rels programs_rels_parent_fk; Type: FK CONSTRAINT; Schema: public; Owner: afmuser
--

ALTER TABLE ONLY public.programs_rels
    ADD CONSTRAINT programs_rels_parent_fk FOREIGN KEY (parent_id) REFERENCES public.programs(id) ON DELETE CASCADE;


--
-- Name: programs_rels programs_rels_tags_fk; Type: FK CONSTRAINT; Schema: public; Owner: afmuser
--

ALTER TABLE ONLY public.programs_rels
    ADD CONSTRAINT programs_rels_tags_fk FOREIGN KEY (tags_id) REFERENCES public.tags(id) ON DELETE CASCADE;


--
-- Name: programs_traits_curriculum_list programs_traits_curriculum_list_parent_id_fk; Type: FK CONSTRAINT; Schema: public; Owner: afmuser
--

ALTER TABLE ONLY public.programs_traits_curriculum_list
    ADD CONSTRAINT programs_traits_curriculum_list_parent_id_fk FOREIGN KEY (_parent_id) REFERENCES public.programs(id) ON DELETE CASCADE;


--
-- Name: programs_traits_eligibility_list programs_traits_eligibility_list_parent_id_fk; Type: FK CONSTRAINT; Schema: public; Owner: afmuser
--

ALTER TABLE ONLY public.programs_traits_eligibility_list
    ADD CONSTRAINT programs_traits_eligibility_list_parent_id_fk FOREIGN KEY (_parent_id) REFERENCES public.programs(id) ON DELETE CASCADE;


--
-- Name: questions_categories_items_locales questions_categories_items_locales_parent_id_fk; Type: FK CONSTRAINT; Schema: public; Owner: afmuser
--

ALTER TABLE ONLY public.questions_categories_items_locales
    ADD CONSTRAINT questions_categories_items_locales_parent_id_fk FOREIGN KEY (_parent_id) REFERENCES public.questions_categories_items(id) ON DELETE CASCADE;


--
-- Name: questions_categories_items questions_categories_items_parent_id_fk; Type: FK CONSTRAINT; Schema: public; Owner: afmuser
--

ALTER TABLE ONLY public.questions_categories_items
    ADD CONSTRAINT questions_categories_items_parent_id_fk FOREIGN KEY (_parent_id) REFERENCES public.questions_categories(id) ON DELETE CASCADE;


--
-- Name: questions_categories_locales questions_categories_locales_parent_id_fk; Type: FK CONSTRAINT; Schema: public; Owner: afmuser
--

ALTER TABLE ONLY public.questions_categories_locales
    ADD CONSTRAINT questions_categories_locales_parent_id_fk FOREIGN KEY (_parent_id) REFERENCES public.questions_categories(id) ON DELETE CASCADE;


--
-- Name: questions_categories questions_categories_parent_id_fk; Type: FK CONSTRAINT; Schema: public; Owner: afmuser
--

ALTER TABLE ONLY public.questions_categories
    ADD CONSTRAINT questions_categories_parent_id_fk FOREIGN KEY (_parent_id) REFERENCES public.questions(id) ON DELETE CASCADE;


--
-- Name: races races_assets_cover_id_media_id_fk; Type: FK CONSTRAINT; Schema: public; Owner: afmuser
--

ALTER TABLE ONLY public.races
    ADD CONSTRAINT races_assets_cover_id_media_id_fk FOREIGN KEY (assets_cover_id) REFERENCES public.media(id) ON DELETE SET NULL;


--
-- Name: races races_assets_poster_id_media_id_fk; Type: FK CONSTRAINT; Schema: public; Owner: afmuser
--

ALTER TABLE ONLY public.races
    ADD CONSTRAINT races_assets_poster_id_media_id_fk FOREIGN KEY (assets_poster_id) REFERENCES public.media(id) ON DELETE SET NULL;


--
-- Name: races races_assets_thumbnail_id_media_id_fk; Type: FK CONSTRAINT; Schema: public; Owner: afmuser
--

ALTER TABLE ONLY public.races
    ADD CONSTRAINT races_assets_thumbnail_id_media_id_fk FOREIGN KEY (assets_thumbnail_id) REFERENCES public.media(id) ON DELETE SET NULL;


--
-- Name: races races_assets_video_id_media_id_fk; Type: FK CONSTRAINT; Schema: public; Owner: afmuser
--

ALTER TABLE ONLY public.races
    ADD CONSTRAINT races_assets_video_id_media_id_fk FOREIGN KEY (assets_video_id) REFERENCES public.media(id) ON DELETE SET NULL;


--
-- Name: races races_details_circuit_id_circuits_id_fk; Type: FK CONSTRAINT; Schema: public; Owner: afmuser
--

ALTER TABLE ONLY public.races
    ADD CONSTRAINT races_details_circuit_id_circuits_id_fk FOREIGN KEY (details_circuit_id) REFERENCES public.circuits(id) ON DELETE SET NULL;


--
-- Name: races races_details_event_id_events_id_fk; Type: FK CONSTRAINT; Schema: public; Owner: afmuser
--

ALTER TABLE ONLY public.races
    ADD CONSTRAINT races_details_event_id_events_id_fk FOREIGN KEY (details_event_id) REFERENCES public.events(id) ON DELETE SET NULL;


--
-- Name: races races_details_fastest_lap_id_entries_id_fk; Type: FK CONSTRAINT; Schema: public; Owner: afmuser
--

ALTER TABLE ONLY public.races
    ADD CONSTRAINT races_details_fastest_lap_id_entries_id_fk FOREIGN KEY (details_fastest_lap_id) REFERENCES public.entries(id) ON DELETE SET NULL;


--
-- Name: races races_details_pole_position_id_entries_id_fk; Type: FK CONSTRAINT; Schema: public; Owner: afmuser
--

ALTER TABLE ONLY public.races
    ADD CONSTRAINT races_details_pole_position_id_entries_id_fk FOREIGN KEY (details_pole_position_id) REFERENCES public.entries(id) ON DELETE SET NULL;


--
-- Name: races races_details_season_id_seasons_id_fk; Type: FK CONSTRAINT; Schema: public; Owner: afmuser
--

ALTER TABLE ONLY public.races
    ADD CONSTRAINT races_details_season_id_seasons_id_fk FOREIGN KEY (details_season_id) REFERENCES public.seasons(id) ON DELETE SET NULL;


--
-- Name: races races_details_series_id_series_id_fk; Type: FK CONSTRAINT; Schema: public; Owner: afmuser
--

ALTER TABLE ONLY public.races
    ADD CONSTRAINT races_details_series_id_series_id_fk FOREIGN KEY (details_series_id) REFERENCES public.series(id) ON DELETE SET NULL;


--
-- Name: races races_details_winner_id_drivers_id_fk; Type: FK CONSTRAINT; Schema: public; Owner: afmuser
--

ALTER TABLE ONLY public.races
    ADD CONSTRAINT races_details_winner_id_drivers_id_fk FOREIGN KEY (details_winner_id) REFERENCES public.drivers(id) ON DELETE SET NULL;


--
-- Name: races_locales races_locales_parent_id_fk; Type: FK CONSTRAINT; Schema: public; Owner: afmuser
--

ALTER TABLE ONLY public.races_locales
    ADD CONSTRAINT races_locales_parent_id_fk FOREIGN KEY (_parent_id) REFERENCES public.races(id) ON DELETE CASCADE;


--
-- Name: races_locales races_locales_seo_image_id_media_id_fk; Type: FK CONSTRAINT; Schema: public; Owner: afmuser
--

ALTER TABLE ONLY public.races_locales
    ADD CONSTRAINT races_locales_seo_image_id_media_id_fk FOREIGN KEY (seo_image_id) REFERENCES public.media(id) ON DELETE SET NULL;


--
-- Name: races_rels races_rels_categories_fk; Type: FK CONSTRAINT; Schema: public; Owner: afmuser
--

ALTER TABLE ONLY public.races_rels
    ADD CONSTRAINT races_rels_categories_fk FOREIGN KEY (categories_id) REFERENCES public.categories(id) ON DELETE CASCADE;


--
-- Name: races_rels races_rels_media_fk; Type: FK CONSTRAINT; Schema: public; Owner: afmuser
--

ALTER TABLE ONLY public.races_rels
    ADD CONSTRAINT races_rels_media_fk FOREIGN KEY (media_id) REFERENCES public.media(id) ON DELETE CASCADE;


--
-- Name: races_rels races_rels_parent_fk; Type: FK CONSTRAINT; Schema: public; Owner: afmuser
--

ALTER TABLE ONLY public.races_rels
    ADD CONSTRAINT races_rels_parent_fk FOREIGN KEY (parent_id) REFERENCES public.races(id) ON DELETE CASCADE;


--
-- Name: races_rels races_rels_tags_fk; Type: FK CONSTRAINT; Schema: public; Owner: afmuser
--

ALTER TABLE ONLY public.races_rels
    ADD CONSTRAINT races_rels_tags_fk FOREIGN KEY (tags_id) REFERENCES public.tags(id) ON DELETE CASCADE;


--
-- Name: regulations regulations_basics_document_id_media_id_fk; Type: FK CONSTRAINT; Schema: public; Owner: afmuser
--

ALTER TABLE ONLY public.regulations
    ADD CONSTRAINT regulations_basics_document_id_media_id_fk FOREIGN KEY (basics_document_id) REFERENCES public.media(id) ON DELETE SET NULL;


--
-- Name: regulations_locales regulations_locales_parent_id_fk; Type: FK CONSTRAINT; Schema: public; Owner: afmuser
--

ALTER TABLE ONLY public.regulations_locales
    ADD CONSTRAINT regulations_locales_parent_id_fk FOREIGN KEY (_parent_id) REFERENCES public.regulations(id) ON DELETE CASCADE;


--
-- Name: regulations_locales regulations_locales_seo_image_id_media_id_fk; Type: FK CONSTRAINT; Schema: public; Owner: afmuser
--

ALTER TABLE ONLY public.regulations_locales
    ADD CONSTRAINT regulations_locales_seo_image_id_media_id_fk FOREIGN KEY (seo_image_id) REFERENCES public.media(id) ON DELETE SET NULL;


--
-- Name: regulations_rels regulations_rels_categories_fk; Type: FK CONSTRAINT; Schema: public; Owner: afmuser
--

ALTER TABLE ONLY public.regulations_rels
    ADD CONSTRAINT regulations_rels_categories_fk FOREIGN KEY (categories_id) REFERENCES public.categories(id) ON DELETE CASCADE;


--
-- Name: regulations_rels regulations_rels_parent_fk; Type: FK CONSTRAINT; Schema: public; Owner: afmuser
--

ALTER TABLE ONLY public.regulations_rels
    ADD CONSTRAINT regulations_rels_parent_fk FOREIGN KEY (parent_id) REFERENCES public.regulations(id) ON DELETE CASCADE;


--
-- Name: regulations_rels regulations_rels_tags_fk; Type: FK CONSTRAINT; Schema: public; Owner: afmuser
--

ALTER TABLE ONLY public.regulations_rels
    ADD CONSTRAINT regulations_rels_tags_fk FOREIGN KEY (tags_id) REFERENCES public.tags(id) ON DELETE CASCADE;


--
-- Name: results_locales results_locales_parent_id_fk; Type: FK CONSTRAINT; Schema: public; Owner: afmuser
--

ALTER TABLE ONLY public.results_locales
    ADD CONSTRAINT results_locales_parent_id_fk FOREIGN KEY (_parent_id) REFERENCES public.results(id) ON DELETE CASCADE;


--
-- Name: results_locales results_locales_seo_image_id_media_id_fk; Type: FK CONSTRAINT; Schema: public; Owner: afmuser
--

ALTER TABLE ONLY public.results_locales
    ADD CONSTRAINT results_locales_seo_image_id_media_id_fk FOREIGN KEY (seo_image_id) REFERENCES public.media(id) ON DELETE SET NULL;


--
-- Name: results_rels results_rels_categories_fk; Type: FK CONSTRAINT; Schema: public; Owner: afmuser
--

ALTER TABLE ONLY public.results_rels
    ADD CONSTRAINT results_rels_categories_fk FOREIGN KEY (categories_id) REFERENCES public.categories(id) ON DELETE CASCADE;


--
-- Name: results_rels results_rels_parent_fk; Type: FK CONSTRAINT; Schema: public; Owner: afmuser
--

ALTER TABLE ONLY public.results_rels
    ADD CONSTRAINT results_rels_parent_fk FOREIGN KEY (parent_id) REFERENCES public.results(id) ON DELETE CASCADE;


--
-- Name: results_rels results_rels_tags_fk; Type: FK CONSTRAINT; Schema: public; Owner: afmuser
--

ALTER TABLE ONLY public.results_rels
    ADD CONSTRAINT results_rels_tags_fk FOREIGN KEY (tags_id) REFERENCES public.tags(id) ON DELETE CASCADE;


--
-- Name: search_locales search_locales_parent_id_fk; Type: FK CONSTRAINT; Schema: public; Owner: afmuser
--

ALTER TABLE ONLY public.search_locales
    ADD CONSTRAINT search_locales_parent_id_fk FOREIGN KEY (_parent_id) REFERENCES public.search(id) ON DELETE CASCADE;


--
-- Name: search_rels search_rels_awards_fk; Type: FK CONSTRAINT; Schema: public; Owner: afmuser
--

ALTER TABLE ONLY public.search_rels
    ADD CONSTRAINT search_rels_awards_fk FOREIGN KEY (awards_id) REFERENCES public.awards(id) ON DELETE CASCADE;


--
-- Name: search_rels search_rels_cars_fk; Type: FK CONSTRAINT; Schema: public; Owner: afmuser
--

ALTER TABLE ONLY public.search_rels
    ADD CONSTRAINT search_rels_cars_fk FOREIGN KEY (cars_id) REFERENCES public.cars(id) ON DELETE CASCADE;


--
-- Name: search_rels search_rels_categories_fk; Type: FK CONSTRAINT; Schema: public; Owner: afmuser
--

ALTER TABLE ONLY public.search_rels
    ADD CONSTRAINT search_rels_categories_fk FOREIGN KEY (categories_id) REFERENCES public.categories(id) ON DELETE CASCADE;


--
-- Name: search_rels search_rels_celebrations_fk; Type: FK CONSTRAINT; Schema: public; Owner: afmuser
--

ALTER TABLE ONLY public.search_rels
    ADD CONSTRAINT search_rels_celebrations_fk FOREIGN KEY (celebrations_id) REFERENCES public.celebrations(id) ON DELETE CASCADE;


--
-- Name: search_rels search_rels_championships_fk; Type: FK CONSTRAINT; Schema: public; Owner: afmuser
--

ALTER TABLE ONLY public.search_rels
    ADD CONSTRAINT search_rels_championships_fk FOREIGN KEY (championships_id) REFERENCES public.championships(id) ON DELETE CASCADE;


--
-- Name: search_rels search_rels_circuits_fk; Type: FK CONSTRAINT; Schema: public; Owner: afmuser
--

ALTER TABLE ONLY public.search_rels
    ADD CONSTRAINT search_rels_circuits_fk FOREIGN KEY (circuits_id) REFERENCES public.circuits(id) ON DELETE CASCADE;


--
-- Name: search_rels search_rels_countries_fk; Type: FK CONSTRAINT; Schema: public; Owner: afmuser
--

ALTER TABLE ONLY public.search_rels
    ADD CONSTRAINT search_rels_countries_fk FOREIGN KEY (countries_id) REFERENCES public.countries(id) ON DELETE CASCADE;


--
-- Name: search_rels search_rels_designations_fk; Type: FK CONSTRAINT; Schema: public; Owner: afmuser
--

ALTER TABLE ONLY public.search_rels
    ADD CONSTRAINT search_rels_designations_fk FOREIGN KEY (designations_id) REFERENCES public.designations(id) ON DELETE CASCADE;


--
-- Name: search_rels search_rels_drivers_fk; Type: FK CONSTRAINT; Schema: public; Owner: afmuser
--

ALTER TABLE ONLY public.search_rels
    ADD CONSTRAINT search_rels_drivers_fk FOREIGN KEY (drivers_id) REFERENCES public.drivers(id) ON DELETE CASCADE;


--
-- Name: search_rels search_rels_entries_fk; Type: FK CONSTRAINT; Schema: public; Owner: afmuser
--

ALTER TABLE ONLY public.search_rels
    ADD CONSTRAINT search_rels_entries_fk FOREIGN KEY (entries_id) REFERENCES public.entries(id) ON DELETE CASCADE;


--
-- Name: search_rels search_rels_events_fk; Type: FK CONSTRAINT; Schema: public; Owner: afmuser
--

ALTER TABLE ONLY public.search_rels
    ADD CONSTRAINT search_rels_events_fk FOREIGN KEY (events_id) REFERENCES public.events(id) ON DELETE CASCADE;


--
-- Name: search_rels search_rels_garages_fk; Type: FK CONSTRAINT; Schema: public; Owner: afmuser
--

ALTER TABLE ONLY public.search_rels
    ADD CONSTRAINT search_rels_garages_fk FOREIGN KEY (garages_id) REFERENCES public.garages(id) ON DELETE CASCADE;


--
-- Name: search_rels search_rels_helmets_fk; Type: FK CONSTRAINT; Schema: public; Owner: afmuser
--

ALTER TABLE ONLY public.search_rels
    ADD CONSTRAINT search_rels_helmets_fk FOREIGN KEY (helmets_id) REFERENCES public.helmets(id) ON DELETE CASCADE;


--
-- Name: search_rels search_rels_hospitalities_fk; Type: FK CONSTRAINT; Schema: public; Owner: afmuser
--

ALTER TABLE ONLY public.search_rels
    ADD CONSTRAINT search_rels_hospitalities_fk FOREIGN KEY (hospitalities_id) REFERENCES public.hospitalities(id) ON DELETE CASCADE;


--
-- Name: search_rels search_rels_incidents_fk; Type: FK CONSTRAINT; Schema: public; Owner: afmuser
--

ALTER TABLE ONLY public.search_rels
    ADD CONSTRAINT search_rels_incidents_fk FOREIGN KEY (incidents_id) REFERENCES public.incidents(id) ON DELETE CASCADE;


--
-- Name: search_rels search_rels_individuals_fk; Type: FK CONSTRAINT; Schema: public; Owner: afmuser
--

ALTER TABLE ONLY public.search_rels
    ADD CONSTRAINT search_rels_individuals_fk FOREIGN KEY (individuals_id) REFERENCES public.individuals(id) ON DELETE CASCADE;


--
-- Name: search_rels search_rels_initiatives_fk; Type: FK CONSTRAINT; Schema: public; Owner: afmuser
--

ALTER TABLE ONLY public.search_rels
    ADD CONSTRAINT search_rels_initiatives_fk FOREIGN KEY (initiatives_id) REFERENCES public.initiatives(id) ON DELETE CASCADE;


--
-- Name: search_rels search_rels_interviews_fk; Type: FK CONSTRAINT; Schema: public; Owner: afmuser
--

ALTER TABLE ONLY public.search_rels
    ADD CONSTRAINT search_rels_interviews_fk FOREIGN KEY (interviews_id) REFERENCES public.interviews(id) ON DELETE CASCADE;


--
-- Name: search_rels search_rels_leaders_fk; Type: FK CONSTRAINT; Schema: public; Owner: afmuser
--

ALTER TABLE ONLY public.search_rels
    ADD CONSTRAINT search_rels_leaders_fk FOREIGN KEY (leaders_id) REFERENCES public.leaders(id) ON DELETE CASCADE;


--
-- Name: search_rels search_rels_media_fk; Type: FK CONSTRAINT; Schema: public; Owner: afmuser
--

ALTER TABLE ONLY public.search_rels
    ADD CONSTRAINT search_rels_media_fk FOREIGN KEY (media_id) REFERENCES public.media(id) ON DELETE CASCADE;


--
-- Name: search_rels search_rels_meetups_fk; Type: FK CONSTRAINT; Schema: public; Owner: afmuser
--

ALTER TABLE ONLY public.search_rels
    ADD CONSTRAINT search_rels_meetups_fk FOREIGN KEY (meetups_id) REFERENCES public.meetups(id) ON DELETE CASCADE;


--
-- Name: search_rels search_rels_members_fk; Type: FK CONSTRAINT; Schema: public; Owner: afmuser
--

ALTER TABLE ONLY public.search_rels
    ADD CONSTRAINT search_rels_members_fk FOREIGN KEY (members_id) REFERENCES public.members(id) ON DELETE CASCADE;


--
-- Name: search_rels search_rels_onboardings_fk; Type: FK CONSTRAINT; Schema: public; Owner: afmuser
--

ALTER TABLE ONLY public.search_rels
    ADD CONSTRAINT search_rels_onboardings_fk FOREIGN KEY (onboardings_id) REFERENCES public.onboardings(id) ON DELETE CASCADE;


--
-- Name: search_rels search_rels_organizations_fk; Type: FK CONSTRAINT; Schema: public; Owner: afmuser
--

ALTER TABLE ONLY public.search_rels
    ADD CONSTRAINT search_rels_organizations_fk FOREIGN KEY (organizations_id) REFERENCES public.organizations(id) ON DELETE CASCADE;


--
-- Name: search_rels search_rels_pages_fk; Type: FK CONSTRAINT; Schema: public; Owner: afmuser
--

ALTER TABLE ONLY public.search_rels
    ADD CONSTRAINT search_rels_pages_fk FOREIGN KEY (pages_id) REFERENCES public.pages(id) ON DELETE CASCADE;


--
-- Name: search_rels search_rels_parent_fk; Type: FK CONSTRAINT; Schema: public; Owner: afmuser
--

ALTER TABLE ONLY public.search_rels
    ADD CONSTRAINT search_rels_parent_fk FOREIGN KEY (parent_id) REFERENCES public.search(id) ON DELETE CASCADE;


--
-- Name: search_rels search_rels_plans_fk; Type: FK CONSTRAINT; Schema: public; Owner: afmuser
--

ALTER TABLE ONLY public.search_rels
    ADD CONSTRAINT search_rels_plans_fk FOREIGN KEY (plans_id) REFERENCES public.plans(id) ON DELETE CASCADE;


--
-- Name: search_rels search_rels_points_fk; Type: FK CONSTRAINT; Schema: public; Owner: afmuser
--

ALTER TABLE ONLY public.search_rels
    ADD CONSTRAINT search_rels_points_fk FOREIGN KEY (points_id) REFERENCES public.points(id) ON DELETE CASCADE;


--
-- Name: search_rels search_rels_policies_fk; Type: FK CONSTRAINT; Schema: public; Owner: afmuser
--

ALTER TABLE ONLY public.search_rels
    ADD CONSTRAINT search_rels_policies_fk FOREIGN KEY (policies_id) REFERENCES public.policies(id) ON DELETE CASCADE;


--
-- Name: search_rels search_rels_programs_fk; Type: FK CONSTRAINT; Schema: public; Owner: afmuser
--

ALTER TABLE ONLY public.search_rels
    ADD CONSTRAINT search_rels_programs_fk FOREIGN KEY (programs_id) REFERENCES public.programs(id) ON DELETE CASCADE;


--
-- Name: search_rels search_rels_races_fk; Type: FK CONSTRAINT; Schema: public; Owner: afmuser
--

ALTER TABLE ONLY public.search_rels
    ADD CONSTRAINT search_rels_races_fk FOREIGN KEY (races_id) REFERENCES public.races(id) ON DELETE CASCADE;


--
-- Name: search_rels search_rels_regulations_fk; Type: FK CONSTRAINT; Schema: public; Owner: afmuser
--

ALTER TABLE ONLY public.search_rels
    ADD CONSTRAINT search_rels_regulations_fk FOREIGN KEY (regulations_id) REFERENCES public.regulations(id) ON DELETE CASCADE;


--
-- Name: search_rels search_rels_results_fk; Type: FK CONSTRAINT; Schema: public; Owner: afmuser
--

ALTER TABLE ONLY public.search_rels
    ADD CONSTRAINT search_rels_results_fk FOREIGN KEY (results_id) REFERENCES public.results(id) ON DELETE CASCADE;


--
-- Name: search_rels search_rels_seasons_fk; Type: FK CONSTRAINT; Schema: public; Owner: afmuser
--

ALTER TABLE ONLY public.search_rels
    ADD CONSTRAINT search_rels_seasons_fk FOREIGN KEY (seasons_id) REFERENCES public.seasons(id) ON DELETE CASCADE;


--
-- Name: search_rels search_rels_series_fk; Type: FK CONSTRAINT; Schema: public; Owner: afmuser
--

ALTER TABLE ONLY public.search_rels
    ADD CONSTRAINT search_rels_series_fk FOREIGN KEY (series_id) REFERENCES public.series(id) ON DELETE CASCADE;


--
-- Name: search_rels search_rels_sessions_fk; Type: FK CONSTRAINT; Schema: public; Owner: afmuser
--

ALTER TABLE ONLY public.search_rels
    ADD CONSTRAINT search_rels_sessions_fk FOREIGN KEY (sessions_id) REFERENCES public.sessions(id) ON DELETE CASCADE;


--
-- Name: search_rels search_rels_skills_fk; Type: FK CONSTRAINT; Schema: public; Owner: afmuser
--

ALTER TABLE ONLY public.search_rels
    ADD CONSTRAINT search_rels_skills_fk FOREIGN KEY (skills_id) REFERENCES public.skills(id) ON DELETE CASCADE;


--
-- Name: search_rels search_rels_slides_fk; Type: FK CONSTRAINT; Schema: public; Owner: afmuser
--

ALTER TABLE ONLY public.search_rels
    ADD CONSTRAINT search_rels_slides_fk FOREIGN KEY (slides_id) REFERENCES public.slides(id) ON DELETE CASCADE;


--
-- Name: search_rels search_rels_statements_fk; Type: FK CONSTRAINT; Schema: public; Owner: afmuser
--

ALTER TABLE ONLY public.search_rels
    ADD CONSTRAINT search_rels_statements_fk FOREIGN KEY (statements_id) REFERENCES public.statements(id) ON DELETE CASCADE;


--
-- Name: search_rels search_rels_statuses_fk; Type: FK CONSTRAINT; Schema: public; Owner: afmuser
--

ALTER TABLE ONLY public.search_rels
    ADD CONSTRAINT search_rels_statuses_fk FOREIGN KEY (statuses_id) REFERENCES public.statuses(id) ON DELETE CASCADE;


--
-- Name: search_rels search_rels_suits_fk; Type: FK CONSTRAINT; Schema: public; Owner: afmuser
--

ALTER TABLE ONLY public.search_rels
    ADD CONSTRAINT search_rels_suits_fk FOREIGN KEY (suits_id) REFERENCES public.suits(id) ON DELETE CASCADE;


--
-- Name: search_rels search_rels_tags_fk; Type: FK CONSTRAINT; Schema: public; Owner: afmuser
--

ALTER TABLE ONLY public.search_rels
    ADD CONSTRAINT search_rels_tags_fk FOREIGN KEY (tags_id) REFERENCES public.tags(id) ON DELETE CASCADE;


--
-- Name: search_rels search_rels_teams_fk; Type: FK CONSTRAINT; Schema: public; Owner: afmuser
--

ALTER TABLE ONLY public.search_rels
    ADD CONSTRAINT search_rels_teams_fk FOREIGN KEY (teams_id) REFERENCES public.teams(id) ON DELETE CASCADE;


--
-- Name: search_rels search_rels_timelines_fk; Type: FK CONSTRAINT; Schema: public; Owner: afmuser
--

ALTER TABLE ONLY public.search_rels
    ADD CONSTRAINT search_rels_timelines_fk FOREIGN KEY (timelines_id) REFERENCES public.timelines(id) ON DELETE CASCADE;


--
-- Name: search_rels search_rels_trainings_fk; Type: FK CONSTRAINT; Schema: public; Owner: afmuser
--

ALTER TABLE ONLY public.search_rels
    ADD CONSTRAINT search_rels_trainings_fk FOREIGN KEY (trainings_id) REFERENCES public.trainings(id) ON DELETE CASCADE;


--
-- Name: search_rels search_rels_users_fk; Type: FK CONSTRAINT; Schema: public; Owner: afmuser
--

ALTER TABLE ONLY public.search_rels
    ADD CONSTRAINT search_rels_users_fk FOREIGN KEY (users_id) REFERENCES public.users(id) ON DELETE CASCADE;


--
-- Name: search_rels search_rels_vacancies_fk; Type: FK CONSTRAINT; Schema: public; Owner: afmuser
--

ALTER TABLE ONLY public.search_rels
    ADD CONSTRAINT search_rels_vacancies_fk FOREIGN KEY (vacancies_id) REFERENCES public.vacancies(id) ON DELETE CASCADE;


--
-- Name: seasons seasons_assets_cover_id_media_id_fk; Type: FK CONSTRAINT; Schema: public; Owner: afmuser
--

ALTER TABLE ONLY public.seasons
    ADD CONSTRAINT seasons_assets_cover_id_media_id_fk FOREIGN KEY (assets_cover_id) REFERENCES public.media(id) ON DELETE SET NULL;


--
-- Name: seasons seasons_assets_trailer_id_media_id_fk; Type: FK CONSTRAINT; Schema: public; Owner: afmuser
--

ALTER TABLE ONLY public.seasons
    ADD CONSTRAINT seasons_assets_trailer_id_media_id_fk FOREIGN KEY (assets_trailer_id) REFERENCES public.media(id) ON DELETE SET NULL;


--
-- Name: seasons seasons_details_series_id_series_id_fk; Type: FK CONSTRAINT; Schema: public; Owner: afmuser
--

ALTER TABLE ONLY public.seasons
    ADD CONSTRAINT seasons_details_series_id_series_id_fk FOREIGN KEY (details_series_id) REFERENCES public.series(id) ON DELETE SET NULL;


--
-- Name: seasons_locales seasons_locales_parent_id_fk; Type: FK CONSTRAINT; Schema: public; Owner: afmuser
--

ALTER TABLE ONLY public.seasons_locales
    ADD CONSTRAINT seasons_locales_parent_id_fk FOREIGN KEY (_parent_id) REFERENCES public.seasons(id) ON DELETE CASCADE;


--
-- Name: seasons_locales seasons_locales_seo_image_id_media_id_fk; Type: FK CONSTRAINT; Schema: public; Owner: afmuser
--

ALTER TABLE ONLY public.seasons_locales
    ADD CONSTRAINT seasons_locales_seo_image_id_media_id_fk FOREIGN KEY (seo_image_id) REFERENCES public.media(id) ON DELETE SET NULL;


--
-- Name: seasons_rels seasons_rels_categories_fk; Type: FK CONSTRAINT; Schema: public; Owner: afmuser
--

ALTER TABLE ONLY public.seasons_rels
    ADD CONSTRAINT seasons_rels_categories_fk FOREIGN KEY (categories_id) REFERENCES public.categories(id) ON DELETE CASCADE;


--
-- Name: seasons_rels seasons_rels_media_fk; Type: FK CONSTRAINT; Schema: public; Owner: afmuser
--

ALTER TABLE ONLY public.seasons_rels
    ADD CONSTRAINT seasons_rels_media_fk FOREIGN KEY (media_id) REFERENCES public.media(id) ON DELETE CASCADE;


--
-- Name: seasons_rels seasons_rels_parent_fk; Type: FK CONSTRAINT; Schema: public; Owner: afmuser
--

ALTER TABLE ONLY public.seasons_rels
    ADD CONSTRAINT seasons_rels_parent_fk FOREIGN KEY (parent_id) REFERENCES public.seasons(id) ON DELETE CASCADE;


--
-- Name: seasons_rels seasons_rels_tags_fk; Type: FK CONSTRAINT; Schema: public; Owner: afmuser
--

ALTER TABLE ONLY public.seasons_rels
    ADD CONSTRAINT seasons_rels_tags_fk FOREIGN KEY (tags_id) REFERENCES public.tags(id) ON DELETE CASCADE;


--
-- Name: series series_assets_cover_id_media_id_fk; Type: FK CONSTRAINT; Schema: public; Owner: afmuser
--

ALTER TABLE ONLY public.series
    ADD CONSTRAINT series_assets_cover_id_media_id_fk FOREIGN KEY (assets_cover_id) REFERENCES public.media(id) ON DELETE SET NULL;


--
-- Name: series series_assets_logo_id_media_id_fk; Type: FK CONSTRAINT; Schema: public; Owner: afmuser
--

ALTER TABLE ONLY public.series
    ADD CONSTRAINT series_assets_logo_id_media_id_fk FOREIGN KEY (assets_logo_id) REFERENCES public.media(id) ON DELETE SET NULL;


--
-- Name: series series_assets_thumbnail_id_media_id_fk; Type: FK CONSTRAINT; Schema: public; Owner: afmuser
--

ALTER TABLE ONLY public.series
    ADD CONSTRAINT series_assets_thumbnail_id_media_id_fk FOREIGN KEY (assets_thumbnail_id) REFERENCES public.media(id) ON DELETE SET NULL;


--
-- Name: series series_details_predecessor_id_series_id_fk; Type: FK CONSTRAINT; Schema: public; Owner: afmuser
--

ALTER TABLE ONLY public.series
    ADD CONSTRAINT series_details_predecessor_id_series_id_fk FOREIGN KEY (details_predecessor_id) REFERENCES public.series(id) ON DELETE SET NULL;


--
-- Name: series series_details_successor_id_series_id_fk; Type: FK CONSTRAINT; Schema: public; Owner: afmuser
--

ALTER TABLE ONLY public.series
    ADD CONSTRAINT series_details_successor_id_series_id_fk FOREIGN KEY (details_successor_id) REFERENCES public.series(id) ON DELETE SET NULL;


--
-- Name: series_locales series_locales_parent_id_fk; Type: FK CONSTRAINT; Schema: public; Owner: afmuser
--

ALTER TABLE ONLY public.series_locales
    ADD CONSTRAINT series_locales_parent_id_fk FOREIGN KEY (_parent_id) REFERENCES public.series(id) ON DELETE CASCADE;


--
-- Name: series_locales series_locales_seo_image_id_media_id_fk; Type: FK CONSTRAINT; Schema: public; Owner: afmuser
--

ALTER TABLE ONLY public.series_locales
    ADD CONSTRAINT series_locales_seo_image_id_media_id_fk FOREIGN KEY (seo_image_id) REFERENCES public.media(id) ON DELETE SET NULL;


--
-- Name: series_rels series_rels_categories_fk; Type: FK CONSTRAINT; Schema: public; Owner: afmuser
--

ALTER TABLE ONLY public.series_rels
    ADD CONSTRAINT series_rels_categories_fk FOREIGN KEY (categories_id) REFERENCES public.categories(id) ON DELETE CASCADE;


--
-- Name: series_rels series_rels_media_fk; Type: FK CONSTRAINT; Schema: public; Owner: afmuser
--

ALTER TABLE ONLY public.series_rels
    ADD CONSTRAINT series_rels_media_fk FOREIGN KEY (media_id) REFERENCES public.media(id) ON DELETE CASCADE;


--
-- Name: series_rels series_rels_parent_fk; Type: FK CONSTRAINT; Schema: public; Owner: afmuser
--

ALTER TABLE ONLY public.series_rels
    ADD CONSTRAINT series_rels_parent_fk FOREIGN KEY (parent_id) REFERENCES public.series(id) ON DELETE CASCADE;


--
-- Name: series_rels series_rels_tags_fk; Type: FK CONSTRAINT; Schema: public; Owner: afmuser
--

ALTER TABLE ONLY public.series_rels
    ADD CONSTRAINT series_rels_tags_fk FOREIGN KEY (tags_id) REFERENCES public.tags(id) ON DELETE CASCADE;


--
-- Name: sessions sessions_assets_thumbnail_id_media_id_fk; Type: FK CONSTRAINT; Schema: public; Owner: afmuser
--

ALTER TABLE ONLY public.sessions
    ADD CONSTRAINT sessions_assets_thumbnail_id_media_id_fk FOREIGN KEY (assets_thumbnail_id) REFERENCES public.media(id) ON DELETE SET NULL;


--
-- Name: sessions_locales sessions_locales_parent_id_fk; Type: FK CONSTRAINT; Schema: public; Owner: afmuser
--

ALTER TABLE ONLY public.sessions_locales
    ADD CONSTRAINT sessions_locales_parent_id_fk FOREIGN KEY (_parent_id) REFERENCES public.sessions(id) ON DELETE CASCADE;


--
-- Name: sessions_locales sessions_locales_seo_image_id_media_id_fk; Type: FK CONSTRAINT; Schema: public; Owner: afmuser
--

ALTER TABLE ONLY public.sessions_locales
    ADD CONSTRAINT sessions_locales_seo_image_id_media_id_fk FOREIGN KEY (seo_image_id) REFERENCES public.media(id) ON DELETE SET NULL;


--
-- Name: sessions_rels sessions_rels_categories_fk; Type: FK CONSTRAINT; Schema: public; Owner: afmuser
--

ALTER TABLE ONLY public.sessions_rels
    ADD CONSTRAINT sessions_rels_categories_fk FOREIGN KEY (categories_id) REFERENCES public.categories(id) ON DELETE CASCADE;


--
-- Name: sessions_rels sessions_rels_media_fk; Type: FK CONSTRAINT; Schema: public; Owner: afmuser
--

ALTER TABLE ONLY public.sessions_rels
    ADD CONSTRAINT sessions_rels_media_fk FOREIGN KEY (media_id) REFERENCES public.media(id) ON DELETE CASCADE;


--
-- Name: sessions_rels sessions_rels_parent_fk; Type: FK CONSTRAINT; Schema: public; Owner: afmuser
--

ALTER TABLE ONLY public.sessions_rels
    ADD CONSTRAINT sessions_rels_parent_fk FOREIGN KEY (parent_id) REFERENCES public.sessions(id) ON DELETE CASCADE;


--
-- Name: sessions_rels sessions_rels_tags_fk; Type: FK CONSTRAINT; Schema: public; Owner: afmuser
--

ALTER TABLE ONLY public.sessions_rels
    ADD CONSTRAINT sessions_rels_tags_fk FOREIGN KEY (tags_id) REFERENCES public.tags(id) ON DELETE CASCADE;


--
-- Name: skills_details_features_list skills_details_features_list_parent_id_fk; Type: FK CONSTRAINT; Schema: public; Owner: afmuser
--

ALTER TABLE ONLY public.skills_details_features_list
    ADD CONSTRAINT skills_details_features_list_parent_id_fk FOREIGN KEY (_parent_id) REFERENCES public.skills(id) ON DELETE CASCADE;


--
-- Name: skills_details_specifications_list skills_details_specifications_list_parent_id_fk; Type: FK CONSTRAINT; Schema: public; Owner: afmuser
--

ALTER TABLE ONLY public.skills_details_specifications_list
    ADD CONSTRAINT skills_details_specifications_list_parent_id_fk FOREIGN KEY (_parent_id) REFERENCES public.skills(id) ON DELETE CASCADE;


--
-- Name: skills_locales skills_locales_parent_id_fk; Type: FK CONSTRAINT; Schema: public; Owner: afmuser
--

ALTER TABLE ONLY public.skills_locales
    ADD CONSTRAINT skills_locales_parent_id_fk FOREIGN KEY (_parent_id) REFERENCES public.skills(id) ON DELETE CASCADE;


--
-- Name: skills_locales skills_locales_seo_image_id_media_id_fk; Type: FK CONSTRAINT; Schema: public; Owner: afmuser
--

ALTER TABLE ONLY public.skills_locales
    ADD CONSTRAINT skills_locales_seo_image_id_media_id_fk FOREIGN KEY (seo_image_id) REFERENCES public.media(id) ON DELETE SET NULL;


--
-- Name: skills_rels skills_rels_categories_fk; Type: FK CONSTRAINT; Schema: public; Owner: afmuser
--

ALTER TABLE ONLY public.skills_rels
    ADD CONSTRAINT skills_rels_categories_fk FOREIGN KEY (categories_id) REFERENCES public.categories(id) ON DELETE CASCADE;


--
-- Name: skills_rels skills_rels_parent_fk; Type: FK CONSTRAINT; Schema: public; Owner: afmuser
--

ALTER TABLE ONLY public.skills_rels
    ADD CONSTRAINT skills_rels_parent_fk FOREIGN KEY (parent_id) REFERENCES public.skills(id) ON DELETE CASCADE;


--
-- Name: skills_rels skills_rels_tags_fk; Type: FK CONSTRAINT; Schema: public; Owner: afmuser
--

ALTER TABLE ONLY public.skills_rels
    ADD CONSTRAINT skills_rels_tags_fk FOREIGN KEY (tags_id) REFERENCES public.tags(id) ON DELETE CASCADE;


--
-- Name: slides slides_assets_background_id_media_id_fk; Type: FK CONSTRAINT; Schema: public; Owner: afmuser
--

ALTER TABLE ONLY public.slides
    ADD CONSTRAINT slides_assets_background_id_media_id_fk FOREIGN KEY (assets_background_id) REFERENCES public.media(id) ON DELETE SET NULL;


--
-- Name: slides slides_assets_foreground_id_media_id_fk; Type: FK CONSTRAINT; Schema: public; Owner: afmuser
--

ALTER TABLE ONLY public.slides
    ADD CONSTRAINT slides_assets_foreground_id_media_id_fk FOREIGN KEY (assets_foreground_id) REFERENCES public.media(id) ON DELETE SET NULL;


--
-- Name: slides slides_assets_thumbnail_id_media_id_fk; Type: FK CONSTRAINT; Schema: public; Owner: afmuser
--

ALTER TABLE ONLY public.slides
    ADD CONSTRAINT slides_assets_thumbnail_id_media_id_fk FOREIGN KEY (assets_thumbnail_id) REFERENCES public.media(id) ON DELETE SET NULL;


--
-- Name: slides_locales slides_locales_parent_id_fk; Type: FK CONSTRAINT; Schema: public; Owner: afmuser
--

ALTER TABLE ONLY public.slides_locales
    ADD CONSTRAINT slides_locales_parent_id_fk FOREIGN KEY (_parent_id) REFERENCES public.slides(id) ON DELETE CASCADE;


--
-- Name: slides_locales slides_locales_seo_image_id_media_id_fk; Type: FK CONSTRAINT; Schema: public; Owner: afmuser
--

ALTER TABLE ONLY public.slides_locales
    ADD CONSTRAINT slides_locales_seo_image_id_media_id_fk FOREIGN KEY (seo_image_id) REFERENCES public.media(id) ON DELETE SET NULL;


--
-- Name: slides_rels slides_rels_categories_fk; Type: FK CONSTRAINT; Schema: public; Owner: afmuser
--

ALTER TABLE ONLY public.slides_rels
    ADD CONSTRAINT slides_rels_categories_fk FOREIGN KEY (categories_id) REFERENCES public.categories(id) ON DELETE CASCADE;


--
-- Name: slides_rels slides_rels_parent_fk; Type: FK CONSTRAINT; Schema: public; Owner: afmuser
--

ALTER TABLE ONLY public.slides_rels
    ADD CONSTRAINT slides_rels_parent_fk FOREIGN KEY (parent_id) REFERENCES public.slides(id) ON DELETE CASCADE;


--
-- Name: slides_rels slides_rels_tags_fk; Type: FK CONSTRAINT; Schema: public; Owner: afmuser
--

ALTER TABLE ONLY public.slides_rels
    ADD CONSTRAINT slides_rels_tags_fk FOREIGN KEY (tags_id) REFERENCES public.tags(id) ON DELETE CASCADE;


--
-- Name: slides_traits_tags_list slides_traits_tags_list_parent_id_fk; Type: FK CONSTRAINT; Schema: public; Owner: afmuser
--

ALTER TABLE ONLY public.slides_traits_tags_list
    ADD CONSTRAINT slides_traits_tags_list_parent_id_fk FOREIGN KEY (_parent_id) REFERENCES public.slides(id) ON DELETE CASCADE;


--
-- Name: socials_accounts socials_accounts_parent_id_fk; Type: FK CONSTRAINT; Schema: public; Owner: afmuser
--

ALTER TABLE ONLY public.socials_accounts
    ADD CONSTRAINT socials_accounts_parent_id_fk FOREIGN KEY (_parent_id) REFERENCES public.socials(id) ON DELETE CASCADE;


--
-- Name: statements statements_basics_authority_id_organizations_id_fk; Type: FK CONSTRAINT; Schema: public; Owner: afmuser
--

ALTER TABLE ONLY public.statements
    ADD CONSTRAINT statements_basics_authority_id_organizations_id_fk FOREIGN KEY (basics_authority_id) REFERENCES public.organizations(id) ON DELETE SET NULL;


--
-- Name: statements_locales statements_locales_parent_id_fk; Type: FK CONSTRAINT; Schema: public; Owner: afmuser
--

ALTER TABLE ONLY public.statements_locales
    ADD CONSTRAINT statements_locales_parent_id_fk FOREIGN KEY (_parent_id) REFERENCES public.statements(id) ON DELETE CASCADE;


--
-- Name: statements_locales statements_locales_seo_image_id_media_id_fk; Type: FK CONSTRAINT; Schema: public; Owner: afmuser
--

ALTER TABLE ONLY public.statements_locales
    ADD CONSTRAINT statements_locales_seo_image_id_media_id_fk FOREIGN KEY (seo_image_id) REFERENCES public.media(id) ON DELETE SET NULL;


--
-- Name: statements_rels statements_rels_categories_fk; Type: FK CONSTRAINT; Schema: public; Owner: afmuser
--

ALTER TABLE ONLY public.statements_rels
    ADD CONSTRAINT statements_rels_categories_fk FOREIGN KEY (categories_id) REFERENCES public.categories(id) ON DELETE CASCADE;


--
-- Name: statements_rels statements_rels_parent_fk; Type: FK CONSTRAINT; Schema: public; Owner: afmuser
--

ALTER TABLE ONLY public.statements_rels
    ADD CONSTRAINT statements_rels_parent_fk FOREIGN KEY (parent_id) REFERENCES public.statements(id) ON DELETE CASCADE;


--
-- Name: statements_rels statements_rels_tags_fk; Type: FK CONSTRAINT; Schema: public; Owner: afmuser
--

ALTER TABLE ONLY public.statements_rels
    ADD CONSTRAINT statements_rels_tags_fk FOREIGN KEY (tags_id) REFERENCES public.tags(id) ON DELETE CASCADE;


--
-- Name: statuses_locales statuses_locales_parent_id_fk; Type: FK CONSTRAINT; Schema: public; Owner: afmuser
--

ALTER TABLE ONLY public.statuses_locales
    ADD CONSTRAINT statuses_locales_parent_id_fk FOREIGN KEY (_parent_id) REFERENCES public.statuses(id) ON DELETE CASCADE;


--
-- Name: statuses_locales statuses_locales_seo_image_id_media_id_fk; Type: FK CONSTRAINT; Schema: public; Owner: afmuser
--

ALTER TABLE ONLY public.statuses_locales
    ADD CONSTRAINT statuses_locales_seo_image_id_media_id_fk FOREIGN KEY (seo_image_id) REFERENCES public.media(id) ON DELETE SET NULL;


--
-- Name: statuses_rels statuses_rels_categories_fk; Type: FK CONSTRAINT; Schema: public; Owner: afmuser
--

ALTER TABLE ONLY public.statuses_rels
    ADD CONSTRAINT statuses_rels_categories_fk FOREIGN KEY (categories_id) REFERENCES public.categories(id) ON DELETE CASCADE;


--
-- Name: statuses_rels statuses_rels_parent_fk; Type: FK CONSTRAINT; Schema: public; Owner: afmuser
--

ALTER TABLE ONLY public.statuses_rels
    ADD CONSTRAINT statuses_rels_parent_fk FOREIGN KEY (parent_id) REFERENCES public.statuses(id) ON DELETE CASCADE;


--
-- Name: statuses_rels statuses_rels_tags_fk; Type: FK CONSTRAINT; Schema: public; Owner: afmuser
--

ALTER TABLE ONLY public.statuses_rels
    ADD CONSTRAINT statuses_rels_tags_fk FOREIGN KEY (tags_id) REFERENCES public.tags(id) ON DELETE CASCADE;


--
-- Name: suits suits_assets_thumbnail_id_media_id_fk; Type: FK CONSTRAINT; Schema: public; Owner: afmuser
--

ALTER TABLE ONLY public.suits
    ADD CONSTRAINT suits_assets_thumbnail_id_media_id_fk FOREIGN KEY (assets_thumbnail_id) REFERENCES public.media(id) ON DELETE SET NULL;


--
-- Name: suits suits_assets_video_id_media_id_fk; Type: FK CONSTRAINT; Schema: public; Owner: afmuser
--

ALTER TABLE ONLY public.suits
    ADD CONSTRAINT suits_assets_video_id_media_id_fk FOREIGN KEY (assets_video_id) REFERENCES public.media(id) ON DELETE SET NULL;


--
-- Name: suits_details_manufacturers_list suits_details_manufacturers_list_parent_id_fk; Type: FK CONSTRAINT; Schema: public; Owner: afmuser
--

ALTER TABLE ONLY public.suits_details_manufacturers_list
    ADD CONSTRAINT suits_details_manufacturers_list_parent_id_fk FOREIGN KEY (_parent_id) REFERENCES public.suits(id) ON DELETE CASCADE;


--
-- Name: suits_locales suits_locales_parent_id_fk; Type: FK CONSTRAINT; Schema: public; Owner: afmuser
--

ALTER TABLE ONLY public.suits_locales
    ADD CONSTRAINT suits_locales_parent_id_fk FOREIGN KEY (_parent_id) REFERENCES public.suits(id) ON DELETE CASCADE;


--
-- Name: suits_locales suits_locales_seo_image_id_media_id_fk; Type: FK CONSTRAINT; Schema: public; Owner: afmuser
--

ALTER TABLE ONLY public.suits_locales
    ADD CONSTRAINT suits_locales_seo_image_id_media_id_fk FOREIGN KEY (seo_image_id) REFERENCES public.media(id) ON DELETE SET NULL;


--
-- Name: suits_rels suits_rels_categories_fk; Type: FK CONSTRAINT; Schema: public; Owner: afmuser
--

ALTER TABLE ONLY public.suits_rels
    ADD CONSTRAINT suits_rels_categories_fk FOREIGN KEY (categories_id) REFERENCES public.categories(id) ON DELETE CASCADE;


--
-- Name: suits_rels suits_rels_media_fk; Type: FK CONSTRAINT; Schema: public; Owner: afmuser
--

ALTER TABLE ONLY public.suits_rels
    ADD CONSTRAINT suits_rels_media_fk FOREIGN KEY (media_id) REFERENCES public.media(id) ON DELETE CASCADE;


--
-- Name: suits_rels suits_rels_parent_fk; Type: FK CONSTRAINT; Schema: public; Owner: afmuser
--

ALTER TABLE ONLY public.suits_rels
    ADD CONSTRAINT suits_rels_parent_fk FOREIGN KEY (parent_id) REFERENCES public.suits(id) ON DELETE CASCADE;


--
-- Name: suits_rels suits_rels_tags_fk; Type: FK CONSTRAINT; Schema: public; Owner: afmuser
--

ALTER TABLE ONLY public.suits_rels
    ADD CONSTRAINT suits_rels_tags_fk FOREIGN KEY (tags_id) REFERENCES public.tags(id) ON DELETE CASCADE;


--
-- Name: tags_locales tags_locales_parent_id_fk; Type: FK CONSTRAINT; Schema: public; Owner: afmuser
--

ALTER TABLE ONLY public.tags_locales
    ADD CONSTRAINT tags_locales_parent_id_fk FOREIGN KEY (_parent_id) REFERENCES public.tags(id) ON DELETE CASCADE;


--
-- Name: tags_locales tags_locales_seo_image_id_media_id_fk; Type: FK CONSTRAINT; Schema: public; Owner: afmuser
--

ALTER TABLE ONLY public.tags_locales
    ADD CONSTRAINT tags_locales_seo_image_id_media_id_fk FOREIGN KEY (seo_image_id) REFERENCES public.media(id) ON DELETE SET NULL;


--
-- Name: tags_rels tags_rels_categories_fk; Type: FK CONSTRAINT; Schema: public; Owner: afmuser
--

ALTER TABLE ONLY public.tags_rels
    ADD CONSTRAINT tags_rels_categories_fk FOREIGN KEY (categories_id) REFERENCES public.categories(id) ON DELETE CASCADE;


--
-- Name: tags_rels tags_rels_parent_fk; Type: FK CONSTRAINT; Schema: public; Owner: afmuser
--

ALTER TABLE ONLY public.tags_rels
    ADD CONSTRAINT tags_rels_parent_fk FOREIGN KEY (parent_id) REFERENCES public.tags(id) ON DELETE CASCADE;


--
-- Name: tags_rels tags_rels_tags_fk; Type: FK CONSTRAINT; Schema: public; Owner: afmuser
--

ALTER TABLE ONLY public.tags_rels
    ADD CONSTRAINT tags_rels_tags_fk FOREIGN KEY (tags_id) REFERENCES public.tags(id) ON DELETE CASCADE;


--
-- Name: teams teams_assets_cover_id_media_id_fk; Type: FK CONSTRAINT; Schema: public; Owner: afmuser
--

ALTER TABLE ONLY public.teams
    ADD CONSTRAINT teams_assets_cover_id_media_id_fk FOREIGN KEY (assets_cover_id) REFERENCES public.media(id) ON DELETE SET NULL;


--
-- Name: teams teams_assets_logo_id_media_id_fk; Type: FK CONSTRAINT; Schema: public; Owner: afmuser
--

ALTER TABLE ONLY public.teams
    ADD CONSTRAINT teams_assets_logo_id_media_id_fk FOREIGN KEY (assets_logo_id) REFERENCES public.media(id) ON DELETE SET NULL;


--
-- Name: teams teams_details_country_id_countries_id_fk; Type: FK CONSTRAINT; Schema: public; Owner: afmuser
--

ALTER TABLE ONLY public.teams
    ADD CONSTRAINT teams_details_country_id_countries_id_fk FOREIGN KEY (details_country_id) REFERENCES public.countries(id) ON DELETE SET NULL;


--
-- Name: teams_locales teams_locales_parent_id_fk; Type: FK CONSTRAINT; Schema: public; Owner: afmuser
--

ALTER TABLE ONLY public.teams_locales
    ADD CONSTRAINT teams_locales_parent_id_fk FOREIGN KEY (_parent_id) REFERENCES public.teams(id) ON DELETE CASCADE;


--
-- Name: teams_locales teams_locales_seo_image_id_media_id_fk; Type: FK CONSTRAINT; Schema: public; Owner: afmuser
--

ALTER TABLE ONLY public.teams_locales
    ADD CONSTRAINT teams_locales_seo_image_id_media_id_fk FOREIGN KEY (seo_image_id) REFERENCES public.media(id) ON DELETE SET NULL;


--
-- Name: teams_rels teams_rels_categories_fk; Type: FK CONSTRAINT; Schema: public; Owner: afmuser
--

ALTER TABLE ONLY public.teams_rels
    ADD CONSTRAINT teams_rels_categories_fk FOREIGN KEY (categories_id) REFERENCES public.categories(id) ON DELETE CASCADE;


--
-- Name: teams_rels teams_rels_media_fk; Type: FK CONSTRAINT; Schema: public; Owner: afmuser
--

ALTER TABLE ONLY public.teams_rels
    ADD CONSTRAINT teams_rels_media_fk FOREIGN KEY (media_id) REFERENCES public.media(id) ON DELETE CASCADE;


--
-- Name: teams_rels teams_rels_parent_fk; Type: FK CONSTRAINT; Schema: public; Owner: afmuser
--

ALTER TABLE ONLY public.teams_rels
    ADD CONSTRAINT teams_rels_parent_fk FOREIGN KEY (parent_id) REFERENCES public.teams(id) ON DELETE CASCADE;


--
-- Name: teams_rels teams_rels_tags_fk; Type: FK CONSTRAINT; Schema: public; Owner: afmuser
--

ALTER TABLE ONLY public.teams_rels
    ADD CONSTRAINT teams_rels_tags_fk FOREIGN KEY (tags_id) REFERENCES public.tags(id) ON DELETE CASCADE;


--
-- Name: timelines timelines_assets_cover_id_media_id_fk; Type: FK CONSTRAINT; Schema: public; Owner: afmuser
--

ALTER TABLE ONLY public.timelines
    ADD CONSTRAINT timelines_assets_cover_id_media_id_fk FOREIGN KEY (assets_cover_id) REFERENCES public.media(id) ON DELETE SET NULL;


--
-- Name: timelines timelines_assets_thumbnail_id_media_id_fk; Type: FK CONSTRAINT; Schema: public; Owner: afmuser
--

ALTER TABLE ONLY public.timelines
    ADD CONSTRAINT timelines_assets_thumbnail_id_media_id_fk FOREIGN KEY (assets_thumbnail_id) REFERENCES public.media(id) ON DELETE SET NULL;


--
-- Name: timelines_locales timelines_locales_parent_id_fk; Type: FK CONSTRAINT; Schema: public; Owner: afmuser
--

ALTER TABLE ONLY public.timelines_locales
    ADD CONSTRAINT timelines_locales_parent_id_fk FOREIGN KEY (_parent_id) REFERENCES public.timelines(id) ON DELETE CASCADE;


--
-- Name: timelines_locales timelines_locales_seo_image_id_media_id_fk; Type: FK CONSTRAINT; Schema: public; Owner: afmuser
--

ALTER TABLE ONLY public.timelines_locales
    ADD CONSTRAINT timelines_locales_seo_image_id_media_id_fk FOREIGN KEY (seo_image_id) REFERENCES public.media(id) ON DELETE SET NULL;


--
-- Name: timelines_rels timelines_rels_categories_fk; Type: FK CONSTRAINT; Schema: public; Owner: afmuser
--

ALTER TABLE ONLY public.timelines_rels
    ADD CONSTRAINT timelines_rels_categories_fk FOREIGN KEY (categories_id) REFERENCES public.categories(id) ON DELETE CASCADE;


--
-- Name: timelines_rels timelines_rels_media_fk; Type: FK CONSTRAINT; Schema: public; Owner: afmuser
--

ALTER TABLE ONLY public.timelines_rels
    ADD CONSTRAINT timelines_rels_media_fk FOREIGN KEY (media_id) REFERENCES public.media(id) ON DELETE CASCADE;


--
-- Name: timelines_rels timelines_rels_parent_fk; Type: FK CONSTRAINT; Schema: public; Owner: afmuser
--

ALTER TABLE ONLY public.timelines_rels
    ADD CONSTRAINT timelines_rels_parent_fk FOREIGN KEY (parent_id) REFERENCES public.timelines(id) ON DELETE CASCADE;


--
-- Name: timelines_rels timelines_rels_tags_fk; Type: FK CONSTRAINT; Schema: public; Owner: afmuser
--

ALTER TABLE ONLY public.timelines_rels
    ADD CONSTRAINT timelines_rels_tags_fk FOREIGN KEY (tags_id) REFERENCES public.tags(id) ON DELETE CASCADE;


--
-- Name: timelines_traits_events_list timelines_traits_events_list_parent_id_fk; Type: FK CONSTRAINT; Schema: public; Owner: afmuser
--

ALTER TABLE ONLY public.timelines_traits_events_list
    ADD CONSTRAINT timelines_traits_events_list_parent_id_fk FOREIGN KEY (_parent_id) REFERENCES public.timelines(id) ON DELETE CASCADE;


--
-- Name: timelines_traits_milestones_list timelines_traits_milestones_list_icon_id_media_id_fk; Type: FK CONSTRAINT; Schema: public; Owner: afmuser
--

ALTER TABLE ONLY public.timelines_traits_milestones_list
    ADD CONSTRAINT timelines_traits_milestones_list_icon_id_media_id_fk FOREIGN KEY (icon_id) REFERENCES public.media(id) ON DELETE SET NULL;


--
-- Name: timelines_traits_milestones_list timelines_traits_milestones_list_parent_id_fk; Type: FK CONSTRAINT; Schema: public; Owner: afmuser
--

ALTER TABLE ONLY public.timelines_traits_milestones_list
    ADD CONSTRAINT timelines_traits_milestones_list_parent_id_fk FOREIGN KEY (_parent_id) REFERENCES public.timelines(id) ON DELETE CASCADE;


--
-- Name: trainings_details_expectations_list trainings_details_expectations_list_parent_id_fk; Type: FK CONSTRAINT; Schema: public; Owner: afmuser
--

ALTER TABLE ONLY public.trainings_details_expectations_list
    ADD CONSTRAINT trainings_details_expectations_list_parent_id_fk FOREIGN KEY (_parent_id) REFERENCES public.trainings(id) ON DELETE CASCADE;


--
-- Name: trainings_details_specifications_list trainings_details_specifications_list_parent_id_fk; Type: FK CONSTRAINT; Schema: public; Owner: afmuser
--

ALTER TABLE ONLY public.trainings_details_specifications_list
    ADD CONSTRAINT trainings_details_specifications_list_parent_id_fk FOREIGN KEY (_parent_id) REFERENCES public.trainings(id) ON DELETE CASCADE;


--
-- Name: trainings_locales trainings_locales_parent_id_fk; Type: FK CONSTRAINT; Schema: public; Owner: afmuser
--

ALTER TABLE ONLY public.trainings_locales
    ADD CONSTRAINT trainings_locales_parent_id_fk FOREIGN KEY (_parent_id) REFERENCES public.trainings(id) ON DELETE CASCADE;


--
-- Name: trainings_locales trainings_locales_seo_image_id_media_id_fk; Type: FK CONSTRAINT; Schema: public; Owner: afmuser
--

ALTER TABLE ONLY public.trainings_locales
    ADD CONSTRAINT trainings_locales_seo_image_id_media_id_fk FOREIGN KEY (seo_image_id) REFERENCES public.media(id) ON DELETE SET NULL;


--
-- Name: trainings_rels trainings_rels_categories_fk; Type: FK CONSTRAINT; Schema: public; Owner: afmuser
--

ALTER TABLE ONLY public.trainings_rels
    ADD CONSTRAINT trainings_rels_categories_fk FOREIGN KEY (categories_id) REFERENCES public.categories(id) ON DELETE CASCADE;


--
-- Name: trainings_rels trainings_rels_media_fk; Type: FK CONSTRAINT; Schema: public; Owner: afmuser
--

ALTER TABLE ONLY public.trainings_rels
    ADD CONSTRAINT trainings_rels_media_fk FOREIGN KEY (media_id) REFERENCES public.media(id) ON DELETE CASCADE;


--
-- Name: trainings_rels trainings_rels_parent_fk; Type: FK CONSTRAINT; Schema: public; Owner: afmuser
--

ALTER TABLE ONLY public.trainings_rels
    ADD CONSTRAINT trainings_rels_parent_fk FOREIGN KEY (parent_id) REFERENCES public.trainings(id) ON DELETE CASCADE;


--
-- Name: trainings_rels trainings_rels_tags_fk; Type: FK CONSTRAINT; Schema: public; Owner: afmuser
--

ALTER TABLE ONLY public.trainings_rels
    ADD CONSTRAINT trainings_rels_tags_fk FOREIGN KEY (tags_id) REFERENCES public.tags(id) ON DELETE CASCADE;


--
-- Name: transactions transactions_cart_id_carts_id_fk; Type: FK CONSTRAINT; Schema: public; Owner: afmuser
--

ALTER TABLE ONLY public.transactions
    ADD CONSTRAINT transactions_cart_id_carts_id_fk FOREIGN KEY (cart_id) REFERENCES public.carts(id) ON DELETE SET NULL;


--
-- Name: transactions transactions_customer_id_users_id_fk; Type: FK CONSTRAINT; Schema: public; Owner: afmuser
--

ALTER TABLE ONLY public.transactions
    ADD CONSTRAINT transactions_customer_id_users_id_fk FOREIGN KEY (customer_id) REFERENCES public.users(id) ON DELETE SET NULL;


--
-- Name: transactions_items transactions_items_parent_id_fk; Type: FK CONSTRAINT; Schema: public; Owner: afmuser
--

ALTER TABLE ONLY public.transactions_items
    ADD CONSTRAINT transactions_items_parent_id_fk FOREIGN KEY (_parent_id) REFERENCES public.transactions(id) ON DELETE CASCADE;


--
-- Name: transactions_items transactions_items_product_id_products_id_fk; Type: FK CONSTRAINT; Schema: public; Owner: afmuser
--

ALTER TABLE ONLY public.transactions_items
    ADD CONSTRAINT transactions_items_product_id_products_id_fk FOREIGN KEY (product_id) REFERENCES public.products(id) ON DELETE SET NULL;


--
-- Name: transactions_items transactions_items_variant_id_variants_id_fk; Type: FK CONSTRAINT; Schema: public; Owner: afmuser
--

ALTER TABLE ONLY public.transactions_items
    ADD CONSTRAINT transactions_items_variant_id_variants_id_fk FOREIGN KEY (variant_id) REFERENCES public.variants(id) ON DELETE SET NULL;


--
-- Name: transactions transactions_order_id_orders_id_fk; Type: FK CONSTRAINT; Schema: public; Owner: afmuser
--

ALTER TABLE ONLY public.transactions
    ADD CONSTRAINT transactions_order_id_orders_id_fk FOREIGN KEY (order_id) REFERENCES public.orders(id) ON DELETE SET NULL;


--
-- Name: users_roles users_roles_parent_fk; Type: FK CONSTRAINT; Schema: public; Owner: afmuser
--

ALTER TABLE ONLY public.users_roles
    ADD CONSTRAINT users_roles_parent_fk FOREIGN KEY (parent_id) REFERENCES public.users(id) ON DELETE CASCADE;


--
-- Name: users_sessions users_sessions_parent_id_fk; Type: FK CONSTRAINT; Schema: public; Owner: afmuser
--

ALTER TABLE ONLY public.users_sessions
    ADD CONSTRAINT users_sessions_parent_id_fk FOREIGN KEY (_parent_id) REFERENCES public.users(id) ON DELETE CASCADE;


--
-- Name: vacancies vacancies_assets_thumbnail_id_media_id_fk; Type: FK CONSTRAINT; Schema: public; Owner: afmuser
--

ALTER TABLE ONLY public.vacancies
    ADD CONSTRAINT vacancies_assets_thumbnail_id_media_id_fk FOREIGN KEY (assets_thumbnail_id) REFERENCES public.media(id) ON DELETE SET NULL;


--
-- Name: vacancies_details_expectations_list vacancies_details_expectations_list_parent_id_fk; Type: FK CONSTRAINT; Schema: public; Owner: afmuser
--

ALTER TABLE ONLY public.vacancies_details_expectations_list
    ADD CONSTRAINT vacancies_details_expectations_list_parent_id_fk FOREIGN KEY (_parent_id) REFERENCES public.vacancies(id) ON DELETE CASCADE;


--
-- Name: vacancies_details_positions_list vacancies_details_positions_list_parent_id_fk; Type: FK CONSTRAINT; Schema: public; Owner: afmuser
--

ALTER TABLE ONLY public.vacancies_details_positions_list
    ADD CONSTRAINT vacancies_details_positions_list_parent_id_fk FOREIGN KEY (_parent_id) REFERENCES public.vacancies(id) ON DELETE CASCADE;


--
-- Name: vacancies_details_specifications_list vacancies_details_specifications_list_parent_id_fk; Type: FK CONSTRAINT; Schema: public; Owner: afmuser
--

ALTER TABLE ONLY public.vacancies_details_specifications_list
    ADD CONSTRAINT vacancies_details_specifications_list_parent_id_fk FOREIGN KEY (_parent_id) REFERENCES public.vacancies(id) ON DELETE CASCADE;


--
-- Name: vacancies_locales vacancies_locales_parent_id_fk; Type: FK CONSTRAINT; Schema: public; Owner: afmuser
--

ALTER TABLE ONLY public.vacancies_locales
    ADD CONSTRAINT vacancies_locales_parent_id_fk FOREIGN KEY (_parent_id) REFERENCES public.vacancies(id) ON DELETE CASCADE;


--
-- Name: vacancies_locales vacancies_locales_seo_image_id_media_id_fk; Type: FK CONSTRAINT; Schema: public; Owner: afmuser
--

ALTER TABLE ONLY public.vacancies_locales
    ADD CONSTRAINT vacancies_locales_seo_image_id_media_id_fk FOREIGN KEY (seo_image_id) REFERENCES public.media(id) ON DELETE SET NULL;


--
-- Name: vacancies_rels vacancies_rels_categories_fk; Type: FK CONSTRAINT; Schema: public; Owner: afmuser
--

ALTER TABLE ONLY public.vacancies_rels
    ADD CONSTRAINT vacancies_rels_categories_fk FOREIGN KEY (categories_id) REFERENCES public.categories(id) ON DELETE CASCADE;


--
-- Name: vacancies_rels vacancies_rels_parent_fk; Type: FK CONSTRAINT; Schema: public; Owner: afmuser
--

ALTER TABLE ONLY public.vacancies_rels
    ADD CONSTRAINT vacancies_rels_parent_fk FOREIGN KEY (parent_id) REFERENCES public.vacancies(id) ON DELETE CASCADE;


--
-- Name: vacancies_rels vacancies_rels_tags_fk; Type: FK CONSTRAINT; Schema: public; Owner: afmuser
--

ALTER TABLE ONLY public.vacancies_rels
    ADD CONSTRAINT vacancies_rels_tags_fk FOREIGN KEY (tags_id) REFERENCES public.tags(id) ON DELETE CASCADE;


--
-- Name: variant_options variant_options_variant_type_id_variant_types_id_fk; Type: FK CONSTRAINT; Schema: public; Owner: afmuser
--

ALTER TABLE ONLY public.variant_options
    ADD CONSTRAINT variant_options_variant_type_id_variant_types_id_fk FOREIGN KEY (variant_type_id) REFERENCES public.variant_types(id) ON DELETE SET NULL;


--
-- Name: variants variants_product_id_products_id_fk; Type: FK CONSTRAINT; Schema: public; Owner: afmuser
--

ALTER TABLE ONLY public.variants
    ADD CONSTRAINT variants_product_id_products_id_fk FOREIGN KEY (product_id) REFERENCES public.products(id) ON DELETE SET NULL;


--
-- Name: variants_rels variants_rels_parent_fk; Type: FK CONSTRAINT; Schema: public; Owner: afmuser
--

ALTER TABLE ONLY public.variants_rels
    ADD CONSTRAINT variants_rels_parent_fk FOREIGN KEY (parent_id) REFERENCES public.variants(id) ON DELETE CASCADE;


--
-- Name: variants_rels variants_rels_variant_options_fk; Type: FK CONSTRAINT; Schema: public; Owner: afmuser
--

ALTER TABLE ONLY public.variants_rels
    ADD CONSTRAINT variants_rels_variant_options_fk FOREIGN KEY (variant_options_id) REFERENCES public.variant_options(id) ON DELETE CASCADE;


--
-- Name: SCHEMA public; Type: ACL; Schema: -; Owner: afmuser
--

REVOKE USAGE ON SCHEMA public FROM PUBLIC;


--
-- PostgreSQL database dump complete
--

\unrestrict UK3XZF1JJbs4n0fp7wxGoblyzfc7vjz9ArE0nFV5Xp0OGu2uGcylDdXToMpjyEP

